,elec_spot_eur_mwh,gas_spot_eur_mwh,co2_tax_eur_mwh_gas,gas_total_eur_mwh,grid_fee_standard_eur_mwh,grid_fee_sec19_eur_mwh,elec_total_standard_eur_mwh,elec_total_sec19_eur_mwh
2025-01-01 00:00:00,27.52,48.993428306022466,17.085,66.07842830602246,25.0,3.75,52.519999999999996,31.27
2025-01-01 01:00:00,27.52,47.72347139765763,17.085,64.80847139765763,25.0,3.75,52.519999999999996,31.27
2025-01-01 02:00:00,27.52,49.29537707620138,17.085,66.38037707620138,25.0,3.75,52.519999999999996,31.27
2025-01-01 03:00:00,27.52,51.04605971281605,17.085,68.13105971281605,25.0,3.75,52.519999999999996,31.27
2025-01-01 04:00:00,27.52,47.53169325055333,17.085,64.61669325055334,25.0,3.75,52.519999999999996,31.27
2025-01-01 05:00:00,27.52,47.53172608610164,17.085,64.61672608610164,25.0,3.75,52.519999999999996,31.27
2025-01-01 06:00:00,27.52,51.15842563101478,17.085,68.24342563101479,25.0,3.75,52.519999999999996,31.27
2025-01-01 07:00:00,27.52,49.53486945830582,17.085,66.61986945830583,25.0,3.75,52.519999999999996,31.27
2025-01-01 08:00:00,27.52,47.0610512281301,17.085,64.14605122813009,25.0,3.75,52.519999999999996,31.27
2025-01-01 09:00:00,27.52,49.08512008717193,17.085,66.17012008717194,25.0,3.75,52.519999999999996,31.27
2025-01-01 10:00:00,27.52,47.073164614375074,17.085,64.15816461437507,25.0,3.75,52.519999999999996,31.27
2025-01-01 11:00:00,27.52,47.06854049285948,17.085,64.15354049285949,25.0,3.75,52.519999999999996,31.27
2025-01-01 12:00:00,27.52,48.48392454313207,17.085,65.56892454313207,25.0,3.75,52.519999999999996,31.27
2025-01-01 13:00:00,27.52,44.1734395106844,17.085,61.258439510684404,25.0,3.75,52.519999999999996,31.27
2025-01-01 14:00:00,27.52,44.550164334973935,17.085,61.635164334973936,25.0,3.75,52.519999999999996,31.27
2025-01-01 15:00:00,27.52,46.875424941518055,17.085,63.960424941518056,25.0,3.75,52.519999999999996,31.27
2025-01-01 16:00:00,27.52,45.97433775933115,17.085,63.05933775933115,25.0,3.75,52.519999999999996,31.27
2025-01-01 17:00:00,27.52,48.628494665190544,17.085,65.71349466519055,25.0,3.75,52.519999999999996,31.27
2025-01-01 18:00:00,27.52,46.18395184895758,17.085,63.26895184895758,25.0,3.75,52.519999999999996,31.27
2025-01-01 19:00:00,27.52,45.17539259732942,17.085,62.26039259732942,25.0,3.75,52.519999999999996,31.27
2025-01-01 20:00:00,27.52,50.93129753784311,17.085,68.01629753784312,25.0,3.75,52.519999999999996,31.27
2025-01-01 21:00:00,27.52,47.54844739902693,17.085,64.63344739902692,25.0,3.75,52.519999999999996,31.27
2025-01-01 22:00:00,27.52,48.13505640937585,17.085,65.22005640937584,25.0,3.75,52.519999999999996,31.27
2025-01-01 23:00:00,27.52,45.15050362757309,17.085,62.23550362757309,25.0,3.75,52.519999999999996,31.27
2025-01-02 00:00:00,27.52,46.91123455094964,17.085,63.99623455094964,25.0,3.75,52.519999999999996,31.27
2025-01-02 01:00:00,27.52,48.22184517941973,17.085,65.30684517941972,25.0,3.75,52.519999999999996,31.27
2025-01-02 02:00:00,27.52,45.6980128451554,17.085,62.7830128451554,25.0,3.75,52.519999999999996,31.27
2025-01-02 03:00:00,27.52,48.75139603669135,17.085,65.83639603669135,25.0,3.75,52.519999999999996,31.27
2025-01-02 04:00:00,27.52,46.79872262016239,17.085,63.88372262016239,25.0,3.75,52.519999999999996,31.27
2025-01-02 05:00:00,27.52,47.41661250041345,17.085,64.50161250041344,25.0,3.75,52.519999999999996,31.27
2025-01-02 06:00:00,27.52,46.79658677554121,17.085,63.88158677554121,25.0,3.75,52.519999999999996,31.27
2025-01-02 07:00:00,27.52,51.70455636901787,17.085,68.78955636901787,25.0,3.75,52.519999999999996,31.27
2025-01-02 08:00:00,27.52,47.973005550524135,17.085,65.05800555052414,25.0,3.75,52.519999999999996,31.27
2025-01-02 09:00:00,27.52,45.8845781420882,17.085,62.9695781420882,25.0,3.75,52.519999999999996,31.27
2025-01-02 10:00:00,27.52,49.64508982420638,17.085,66.73008982420637,25.0,3.75,52.519999999999996,31.27
2025-01-02 11:00:00,27.52,45.558312700057954,17.085,62.643312700057955,25.0,3.75,52.519999999999996,31.27
2025-01-02 12:00:00,27.52,48.41772719000951,17.085,65.50272719000951,25.0,3.75,52.519999999999996,31.27
2025-01-02 13:00:00,27.52,44.08065975224045,17.085,61.16565975224045,25.0,3.75,52.519999999999996,31.27
2025-01-02 14:00:00,27.52,45.34362790220314,17.085,62.42862790220314,25.0,3.75,52.519999999999996,31.27
2025-01-02 15:00:00,27.52,48.39372247173824,17.085,65.47872247173825,25.0,3.75,52.519999999999996,31.27
2025-01-02 16:00:00,27.52,49.47693315999082,17.085,66.56193315999082,25.0,3.75,52.519999999999996,31.27
2025-01-02 17:00:00,27.52,48.34273656237994,17.085,65.42773656237995,25.0,3.75,52.519999999999996,31.27
2025-01-02 18:00:00,27.52,47.76870343522352,17.085,64.85370343522352,25.0,3.75,52.519999999999996,31.27
2025-01-02 19:00:00,27.52,47.39779260882142,17.085,64.48279260882143,25.0,3.75,52.519999999999996,31.27
2025-01-02 20:00:00,27.52,45.04295601926515,17.085,62.12795601926515,25.0,3.75,52.519999999999996,31.27
2025-01-02 21:00:00,27.52,46.560311583210584,17.085,63.645311583210585,25.0,3.75,52.519999999999996,31.27
2025-01-02 22:00:00,27.52,47.07872245808043,17.085,64.16372245808043,25.0,3.75,52.519999999999996,31.27
2025-01-02 23:00:00,27.52,50.11424445243783,17.085,67.19924445243782,25.0,3.75,52.519999999999996,31.27
2025-01-03 00:00:00,27.52,48.68723657913692,17.085,65.77223657913692,25.0,3.75,52.519999999999996,31.27
2025-01-03 01:00:00,27.52,44.47391968927453,17.085,61.55891968927453,25.0,3.75,52.519999999999996,31.27
2025-01-03 02:00:00,27.52,48.64816793878959,17.085,65.73316793878959,25.0,3.75,52.519999999999996,31.27
2025-01-03 03:00:00,27.52,47.22983543916737,17.085,64.31483543916737,25.0,3.75,52.519999999999996,31.27
2025-01-03 04:00:00,27.52,46.646155999388085,17.085,63.731155999388086,25.0,3.75,52.519999999999996,31.27
2025-01-03 05:00:00,27.52,49.22335257768174,17.085,66.30835257768175,25.0,3.75,52.519999999999996,31.27
2025-01-03 06:00:00,27.52,50.0619990449919,17.085,67.1469990449919,25.0,3.75,52.519999999999996,31.27
2025-01-03 07:00:00,27.52,49.8625602382324,17.085,66.9475602382324,25.0,3.75,52.519999999999996,31.27
2025-01-03 08:00:00,27.52,46.32156495355472,17.085,63.40656495355472,25.0,3.75,52.519999999999996,31.27
2025-01-03 09:00:00,27.52,47.38157524829757,17.085,64.46657524829757,25.0,3.75,52.519999999999996,31.27
2025-01-03 10:00:00,27.52,48.66252686280713,17.085,65.74752686280712,25.0,3.75,52.519999999999996,31.27
2025-01-03 11:00:00,27.52,49.95109025424472,17.085,67.03609025424473,25.0,3.75,52.519999999999996,31.27
2025-01-03 12:00:00,27.52,47.04165152430942,17.085,64.12665152430942,25.0,3.75,52.519999999999996,31.27
2025-01-03 13:00:00,27.52,47.62868204667237,17.085,64.71368204667237,25.0,3.75,52.519999999999996,31.27
2025-01-03 14:00:00,27.52,45.787330051987944,17.085,62.872330051987944,25.0,3.75,52.519999999999996,31.27
2025-01-03 15:00:00,27.52,45.60758675183866,17.085,62.69258675183866,25.0,3.75,52.519999999999996,31.27
2025-01-03 16:00:00,27.52,49.6250516447884,17.085,66.7100516447884,25.0,3.75,52.519999999999996,31.27
2025-01-03 17:00:00,27.52,50.71248005714165,17.085,67.79748005714166,25.0,3.75,52.519999999999996,31.27
2025-01-03 18:00:00,27.52,47.85597975683933,17.085,64.94097975683934,25.0,3.75,52.519999999999996,31.27
2025-01-03 19:00:00,27.52,50.00706579578405,17.085,67.09206579578405,25.0,3.75,52.519999999999996,31.27
2025-01-03 20:00:00,27.52,48.72327205009527,17.085,65.80827205009527,25.0,3.75,52.519999999999996,31.27
2025-01-03 21:00:00,27.52,46.709760490789755,17.085,63.794760490789756,25.0,3.75,52.519999999999996,31.27
2025-01-03 22:00:00,27.52,48.722791211016826,17.085,65.80779121101682,25.0,3.75,52.519999999999996,31.27
2025-01-03 23:00:00,27.52,51.07607313293194,17.085,68.16107313293193,25.0,3.75,52.519999999999996,31.27
2025-01-04 00:00:00,27.52,47.928347921780095,17.085,65.0133479217801,25.0,3.75,52.519999999999996,31.27
2025-01-04 01:00:00,27.52,51.12928731162801,17.085,68.21428731162801,25.0,3.75,52.519999999999996,31.27
2025-01-04 02:00:00,27.52,42.76050979182051,17.085,59.84550979182051,25.0,3.75,52.519999999999996,31.27
2025-01-04 03:00:00,27.52,49.64380500875045,17.085,66.72880500875044,25.0,3.75,52.519999999999996,31.27
2025-01-04 04:00:00,27.52,48.17409413647634,17.085,65.25909413647634,25.0,3.75,52.519999999999996,31.27
2025-01-04 05:00:00,27.52,47.401985299068265,17.085,64.48698529906827,25.0,3.75,52.519999999999996,31.27
2025-01-04 06:00:00,27.52,48.183521553071,17.085,65.268521553071,25.0,3.75,52.519999999999996,31.27
2025-01-04 07:00:00,27.52,44.024862170798215,17.085,61.109862170798216,25.0,3.75,52.519999999999996,31.27
2025-01-04 08:00:00,27.52,47.56065622432497,17.085,64.64565622432497,25.0,3.75,52.519999999999996,31.27
2025-01-04 09:00:00,27.52,48.71422514302349,17.085,65.79922514302349,25.0,3.75,52.519999999999996,31.27
2025-01-04 10:00:00,27.52,50.95578808948303,17.085,68.04078808948303,25.0,3.75,52.519999999999996,31.27
2025-01-04 11:00:00,27.52,46.9634595634527,17.085,64.0484595634527,25.0,3.75,52.519999999999996,31.27
2025-01-04 12:00:00,27.52,46.38301279421363,17.085,63.46801279421363,25.0,3.75,52.519999999999996,31.27
2025-01-04 13:00:00,27.52,46.99648591283093,17.085,64.08148591283093,25.0,3.75,52.519999999999996,31.27
2025-01-04 14:00:00,27.52,49.830804235404145,17.085,66.91580423540415,25.0,3.75,52.519999999999996,31.27
2025-01-04 15:00:00,27.52,48.65750221931937,17.085,65.74250221931936,25.0,3.75,52.519999999999996,31.27
2025-01-04 16:00:00,27.52,46.94047959246592,17.085,64.02547959246593,25.0,3.75,52.519999999999996,31.27
2025-01-04 17:00:00,27.52,49.02653486622671,17.085,66.11153486622672,25.0,3.75,52.519999999999996,31.27
2025-01-04 18:00:00,27.52,48.19415509869608,17.085,65.27915509869608,25.0,3.75,52.519999999999996,31.27
2025-01-04 19:00:00,27.52,49.93728998106578,17.085,67.02228998106578,25.0,3.75,52.519999999999996,31.27
2025-01-04 20:00:00,27.52,46.59589381224529,17.085,63.680893812245294,25.0,3.75,52.519999999999996,31.27
2025-01-04 21:00:00,27.52,47.344675706804466,17.085,64.42967570680446,25.0,3.75,52.519999999999996,31.27
2025-01-04 22:00:00,27.52,47.21578369373569,17.085,64.3007836937357,25.0,3.75,52.519999999999996,31.27
2025-01-04 23:00:00,27.52,45.07297010373576,17.085,62.157970103735764,25.0,3.75,52.519999999999996,31.27
2025-01-05 00:00:00,27.52,48.592240554129155,17.085,65.67724055412916,25.0,3.75,52.519999999999996,31.27
2025-01-05 01:00:00,27.52,48.522110544359776,17.085,65.60711054435978,25.0,3.75,52.519999999999996,31.27
2025-01-05 02:00:00,27.52,48.010226913284924,17.085,65.09522691328493,25.0,3.75,52.519999999999996,31.27
2025-01-05 03:00:00,27.52,47.530825733249706,17.085,64.61582573324971,25.0,3.75,52.519999999999996,31.27
2025-01-05 04:00:00,27.52,45.16925851589917,17.085,62.254258515899174,25.0,3.75,52.519999999999996,31.27
2025-01-05 05:00:00,27.52,47.15870935446928,17.085,64.24370935446927,25.0,3.75,52.519999999999996,31.27
2025-01-05 06:00:00,27.52,47.31457096694646,17.085,64.39957096694647,25.0,3.75,52.519999999999996,31.27
2025-01-05 07:00:00,27.52,46.39544546155676,17.085,63.48044546155676,25.0,3.75,52.519999999999996,31.27
2025-01-05 08:00:00,27.52,47.67742857666798,17.085,64.76242857666799,25.0,3.75,52.519999999999996,31.27
2025-01-05 09:00:00,27.52,48.80810171362908,17.085,65.89310171362908,25.0,3.75,52.519999999999996,31.27
2025-01-05 10:00:00,27.52,51.77237180242106,17.085,68.85737180242106,25.0,3.75,52.519999999999996,31.27
2025-01-05 11:00:00,27.52,48.34915562566368,17.085,65.43415562566368,25.0,3.75,52.519999999999996,31.27
2025-01-05 12:00:00,27.52,48.515100781445526,17.085,65.60010078144552,25.0,3.75,52.519999999999996,31.27
2025-01-05 13:00:00,27.52,47.85110816846767,17.085,64.93610816846767,25.0,3.75,52.519999999999996,31.27
2025-01-05 14:00:00,27.52,44.162457569401916,17.085,61.24745756940192,25.0,3.75,52.519999999999996,31.27
2025-01-05 15:00:00,27.52,47.94697224910156,17.085,65.03197224910156,25.0,3.75,52.519999999999996,31.27
2025-01-05 16:00:00,27.52,48.12046041988205,17.085,65.20546041988206,25.0,3.75,52.519999999999996,31.27
2025-01-05 17:00:00,27.52,52.92648422497057,17.085,70.01148422497057,25.0,3.75,52.519999999999996,31.27
2025-01-05 18:00:00,27.52,47.61527807043775,17.085,64.70027807043775,25.0,3.75,52.519999999999996,31.27
2025-01-05 19:00:00,27.52,48.60309468466723,17.085,65.68809468466722,25.0,3.75,52.519999999999996,31.27
2025-01-05 20:00:00,27.52,47.93057646058951,17.085,65.01557646058951,25.0,3.75,52.519999999999996,31.27
2025-01-05 21:00:00,27.52,45.662643924760935,17.085,62.747643924760936,25.0,3.75,52.519999999999996,31.27
2025-01-05 22:00:00,27.52,50.28564562903004,17.085,67.37064562903004,25.0,3.75,52.519999999999996,31.27
2025-01-05 23:00:00,27.52,49.50386606537355,17.085,66.58886606537355,25.0,3.75,52.519999999999996,31.27
2025-01-06 00:00:00,27.52,49.58206389408609,17.085,66.66706389408608,25.0,3.75,52.519999999999996,31.27
2025-01-06 01:00:00,19.26,46.18122509041052,17.085,63.26622509041052,25.0,3.75,44.260000000000005,23.01
2025-01-06 02:00:00,11.35,50.8055886218722,17.085,67.8905886218722,25.0,3.75,36.35,15.1
2025-01-06 03:00:00,9.2,45.196297874415436,17.085,62.281297874415436,25.0,3.75,34.2,12.95
2025-01-06 04:00:00,10.0,49.17371418760054,17.085,66.25871418760053,25.0,3.75,35.0,13.75
2025-01-06 05:00:00,14.81,52.380911251619956,17.085,69.46591125161996,25.0,3.75,39.81,18.560000000000002
2025-01-06 06:00:00,23.82,46.018927349738625,17.085,63.103927349738626,25.0,3.75,48.82,27.57
2025-01-06 07:00:00,31.72,46.86740454079445,17.085,63.952404540794454,25.0,3.75,56.72,35.47
2025-01-06 08:00:00,41.37,48.19930273017528,17.085,65.28430273017528,25.0,3.75,66.37,45.12
2025-01-06 09:00:00,36.36,46.993048691767605,17.085,64.0780486917676,25.0,3.75,61.36,40.11
2025-01-06 10:00:00,34.69,44.89867313786773,17.085,61.98367313786773,25.0,3.75,59.69,38.44
2025-01-06 11:00:00,32.83,48.137125949612056,17.085,65.22212594961206,25.0,3.75,57.83,36.58
2025-01-06 12:00:00,31.28,45.87539257254779,17.085,62.96039257254779,25.0,3.75,56.28,35.03
2025-01-06 13:00:00,28.6,48.947184861270365,17.085,66.03218486127037,25.0,3.75,53.6,32.35
2025-01-06 14:00:00,25.61,46.16115153153239,17.085,63.24615153153239,25.0,3.75,50.61,29.36
2025-01-06 15:00:00,26.32,51.099868810035076,17.085,68.18486881003508,25.0,3.75,51.32,30.07
2025-01-06 16:00:00,26.87,46.433493415327526,17.085,63.51849341532753,25.0,3.75,51.870000000000005,30.62
2025-01-06 17:00:00,31.66,47.35587696758865,17.085,64.44087696758865,25.0,3.75,56.66,35.41
2025-01-06 18:00:00,31.58,49.627034434739336,17.085,66.71203443473934,25.0,3.75,56.58,35.33
2025-01-06 19:00:00,28.74,45.53827136713209,17.085,62.62327136713209,25.0,3.75,53.739999999999995,32.489999999999995
2025-01-06 20:00:00,26.59,48.45491986920826,17.085,65.53991986920826,25.0,3.75,51.59,30.34
2025-01-06 21:00:00,13.82,50.614285508564855,17.085,67.69928550856486,25.0,3.75,38.82,17.57
2025-01-06 22:00:00,26.94,44.78503353087754,17.085,61.87003353087754,25.0,3.75,51.94,30.69
2025-01-06 23:00:00,12.99,48.36926771706461,17.085,65.45426771706461,25.0,3.75,37.99,16.740000000000002
2025-01-07 00:00:00,19.07,48.519765588496846,17.085,65.60476558849685,25.0,3.75,44.07,22.82
2025-01-07 01:00:00,8.71,49.56364574355462,17.085,66.64864574355462,25.0,3.75,33.71,12.46
2025-01-07 02:00:00,8.9,45.52609857824383,17.085,62.61109857824383,25.0,3.75,33.9,12.65
2025-01-07 03:00:00,5.01,45.35908677383145,17.085,62.44408677383145,25.0,3.75,30.009999999999998,8.76
2025-01-07 04:00:00,5.13,49.0438831312338,17.085,66.1288831312338,25.0,3.75,30.13,8.879999999999999
2025-01-07 05:00:00,5.8,48.59396934646637,17.085,65.67896934646637,25.0,3.75,30.8,9.55
2025-01-07 06:00:00,48.86,48.50098570069175,17.085,65.58598570069175,25.0,3.75,73.86,52.61
2025-01-07 07:00:00,76.83,48.69289641899395,17.085,65.77789641899395,25.0,3.75,101.83,80.58
2025-01-07 08:00:00,85.08,46.63995055684302,17.085,63.72495055684302,25.0,3.75,110.08,88.83
2025-01-07 09:00:00,84.24,48.464507394322005,17.085,65.549507394322,25.0,3.75,109.24,87.99
2025-01-07 10:00:00,75.25,48.586144946597365,17.085,65.67114494659737,25.0,3.75,100.25,79.0
2025-01-07 11:00:00,62.8,46.571297163947264,17.085,63.656297163947265,25.0,3.75,87.8,66.55
2025-01-07 12:00:00,62.44,51.731549022289514,17.085,68.81654902228951,25.0,3.75,87.44,66.19
2025-01-07 13:00:00,63.9,48.94766584182358,17.085,66.03266584182359,25.0,3.75,88.9,67.65
2025-01-07 14:00:00,72.56,45.6173930055947,17.085,62.7023930055947,25.0,3.75,97.56,76.31
2025-01-07 15:00:00,78.11,49.31310721726766,17.085,66.39810721726766,25.0,3.75,103.11,81.86
2025-01-07 16:00:00,79.98,46.050636659545354,17.085,63.135636659545355,25.0,3.75,104.98,83.73
2025-01-07 17:00:00,96.03,49.57416920748491,17.085,66.65916920748491,25.0,3.75,121.03,99.78
2025-01-07 18:00:00,101.11,50.31719115801481,17.085,67.4021911580148,25.0,3.75,126.11,104.86
2025-01-07 19:00:00,86.21,46.35863536329658,17.085,63.44363536329658,25.0,3.75,111.21,89.96
2025-01-07 20:00:00,78.01,49.92675225848864,17.085,67.01175225848864,25.0,3.75,103.01,81.76
2025-01-07 21:00:00,72.45,48.825561853873,17.085,65.91056185387299,25.0,3.75,97.45,76.2
2025-01-07 22:00:00,72.45,49.64412031998898,17.085,66.72912031998898,25.0,3.75,97.45,76.2
2025-01-07 23:00:00,50.04,51.7935859653079,17.085,68.8785859653079,25.0,3.75,75.03999999999999,53.79
2025-01-08 00:00:00,71.05,47.50922376799426,17.085,64.59422376799427,25.0,3.75,96.05,74.8
2025-01-08 01:00:00,68.01,46.49252767128502,17.085,63.57752767128502,25.0,3.75,93.01,71.76
2025-01-08 02:00:00,63.34,46.22097114074895,17.085,63.30597114074895,25.0,3.75,88.34,67.09
2025-01-08 03:00:00,57.01,46.368379430069126,17.085,63.45337943006913,25.0,3.75,82.00999999999999,60.76
2025-01-08 04:00:00,66.29,47.84579658117179,17.085,64.93079658117179,25.0,3.75,91.29,70.04
2025-01-08 05:00:00,72.07,48.68230394963329,17.085,65.76730394963329,25.0,3.75,97.07,75.82
2025-01-08 06:00:00,82.7,48.55338159866004,17.085,65.63838159866003,25.0,3.75,107.7,86.45
2025-01-08 07:00:00,100.73,49.65436649807205,17.085,66.73936649807206,25.0,3.75,125.73,104.48
2025-01-08 08:00:00,128.22,48.02600378375581,17.085,65.11100378375582,25.0,3.75,153.22,131.97
2025-01-08 09:00:00,108.18,50.907068154314636,17.085,67.99206815431464,25.0,3.75,133.18,111.93
2025-01-08 10:00:00,94.65,47.470686333524085,17.085,64.55568633352408,25.0,3.75,119.65,98.4
2025-01-08 11:00:00,100.01,53.44033833317924,17.085,70.52533833317923,25.0,3.75,125.01,103.76
2025-01-08 12:00:00,89.99,49.25133469553001,17.085,66.33633469553001,25.0,3.75,114.99,93.74
2025-01-08 13:00:00,97.2,46.285684887167434,17.085,63.370684887167435,25.0,3.75,122.2,100.95
2025-01-08 14:00:00,110.19,45.858215003877774,17.085,62.943215003877775,25.0,3.75,135.19,113.94
2025-01-08 15:00:00,127.8,48.964944830486374,17.085,66.04994483048637,25.0,3.75,152.8,131.55
2025-01-08 16:00:00,135.82,47.5530744293483,17.085,64.63807442934831,25.0,3.75,160.82,139.57
2025-01-08 17:00:00,155.46,49.42800098818418,17.085,66.51300098818419,25.0,3.75,180.46,159.21
2025-01-08 18:00:00,149.23,48.94647524914709,17.085,66.03147524914709,25.0,3.75,174.23,152.98
2025-01-08 19:00:00,146.48,47.85434217468625,17.085,64.93934217468626,25.0,3.75,171.48,150.23
2025-01-08 20:00:00,136.86,46.30641256386319,17.085,63.39141256386319,25.0,3.75,161.86,140.61
2025-01-08 21:00:00,127.86,44.97030555062827,17.085,62.05530555062827,25.0,3.75,152.86,131.61
2025-01-08 22:00:00,115.92,47.10697009586596,17.085,64.19197009586597,25.0,3.75,140.92000000000002,119.67
2025-01-08 23:00:00,103.59,49.71279758864694,17.085,66.79779758864694,25.0,3.75,128.59,107.34
2025-01-09 00:00:00,101.44,48.428187488260406,17.085,65.5131874882604,25.0,3.75,126.44,105.19
2025-01-09 01:00:00,100.0,45.50852244257602,17.085,62.593522442576024,25.0,3.75,125.0,103.75
2025-01-09 02:00:00,98.77,48.34636185170236,17.085,65.43136185170236,25.0,3.75,123.77,102.52
2025-01-09 03:00:00,95.22,48.77063475945767,17.085,65.85563475945767,25.0,3.75,120.22,98.97
2025-01-09 04:00:00,98.28,46.232285127597734,17.085,63.317285127597735,25.0,3.75,123.28,102.03
2025-01-09 05:00:00,102.65,48.30745021189106,17.085,65.39245021189106,25.0,3.75,127.65,106.4
2025-01-09 06:00:00,133.54,48.116417436892,17.085,65.201417436892,25.0,3.75,158.54,137.29
2025-01-09 07:00:00,148.8,45.714059404338755,17.085,62.799059404338756,25.0,3.75,173.8,152.55
2025-01-09 08:00:00,164.88,48.715574720696566,17.085,65.80057472069657,25.0,3.75,189.88,168.63
2025-01-09 09:00:00,156.15,49.12156905273647,17.085,66.20656905273647,25.0,3.75,181.15,159.9
2025-01-09 10:00:00,147.64,50.16610248635055,17.085,67.25110248635056,25.0,3.75,172.64,151.39
2025-01-09 11:00:00,140.21,50.10760410406981,17.085,67.1926041040698,25.0,3.75,165.21,143.96
2025-01-09 12:00:00,128.18,45.24466126408582,17.085,62.32966126408582,25.0,3.75,153.18,131.93
2025-01-09 13:00:00,121.15,46.124349920169756,17.085,63.20934992016976,25.0,3.75,146.15,124.9
2025-01-09 14:00:00,123.95,49.03007053441732,17.085,66.11507053441733,25.0,3.75,148.95,127.7
2025-01-09 15:00:00,127.53,49.027571901824416,17.085,66.11257190182442,25.0,3.75,152.53,131.28
2025-01-09 16:00:00,123.75,49.030095372612095,17.085,66.1150953726121,25.0,3.75,148.75,127.5
2025-01-09 17:00:00,130.91,55.70546298130944,17.085,72.79046298130945,25.0,3.75,155.91,134.66
2025-01-09 18:00:00,134.75,49.141781021386336,17.085,66.22678102138633,25.0,3.75,159.75,138.5
2025-01-09 19:00:00,125.44,50.271131280361196,17.085,67.3561312803612,25.0,3.75,150.44,129.19
2025-01-09 20:00:00,119.23,49.908003526986406,17.085,66.9930035269864,25.0,3.75,144.23000000000002,122.98
2025-01-09 21:00:00,104.99,49.3027825026116,17.085,66.3877825026116,25.0,3.75,129.99,108.74
2025-01-09 22:00:00,101.1,47.36946151071931,17.085,64.45446151071931,25.0,3.75,126.1,104.85
2025-01-09 23:00:00,88.19,49.51793844098653,17.085,66.60293844098653,25.0,3.75,113.19,91.94
2025-01-10 00:00:00,84.79,46.454349570924855,17.085,63.539349570924855,25.0,3.75,109.79,88.54
2025-01-10 01:00:00,80.23,47.52636278651998,17.085,64.61136278651998,25.0,3.75,105.23,83.98
2025-01-10 02:00:00,71.29,47.029272904341795,17.085,64.11427290434179,25.0,3.75,96.29,75.04
2025-01-10 03:00:00,69.05,48.163748278772644,17.085,65.24874827877264,25.0,3.75,94.05,72.8
2025-01-10 04:00:00,69.89,52.629317133347016,17.085,69.71431713334701,25.0,3.75,94.89,73.64
2025-01-10 05:00:00,83.9,44.2654696148165,17.085,61.350469614816504,25.0,3.75,108.9,87.65
2025-01-10 06:00:00,99.09,49.37252038074903,17.085,66.45752038074903,25.0,3.75,124.09,102.84
2025-01-10 07:00:00,123.92,44.77456825762069,17.085,61.859568257620694,25.0,3.75,148.92000000000002,127.67
2025-01-10 08:00:00,139.47,47.056136268421135,17.085,64.14113626842114,25.0,3.75,164.47,143.22
2025-01-10 09:00:00,136.92,50.17790119393473,17.085,67.26290119393474,25.0,3.75,161.92,140.67
2025-01-10 10:00:00,123.57,48.128560038190926,17.085,65.21356003819093,25.0,3.75,148.57,127.32
2025-01-10 11:00:00,113.59,45.844510444141385,17.085,62.929510444141386,25.0,3.75,138.59,117.34
2025-01-10 12:00:00,107.43,46.569392581480066,17.085,63.65439258148007,25.0,3.75,132.43,111.18
2025-01-10 13:00:00,105.01,49.35919549786935,17.085,66.44419549786934,25.0,3.75,130.01,108.76
2025-01-10 14:00:00,110.01,46.53926673656573,17.085,63.62426673656573,25.0,3.75,135.01,113.76
2025-01-10 15:00:00,128.69,48.43291717916395,17.085,65.51791717916396,25.0,3.75,153.69,132.44
2025-01-10 16:00:00,134.87,48.09114367980763,17.085,65.17614367980764,25.0,3.75,159.87,138.62
2025-01-10 17:00:00,142.56,46.696799304788364,17.085,63.781799304788365,25.0,3.75,167.56,146.31
2025-01-10 18:00:00,144.12,52.287888178650654,17.085,69.37288817865065,25.0,3.75,169.12,147.87
2025-01-10 19:00:00,141.05,49.26783804463602,17.085,66.35283804463603,25.0,3.75,166.05,144.8
2025-01-10 20:00:00,134.82,43.94971482668478,17.085,61.034714826684784,25.0,3.75,159.82,138.57
2025-01-10 21:00:00,122.51,48.372908629538856,17.085,65.45790862953885,25.0,3.75,147.51,126.26
2025-01-10 22:00:00,119.77,46.67642707046323,17.085,63.76142707046323,25.0,3.75,144.76999999999998,123.52
2025-01-10 23:00:00,111.71,49.70486666959245,17.085,66.78986666959244,25.0,3.75,136.70999999999998,115.46
2025-01-11 00:00:00,106.64,46.4149585231346,17.085,63.4999585231346,25.0,3.75,131.64,110.39
2025-01-11 01:00:00,98.99,47.7705271170662,17.085,64.8555271170662,25.0,3.75,123.99,102.74
2025-01-11 02:00:00,95.71,49.009974557960916,17.085,66.09497455796091,25.0,3.75,120.71,99.46
2025-01-11 03:00:00,89.45,49.73151038834024,17.085,66.81651038834025,25.0,3.75,114.45,93.2
2025-01-11 04:00:00,88.35,45.599407185888445,17.085,62.684407185888446,25.0,3.75,113.35,92.1
2025-01-11 05:00:00,88.4,47.3309975283181,17.085,64.4159975283181,25.0,3.75,113.4,92.15
2025-01-11 06:00:00,88.13,47.05010937767809,17.085,64.13510937767809,25.0,3.75,113.13,91.88
2025-01-11 07:00:00,94.68,46.69334153485258,17.085,63.77834153485258,25.0,3.75,119.68,98.43
2025-01-11 08:00:00,107.65,51.530908480562196,17.085,68.6159084805622,25.0,3.75,132.65,111.4
2025-01-11 09:00:00,103.14,48.809963421921914,17.085,65.89496342192191,25.0,3.75,128.14,106.89
2025-01-11 10:00:00,101.13,45.47823209132991,17.085,62.56323209132991,25.0,3.75,126.13,104.88
2025-01-11 11:00:00,99.56,49.83572389410955,17.085,66.92072389410956,25.0,3.75,124.56,103.31
2025-01-11 12:00:00,96.74,52.244312394025265,17.085,69.32931239402527,25.0,3.75,121.74,100.49
2025-01-11 13:00:00,93.15,50.06493052110229,17.085,67.14993052110229,25.0,3.75,118.15,96.9
2025-01-11 14:00:00,94.9,44.961260068091974,17.085,62.046260068091975,25.0,3.75,119.9,98.65
2025-01-11 15:00:00,104.89,47.0315318542675,17.085,64.11653185426749,25.0,3.75,129.89,108.64
2025-01-11 16:00:00,112.12,50.533822298373245,17.085,67.61882229837325,25.0,3.75,137.12,115.87
2025-01-11 17:00:00,119.8,46.584661068762436,17.085,63.66966106876244,25.0,3.75,144.8,123.55
2025-01-11 18:00:00,122.34,48.887638856292455,17.085,65.97263885629246,25.0,3.75,147.34,126.09
2025-01-11 19:00:00,114.85,49.549268106858676,17.085,66.63426810685868,25.0,3.75,139.85,118.6
2025-01-11 20:00:00,111.19,46.146139056843836,17.085,63.23113905684384,25.0,3.75,136.19,114.94
2025-01-11 21:00:00,104.8,47.8809492878764,17.085,64.9659492878764,25.0,3.75,129.8,108.55
2025-01-11 22:00:00,103.07,41.517465319861856,17.085,58.60246531986186,25.0,3.75,128.07,106.82
2025-01-11 23:00:00,105.69,45.95122471733142,17.085,63.03622471733142,25.0,3.75,130.69,109.44
2025-01-12 00:00:00,83.58,47.49486369721368,17.085,64.57986369721368,25.0,3.75,108.58,87.33
2025-01-12 01:00:00,83.79,45.5044336360703,17.085,62.589433636070304,25.0,3.75,108.79,87.54
2025-01-12 02:00:00,86.75,51.26482260786327,17.085,68.34982260786327,25.0,3.75,111.75,90.5
2025-01-12 03:00:00,84.2,45.13971724407873,17.085,62.22471724407873,25.0,3.75,109.2,87.95
2025-01-12 04:00:00,85.0,47.11991102660603,17.085,64.20491102660603,25.0,3.75,110.0,88.75
2025-01-12 05:00:00,83.75,48.26148115457218,17.085,65.34648115457219,25.0,3.75,108.75,87.5
2025-01-12 06:00:00,85.9,50.88254657813223,17.085,67.96754657813223,25.0,3.75,110.9,89.65
2025-01-12 07:00:00,101.75,45.12827569764112,17.085,62.21327569764112,25.0,3.75,126.75,105.5
2025-01-12 08:00:00,114.67,50.326327504309916,17.085,67.41132750430992,25.0,3.75,139.67000000000002,118.42
2025-01-12 09:00:00,120.07,48.020466122039174,17.085,65.10546612203918,25.0,3.75,145.07,123.82
2025-01-12 10:00:00,117.77,46.0369826979041,17.085,63.1219826979041,25.0,3.75,142.76999999999998,121.52
2025-01-12 11:00:00,105.61,48.92420694852654,17.085,66.00920694852654,25.0,3.75,130.61,109.36
2025-01-12 12:00:00,102.99,48.39811939114694,17.085,65.48311939114694,25.0,3.75,127.99,106.74
2025-01-12 13:00:00,99.61,46.79956624568241,17.085,63.884566245682414,25.0,3.75,124.61,103.36
2025-01-12 14:00:00,104.74,48.13960416998004,17.085,65.22460416998004,25.0,3.75,129.74,108.49
2025-01-12 15:00:00,118.7,47.22937280627648,17.085,64.31437280627648,25.0,3.75,143.7,122.45
2025-01-12 16:00:00,132.92,48.2270346905025,17.085,65.3120346905025,25.0,3.75,157.92,136.67
2025-01-12 17:00:00,141.0,49.32426134904209,17.085,66.40926134904208,25.0,3.75,166.0,144.75
2025-01-12 18:00:00,146.66,51.172033632290706,17.085,68.2570336322907,25.0,3.75,171.66,150.41
2025-01-12 19:00:00,143.66,45.524369002346305,17.085,62.609369002346305,25.0,3.75,168.66,147.41
2025-01-12 20:00:00,134.86,52.266066749312536,17.085,69.35106674931254,25.0,3.75,159.86,138.61
2025-01-12 21:00:00,127.49,44.095824400954996,17.085,61.180824400955,25.0,3.75,152.49,131.24
2025-01-12 22:00:00,121.2,47.69642980992883,17.085,64.78142980992882,25.0,3.75,146.2,124.95
2025-01-12 23:00:00,114.9,49.17663441296915,17.085,66.26163441296916,25.0,3.75,139.9,118.65
2025-01-13 00:00:00,112.39,48.561983735470065,17.085,65.64698373547006,25.0,3.75,137.39,116.14
2025-01-13 01:00:00,105.07,46.754600960358815,17.085,63.839600960358815,25.0,3.75,130.07,108.82
2025-01-13 02:00:00,104.46,47.58375549928545,17.085,64.66875549928545,25.0,3.75,129.45999999999998,108.21
2025-01-13 03:00:00,100.37,47.01399813068233,17.085,64.09899813068233,25.0,3.75,125.37,104.12
2025-01-13 04:00:00,100.0,46.82127048611158,17.085,63.90627048611158,25.0,3.75,125.0,103.75
2025-01-13 05:00:00,110.11,49.69920419404205,17.085,66.78420419404205,25.0,3.75,135.11,113.86
2025-01-13 06:00:00,140.28,48.71403097193009,17.085,65.7990309719301,25.0,3.75,165.28,144.03
2025-01-13 07:00:00,181.92,46.61418080947869,17.085,63.69918080947869,25.0,3.75,206.92,185.67
2025-01-13 08:00:00,223.09,49.7991997508665,17.085,66.8841997508665,25.0,3.75,248.09,226.84
2025-01-13 09:00:00,174.09,48.614599041753216,17.085,65.69959904175322,25.0,3.75,199.09,177.84
2025-01-13 10:00:00,141.69,49.62572423767792,17.085,66.71072423767792,25.0,3.75,166.69,145.44
2025-01-13 11:00:00,115.73,49.259257683847224,17.085,66.34425768384722,25.0,3.75,140.73000000000002,119.48
2025-01-13 12:00:00,104.1,46.34200997815586,17.085,63.42700997815586,25.0,3.75,129.1,107.85
2025-01-13 13:00:00,103.04,46.87963791960606,17.085,63.96463791960606,25.0,3.75,128.04000000000002,106.79
2025-01-13 14:00:00,104.67,49.49458721024652,17.085,66.57958721024653,25.0,3.75,129.67000000000002,108.42
2025-01-13 15:00:00,138.2,49.22074053086693,17.085,66.30574053086693,25.0,3.75,163.2,141.95
2025-01-13 16:00:00,142.62,47.958196812071705,17.085,65.0431968120717,25.0,3.75,167.62,146.37
2025-01-13 17:00:00,149.0,48.23465476661757,17.085,65.31965476661756,25.0,3.75,174.0,152.75
2025-01-13 18:00:00,149.0,50.55532979157685,17.085,67.64032979157685,25.0,3.75,174.0,152.75
2025-01-13 19:00:00,139.73,46.81685722232834,17.085,63.90185722232834,25.0,3.75,164.73,143.48
2025-01-13 20:00:00,123.18,49.094194762340074,17.085,66.17919476234007,25.0,3.75,148.18,126.93
2025-01-13 21:00:00,120.22,47.59561469513221,17.085,64.68061469513222,25.0,3.75,145.22,123.97
2025-01-13 22:00:00,115.57,47.56463759354556,17.085,64.64963759354556,25.0,3.75,140.57,119.32
2025-01-13 23:00:00,102.31,50.19755370397438,17.085,67.28255370397437,25.0,3.75,127.31,106.06
2025-01-14 00:00:00,106.38,49.65083269797606,17.085,66.73583269797606,25.0,3.75,131.38,110.13
2025-01-14 01:00:00,103.7,49.62701927200128,17.085,66.71201927200127,25.0,3.75,128.7,107.45
2025-01-14 02:00:00,99.08,50.61095761430866,17.085,67.69595761430867,25.0,3.75,124.08,102.83
2025-01-14 03:00:00,97.99,48.04200768326552,17.085,65.12700768326552,25.0,3.75,122.99,101.74
2025-01-14 04:00:00,101.88,49.36390594258993,17.085,66.44890594258993,25.0,3.75,126.88,105.63
2025-01-14 05:00:00,107.64,47.37946648681309,17.085,64.46446648681308,25.0,3.75,132.64,111.39
2025-01-14 06:00:00,123.4,48.64833270497689,17.085,65.73333270497689,25.0,3.75,148.4,127.15
2025-01-14 07:00:00,156.62,47.73971389126463,17.085,64.82471389126462,25.0,3.75,181.62,160.37
2025-01-14 08:00:00,184.03,48.19399192998544,17.085,65.27899192998544,25.0,3.75,209.03,187.78
2025-01-14 09:00:00,151.86,49.19031405087383,17.085,66.27531405087383,25.0,3.75,176.86,155.61
2025-01-14 10:00:00,117.62,46.36355863353305,17.085,63.448558633533054,25.0,3.75,142.62,121.37
2025-01-14 11:00:00,109.31,52.18477455137092,17.085,69.26977455137092,25.0,3.75,134.31,113.06
2025-01-14 12:00:00,103.11,45.987965237000594,17.085,63.072965237000595,25.0,3.75,128.11,106.86
2025-01-14 13:00:00,108.11,45.57162277442453,17.085,62.656622774424534,25.0,3.75,133.11,111.86
2025-01-14 14:00:00,115.35,50.316221747000135,17.085,67.40122174700014,25.0,3.75,140.35,119.1
2025-01-14 15:00:00,125.35,49.583325387925875,17.085,66.66832538792588,25.0,3.75,150.35,129.1
2025-01-14 16:00:00,141.97,49.24823963410431,17.085,66.3332396341043,25.0,3.75,166.97,145.72
2025-01-14 17:00:00,165.86,49.25669101852856,17.085,66.34169101852856,25.0,3.75,190.86,169.61
2025-01-14 18:00:00,170.07,47.97550645430617,17.085,65.06050645430616,25.0,3.75,195.07,173.82
2025-01-14 19:00:00,158.38,46.205491257028335,17.085,63.290491257028336,25.0,3.75,183.38,162.13
2025-01-14 20:00:00,135.46,48.151609116387455,17.085,65.23660911638746,25.0,3.75,160.46,139.21
2025-01-14 21:00:00,117.69,46.645676576975774,17.085,63.730676576975775,25.0,3.75,142.69,121.44
2025-01-14 22:00:00,121.0,49.950239466835505,17.085,67.0352394668355,25.0,3.75,146.0,124.75
2025-01-14 23:00:00,121.76,47.70588523699572,17.085,64.79088523699572,25.0,3.75,146.76,125.51
2025-01-15 00:00:00,108.28,46.34900560641498,17.085,63.43400560641498,25.0,3.75,133.28,112.03
2025-01-15 01:00:00,107.72,47.35722831669401,17.085,64.44222831669401,25.0,3.75,132.72,111.47
2025-01-15 02:00:00,108.41,48.82586290855125,17.085,65.91086290855125,25.0,3.75,133.41,112.16
2025-01-15 03:00:00,108.04,46.87255089439205,17.085,63.95755089439205,25.0,3.75,133.04000000000002,111.79
2025-01-15 04:00:00,108.75,46.355559208867135,17.085,63.440559208867136,25.0,3.75,133.75,112.5
2025-01-15 05:00:00,114.92,48.48737442298383,17.085,65.57237442298383,25.0,3.75,139.92000000000002,118.67
2025-01-15 06:00:00,134.49,48.489933142217446,17.085,65.57493314221745,25.0,3.75,159.49,138.24
2025-01-15 07:00:00,191.79,46.98611364925774,17.085,64.07111364925774,25.0,3.75,216.79,195.54
2025-01-15 08:00:00,307.24,47.057923388763356,17.085,64.14292338876336,25.0,3.75,332.24,310.99
2025-01-15 09:00:00,315.02,48.464099874715274,17.085,65.54909987471527,25.0,3.75,340.02,318.77
2025-01-15 10:00:00,311.03,45.10383131700535,17.085,62.18883131700535,25.0,3.75,336.03,314.78
2025-01-15 11:00:00,304.8,45.18507245124689,17.085,62.27007245124689,25.0,3.75,329.8,308.55
2025-01-15 12:00:00,311.02,46.56311155749513,17.085,63.64811155749513,25.0,3.75,336.02,314.77
2025-01-15 13:00:00,309.34,47.573105696576306,17.085,64.65810569657631,25.0,3.75,334.34,313.09
2025-01-15 14:00:00,285.83,48.62181513119601,17.085,65.70681513119601,25.0,3.75,310.83,289.58
2025-01-15 15:00:00,301.74,50.950712433899106,17.085,68.0357124338991,25.0,3.75,326.74,305.49
2025-01-15 16:00:00,333.52,49.715319246404036,17.085,66.80031924640403,25.0,3.75,358.52,337.27
2025-01-15 17:00:00,377.99,47.68012294007315,17.085,64.76512294007316,25.0,3.75,402.99,381.74
2025-01-15 18:00:00,324.74,47.961967584194625,17.085,65.04696758419462,25.0,3.75,349.74,328.49
2025-01-15 19:00:00,270.09,45.99494127072438,17.085,63.07994127072438,25.0,3.75,295.09,273.84
2025-01-15 20:00:00,181.66,47.96297372801522,17.085,65.04797372801522,25.0,3.75,206.66,185.41
2025-01-15 21:00:00,150.87,47.42268272215973,17.085,64.50768272215973,25.0,3.75,175.87,154.62
2025-01-15 22:00:00,141.16,48.64543712067618,17.085,65.73043712067619,25.0,3.75,166.16,144.91
2025-01-15 23:00:00,123.9,46.345538112895355,17.085,63.430538112895356,25.0,3.75,148.9,127.65
2025-01-16 00:00:00,126.33,49.03869302848234,17.085,66.12369302848234,25.0,3.75,151.32999999999998,130.07999999999998
2025-01-16 01:00:00,119.12,51.06547782600516,17.085,68.15047782600516,25.0,3.75,144.12,122.87
2025-01-16 02:00:00,117.62,47.78247970308629,17.085,64.86747970308629,25.0,3.75,142.62,121.37
2025-01-16 03:00:00,115.03,48.80342344419788,17.085,65.88842344419788,25.0,3.75,140.03,118.78
2025-01-16 04:00:00,115.75,49.38028798342223,17.085,66.46528798342223,25.0,3.75,140.75,119.5
2025-01-16 05:00:00,123.27,47.19755905622833,17.085,64.28255905622834,25.0,3.75,148.26999999999998,127.02
2025-01-16 06:00:00,138.7,48.44818496362083,17.085,65.53318496362084,25.0,3.75,163.7,142.45
2025-01-16 07:00:00,173.04,48.02518480156359,17.085,65.11018480156359,25.0,3.75,198.04,176.79
2025-01-16 08:00:00,199.65,48.19535219709766,17.085,65.28035219709767,25.0,3.75,224.65,203.4
2025-01-16 09:00:00,175.0,46.453980432289065,17.085,63.538980432289065,25.0,3.75,200.0,178.75
2025-01-16 10:00:00,151.9,48.049020348517885,17.085,65.13402034851788,25.0,3.75,176.9,155.65
2025-01-16 11:00:00,140.64,48.995996582490896,17.085,66.0809965824909,25.0,3.75,165.64,144.39
2025-01-16 12:00:00,131.13,50.902287215590086,17.085,67.98728721559009,25.0,3.75,156.13,134.88
2025-01-16 13:00:00,130.58,49.91854165217041,17.085,67.00354165217041,25.0,3.75,155.58,134.33
2025-01-16 14:00:00,138.42,52.30636491502311,17.085,69.3913649150231,25.0,3.75,163.42,142.17
2025-01-16 15:00:00,163.04,46.465304874223904,17.085,63.550304874223905,25.0,3.75,188.04,166.79
2025-01-16 16:00:00,179.2,49.74464127344136,17.085,66.82964127344135,25.0,3.75,204.2,182.95
2025-01-16 17:00:00,191.56,48.36668401147671,17.085,65.45168401147671,25.0,3.75,216.56,195.31
2025-01-16 18:00:00,184.32,52.37960586643534,17.085,69.46460586643533,25.0,3.75,209.32,188.07
2025-01-16 19:00:00,179.97,46.3834034292897,17.085,63.4684034292897,25.0,3.75,204.97,183.72
2025-01-16 20:00:00,159.6,46.32055631563845,17.085,63.40555631563845,25.0,3.75,184.6,163.35
2025-01-16 21:00:00,141.6,46.80121470911195,17.085,63.886214709111954,25.0,3.75,166.6,145.35
2025-01-16 22:00:00,135.29,43.752208551380384,17.085,60.837208551380385,25.0,3.75,160.29,139.04
2025-01-16 23:00:00,123.75,46.948489956638475,17.085,64.03348995663848,25.0,3.75,148.75,127.5
2025-01-17 00:00:00,118.87,46.48173467689261,17.085,63.56673467689261,25.0,3.75,143.87,122.62
2025-01-17 01:00:00,118.39,48.300787572952416,17.085,65.38578757295241,25.0,3.75,143.39,122.14
2025-01-17 02:00:00,115.71,48.683511951554316,17.085,65.76851195155432,25.0,3.75,140.70999999999998,119.46
2025-01-17 03:00:00,114.72,51.752341678431776,17.085,68.83734167843178,25.0,3.75,139.72,118.47
2025-01-17 04:00:00,115.48,49.9008476763721,17.085,66.9858476763721,25.0,3.75,140.48000000000002,119.23
2025-01-17 05:00:00,122.16,46.846192688675195,17.085,63.931192688675196,25.0,3.75,147.16,125.91
2025-01-17 06:00:00,140.8,46.20317065730328,17.085,63.28817065730328,25.0,3.75,165.8,144.55
2025-01-17 07:00:00,175.01,48.98383834301301,17.085,66.06883834301301,25.0,3.75,200.01,178.76
2025-01-17 08:00:00,208.13,45.359533585958715,17.085,62.444533585958716,25.0,3.75,233.13,211.88
2025-01-17 09:00:00,175.34,51.66291753170871,17.085,68.74791753170871,25.0,3.75,200.34,179.09
2025-01-17 10:00:00,158.0,50.35888024144258,17.085,67.44388024144257,25.0,3.75,183.0,161.75
2025-01-17 11:00:00,140.73,47.06164869579059,17.085,64.14664869579059,25.0,3.75,165.73,144.48
2025-01-17 12:00:00,126.44,44.57373094181824,17.085,61.65873094181824,25.0,3.75,151.44,130.19
2025-01-17 13:00:00,124.03,50.707744748330825,17.085,67.79274474833082,25.0,3.75,149.03,127.78
2025-01-17 14:00:00,132.99,47.77092030949476,17.085,64.85592030949476,25.0,3.75,157.99,136.74
2025-01-17 15:00:00,151.98,50.47563262394692,17.085,67.56063262394693,25.0,3.75,176.98,155.73
2025-01-17 16:00:00,170.21,44.81114468241127,17.085,61.89614468241127,25.0,3.75,195.21,173.96
2025-01-17 17:00:00,178.79,46.801249954092455,17.085,63.886249954092456,25.0,3.75,203.79,182.54
2025-01-17 18:00:00,179.92,48.010487399436364,17.085,65.09548739943637,25.0,3.75,204.92,183.67
2025-01-17 19:00:00,174.22,48.09396118752949,17.085,65.1789611875295,25.0,3.75,199.22,177.97
2025-01-17 20:00:00,157.91,47.09986905704151,17.085,64.18486905704151,25.0,3.75,182.91,161.66
2025-01-17 21:00:00,145.0,49.245699864695,17.085,66.33069986469499,25.0,3.75,170.0,148.75
2025-01-17 22:00:00,139.97,45.86475914123481,17.085,62.949759141234814,25.0,3.75,164.97,143.72
2025-01-17 23:00:00,126.84,47.71524102995741,17.085,64.80024102995742,25.0,3.75,151.84,130.59
2025-01-18 00:00:00,125.29,48.240591263423795,17.085,65.3255912634238,25.0,3.75,150.29000000000002,129.04000000000002
2025-01-18 01:00:00,121.05,49.028877668117495,17.085,66.1138776681175,25.0,3.75,146.05,124.8
2025-01-18 02:00:00,120.98,49.423229756177776,17.085,66.50822975617777,25.0,3.75,145.98000000000002,124.73
2025-01-18 03:00:00,118.85,45.75071581632426,17.085,62.83571581632426,25.0,3.75,143.85,122.6
2025-01-18 04:00:00,116.46,44.93177165852875,17.085,62.016771658528754,25.0,3.75,141.45999999999998,120.21
2025-01-18 05:00:00,119.77,50.55535364379702,17.085,67.64035364379703,25.0,3.75,144.76999999999998,123.52
2025-01-18 06:00:00,119.75,48.66462802395918,17.085,65.74962802395919,25.0,3.75,144.75,123.5
2025-01-18 07:00:00,133.39,46.50302692688689,17.085,63.58802692688689,25.0,3.75,158.39,137.14
2025-01-18 08:00:00,145.63,51.102303951045045,17.085,68.18730395104504,25.0,3.75,170.63,149.38
2025-01-18 09:00:00,144.1,48.23134926858572,17.085,65.31634926858572,25.0,3.75,169.1,147.85
2025-01-18 10:00:00,131.21,50.358594368127655,17.085,67.44359436812766,25.0,3.75,156.21,134.96
2025-01-18 11:00:00,121.56,48.135036962820216,17.085,65.22003696282022,25.0,3.75,146.56,125.31
2025-01-18 12:00:00,118.87,52.121495849763974,17.085,69.20649584976397,25.0,3.75,143.87,122.62
2025-01-18 13:00:00,115.01,51.51068168488641,17.085,68.59568168488642,25.0,3.75,140.01,118.76
2025-01-18 14:00:00,119.32,47.50207170304185,17.085,64.58707170304186,25.0,3.75,144.32,123.07
2025-01-18 15:00:00,133.32,49.94314190190871,17.085,67.02814190190871,25.0,3.75,158.32,137.07
2025-01-18 16:00:00,149.71,49.290751899170296,17.085,66.3757518991703,25.0,3.75,174.71,153.46
2025-01-18 17:00:00,164.59,50.7372631150647,17.085,67.8222631150647,25.0,3.75,189.59,168.34
2025-01-18 18:00:00,167.57,46.070153078839795,17.085,63.155153078839795,25.0,3.75,192.57,171.32
2025-01-18 19:00:00,167.85,49.37210291999688,17.085,66.45710291999688,25.0,3.75,192.85,171.6
2025-01-18 20:00:00,156.12,50.11684897369918,17.085,67.20184897369919,25.0,3.75,181.12,159.87
2025-01-18 21:00:00,143.42,44.48252102715377,17.085,61.567521027153774,25.0,3.75,168.42,147.17
2025-01-18 22:00:00,136.4,45.63348297466845,17.085,62.718482974668454,25.0,3.75,161.4,140.15
2025-01-18 23:00:00,129.36,43.921535644479796,17.085,61.0065356444798,25.0,3.75,154.36,133.11
2025-01-19 00:00:00,129.73,47.46118633111089,17.085,64.54618633111089,25.0,3.75,154.73,133.48
2025-01-19 01:00:00,124.2,49.435084511591924,17.085,66.52008451159193,25.0,3.75,149.2,127.95
2025-01-19 02:00:00,123.05,51.004714104192054,17.085,68.08971410419205,25.0,3.75,148.05,126.8
2025-01-19 03:00:00,121.24,48.14818956083955,17.085,65.23318956083955,25.0,3.75,146.24,124.99
2025-01-19 04:00:00,120.18,51.257231091142586,17.085,68.3422310911426,25.0,3.75,145.18,123.93
2025-01-19 05:00:00,120.0,45.23979708357022,17.085,62.32479708357022,25.0,3.75,145.0,123.75
2025-01-19 06:00:00,121.57,44.59323512128969,17.085,61.67823512128969,25.0,3.75,146.57,125.32
2025-01-19 07:00:00,123.33,47.888904602206765,17.085,64.97390460220677,25.0,3.75,148.32999999999998,127.08
2025-01-19 08:00:00,123.6,48.76813089787861,17.085,65.85313089787861,25.0,3.75,148.6,127.35
2025-01-19 09:00:00,125.16,47.93461050381181,17.085,65.0196105038118,25.0,3.75,150.16,128.91
2025-01-19 10:00:00,125.19,43.86511579992025,17.085,60.95011579992025,25.0,3.75,150.19,128.94
2025-01-19 11:00:00,121.56,47.82175992097442,17.085,64.90675992097442,25.0,3.75,146.56,125.31
2025-01-19 12:00:00,112.25,45.39106099899029,17.085,62.47606099899029,25.0,3.75,137.25,116.0
2025-01-19 13:00:00,107.51,49.33934509766008,17.085,66.42434509766008,25.0,3.75,132.51,111.26
2025-01-19 14:00:00,116.81,48.7331964921937,17.085,65.81819649219369,25.0,3.75,141.81,120.56
2025-01-19 15:00:00,126.29,46.12024042734529,17.085,63.20524042734529,25.0,3.75,151.29000000000002,130.04000000000002
2025-01-19 16:00:00,140.15,46.972266165326616,17.085,64.05726616532661,25.0,3.75,165.15,143.9
2025-01-19 17:00:00,149.67,45.881572956222094,17.085,62.966572956222095,25.0,3.75,174.67,153.42
2025-01-19 18:00:00,159.04,47.874641805453656,17.085,64.95964180545366,25.0,3.75,184.04,162.79
2025-01-19 19:00:00,156.6,49.91028464100248,17.085,66.99528464100248,25.0,3.75,181.6,160.35
2025-01-19 20:00:00,149.06,46.028547907328914,17.085,63.113547907328915,25.0,3.75,174.06,152.81
2025-01-19 21:00:00,139.26,49.00809303103569,17.085,66.09309303103569,25.0,3.75,164.26,143.01
2025-01-19 22:00:00,130.99,46.939484763255116,17.085,64.02448476325512,25.0,3.75,155.99,134.74
2025-01-19 23:00:00,122.94,46.41425433547531,17.085,63.499254335475314,25.0,3.75,147.94,126.69
2025-01-20 00:00:00,122.27,47.785939280090886,17.085,64.87093928009088,25.0,3.75,147.26999999999998,126.02
2025-01-20 01:00:00,119.44,45.92951535516125,17.085,63.01451535516125,25.0,3.75,144.44,123.19
2025-01-20 02:00:00,116.56,46.892701389305635,17.085,63.977701389305636,25.0,3.75,141.56,120.31
2025-01-20 03:00:00,114.41,45.6042442148223,17.085,62.6892442148223,25.0,3.75,139.41,118.16
2025-01-20 04:00:00,115.45,51.92945026583278,17.085,69.01445026583278,25.0,3.75,140.45,119.2
2025-01-20 05:00:00,127.54,48.070527103943455,17.085,65.15552710394346,25.0,3.75,152.54000000000002,131.29000000000002
2025-01-20 06:00:00,161.71,46.60054898401483,17.085,63.68554898401483,25.0,3.75,186.71,165.46
2025-01-20 07:00:00,276.48,48.42795982146844,17.085,65.51295982146844,25.0,3.75,301.48,280.23
2025-01-20 08:00:00,431.99,47.77534390061834,17.085,64.86034390061835,25.0,3.75,456.99,435.74
2025-01-20 09:00:00,291.7,47.55806080093355,17.085,64.64306080093355,25.0,3.75,316.7,295.45
2025-01-20 10:00:00,236.29,49.22833340008685,17.085,66.31333340008686,25.0,3.75,261.28999999999996,240.04
2025-01-20 11:00:00,187.48,49.51501542009461,17.085,66.60001542009462,25.0,3.75,212.48,191.23
2025-01-20 12:00:00,176.0,46.93899770477894,17.085,64.02399770477894,25.0,3.75,201.0,179.75
2025-01-20 13:00:00,171.39,46.84836351871064,17.085,63.93336351871064,25.0,3.75,196.39,175.14
2025-01-20 14:00:00,191.85,47.449896605696715,17.085,64.53489660569672,25.0,3.75,216.85,195.6
2025-01-20 15:00:00,277.17,43.39615767052883,17.085,60.48115767052883,25.0,3.75,302.17,280.92
2025-01-20 16:00:00,402.12,44.96961787560289,17.085,62.054617875602894,25.0,3.75,427.12,405.87
2025-01-20 17:00:00,583.4,50.733748534889045,17.085,67.81874853488904,25.0,3.75,608.4,587.15
2025-01-20 18:00:00,473.28,51.28993542700257,17.085,68.37493542700257,25.0,3.75,498.28,477.03
2025-01-20 19:00:00,295.57,47.50192792088724,17.085,64.58692792088723,25.0,3.75,320.57,299.32
2025-01-20 20:00:00,220.0,49.15311392611153,17.085,66.23811392611154,25.0,3.75,245.0,223.75
2025-01-20 21:00:00,170.0,48.62250030908707,17.085,65.70750030908707,25.0,3.75,195.0,173.75
2025-01-20 22:00:00,152.51,54.15776161691048,17.085,71.24276161691049,25.0,3.75,177.51,156.26
2025-01-20 23:00:00,137.98,50.23914982286915,17.085,67.32414982286915,25.0,3.75,162.98,141.73
2025-01-21 00:00:00,127.52,47.74416481703847,17.085,64.82916481703847,25.0,3.75,152.51999999999998,131.26999999999998
2025-01-21 01:00:00,121.65,46.08891911879915,17.085,63.17391911879915,25.0,3.75,146.65,125.4
2025-01-21 02:00:00,116.67,44.78710735948486,17.085,61.87210735948486,25.0,3.75,141.67000000000002,120.42
2025-01-21 03:00:00,113.86,48.406927271734446,17.085,65.49192727173445,25.0,3.75,138.86,117.61
2025-01-21 04:00:00,113.54,46.48729850943139,17.085,63.57229850943139,25.0,3.75,138.54000000000002,117.29
2025-01-21 05:00:00,122.34,45.155492580804655,17.085,62.240492580804656,25.0,3.75,147.34,126.09
2025-01-21 06:00:00,142.2,46.706854231514946,17.085,63.79185423151495,25.0,3.75,167.2,145.95
2025-01-21 07:00:00,190.06,45.83690399277121,17.085,62.92190399277121,25.0,3.75,215.06,193.81
2025-01-21 08:00:00,248.32,51.37428327014513,17.085,68.45928327014514,25.0,3.75,273.32,252.07
2025-01-21 09:00:00,211.68,49.7632795138989,17.085,66.8482795138989,25.0,3.75,236.68,215.43
2025-01-21 10:00:00,198.05,47.98405471736677,17.085,65.06905471736677,25.0,3.75,223.05,201.8
2025-01-21 11:00:00,161.5,50.95988827778005,17.085,68.04488827778005,25.0,3.75,186.5,165.25
2025-01-21 12:00:00,147.44,48.154736615295235,17.085,65.23973661529524,25.0,3.75,172.44,151.19
2025-01-21 13:00:00,142.83,46.27743159734347,17.085,63.36243159734347,25.0,3.75,167.83,146.58
2025-01-21 14:00:00,150.05,51.04624815453931,17.085,68.13124815453932,25.0,3.75,175.05,153.8
2025-01-21 15:00:00,173.43,49.07782008736932,17.085,66.16282008736931,25.0,3.75,198.43,177.18
2025-01-21 16:00:00,212.13,45.925507691347086,17.085,63.01050769134709,25.0,3.75,237.13,215.88
2025-01-21 17:00:00,301.15,47.61932264383278,17.085,64.70432264383278,25.0,3.75,326.15,304.9
2025-01-21 18:00:00,251.93,46.248763493230484,17.085,63.333763493230485,25.0,3.75,276.93,255.68
2025-01-21 19:00:00,202.68,45.23440053807133,17.085,62.31940053807133,25.0,3.75,227.68,206.43
2025-01-21 20:00:00,174.84,49.85235509506328,17.085,66.93735509506328,25.0,3.75,199.84,178.59
2025-01-21 21:00:00,155.19,51.81883328094026,17.085,68.90383328094026,25.0,3.75,180.19,158.94
2025-01-21 22:00:00,138.6,45.20286485236172,17.085,62.28786485236172,25.0,3.75,163.6,142.35
2025-01-21 23:00:00,125.29,49.12593847338114,17.085,66.21093847338113,25.0,3.75,150.29000000000002,129.04000000000002
2025-01-22 00:00:00,128.0,46.69871486175634,17.085,63.783714861756344,25.0,3.75,153.0,131.75
2025-01-22 01:00:00,125.06,47.02574923247061,17.085,64.11074923247061,25.0,3.75,150.06,128.81
2025-01-22 02:00:00,122.22,46.81521215152226,17.085,63.90021215152226,25.0,3.75,147.22,125.97
2025-01-22 03:00:00,121.66,46.27201846064037,17.085,63.35701846064037,25.0,3.75,146.66,125.41
2025-01-22 04:00:00,123.16,48.09704325588965,17.085,65.18204325588965,25.0,3.75,148.16,126.91
2025-01-22 05:00:00,128.32,46.33809976717792,17.085,63.42309976717792,25.0,3.75,153.32,132.07
2025-01-22 06:00:00,156.92,48.54091365155968,17.085,65.62591365155967,25.0,3.75,181.92,160.67
2025-01-22 07:00:00,208.25,47.89952378110173,17.085,64.98452378110173,25.0,3.75,233.25,212.0
2025-01-22 08:00:00,238.6,47.52210390626718,17.085,64.60710390626718,25.0,3.75,263.6,242.35
2025-01-22 09:00:00,199.41,46.18487267591681,17.085,63.26987267591681,25.0,3.75,224.41,203.16
2025-01-22 10:00:00,179.06,46.84645733886333,17.085,63.93145733886333,25.0,3.75,204.06,182.81
2025-01-22 11:00:00,172.94,49.510782451651515,17.085,66.59578245165152,25.0,3.75,197.94,176.69
2025-01-22 12:00:00,165.0,49.00183437524876,17.085,66.08683437524877,25.0,3.75,190.0,168.75
2025-01-22 13:00:00,170.0,46.044889510402896,17.085,63.1298895104029,25.0,3.75,195.0,173.75
2025-01-22 14:00:00,179.92,48.19866461085845,17.085,65.28366461085845,25.0,3.75,204.92,183.67
2025-01-22 15:00:00,195.67,49.50277424674358,17.085,66.58777424674358,25.0,3.75,220.67,199.42
2025-01-22 16:00:00,199.04,44.66118943775726,17.085,61.74618943775726,25.0,3.75,224.04,202.79
2025-01-22 17:00:00,208.99,49.08672038475987,17.085,66.17172038475988,25.0,3.75,233.99,212.74
2025-01-22 18:00:00,180.43,46.6747524821083,17.085,63.759752482108304,25.0,3.75,205.43,184.18
2025-01-22 19:00:00,167.08,49.14119733718632,17.085,66.22619733718632,25.0,3.75,192.08,170.83
2025-01-22 20:00:00,134.49,46.473481686914965,17.085,63.558481686914966,25.0,3.75,159.49,138.24
2025-01-22 21:00:00,127.78,44.390235798670965,17.085,61.475235798670965,25.0,3.75,152.78,131.53
2025-01-22 22:00:00,128.09,44.74491512423367,17.085,61.82991512423367,25.0,3.75,153.09,131.84
2025-01-22 23:00:00,114.68,48.09616989332277,17.085,65.18116989332276,25.0,3.75,139.68,118.43
2025-01-23 00:00:00,113.7,48.51944500344296,17.085,65.60444500344296,25.0,3.75,138.7,117.45
2025-01-23 01:00:00,108.88,46.191366749791186,17.085,63.27636674979119,25.0,3.75,133.88,112.63
2025-01-23 02:00:00,105.58,49.27718491755475,17.085,66.36218491755474,25.0,3.75,130.57999999999998,109.33
2025-01-23 03:00:00,100.01,44.67695987546208,17.085,61.76195987546208,25.0,3.75,125.01,103.76
2025-01-23 04:00:00,97.59,47.86784040270537,17.085,64.95284040270536,25.0,3.75,122.59,101.34
2025-01-23 05:00:00,100.01,45.577967600475084,17.085,62.662967600475085,25.0,3.75,125.01,103.76
2025-01-23 06:00:00,106.41,46.696327784395685,17.085,63.781327784395685,25.0,3.75,131.41,110.16
2025-01-23 07:00:00,136.6,48.09479734263283,17.085,65.17979734263284,25.0,3.75,161.6,140.35
2025-01-23 08:00:00,159.03,46.27917326943209,17.085,63.364173269432094,25.0,3.75,184.03,162.78
2025-01-23 09:00:00,155.42,47.23088891154035,17.085,64.31588891154036,25.0,3.75,180.42,159.17
2025-01-23 10:00:00,130.94,50.01258561842888,17.085,67.09758561842888,25.0,3.75,155.94,134.69
2025-01-23 11:00:00,116.1,46.8462162609537,17.085,63.931216260953704,25.0,3.75,141.1,119.85
2025-01-23 12:00:00,94.93,49.671384224130286,17.085,66.75638422413029,25.0,3.75,119.93,98.68
2025-01-23 13:00:00,88.56,45.74058629068476,17.085,62.82558629068476,25.0,3.75,113.56,92.31
2025-01-23 14:00:00,85.86,49.05960835583056,17.085,66.14460835583057,25.0,3.75,110.86,89.61
2025-01-23 15:00:00,89.8,50.8831372413158,17.085,67.9681372413158,25.0,3.75,114.8,93.55
2025-01-23 16:00:00,89.87,43.05671099974542,17.085,60.14171099974542,25.0,3.75,114.87,93.62
2025-01-23 17:00:00,106.75,46.406209489059044,17.085,63.491209489059045,25.0,3.75,131.75,110.5
2025-01-23 18:00:00,112.0,49.15414425436108,17.085,66.23914425436108,25.0,3.75,137.0,115.75
2025-01-23 19:00:00,101.87,47.59390922791401,17.085,64.678909227914,25.0,3.75,126.87,105.62
2025-01-23 20:00:00,86.36,48.742291746742616,17.085,65.82729174674262,25.0,3.75,111.36,90.11
2025-01-23 21:00:00,74.28,46.79202962656836,17.085,63.87702962656836,25.0,3.75,99.28,78.03
2025-01-23 22:00:00,75.68,48.1731795749458,17.085,65.2581795749458,25.0,3.75,100.68,79.43
2025-01-23 23:00:00,58.23,47.68864552921584,17.085,64.77364552921584,25.0,3.75,83.22999999999999,61.98
2025-01-24 00:00:00,69.03,50.335564123319614,17.085,67.42056412331962,25.0,3.75,94.03,72.78
2025-01-24 01:00:00,58.16,48.50884168660242,17.085,65.59384168660242,25.0,3.75,83.16,61.91
2025-01-24 02:00:00,45.05,48.675205324150404,17.085,65.7602053241504,25.0,3.75,70.05,48.8
2025-01-24 03:00:00,40.6,47.176246067755066,17.085,64.26124606775507,25.0,3.75,65.6,44.35
2025-01-24 04:00:00,50.17,47.02478755185501,17.085,64.10978755185502,25.0,3.75,75.17,53.92
2025-01-24 05:00:00,73.2,47.13488362436076,17.085,64.21988362436076,25.0,3.75,98.2,76.95
2025-01-24 06:00:00,85.44,48.78890428475659,17.085,65.87390428475659,25.0,3.75,110.44,89.19
2025-01-24 07:00:00,109.16,47.158031038359475,17.085,64.24303103835948,25.0,3.75,134.16,112.91
2025-01-24 08:00:00,116.23,48.57954971379282,17.085,65.66454971379282,25.0,3.75,141.23000000000002,119.98
2025-01-24 09:00:00,96.34,52.15080159729088,17.085,69.23580159729087,25.0,3.75,121.34,100.09
2025-01-24 10:00:00,88.9,49.74224940686339,17.085,66.82724940686339,25.0,3.75,113.9,92.65
2025-01-24 11:00:00,78.44,47.34795293566432,17.085,64.43295293566432,25.0,3.75,103.44,82.19
2025-01-24 12:00:00,76.48,50.40242784432789,17.085,67.4874278443279,25.0,3.75,101.48,80.23
2025-01-24 13:00:00,74.69,47.1838492539569,17.085,64.2688492539569,25.0,3.75,99.69,78.44
2025-01-24 14:00:00,74.51,43.92375092964429,17.085,61.00875092964429,25.0,3.75,99.51,78.26
2025-01-24 15:00:00,74.51,45.983827378165195,17.085,63.068827378165196,25.0,3.75,99.51,78.26
2025-01-24 16:00:00,75.25,44.25841615794829,17.085,61.34341615794829,25.0,3.75,100.25,79.0
2025-01-24 17:00:00,83.02,47.29697303191738,17.085,64.38197303191738,25.0,3.75,108.02,86.77
2025-01-24 18:00:00,88.59,48.0368367583791,17.085,65.1218367583791,25.0,3.75,113.59,92.34
2025-01-24 19:00:00,91.78,51.352874624550566,17.085,68.43787462455057,25.0,3.75,116.78,95.53
2025-01-24 20:00:00,84.99,48.65385474752833,17.085,65.73885474752834,25.0,3.75,109.99,88.74
2025-01-24 21:00:00,80.79,47.561798942382275,17.085,64.64679894238228,25.0,3.75,105.79,84.54
2025-01-24 22:00:00,91.97,49.65881116236698,17.085,66.74381116236698,25.0,3.75,116.97,95.72
2025-01-24 23:00:00,86.29,43.57772938198423,17.085,60.66272938198423,25.0,3.75,111.29,90.04
2025-01-25 00:00:00,59.04,48.47122911621713,17.085,65.55622911621714,25.0,3.75,84.03999999999999,62.79
2025-01-25 01:00:00,64.96,49.54173038777393,17.085,66.62673038777393,25.0,3.75,89.96,68.71
2025-01-25 02:00:00,63.55,45.04282750844032,17.085,62.12782750844032,25.0,3.75,88.55,67.3
2025-01-25 03:00:00,67.17,50.28750808641386,17.085,67.37250808641386,25.0,3.75,92.17,70.92
2025-01-25 04:00:00,76.77,48.67699281498883,17.085,65.76199281498883,25.0,3.75,101.77,80.52
2025-01-25 05:00:00,76.89,47.1694241721984,17.085,64.2544241721984,25.0,3.75,101.89,80.64
2025-01-25 06:00:00,79.32,49.26556373221257,17.085,66.35056373221258,25.0,3.75,104.32,83.07
2025-01-25 07:00:00,76.89,52.54138571560879,17.085,69.62638571560879,25.0,3.75,101.89,80.64
2025-01-25 08:00:00,88.99,48.36373251011699,17.085,65.448732510117,25.0,3.75,113.99,92.74
2025-01-25 09:00:00,87.31,48.49644117260067,17.085,65.58144117260068,25.0,3.75,112.31,91.06
2025-01-25 10:00:00,86.32,47.08127820091951,17.085,64.16627820091952,25.0,3.75,111.32,90.07
2025-01-25 11:00:00,88.15,46.30031126107042,17.085,63.38531126107042,25.0,3.75,113.15,91.9
2025-01-25 12:00:00,82.55,49.66067163308849,17.085,66.74567163308849,25.0,3.75,107.55,86.3
2025-01-25 13:00:00,81.98,46.28783234818226,17.085,63.372832348182264,25.0,3.75,106.98,85.73
2025-01-25 14:00:00,89.0,48.14313247443879,17.085,65.22813247443878,25.0,3.75,114.0,92.75
2025-01-25 15:00:00,111.07,47.044685106469764,17.085,64.12968510646976,25.0,3.75,136.07,114.82
2025-01-25 16:00:00,132.97,48.957959651492786,17.085,66.0429596514928,25.0,3.75,157.97,136.72
2025-01-25 17:00:00,145.85,48.667324210573895,17.085,65.7523242105739,25.0,3.75,170.85,149.6
2025-01-25 18:00:00,151.0,50.0750798885158,17.085,67.16007988851581,25.0,3.75,176.0,154.75
2025-01-25 19:00:00,147.53,46.9799672022905,17.085,64.0649672022905,25.0,3.75,172.53,151.28
2025-01-25 20:00:00,137.6,47.46025012941326,17.085,64.54525012941326,25.0,3.75,162.6,141.35
2025-01-25 21:00:00,134.61,46.042472568435386,17.085,63.12747256843539,25.0,3.75,159.61,138.36
2025-01-25 22:00:00,132.26,47.111413479847776,17.085,64.19641347984778,25.0,3.75,157.26,136.01
2025-01-25 23:00:00,122.03,48.754600986089706,17.085,65.8396009860897,25.0,3.75,147.03,125.78
2025-01-26 00:00:00,126.21,49.5139772332907,17.085,66.5989772332907,25.0,3.75,151.20999999999998,129.95999999999998
2025-01-26 01:00:00,115.79,46.15566935164475,17.085,63.24066935164475,25.0,3.75,140.79000000000002,119.54
2025-01-26 02:00:00,111.3,49.73921184021132,17.085,66.82421184021132,25.0,3.75,136.3,115.05
2025-01-26 03:00:00,106.85,50.7112757176099,17.085,67.7962757176099,25.0,3.75,131.85,110.6
2025-01-26 04:00:00,105.43,48.826869806447405,17.085,65.91186980644741,25.0,3.75,130.43,109.18
2025-01-26 05:00:00,107.86,51.75359162511613,17.085,68.83859162511612,25.0,3.75,132.86,111.61
2025-01-26 06:00:00,110.6,46.45242160179286,17.085,63.53742160179286,25.0,3.75,135.6,114.35
2025-01-26 07:00:00,117.62,45.51069059337716,17.085,62.595690593377164,25.0,3.75,142.62,121.37
2025-01-26 08:00:00,124.17,44.44255950219144,17.085,61.527559502191444,25.0,3.75,149.17000000000002,127.92
2025-01-26 09:00:00,121.97,50.992088622978365,17.085,68.07708862297837,25.0,3.75,146.97,125.72
2025-01-26 10:00:00,105.51,49.30873131270812,17.085,66.39373131270813,25.0,3.75,130.51,109.26
2025-01-26 11:00:00,102.57,47.88883065817909,17.085,64.97383065817908,25.0,3.75,127.57,106.32
2025-01-26 12:00:00,96.73,48.55993725263964,17.085,65.64493725263964,25.0,3.75,121.73,100.48
2025-01-26 13:00:00,90.02,45.74902190540325,17.085,62.83402190540325,25.0,3.75,115.02,93.77
2025-01-26 14:00:00,92.52,52.89150395923365,17.085,69.97650395923365,25.0,3.75,117.52,96.27
2025-01-26 15:00:00,111.63,48.25844236395046,17.085,65.34344236395046,25.0,3.75,136.63,115.38
2025-01-26 16:00:00,125.92,48.218789589209784,17.085,65.30378958920979,25.0,3.75,150.92000000000002,129.67000000000002
2025-01-26 17:00:00,132.77,49.451533247797386,17.085,66.5365332477974,25.0,3.75,157.77,136.52
2025-01-26 18:00:00,118.94,48.96201846347343,17.085,66.04701846347342,25.0,3.75,143.94,122.69
2025-01-26 19:00:00,90.32,48.44776804855826,17.085,65.53276804855827,25.0,3.75,115.32,94.07
2025-01-26 20:00:00,78.93,46.419051089109374,17.085,63.504051089109375,25.0,3.75,103.93,82.68
2025-01-26 21:00:00,68.26,48.942936714271994,17.085,66.02793671427199,25.0,3.75,93.26,72.01
2025-01-26 22:00:00,49.25,51.764048992950066,17.085,68.84904899295006,25.0,3.75,74.25,53.0
2025-01-26 23:00:00,23.89,50.690840092309955,17.085,67.77584009230995,25.0,3.75,48.89,27.64
2025-01-27 00:00:00,40.14,51.186373253278795,17.085,68.2713732532788,25.0,3.75,65.14,43.89
2025-01-27 01:00:00,35.26,46.97756864713763,17.085,64.06256864713762,25.0,3.75,60.26,39.01
2025-01-27 02:00:00,26.38,46.02079035948284,17.085,63.10579035948284,25.0,3.75,51.379999999999995,30.13
2025-01-27 03:00:00,14.07,47.7484261598007,17.085,64.8334261598007,25.0,3.75,39.07,17.82
2025-01-27 04:00:00,10.1,48.11144982457739,17.085,65.1964498245774,25.0,3.75,35.1,13.85
2025-01-27 05:00:00,21.52,50.1883830369419,17.085,67.27338303694191,25.0,3.75,46.519999999999996,25.27
2025-01-27 06:00:00,34.1,44.61507074057036,17.085,61.70007074057036,25.0,3.75,59.1,37.85
2025-01-27 07:00:00,56.99,51.05910063892123,17.085,68.14410063892123,25.0,3.75,81.99000000000001,60.74
2025-01-27 08:00:00,71.76,47.68398420284202,17.085,64.76898420284202,25.0,3.75,96.76,75.51
2025-01-27 09:00:00,62.96,47.14623786010516,17.085,64.23123786010515,25.0,3.75,87.96000000000001,66.71000000000001
2025-01-27 10:00:00,45.57,45.97579124947966,17.085,63.060791249479664,25.0,3.75,70.57,49.32
2025-01-27 11:00:00,40.11,44.69028665626846,17.085,61.77528665626846,25.0,3.75,65.11,43.86
2025-01-27 12:00:00,35.66,49.64634116792383,17.085,66.73134116792383,25.0,3.75,60.66,39.41
2025-01-27 13:00:00,38.37,48.14663593437681,17.085,65.23163593437681,25.0,3.75,63.37,42.12
2025-01-27 14:00:00,53.95,45.42007820051789,17.085,62.50507820051789,25.0,3.75,78.95,57.7
2025-01-27 15:00:00,86.79,45.40984245587277,17.085,62.49484245587277,25.0,3.75,111.79,90.54
2025-01-27 16:00:00,102.46,47.32843060141975,17.085,64.41343060141975,25.0,3.75,127.46,106.21
2025-01-27 17:00:00,118.56,51.33804305057878,17.085,68.42304305057878,25.0,3.75,143.56,122.31
2025-01-27 18:00:00,118.67,47.48081729727279,17.085,64.56581729727279,25.0,3.75,143.67000000000002,122.42
2025-01-27 19:00:00,100.05,44.993714093763785,17.085,62.078714093763786,25.0,3.75,125.05,103.8
2025-01-27 20:00:00,94.07,47.508513871828114,17.085,64.59351387182812,25.0,3.75,119.07,97.82
2025-01-27 21:00:00,85.08,47.45455286050466,17.085,64.53955286050467,25.0,3.75,110.08,88.83
2025-01-27 22:00:00,82.26,42.60622671411686,17.085,59.69122671411686,25.0,3.75,107.26,86.01
2025-01-27 23:00:00,69.28,47.89141026696438,17.085,64.97641026696438,25.0,3.75,94.28,73.03
2025-01-28 00:00:00,76.92,47.53813093958264,17.085,64.62313093958264,25.0,3.75,101.92,80.67
2025-01-28 01:00:00,71.53,49.392412729626834,17.085,66.47741272962683,25.0,3.75,96.53,75.28
2025-01-28 02:00:00,57.33,51.69791218989069,17.085,68.78291218989068,25.0,3.75,82.33,61.08
2025-01-28 03:00:00,69.28,50.25313005909551,17.085,67.3381300590955,25.0,3.75,94.28,73.03
2025-01-28 04:00:00,76.92,47.46222261889034,17.085,64.54722261889034,25.0,3.75,101.92,80.67
2025-01-28 05:00:00,77.59,45.78694818251666,17.085,62.87194818251666,25.0,3.75,102.59,81.34
2025-01-28 06:00:00,98.22,53.14671960649972,17.085,70.23171960649972,25.0,3.75,123.22,101.97
2025-01-28 07:00:00,125.45,48.11843686802898,17.085,65.20343686802897,25.0,3.75,150.45,129.2
2025-01-28 08:00:00,147.5,48.02785858382589,17.085,65.1128585838259,25.0,3.75,172.5,151.25
2025-01-28 09:00:00,135.3,47.95174982577999,17.085,65.03674982577999,25.0,3.75,160.3,139.05
2025-01-28 10:00:00,120.53,48.39616952153571,17.085,65.48116952153572,25.0,3.75,145.53,124.28
2025-01-28 11:00:00,116.34,47.71127917615212,17.085,64.79627917615213,25.0,3.75,141.34,120.09
2025-01-28 12:00:00,114.75,46.852675986239525,17.085,63.937675986239526,25.0,3.75,139.75,118.5
2025-01-28 13:00:00,117.39,46.90628211751922,17.085,63.99128211751922,25.0,3.75,142.39,121.14
2025-01-28 14:00:00,121.33,47.934493459568,17.085,65.019493459568,25.0,3.75,146.32999999999998,125.08
2025-01-28 15:00:00,139.91,46.91315045773247,17.085,63.99815045773247,25.0,3.75,164.91,143.66
2025-01-28 16:00:00,147.0,46.57430843464567,17.085,63.65930843464567,25.0,3.75,172.0,150.75
2025-01-28 17:00:00,149.6,48.21286045538379,17.085,65.29786045538378,25.0,3.75,174.6,153.35
2025-01-28 18:00:00,134.94,47.49004556515829,17.085,64.57504556515829,25.0,3.75,159.94,138.69
2025-01-28 19:00:00,128.9,51.007985977165376,17.085,68.09298597716537,25.0,3.75,153.9,132.65
2025-01-28 20:00:00,94.76,42.69806038321398,17.085,59.78306038321398,25.0,3.75,119.76,98.51
2025-01-28 21:00:00,87.26,50.18301370384492,17.085,67.26801370384493,25.0,3.75,112.26,91.01
2025-01-28 22:00:00,79.8,50.492170384995255,17.085,67.57717038499526,25.0,3.75,104.8,83.55
2025-01-28 23:00:00,64.43,43.8532195351837,17.085,60.9382195351837,25.0,3.75,89.43,68.18
2025-01-29 00:00:00,87.72,47.3146248118393,17.085,64.3996248118393,25.0,3.75,112.72,91.47
2025-01-29 01:00:00,83.39,47.25711826800842,17.085,64.34211826800842,25.0,3.75,108.39,87.14
2025-01-29 02:00:00,78.16,45.184976610564355,17.085,62.269976610564356,25.0,3.75,103.16,81.91
2025-01-29 03:00:00,75.64,46.44436662481825,17.085,63.52936662481825,25.0,3.75,100.64,79.39
2025-01-29 04:00:00,79.01,45.778848309068344,17.085,62.863848309068345,25.0,3.75,104.01,82.76
2025-01-29 05:00:00,86.98,51.504540886847245,17.085,68.58954088684725,25.0,3.75,111.98,90.73
2025-01-29 06:00:00,93.14,49.871356786294925,17.085,66.95635678629492,25.0,3.75,118.14,96.89
2025-01-29 07:00:00,141.42,50.54311018998832,17.085,67.62811018998832,25.0,3.75,166.42,145.17
2025-01-29 08:00:00,142.54,49.44334412808647,17.085,66.52834412808647,25.0,3.75,167.54,146.29
2025-01-29 09:00:00,130.45,45.741896457565545,17.085,62.826896457565546,25.0,3.75,155.45,134.2
2025-01-29 10:00:00,105.05,46.950959467440455,17.085,64.03595946744045,25.0,3.75,130.05,108.8
2025-01-29 11:00:00,89.25,48.97874912245584,17.085,66.06374912245585,25.0,3.75,114.25,93.0
2025-01-29 12:00:00,85.0,45.55574438221611,17.085,62.64074438221611,25.0,3.75,110.0,88.75
2025-01-29 13:00:00,85.53,49.425996860344775,17.085,66.51099686034478,25.0,3.75,110.53,89.28
2025-01-29 14:00:00,87.67,47.51934920368373,17.085,64.60434920368374,25.0,3.75,112.67,91.42
2025-01-29 15:00:00,102.75,47.25035838490081,17.085,64.33535838490081,25.0,3.75,127.75,106.5
2025-01-29 16:00:00,132.66,49.42191993640699,17.085,66.50691993640699,25.0,3.75,157.66,136.41
2025-01-29 17:00:00,149.57,48.88852662297208,17.085,65.97352662297209,25.0,3.75,174.57,153.32
2025-01-29 18:00:00,150.09,47.27806766836184,17.085,64.36306766836185,25.0,3.75,175.09,153.84
2025-01-29 19:00:00,146.3,50.318659606728495,17.085,67.4036596067285,25.0,3.75,171.3,150.05
2025-01-29 20:00:00,131.95,45.83787334480021,17.085,62.92287334480021,25.0,3.75,156.95,135.7
2025-01-29 21:00:00,119.65,49.231871213888525,17.085,66.31687121388853,25.0,3.75,144.65,123.4
2025-01-29 22:00:00,111.99,49.18620251593677,17.085,66.27120251593678,25.0,3.75,136.99,115.74
2025-01-29 23:00:00,99.33,47.38090712137202,17.085,64.46590712137203,25.0,3.75,124.33,103.08
2025-01-30 00:00:00,92.41,48.652266044484236,17.085,65.73726604448424,25.0,3.75,117.41,96.16
2025-01-30 01:00:00,92.43,45.49777284722939,17.085,62.58277284722939,25.0,3.75,117.43,96.18
2025-01-30 02:00:00,93.33,49.8480540384138,17.085,66.9330540384138,25.0,3.75,118.33,97.08
2025-01-30 03:00:00,92.95,47.63019572711402,17.085,64.71519572711402,25.0,3.75,117.95,96.7
2025-01-30 04:00:00,92.43,46.954553958961924,17.085,64.03955395896193,25.0,3.75,117.43,96.18
2025-01-30 05:00:00,108.65,50.09801845167378,17.085,67.18301845167377,25.0,3.75,133.65,112.4
2025-01-30 06:00:00,139.83,46.59131261891448,17.085,63.67631261891448,25.0,3.75,164.83,143.58
2025-01-30 07:00:00,152.64,45.18307740727288,17.085,62.268077407272884,25.0,3.75,177.64,156.39
2025-01-30 08:00:00,160.3,44.886741652952196,17.085,61.9717416529522,25.0,3.75,185.3,164.05
2025-01-30 09:00:00,151.51,49.21201990269128,17.085,66.29701990269129,25.0,3.75,176.51,155.26
2025-01-30 10:00:00,135.09,45.43914129500743,17.085,62.52414129500743,25.0,3.75,160.09,138.84
2025-01-30 11:00:00,123.25,51.50958836396873,17.085,68.59458836396874,25.0,3.75,148.25,127.0
2025-01-30 12:00:00,115.89,43.83614118423256,17.085,60.92114118423256,25.0,3.75,140.89,119.64
2025-01-30 13:00:00,113.3,51.39291273658008,17.085,68.47791273658008,25.0,3.75,138.3,117.05
2025-01-30 14:00:00,129.41,48.42203493440524,17.085,65.50703493440524,25.0,3.75,154.41,133.16
2025-01-30 15:00:00,153.22,47.806573776259214,17.085,64.89157377625921,25.0,3.75,178.22,156.97
2025-01-30 16:00:00,160.87,46.9101618263821,17.085,63.9951618263821,25.0,3.75,185.87,164.62
2025-01-30 17:00:00,180.36,48.79827222870414,17.085,65.88327222870414,25.0,3.75,205.36,184.11
2025-01-30 18:00:00,176.58,47.9247305951503,17.085,65.0097305951503,25.0,3.75,201.58,180.33
2025-01-30 19:00:00,161.28,50.20660376403304,17.085,67.29160376403304,25.0,3.75,186.28,165.03
2025-01-30 20:00:00,150.2,48.22845529732408,17.085,65.31345529732408,25.0,3.75,175.2,153.95
2025-01-30 21:00:00,134.17,48.30060352292376,17.085,65.38560352292376,25.0,3.75,159.17,137.92
2025-01-30 22:00:00,126.46,47.27277557557229,17.085,64.35777557557229,25.0,3.75,151.45999999999998,130.20999999999998
2025-01-30 23:00:00,120.2,47.88610875255787,17.085,64.97110875255787,25.0,3.75,145.2,123.95
2025-01-31 00:00:00,120.0,48.61560353778412,17.085,65.70060353778412,25.0,3.75,145.0,123.75
2025-01-31 01:00:00,117.08,44.57966321468675,17.085,61.66466321468675,25.0,3.75,142.07999999999998,120.83
2025-01-31 02:00:00,113.89,45.30362915578857,17.085,62.38862915578857,25.0,3.75,138.89,117.64
2025-01-31 03:00:00,113.12,49.48652818804543,17.085,66.57152818804543,25.0,3.75,138.12,116.87
2025-01-31 04:00:00,115.98,48.34173087625588,17.085,65.42673087625587,25.0,3.75,140.98000000000002,119.73
2025-01-31 05:00:00,120.74,47.63203332729464,17.085,64.71703332729464,25.0,3.75,145.74,124.49
2025-01-31 06:00:00,131.87,48.036867866130784,17.085,65.12186786613078,25.0,3.75,156.87,135.62
2025-01-31 07:00:00,157.97,48.69516341072334,17.085,65.78016341072333,25.0,3.75,182.97,161.72
2025-01-31 08:00:00,163.7,46.920480639381275,17.085,64.00548063938128,25.0,3.75,188.7,167.45
2025-01-31 09:00:00,154.82,46.44339054919538,17.085,63.52839054919538,25.0,3.75,179.82,158.57
2025-01-31 10:00:00,130.1,48.39169051019536,17.085,65.47669051019537,25.0,3.75,155.1,133.85
2025-01-31 11:00:00,126.2,46.043254444769936,17.085,63.12825444476994,25.0,3.75,151.2,129.95
2025-01-31 12:00:00,120.06,48.81650551142894,17.085,65.90150551142895,25.0,3.75,145.06,123.81
2025-01-31 13:00:00,121.19,44.59483279152432,17.085,61.67983279152432,25.0,3.75,146.19,124.94
2025-01-31 14:00:00,119.76,50.05831127465129,17.085,67.1433112746513,25.0,3.75,144.76,123.51
2025-01-31 15:00:00,149.87,48.94519496482609,17.085,66.03019496482608,25.0,3.75,174.87,153.62
2025-01-31 16:00:00,168.26,48.512059468627754,17.085,65.59705946862775,25.0,3.75,193.26,172.01
2025-01-31 17:00:00,185.26,49.96538196789103,17.085,67.05038196789103,25.0,3.75,210.26,189.01
2025-01-31 18:00:00,184.48,51.33094888892515,17.085,68.41594888892516,25.0,3.75,209.48,188.23
2025-01-31 19:00:00,178.99,50.02874013003626,17.085,67.11374013003626,25.0,3.75,203.99,182.74
2025-01-31 20:00:00,162.66,44.31825153733671,17.085,61.40325153733671,25.0,3.75,187.66,166.41
2025-01-31 21:00:00,152.7,45.4408460665286,17.085,62.5258460665286,25.0,3.75,177.7,156.45
2025-01-31 22:00:00,144.31,46.750362844608645,17.085,63.835362844608646,25.0,3.75,169.31,148.06
2025-01-31 23:00:00,131.41,48.05218210042167,17.085,65.13718210042167,25.0,3.75,156.41,135.16
2025-02-01 00:00:00,136.93,48.231470463644875,17.085,65.31647046364488,25.0,3.75,161.93,140.68
2025-02-01 01:00:00,129.42,45.744664796399704,17.085,62.829664796399705,25.0,3.75,154.42,133.17
2025-02-01 02:00:00,124.24,47.56968595166079,17.085,64.65468595166078,25.0,3.75,149.24,127.99
2025-02-01 03:00:00,119.12,45.68538655799999,17.085,62.77038655799999,25.0,3.75,144.12,122.87
2025-02-01 04:00:00,118.86,45.97311681672274,17.085,63.05811681672274,25.0,3.75,143.86,122.61
2025-02-01 05:00:00,120.54,44.38283022901019,17.085,61.46783022901019,25.0,3.75,145.54000000000002,124.29
2025-02-01 06:00:00,127.1,45.349685930484824,17.085,62.434685930484825,25.0,3.75,152.1,130.85
2025-02-01 07:00:00,144.74,44.49278321147396,17.085,61.577783211473964,25.0,3.75,169.74,148.49
2025-02-01 08:00:00,153.46,45.244405916751965,17.085,62.329405916751966,25.0,3.75,178.46,157.21
2025-02-01 09:00:00,142.44,49.30343601592231,17.085,66.38843601592231,25.0,3.75,167.44,146.19
2025-02-01 10:00:00,128.4,45.297354645042745,17.085,62.382354645042746,25.0,3.75,153.4,132.15
2025-02-01 11:00:00,120.08,52.46091655238141,17.085,69.54591655238141,25.0,3.75,145.07999999999998,123.83
2025-02-01 12:00:00,110.29,48.18278822446841,17.085,65.2677882244684,25.0,3.75,135.29000000000002,114.04
2025-02-01 13:00:00,103.4,47.56582467009638,17.085,64.65082467009638,25.0,3.75,128.4,107.15
2025-02-01 14:00:00,113.7,45.47943686234421,17.085,62.56443686234421,25.0,3.75,138.7,117.45
2025-02-01 15:00:00,129.49,48.596772181524614,17.085,65.68177218152462,25.0,3.75,154.49,133.24
2025-02-01 16:00:00,154.43,46.044876770231085,17.085,63.129876770231085,25.0,3.75,179.43,158.18
2025-02-01 17:00:00,168.27,47.44017205199736,17.085,64.52517205199736,25.0,3.75,193.27,172.02
2025-02-01 18:00:00,167.51,52.316321499244225,17.085,69.40132149924423,25.0,3.75,192.51,171.26
2025-02-01 19:00:00,162.98,47.00403262325733,17.085,64.08903262325734,25.0,3.75,187.98,166.73
2025-02-01 20:00:00,156.6,49.494699075277985,17.085,66.57969907527799,25.0,3.75,181.6,160.35
2025-02-01 21:00:00,145.24,45.789799572454854,17.085,62.874799572454855,25.0,3.75,170.24,148.99
2025-02-01 22:00:00,141.73,47.12617544171271,17.085,64.21117544171271,25.0,3.75,166.73,145.48
2025-02-01 23:00:00,131.74,50.73775369397765,17.085,67.82275369397766,25.0,3.75,156.74,135.49
2025-02-02 00:00:00,133.26,45.9422183071311,17.085,63.0272183071311,25.0,3.75,158.26,137.01
2025-02-02 01:00:00,126.91,50.82104953870049,17.085,67.9060495387005,25.0,3.75,151.91,130.66
2025-02-02 02:00:00,122.99,48.611656293617585,17.085,65.6966562936176,25.0,3.75,147.99,126.74
2025-02-02 03:00:00,120.66,46.071218870918095,17.085,63.156218870918096,25.0,3.75,145.66,124.41
2025-02-02 04:00:00,122.34,48.46096790081767,17.085,65.54596790081767,25.0,3.75,147.34,126.09
2025-02-02 05:00:00,123.41,49.141261321960094,17.085,66.2262613219601,25.0,3.75,148.41,127.16
2025-02-02 06:00:00,128.09,48.43977234714102,17.085,65.52477234714102,25.0,3.75,153.09,131.84
2025-02-02 07:00:00,135.9,44.055702982925716,17.085,61.14070298292572,25.0,3.75,160.9,139.65
2025-02-02 08:00:00,137.3,45.741878071056895,17.085,62.826878071056896,25.0,3.75,162.3,141.05
2025-02-02 09:00:00,137.7,46.701115151603624,17.085,63.786115151603624,25.0,3.75,162.7,141.45
2025-02-02 10:00:00,130.04,47.04728556450654,17.085,64.13228556450653,25.0,3.75,155.04,133.79
2025-02-02 11:00:00,129.33,48.43749661780799,17.085,65.52249661780799,25.0,3.75,154.33,133.08
2025-02-02 12:00:00,122.24,47.55155442457314,17.085,64.63655442457315,25.0,3.75,147.24,125.99
2025-02-02 13:00:00,111.88,44.52546370528643,17.085,61.61046370528643,25.0,3.75,136.88,115.63
2025-02-02 14:00:00,116.42,47.95654812471856,17.085,65.04154812471856,25.0,3.75,141.42000000000002,120.17
2025-02-02 15:00:00,127.97,48.41732391327428,17.085,65.50232391327428,25.0,3.75,152.97,131.72
2025-02-02 16:00:00,151.21,48.31573331856871,17.085,65.40073331856871,25.0,3.75,176.21,154.96
2025-02-02 17:00:00,164.03,49.357713873815875,17.085,66.44271387381588,25.0,3.75,189.03,167.78
2025-02-02 18:00:00,172.49,48.86399673180444,17.085,65.94899673180444,25.0,3.75,197.49,176.24
2025-02-02 19:00:00,173.95,48.1145125811635,17.085,65.1995125811635,25.0,3.75,198.95,177.7
2025-02-02 20:00:00,165.5,47.05582099978934,17.085,64.14082099978934,25.0,3.75,190.5,169.25
2025-02-02 21:00:00,155.77,43.87423055567465,17.085,60.95923055567465,25.0,3.75,180.77,159.52
2025-02-02 22:00:00,148.44,48.0553888609718,17.085,65.1403888609718,25.0,3.75,173.44,152.19
2025-02-02 23:00:00,133.24,47.611527797032856,17.085,64.69652779703286,25.0,3.75,158.24,136.99
2025-02-03 00:00:00,129.54,47.73931009709738,17.085,64.82431009709738,25.0,3.75,154.54,133.29
2025-02-03 01:00:00,126.63,44.64265527106601,17.085,61.72765527106601,25.0,3.75,151.63,130.38
2025-02-03 02:00:00,124.72,45.03403934189011,17.085,62.11903934189011,25.0,3.75,149.72,128.47
2025-02-03 03:00:00,120.04,49.30245812937244,17.085,66.38745812937245,25.0,3.75,145.04000000000002,123.79
2025-02-03 04:00:00,123.24,47.117042114993325,17.085,64.20204211499333,25.0,3.75,148.24,126.99
2025-02-03 05:00:00,127.77,48.55915381745188,17.085,65.64415381745188,25.0,3.75,152.76999999999998,131.51999999999998
2025-02-03 06:00:00,159.18,47.25278917496755,17.085,64.33778917496755,25.0,3.75,184.18,162.93
2025-02-03 07:00:00,207.88,47.255664701698116,17.085,64.34066470169812,25.0,3.75,232.88,211.63
2025-02-03 08:00:00,243.23,49.07272003465863,17.085,66.15772003465864,25.0,3.75,268.23,246.98
2025-02-03 09:00:00,178.04,46.164062966271885,17.085,63.249062966271886,25.0,3.75,203.04,181.79
2025-02-03 10:00:00,149.95,47.388393976588596,17.085,64.4733939765886,25.0,3.75,174.95,153.7
2025-02-03 11:00:00,126.05,46.271601845296544,17.085,63.356601845296545,25.0,3.75,151.05,129.8
2025-02-03 12:00:00,117.27,46.327159967842,17.085,63.412159967842,25.0,3.75,142.26999999999998,121.02
2025-02-03 13:00:00,115.29,46.577808175769356,17.085,63.66280817576936,25.0,3.75,140.29000000000002,119.04
2025-02-03 14:00:00,124.18,47.640419965974054,17.085,64.72541996597406,25.0,3.75,149.18,127.93
2025-02-03 15:00:00,145.86,46.23865517937968,17.085,63.32365517937968,25.0,3.75,170.86,149.61
2025-02-03 16:00:00,170.71,49.70766467385367,17.085,66.79266467385366,25.0,3.75,195.71,174.46
2025-02-03 17:00:00,216.0,45.40693781826762,17.085,62.49193781826762,25.0,3.75,241.0,219.75
2025-02-03 18:00:00,200.73,46.82240913438391,17.085,63.90740913438391,25.0,3.75,225.73,204.48
2025-02-03 19:00:00,201.1,46.31669030615828,17.085,63.40169030615828,25.0,3.75,226.1,204.85
2025-02-03 20:00:00,167.74,50.090108191414096,17.085,67.1751081914141,25.0,3.75,192.74,171.49
2025-02-03 21:00:00,153.0,47.589261975729784,17.085,64.67426197572979,25.0,3.75,178.0,156.75
2025-02-03 22:00:00,144.23,49.259841501643905,17.085,66.34484150164391,25.0,3.75,169.23,147.98
2025-02-03 23:00:00,135.81,44.22503167663269,17.085,61.31003167663269,25.0,3.75,160.81,139.56
2025-02-04 00:00:00,132.4,47.73025295444515,17.085,64.81525295444516,25.0,3.75,157.4,136.15
2025-02-04 01:00:00,125.54,48.975414013953504,17.085,66.0604140139535,25.0,3.75,150.54000000000002,129.29000000000002
2025-02-04 02:00:00,123.18,47.36072040125748,17.085,64.44572040125749,25.0,3.75,148.18,126.93
2025-02-04 03:00:00,123.99,49.327113172837336,17.085,66.41211317283734,25.0,3.75,148.99,127.74
2025-02-04 04:00:00,123.25,46.161575522505885,17.085,63.246575522505886,25.0,3.75,148.25,127.0
2025-02-04 05:00:00,127.63,50.014847303077794,17.085,67.0998473030778,25.0,3.75,152.63,131.38
2025-02-04 06:00:00,155.42,51.79394866994513,17.085,68.87894866994513,25.0,3.75,180.42,159.17
2025-02-04 07:00:00,192.24,46.470475301827314,17.085,63.555475301827315,25.0,3.75,217.24,195.99
2025-02-04 08:00:00,211.99,46.30514737990509,17.085,63.39014737990509,25.0,3.75,236.99,215.74
2025-02-04 09:00:00,163.31,50.102921376942035,17.085,67.18792137694203,25.0,3.75,188.31,167.06
2025-02-04 10:00:00,136.53,50.355296714168055,17.085,67.44029671416806,25.0,3.75,161.53,140.28
2025-02-04 11:00:00,126.57,46.1504323684001,17.085,63.2354323684001,25.0,3.75,151.57,130.32
2025-02-04 12:00:00,116.89,46.35577878851492,17.085,63.44077878851492,25.0,3.75,141.89,120.64
2025-02-04 13:00:00,113.17,46.632583204985615,17.085,63.717583204985615,25.0,3.75,138.17000000000002,116.92
2025-02-04 14:00:00,120.09,44.507251400638076,17.085,61.59225140063808,25.0,3.75,145.09,123.84
2025-02-04 15:00:00,127.47,45.35884852973824,17.085,62.44384852973824,25.0,3.75,152.47,131.22
2025-02-04 16:00:00,164.81,45.18787088920249,17.085,62.272870889202494,25.0,3.75,189.81,168.56
2025-02-04 17:00:00,168.99,45.660557292498375,17.085,62.745557292498376,25.0,3.75,193.99,172.74
2025-02-04 18:00:00,175.0,47.12678264793307,17.085,64.21178264793306,25.0,3.75,200.0,178.75
2025-02-04 19:00:00,162.04,47.664581887779676,17.085,64.74958188777967,25.0,3.75,187.04,165.79
2025-02-04 20:00:00,145.01,50.297153408334786,17.085,67.38215340833479,25.0,3.75,170.01,148.76
2025-02-04 21:00:00,132.43,45.199444341229054,17.085,62.284444341229054,25.0,3.75,157.43,136.18
2025-02-04 22:00:00,129.42,49.164797219659796,17.085,66.2497972196598,25.0,3.75,154.42,133.17
2025-02-04 23:00:00,120.62,46.768174734255616,17.085,63.85317473425562,25.0,3.75,145.62,124.37
2025-02-05 00:00:00,113.34,47.09722500340177,17.085,64.18222500340177,25.0,3.75,138.34,117.09
2025-02-05 01:00:00,109.67,48.545791407039836,17.085,65.63079140703984,25.0,3.75,134.67000000000002,113.42
2025-02-05 02:00:00,109.4,44.95070837958203,17.085,62.03570837958203,25.0,3.75,134.4,113.15
2025-02-05 03:00:00,108.18,47.96097191507474,17.085,65.04597191507474,25.0,3.75,133.18,111.93
2025-02-05 04:00:00,115.17,47.52905683913274,17.085,64.61405683913274,25.0,3.75,140.17000000000002,118.92
2025-02-05 05:00:00,122.42,48.18105495072293,17.085,65.26605495072293,25.0,3.75,147.42000000000002,126.17
2025-02-05 06:00:00,139.81,47.77448971052227,17.085,64.85948971052227,25.0,3.75,164.81,143.56
2025-02-05 07:00:00,165.32,52.10675270252842,17.085,69.19175270252842,25.0,3.75,190.32,169.07
2025-02-05 08:00:00,180.81,45.920672454204,17.085,63.005672454204,25.0,3.75,205.81,184.56
2025-02-05 09:00:00,159.33,46.134158512702996,17.085,63.219158512703,25.0,3.75,184.33,163.08
2025-02-05 10:00:00,132.19,45.94987136985711,17.085,63.03487136985711,25.0,3.75,157.19,135.94
2025-02-05 11:00:00,119.96,46.08519818438612,17.085,63.17019818438612,25.0,3.75,144.95999999999998,123.71
2025-02-05 12:00:00,115.46,45.9213781680936,17.085,63.0063781680936,25.0,3.75,140.45999999999998,119.21
2025-02-05 13:00:00,118.8,49.574185484921735,17.085,66.65918548492174,25.0,3.75,143.8,122.55
2025-02-05 14:00:00,128.85,50.03716091868634,17.085,67.12216091868635,25.0,3.75,153.85,132.6
2025-02-05 15:00:00,144.12,46.05465983520768,17.085,63.13965983520768,25.0,3.75,169.12,147.87
2025-02-05 16:00:00,160.58,45.53144127649817,17.085,62.61644127649817,25.0,3.75,185.58,164.33
2025-02-05 17:00:00,177.19,48.13898353547944,17.085,65.22398353547945,25.0,3.75,202.19,180.94
2025-02-05 18:00:00,189.9,46.09170633414469,17.085,63.17670633414469,25.0,3.75,214.9,193.65
2025-02-05 19:00:00,189.63,48.46201605821766,17.085,65.54701605821765,25.0,3.75,214.63,193.38
2025-02-05 20:00:00,170.0,47.601998464409235,17.085,64.68699846440924,25.0,3.75,195.0,173.75
2025-02-05 21:00:00,155.42,44.164664192712166,17.085,61.24966419271217,25.0,3.75,180.42,159.17
2025-02-05 22:00:00,143.7,50.291162825366754,17.085,67.37616282536675,25.0,3.75,168.7,147.45
2025-02-05 23:00:00,133.21,50.787907768897675,17.085,67.87290776889768,25.0,3.75,158.21,136.96
2025-02-06 00:00:00,133.67,45.97057504173786,17.085,63.05557504173786,25.0,3.75,158.67,137.42
2025-02-06 01:00:00,129.57,46.420749302834665,17.085,63.505749302834666,25.0,3.75,154.57,133.32
2025-02-06 02:00:00,125.87,47.76788320415644,17.085,64.85288320415644,25.0,3.75,150.87,129.62
2025-02-06 03:00:00,125.0,47.865066002680685,17.085,64.95006600268069,25.0,3.75,150.0,128.75
2025-02-06 04:00:00,125.01,48.513240968052294,17.085,65.5982409680523,25.0,3.75,150.01,128.76
2025-02-06 05:00:00,135.28,51.21656150023933,17.085,68.30156150023933,25.0,3.75,160.28,139.03
2025-02-06 06:00:00,156.12,46.84225796771853,17.085,63.92725796771853,25.0,3.75,181.12,159.87
2025-02-06 07:00:00,180.09,45.599557933629725,17.085,62.684557933629726,25.0,3.75,205.09,183.84
2025-02-06 08:00:00,219.42,44.43751396667758,17.085,61.52251396667758,25.0,3.75,244.42,223.17
2025-02-06 09:00:00,178.99,45.73429234282279,17.085,62.81929234282279,25.0,3.75,203.99,182.74
2025-02-06 10:00:00,160.14,47.129898476959035,17.085,64.21489847695904,25.0,3.75,185.14,163.89
2025-02-06 11:00:00,152.56,50.78526814974221,17.085,67.8702681497422,25.0,3.75,177.56,156.31
2025-02-06 12:00:00,147.89,46.16092982463429,17.085,63.24592982463429,25.0,3.75,172.89,151.64
2025-02-06 13:00:00,145.48,47.643728325984426,17.085,64.72872832598443,25.0,3.75,170.48,149.23
2025-02-06 14:00:00,137.79,47.16330663056113,17.085,64.24830663056113,25.0,3.75,162.79,141.54
2025-02-06 15:00:00,150.8,49.5729389696028,17.085,66.65793896960281,25.0,3.75,175.8,154.55
2025-02-06 16:00:00,164.89,52.250017274453874,17.085,69.33501727445388,25.0,3.75,189.89,168.64
2025-02-06 17:00:00,171.59,46.13441487686599,17.085,63.21941487686599,25.0,3.75,196.59,175.34
2025-02-06 18:00:00,170.48,46.21727353767019,17.085,63.30227353767019,25.0,3.75,195.48,174.23
2025-02-06 19:00:00,162.95,49.284474176844775,17.085,66.36947417684478,25.0,3.75,187.95,166.7
2025-02-06 20:00:00,141.33,48.55993540195926,17.085,65.64493540195926,25.0,3.75,166.33,145.08
2025-02-06 21:00:00,131.26,50.8895670741787,17.085,67.97456707417871,25.0,3.75,156.26,135.01
2025-02-06 22:00:00,134.0,48.36400879335856,17.085,65.44900879335856,25.0,3.75,159.0,137.75
2025-02-06 23:00:00,121.95,46.477568241132516,17.085,63.56256824113252,25.0,3.75,146.95,125.7
2025-02-07 00:00:00,126.05,48.37746208409125,17.085,65.46246208409124,25.0,3.75,151.05,129.8
2025-02-07 01:00:00,112.7,49.41355958387245,17.085,66.49855958387245,25.0,3.75,137.7,116.45
2025-02-07 02:00:00,108.82,48.83711678510136,17.085,65.92211678510137,25.0,3.75,133.82,112.57
2025-02-07 03:00:00,105.0,48.210700484921226,17.085,65.29570048492123,25.0,3.75,130.0,108.75
2025-02-07 04:00:00,104.81,49.32950180188494,17.085,66.41450180188494,25.0,3.75,129.81,108.56
2025-02-07 05:00:00,105.07,49.534743603597974,17.085,66.61974360359798,25.0,3.75,130.07,108.82
2025-02-07 06:00:00,112.39,49.96047040478169,17.085,67.0454704047817,25.0,3.75,137.39,116.14
2025-02-07 07:00:00,141.66,48.49357219788592,17.085,65.57857219788592,25.0,3.75,166.66,145.41
2025-02-07 08:00:00,164.21,46.861916262072924,17.085,63.946916262072925,25.0,3.75,189.21,167.96
2025-02-07 09:00:00,150.36,47.48957979557328,17.085,64.57457979557327,25.0,3.75,175.36,154.11
2025-02-07 10:00:00,133.88,49.60917035572334,17.085,66.69417035572334,25.0,3.75,158.88,137.63
2025-02-07 11:00:00,115.14,45.56228108073216,17.085,62.647281080732164,25.0,3.75,140.14,118.89
2025-02-07 12:00:00,111.49,47.93349904045243,17.085,65.01849904045244,25.0,3.75,136.49,115.24
2025-02-07 13:00:00,106.77,46.40947479805191,17.085,63.49447479805191,25.0,3.75,131.76999999999998,110.52
2025-02-07 14:00:00,109.59,47.25364206857627,17.085,64.33864206857626,25.0,3.75,134.59,113.34
2025-02-07 15:00:00,111.68,49.75305614792123,17.085,66.83805614792124,25.0,3.75,136.68,115.43
2025-02-07 16:00:00,126.61,47.578350558746436,17.085,64.66335055874643,25.0,3.75,151.61,130.36
2025-02-07 17:00:00,142.85,47.28902551901893,17.085,64.37402551901893,25.0,3.75,167.85,146.6
2025-02-07 18:00:00,149.05,44.476440140746796,17.085,61.5614401407468,25.0,3.75,174.05,152.8
2025-02-07 19:00:00,144.32,48.688659554761074,17.085,65.77365955476108,25.0,3.75,169.32,148.07
2025-02-07 20:00:00,126.93,48.48712078498878,17.085,65.57212078498878,25.0,3.75,151.93,130.68
2025-02-07 21:00:00,100.0,51.52266186931755,17.085,68.60766186931755,25.0,3.75,125.0,103.75
2025-02-07 22:00:00,98.72,46.58059595280063,17.085,63.66559595280063,25.0,3.75,123.72,102.47
2025-02-07 23:00:00,100.14,47.63445307803451,17.085,64.71945307803452,25.0,3.75,125.14,103.89
2025-02-08 00:00:00,81.34,47.69491979012814,17.085,64.77991979012813,25.0,3.75,106.34,85.09
2025-02-08 01:00:00,84.85,50.35105898223358,17.085,67.43605898223359,25.0,3.75,109.85,88.6
2025-02-08 02:00:00,85.8,47.00556135793273,17.085,64.09056135793273,25.0,3.75,110.8,89.55
2025-02-08 03:00:00,87.08,47.75419547424731,17.085,64.8391954742473,25.0,3.75,112.08,90.83
2025-02-08 04:00:00,89.69,48.41194544213971,17.085,65.49694544213972,25.0,3.75,114.69,93.44
2025-02-08 05:00:00,90.99,47.56937066901935,17.085,64.65437066901936,25.0,3.75,115.99,94.74
2025-02-08 06:00:00,90.8,46.303285193605575,17.085,63.388285193605576,25.0,3.75,115.8,94.55
2025-02-08 07:00:00,95.31,47.58433240850325,17.085,64.66933240850325,25.0,3.75,120.31,99.06
2025-02-08 08:00:00,111.11,49.343415922426175,17.085,66.42841592242618,25.0,3.75,136.11,114.86
2025-02-08 09:00:00,92.68,45.14312182388451,17.085,62.228121823884514,25.0,3.75,117.68,96.43
2025-02-08 10:00:00,79.42,47.46209177100038,17.085,64.54709177100038,25.0,3.75,104.42,83.17
2025-02-08 11:00:00,68.75,45.79591079282829,17.085,62.88091079282829,25.0,3.75,93.75,72.5
2025-02-08 12:00:00,67.71,49.58624568055632,17.085,66.67124568055632,25.0,3.75,92.71,71.46
2025-02-08 13:00:00,79.85,44.149778613139084,17.085,61.234778613139085,25.0,3.75,104.85,83.6
2025-02-08 14:00:00,89.85,46.07830872816346,17.085,63.16330872816346,25.0,3.75,114.85,93.6
2025-02-08 15:00:00,118.0,47.950576172835675,17.085,65.03557617283568,25.0,3.75,143.0,121.75
2025-02-08 16:00:00,140.87,50.32720048117531,17.085,67.41220048117532,25.0,3.75,165.87,144.62
2025-02-08 17:00:00,150.0,47.064651900560655,17.085,64.14965190056066,25.0,3.75,175.0,153.75
2025-02-08 18:00:00,160.49,46.08575336932024,17.085,63.17075336932024,25.0,3.75,185.49,164.24
2025-02-08 19:00:00,161.1,50.95846656158781,17.085,68.04346656158782,25.0,3.75,186.1,164.85
2025-02-08 20:00:00,156.42,44.30012462187415,17.085,61.38512462187415,25.0,3.75,181.42,160.17
2025-02-08 21:00:00,149.0,42.79854050946647,17.085,59.88354050946647,25.0,3.75,174.0,152.75
2025-02-08 22:00:00,144.0,48.0761813228133,17.085,65.16118132281329,25.0,3.75,169.0,147.75
2025-02-08 23:00:00,136.31,46.19204397400141,17.085,63.27704397400141,25.0,3.75,161.31,140.06
2025-02-09 00:00:00,135.0,45.153686788445206,17.085,62.23868678844521,25.0,3.75,160.0,138.75
2025-02-09 01:00:00,134.51,48.612865317305335,17.085,65.69786531730534,25.0,3.75,159.51,138.26
2025-02-09 02:00:00,130.18,47.68375385024903,17.085,64.76875385024903,25.0,3.75,155.18,133.93
2025-02-09 03:00:00,119.3,46.06799516123318,17.085,63.15299516123318,25.0,3.75,144.3,123.05
2025-02-09 04:00:00,116.79,44.635543625364846,17.085,61.72054362536485,25.0,3.75,141.79000000000002,120.54
2025-02-09 05:00:00,117.0,48.94106707926692,17.085,66.02606707926692,25.0,3.75,142.0,120.75
2025-02-09 06:00:00,117.0,48.49655477862395,17.085,65.58155477862395,25.0,3.75,142.0,120.75
2025-02-09 07:00:00,133.43,46.997800695147866,17.085,64.08280069514787,25.0,3.75,158.43,137.18
2025-02-09 08:00:00,136.77,50.88942641480196,17.085,67.97442641480197,25.0,3.75,161.77,140.52
2025-02-09 09:00:00,123.97,45.055982890054324,17.085,62.140982890054325,25.0,3.75,148.97,127.72
2025-02-09 10:00:00,114.79,44.14510208085716,17.085,61.23010208085716,25.0,3.75,139.79000000000002,118.54
2025-02-09 11:00:00,105.65,45.812336282944145,17.085,62.897336282944146,25.0,3.75,130.65,109.4
2025-02-09 12:00:00,98.71,47.10498038999564,17.085,64.18998038999564,25.0,3.75,123.71,102.46
2025-02-09 13:00:00,95.53,47.68283132135202,17.085,64.76783132135202,25.0,3.75,120.53,99.28
2025-02-09 14:00:00,109.9,46.71368030699397,17.085,63.79868030699397,25.0,3.75,134.9,113.65
2025-02-09 15:00:00,120.4,47.90026321573522,17.085,64.98526321573522,25.0,3.75,145.4,124.15
2025-02-09 16:00:00,141.96,44.693073574325744,17.085,61.778073574325745,25.0,3.75,166.96,145.71
2025-02-09 17:00:00,148.58,50.08368163085315,17.085,67.16868163085314,25.0,3.75,173.58,152.33
2025-02-09 18:00:00,161.93,47.031850065921496,17.085,64.1168500659215,25.0,3.75,186.93,165.68
2025-02-09 19:00:00,156.13,49.430744085882885,17.085,66.51574408588289,25.0,3.75,181.13,159.88
2025-02-09 20:00:00,150.65,47.88160311546204,17.085,64.96660311546205,25.0,3.75,175.65,154.4
2025-02-09 21:00:00,142.92,48.109658861014196,17.085,65.1946588610142,25.0,3.75,167.92,146.67
2025-02-09 22:00:00,143.0,48.33568698317104,17.085,65.42068698317104,25.0,3.75,168.0,146.75
2025-02-09 23:00:00,127.97,48.09156954274126,17.085,65.17656954274126,25.0,3.75,152.97,131.72
2025-02-10 00:00:00,118.58,48.48159794244172,17.085,65.56659794244172,25.0,3.75,143.57999999999998,122.33
2025-02-10 01:00:00,111.82,49.8544574829715,17.085,66.9394574829715,25.0,3.75,136.82,115.57
2025-02-10 02:00:00,109.22,47.58919476210957,17.085,64.67419476210958,25.0,3.75,134.22,112.97
2025-02-10 03:00:00,106.29,48.614159937883656,17.085,65.69915993788365,25.0,3.75,131.29000000000002,110.04
2025-02-10 04:00:00,105.85,47.016681034132176,17.085,64.10168103413218,25.0,3.75,130.85,109.6
2025-02-10 05:00:00,112.0,50.07638685360558,17.085,67.16138685360558,25.0,3.75,137.0,115.75
2025-02-10 06:00:00,145.38,45.84336781858809,17.085,62.92836781858809,25.0,3.75,170.38,149.13
2025-02-10 07:00:00,162.02,50.798033288528266,17.085,67.88303328852827,25.0,3.75,187.02,165.77
2025-02-10 08:00:00,181.36,47.11583652141795,17.085,64.20083652141795,25.0,3.75,206.36,185.11
2025-02-10 09:00:00,163.18,44.334602218470536,17.085,61.41960221847054,25.0,3.75,188.18,166.93
2025-02-10 10:00:00,135.9,47.45236125252821,17.085,64.53736125252821,25.0,3.75,160.9,139.65
2025-02-10 11:00:00,115.28,45.83404910775687,17.085,62.91904910775687,25.0,3.75,140.28,119.03
2025-02-10 12:00:00,109.36,48.87743952068408,17.085,65.96243952068409,25.0,3.75,134.36,113.11
2025-02-10 13:00:00,109.74,45.89090446410185,17.085,62.97590446410185,25.0,3.75,134.74,113.49
2025-02-10 14:00:00,123.07,46.30378555627707,17.085,63.38878555627707,25.0,3.75,148.07,126.82
2025-02-10 15:00:00,128.54,43.41707096081557,17.085,60.50207096081557,25.0,3.75,153.54,132.29
2025-02-10 16:00:00,133.58,46.29153978420848,17.085,63.37653978420848,25.0,3.75,158.58,137.33
2025-02-10 17:00:00,133.82,42.34839376944872,17.085,59.43339376944872,25.0,3.75,158.82,137.57
2025-02-10 18:00:00,142.11,44.02834677573519,17.085,61.11334677573519,25.0,3.75,167.11,145.86
2025-02-10 19:00:00,114.85,48.71698173499523,17.085,65.80198173499522,25.0,3.75,139.85,118.6
2025-02-10 20:00:00,94.37,48.7677527400083,17.085,65.8527527400083,25.0,3.75,119.37,98.12
2025-02-10 21:00:00,91.48,48.04706754627656,17.085,65.13206754627656,25.0,3.75,116.48,95.23
2025-02-10 22:00:00,88.87,45.26220013644821,17.085,62.34720013644821,25.0,3.75,113.87,92.62
2025-02-10 23:00:00,87.38,47.10072971042267,17.085,64.18572971042266,25.0,3.75,112.38,91.13
2025-02-11 00:00:00,77.45,47.188947344525495,17.085,64.2739473445255,25.0,3.75,102.45,81.2
2025-02-11 01:00:00,71.1,44.87942304432155,17.085,61.96442304432155,25.0,3.75,96.1,74.85
2025-02-11 02:00:00,71.62,50.20294902624093,17.085,67.28794902624094,25.0,3.75,96.62,75.37
2025-02-11 03:00:00,74.89,48.950877003857975,17.085,66.03587700385798,25.0,3.75,99.89,78.64
2025-02-11 04:00:00,77.45,46.754224075047304,17.085,63.839224075047305,25.0,3.75,102.45,81.2
2025-02-11 05:00:00,87.44,47.249924100695694,17.085,64.3349241006957,25.0,3.75,112.44,91.19
2025-02-11 06:00:00,100.46,47.612918038601734,17.085,64.69791803860173,25.0,3.75,125.46,104.21
2025-02-11 07:00:00,134.93,43.11268268585805,17.085,60.19768268585805,25.0,3.75,159.93,138.68
2025-02-11 08:00:00,155.53,46.70179765766544,17.085,63.78679765766544,25.0,3.75,180.53,159.28
2025-02-11 09:00:00,141.42,45.83218392671103,17.085,62.91718392671103,25.0,3.75,166.42,145.17
2025-02-11 10:00:00,96.65,45.192912402916804,17.085,62.277912402916805,25.0,3.75,121.65,100.4
2025-02-11 11:00:00,92.78,46.63395183693472,17.085,63.71895183693472,25.0,3.75,117.78,96.53
2025-02-11 12:00:00,97.68,50.791525476405674,17.085,67.87652547640567,25.0,3.75,122.68,101.43
2025-02-11 13:00:00,111.11,48.47783814524065,17.085,65.56283814524065,25.0,3.75,136.11,114.86
2025-02-11 14:00:00,123.46,46.05379444314104,17.085,63.13879444314104,25.0,3.75,148.45999999999998,127.21
2025-02-11 15:00:00,143.69,48.34131798541895,17.085,65.42631798541895,25.0,3.75,168.69,147.44
2025-02-11 16:00:00,144.47,49.99486329587864,17.085,67.07986329587864,25.0,3.75,169.47,148.22
2025-02-11 17:00:00,159.97,49.04541978853217,17.085,66.13041978853218,25.0,3.75,184.97,163.72
2025-02-11 18:00:00,168.19,47.31541316254698,17.085,64.40041316254698,25.0,3.75,193.19,171.94
2025-02-11 19:00:00,167.45,45.902278867295486,17.085,62.98727886729549,25.0,3.75,192.45,171.2
2025-02-11 20:00:00,162.63,48.59259904993381,17.085,65.6775990499338,25.0,3.75,187.63,166.38
2025-02-11 21:00:00,148.75,47.98312319355013,17.085,65.06812319355012,25.0,3.75,173.75,152.5
2025-02-11 22:00:00,142.95,48.986538862762096,17.085,66.0715388627621,25.0,3.75,167.95,146.7
2025-02-11 23:00:00,128.24,48.46649602607057,17.085,65.55149602607057,25.0,3.75,153.24,131.99
2025-02-12 00:00:00,129.13,49.295257853345305,17.085,66.38025785334531,25.0,3.75,154.13,132.88
2025-02-12 01:00:00,127.77,46.125681999585495,17.085,63.210681999585496,25.0,3.75,152.76999999999998,131.51999999999998
2025-02-12 02:00:00,126.82,49.83094055397528,17.085,66.91594055397528,25.0,3.75,151.82,130.57
2025-02-12 03:00:00,126.59,47.59135163209143,17.085,64.67635163209144,25.0,3.75,151.59,130.34
2025-02-12 04:00:00,128.74,51.34667416795716,17.085,68.43167416795717,25.0,3.75,153.74,132.49
2025-02-12 05:00:00,131.24,45.817776786527496,17.085,62.9027767865275,25.0,3.75,156.24,134.99
2025-02-12 06:00:00,151.13,50.66808002903713,17.085,67.75308002903714,25.0,3.75,176.13,154.88
2025-02-12 07:00:00,163.64,47.591973989631924,17.085,64.67697398963193,25.0,3.75,188.64,167.39
2025-02-12 08:00:00,180.0,45.893316415477734,17.085,62.978316415477735,25.0,3.75,205.0,183.75
2025-02-12 09:00:00,174.92,46.228380754597985,17.085,63.313380754597986,25.0,3.75,199.92,178.67
2025-02-12 10:00:00,162.05,46.55545780631799,17.085,63.64045780631799,25.0,3.75,187.05,165.8
2025-02-12 11:00:00,144.01,48.044484315510466,17.085,65.12948431551047,25.0,3.75,169.01,147.76
2025-02-12 12:00:00,137.28,48.24182339877763,17.085,65.32682339877763,25.0,3.75,162.28,141.03
2025-02-12 13:00:00,142.03,46.04875241482947,17.085,63.13375241482947,25.0,3.75,167.03,145.78
2025-02-12 14:00:00,149.4,47.147443238184664,17.085,64.23244323818466,25.0,3.75,174.4,153.15
2025-02-12 15:00:00,159.67,51.48069313993036,17.085,68.56569313993036,25.0,3.75,184.67,163.42
2025-02-12 16:00:00,173.21,50.65123876290806,17.085,67.73623876290806,25.0,3.75,198.21,176.96
2025-02-12 17:00:00,184.59,48.068799762054695,17.085,65.15379976205469,25.0,3.75,209.59,188.34
2025-02-12 18:00:00,197.13,47.27215937904303,17.085,64.35715937904303,25.0,3.75,222.13,200.88
2025-02-12 19:00:00,192.57,47.43621507614316,17.085,64.52121507614316,25.0,3.75,217.57,196.32
2025-02-12 20:00:00,173.9,48.423188368167466,17.085,65.50818836816747,25.0,3.75,198.9,177.65
2025-02-12 21:00:00,155.78,45.15056729230982,17.085,62.235567292309824,25.0,3.75,180.78,159.53
2025-02-12 22:00:00,150.38,46.681399347859944,17.085,63.766399347859945,25.0,3.75,175.38,154.13
2025-02-12 23:00:00,141.81,43.85898427495145,17.085,60.943984274951454,25.0,3.75,166.81,145.56
2025-02-13 00:00:00,140.33,47.99459866791719,17.085,65.0795986679172,25.0,3.75,165.33,144.08
2025-02-13 01:00:00,137.75,48.49054430211211,17.085,65.57554430211212,25.0,3.75,162.75,141.5
2025-02-13 02:00:00,140.79,46.22977949810788,17.085,63.31477949810788,25.0,3.75,165.79,144.54
2025-02-13 03:00:00,136.59,50.3441259492867,17.085,67.4291259492867,25.0,3.75,161.59,140.34
2025-02-13 04:00:00,140.0,44.74462109670195,17.085,61.82962109670195,25.0,3.75,165.0,143.75
2025-02-13 05:00:00,142.0,44.26740266228699,17.085,61.35240266228699,25.0,3.75,167.0,145.75
2025-02-13 06:00:00,159.99,47.64505605982657,17.085,64.73005605982658,25.0,3.75,184.99,163.74
2025-02-13 07:00:00,190.33,49.290349027930944,17.085,66.37534902793095,25.0,3.75,215.33,194.08
2025-02-13 08:00:00,222.36,50.56400780562237,17.085,67.64900780562238,25.0,3.75,247.36,226.11
2025-02-13 09:00:00,220.05,46.278383896968755,17.085,63.363383896968756,25.0,3.75,245.05,223.8
2025-02-13 10:00:00,203.89,49.353514089569224,17.085,66.43851408956922,25.0,3.75,228.89,207.64
2025-02-13 11:00:00,184.68,47.119135483705215,17.085,64.20413548370522,25.0,3.75,209.68,188.43
2025-02-13 12:00:00,174.52,46.85089782282499,17.085,63.93589782282499,25.0,3.75,199.52,178.27
2025-02-13 13:00:00,170.1,48.96347229767998,17.085,66.04847229767998,25.0,3.75,195.1,173.85
2025-02-13 14:00:00,166.7,48.50079817953347,17.085,65.58579817953347,25.0,3.75,191.7,170.45
2025-02-13 15:00:00,170.1,44.043368108738136,17.085,61.12836810873814,25.0,3.75,195.1,173.85
2025-02-13 16:00:00,182.0,50.14923312215842,17.085,67.23423312215843,25.0,3.75,207.0,185.75
2025-02-13 17:00:00,213.05,49.95633513100154,17.085,67.04133513100155,25.0,3.75,238.05,216.8
2025-02-13 18:00:00,207.17,45.94502701968757,17.085,63.03002701968757,25.0,3.75,232.17,210.92
2025-02-13 19:00:00,196.52,47.98775948958145,17.085,65.07275948958144,25.0,3.75,221.52,200.27
2025-02-13 20:00:00,177.03,48.18421279527211,17.085,65.26921279527211,25.0,3.75,202.03,180.78
2025-02-13 21:00:00,162.92,47.717499954354444,17.085,64.80249995435445,25.0,3.75,187.92,166.67
2025-02-13 22:00:00,153.12,46.09554211501579,17.085,63.18054211501579,25.0,3.75,178.12,156.87
2025-02-13 23:00:00,138.97,45.85290568683053,17.085,62.93790568683053,25.0,3.75,163.97,142.72
2025-02-14 00:00:00,139.21,47.14504428072374,17.085,64.23004428072375,25.0,3.75,164.21,142.96
2025-02-14 01:00:00,132.8,49.54161046122536,17.085,66.62661046122537,25.0,3.75,157.8,136.55
2025-02-14 02:00:00,128.5,48.2833527318955,17.085,65.3683527318955,25.0,3.75,153.5,132.25
2025-02-14 03:00:00,127.65,46.45492375853442,17.085,63.53992375853442,25.0,3.75,152.65,131.4
2025-02-14 04:00:00,129.58,48.73954984400332,17.085,65.82454984400331,25.0,3.75,154.58,133.33
2025-02-14 05:00:00,139.59,41.49906718144648,17.085,58.58406718144648,25.0,3.75,164.59,143.34
2025-02-14 06:00:00,162.89,49.49368382345084,17.085,66.57868382345083,25.0,3.75,187.89,166.64
2025-02-14 07:00:00,227.08,43.71672486515043,17.085,60.80172486515043,25.0,3.75,252.08,230.83
2025-02-14 08:00:00,265.64,46.47127053990037,17.085,63.55627053990037,25.0,3.75,290.64,269.39
2025-02-14 09:00:00,215.11,44.95681263345435,17.085,62.04181263345435,25.0,3.75,240.11,218.86
2025-02-14 10:00:00,181.03,44.60678947126482,17.085,61.69178947126482,25.0,3.75,206.03,184.78
2025-02-14 11:00:00,163.01,49.51780599746367,17.085,66.60280599746366,25.0,3.75,188.01,166.76
2025-02-14 12:00:00,149.86,46.26075002008285,17.085,63.34575002008285,25.0,3.75,174.86,153.61
2025-02-14 13:00:00,148.61,47.88916018616806,17.085,64.97416018616806,25.0,3.75,173.61,152.36
2025-02-14 14:00:00,155.8,47.10231126494826,17.085,64.18731126494826,25.0,3.75,180.8,159.55
2025-02-14 15:00:00,175.06,48.150234077152874,17.085,65.23523407715288,25.0,3.75,200.06,178.81
2025-02-14 16:00:00,200.0,47.34979620482714,17.085,64.43479620482714,25.0,3.75,225.0,203.75
2025-02-14 17:00:00,298.91,44.630167974329495,17.085,61.715167974329496,25.0,3.75,323.91,302.66
2025-02-14 18:00:00,293.06,49.18868606160091,17.085,66.27368606160091,25.0,3.75,318.06,296.81
2025-02-14 19:00:00,225.7,46.208639256384004,17.085,63.293639256384004,25.0,3.75,250.7,229.45
2025-02-14 20:00:00,183.55,44.08298862538713,17.085,61.16798862538713,25.0,3.75,208.55,187.3
2025-02-14 21:00:00,163.79,46.33992210077481,17.085,63.42492210077481,25.0,3.75,188.79,167.54
2025-02-14 22:00:00,153.0,50.197672003975256,17.085,67.28267200397525,25.0,3.75,178.0,156.75
2025-02-14 23:00:00,140.03,48.89659590693362,17.085,65.98159590693362,25.0,3.75,165.03,143.78
2025-02-15 00:00:00,135.29,46.49884815389091,17.085,63.58384815389091,25.0,3.75,160.29,139.04
2025-02-15 01:00:00,130.34,46.497637014069774,17.085,63.582637014069775,25.0,3.75,155.34,134.09
2025-02-15 02:00:00,120.0,46.55288232027187,17.085,63.63788232027187,25.0,3.75,145.0,123.75
2025-02-15 03:00:00,118.24,51.34964838982832,17.085,68.43464838982831,25.0,3.75,143.24,121.99
2025-02-15 04:00:00,118.45,47.960023327169736,17.085,65.04502332716973,25.0,3.75,143.45,122.2
2025-02-15 05:00:00,120.37,48.05623571708877,17.085,65.14123571708876,25.0,3.75,145.37,124.12
2025-02-15 06:00:00,133.74,49.256719330770316,17.085,66.34171933077032,25.0,3.75,158.74,137.49
2025-02-15 07:00:00,148.58,47.67373074075966,17.085,64.75873074075966,25.0,3.75,173.58,152.33
2025-02-15 08:00:00,150.67,46.678068131065224,17.085,63.763068131065225,25.0,3.75,175.67,154.42
2025-02-15 09:00:00,137.01,46.803452724536676,17.085,63.88845272453668,25.0,3.75,162.01,140.76
2025-02-15 10:00:00,124.59,47.052949903878506,17.085,64.1379499038785,25.0,3.75,149.59,128.34
2025-02-15 11:00:00,118.36,47.12170794968695,17.085,64.20670794968694,25.0,3.75,143.36,122.11
2025-02-15 12:00:00,112.39,48.65141150998059,17.085,65.7364115099806,25.0,3.75,137.39,116.14
2025-02-15 13:00:00,110.01,47.30004419432123,17.085,64.38504419432124,25.0,3.75,135.01,113.76
2025-02-15 14:00:00,116.15,48.66143257713779,17.085,65.7464325771378,25.0,3.75,141.15,119.9
2025-02-15 15:00:00,128.83,47.03471926248947,17.085,64.11971926248947,25.0,3.75,153.83,132.58
2025-02-15 16:00:00,145.89,47.353422803338816,17.085,64.43842280333882,25.0,3.75,170.89,149.64
2025-02-15 17:00:00,164.54,43.199751053642416,17.085,60.28475105364242,25.0,3.75,189.54,168.29
2025-02-15 18:00:00,174.7,49.0288077721116,17.085,66.1138077721116,25.0,3.75,199.7,178.45
2025-02-15 19:00:00,164.76,47.889129374502616,17.085,64.97412937450261,25.0,3.75,189.76,168.51
2025-02-15 20:00:00,149.65,49.19217264242594,17.085,66.27717264242594,25.0,3.75,174.65,153.4
2025-02-15 21:00:00,128.31,41.40364166631925,17.085,58.48864166631925,25.0,3.75,153.31,132.06
2025-02-15 22:00:00,132.37,51.372901832268084,17.085,68.45790183226808,25.0,3.75,157.37,136.12
2025-02-15 23:00:00,124.54,46.91697316639628,17.085,64.00197316639628,25.0,3.75,149.54000000000002,128.29000000000002
2025-02-16 00:00:00,134.11,49.41251805618167,17.085,66.49751805618166,25.0,3.75,159.11,137.86
2025-02-16 01:00:00,128.9,45.11634056845557,17.085,62.20134056845557,25.0,3.75,153.9,132.65
2025-02-16 02:00:00,123.57,48.421700232831775,17.085,65.50670023283178,25.0,3.75,148.57,127.32
2025-02-16 03:00:00,119.9,45.08932129635932,17.085,62.174321296359324,25.0,3.75,144.9,123.65
2025-02-16 04:00:00,119.57,45.94861450131502,17.085,63.03361450131502,25.0,3.75,144.57,123.32
2025-02-16 05:00:00,120.18,51.024215130440204,17.085,68.1092151304402,25.0,3.75,145.18,123.93
2025-02-16 06:00:00,119.92,46.81478762117994,17.085,63.89978762117994,25.0,3.75,144.92000000000002,123.67
2025-02-16 07:00:00,127.51,47.63101816906608,17.085,64.71601816906607,25.0,3.75,152.51,131.26
2025-02-16 08:00:00,129.6,48.93628788408414,17.085,66.02128788408413,25.0,3.75,154.6,133.35
2025-02-16 09:00:00,130.49,48.18751619865184,17.085,65.27251619865184,25.0,3.75,155.49,134.24
2025-02-16 10:00:00,127.7,47.49699023299379,17.085,64.58199023299379,25.0,3.75,152.7,131.45
2025-02-16 11:00:00,124.03,47.92607442763908,17.085,65.01107442763907,25.0,3.75,149.03,127.78
2025-02-16 12:00:00,124.67,52.00298359318318,17.085,69.08798359318318,25.0,3.75,149.67000000000002,128.42000000000002
2025-02-16 13:00:00,118.77,47.080914828639465,17.085,64.16591482863947,25.0,3.75,143.76999999999998,122.52
2025-02-16 14:00:00,121.02,47.59835051613657,17.085,64.68335051613657,25.0,3.75,146.01999999999998,124.77
2025-02-16 15:00:00,129.55,49.29746121472186,17.085,66.38246121472186,25.0,3.75,154.55,133.3
2025-02-16 16:00:00,137.68,49.4072042886226,17.085,66.4922042886226,25.0,3.75,162.68,141.43
2025-02-16 17:00:00,153.98,49.57021303382739,17.085,66.6552130338274,25.0,3.75,178.98,157.73
2025-02-16 18:00:00,169.98,48.473612866765,17.085,65.558612866765,25.0,3.75,194.98,173.73
2025-02-16 19:00:00,160.29,44.91014259724567,17.085,61.99514259724567,25.0,3.75,185.29,164.04
2025-02-16 20:00:00,153.72,50.46301548730882,17.085,67.54801548730882,25.0,3.75,178.72,157.47
2025-02-16 21:00:00,139.34,44.903461636669256,17.085,61.98846163666926,25.0,3.75,164.34,143.09
2025-02-16 22:00:00,137.62,47.801423353184695,17.085,64.8864233531847,25.0,3.75,162.62,141.37
2025-02-16 23:00:00,131.51,45.687600722667916,17.085,62.77260072266792,25.0,3.75,156.51,135.26
2025-02-17 00:00:00,128.05,47.067875729520644,17.085,64.15287572952064,25.0,3.75,153.05,131.8
2025-02-17 01:00:00,121.06,47.85367724331359,17.085,64.93867724331359,25.0,3.75,146.06,124.81
2025-02-17 02:00:00,120.34,47.83886685360718,17.085,64.92386685360718,25.0,3.75,145.34,124.09
2025-02-17 03:00:00,125.52,48.0399939311772,17.085,65.1249939311772,25.0,3.75,150.51999999999998,129.26999999999998
2025-02-17 04:00:00,128.94,50.42357496082393,17.085,67.50857496082392,25.0,3.75,153.94,132.69
2025-02-17 05:00:00,131.54,48.10322102573459,17.085,65.18822102573459,25.0,3.75,156.54,135.29
2025-02-17 06:00:00,153.16,46.70783915212534,17.085,63.79283915212534,25.0,3.75,178.16,156.91
2025-02-17 07:00:00,204.74,49.12432675928335,17.085,66.20932675928336,25.0,3.75,229.74,208.49
2025-02-17 08:00:00,209.79,49.575093400555915,17.085,66.66009340055592,25.0,3.75,234.79,213.54
2025-02-17 09:00:00,171.3,44.74093679243265,17.085,61.82593679243265,25.0,3.75,196.3,175.05
2025-02-17 10:00:00,139.67,48.39095256240635,17.085,65.47595256240635,25.0,3.75,164.67,143.42
2025-02-17 11:00:00,117.19,48.59849790732843,17.085,65.68349790732843,25.0,3.75,142.19,120.94
2025-02-17 12:00:00,109.47,46.60102541598665,17.085,63.68602541598665,25.0,3.75,134.47,113.22
2025-02-17 13:00:00,106.78,49.94756604932987,17.085,67.03256604932987,25.0,3.75,131.78,110.53
2025-02-17 14:00:00,111.89,46.89604124864158,17.085,63.98104124864158,25.0,3.75,136.89,115.64
2025-02-17 15:00:00,132.27,47.447305329649716,17.085,64.53230532964972,25.0,3.75,157.27,136.02
2025-02-17 16:00:00,158.96,46.85000877413889,17.085,63.93500877413889,25.0,3.75,183.96,162.71
2025-02-17 17:00:00,222.92,47.22731051786957,17.085,64.31231051786958,25.0,3.75,247.92,226.67
2025-02-17 18:00:00,271.0,45.00360224891623,17.085,62.08860224891623,25.0,3.75,296.0,274.75
2025-02-17 19:00:00,215.36,44.31605065751804,17.085,61.40105065751804,25.0,3.75,240.36,219.11
2025-02-17 20:00:00,177.86,50.385162549156576,17.085,67.47016254915658,25.0,3.75,202.86,181.61
2025-02-17 21:00:00,155.19,45.50222972606998,17.085,62.58722972606998,25.0,3.75,180.19,158.94
2025-02-17 22:00:00,139.39,45.213367723794015,17.085,62.298367723794016,25.0,3.75,164.39,143.14
2025-02-17 23:00:00,129.57,42.889372195499206,17.085,59.97437219549921,25.0,3.75,154.57,133.32
2025-02-18 00:00:00,132.95,45.918228927327625,17.085,63.003228927327626,25.0,3.75,157.95,136.7
2025-02-18 01:00:00,125.0,44.54997283589164,17.085,61.63497283589164,25.0,3.75,150.0,128.75
2025-02-18 02:00:00,123.56,50.48018274297937,17.085,67.56518274297937,25.0,3.75,148.56,127.31
2025-02-18 03:00:00,117.11,49.2157866013919,17.085,66.3007866013919,25.0,3.75,142.11,120.86
2025-02-18 04:00:00,115.66,45.81985173235118,17.085,62.90485173235118,25.0,3.75,140.66,119.41
2025-02-18 05:00:00,121.93,51.70102403339525,17.085,68.78602403339525,25.0,3.75,146.93,125.68
2025-02-18 06:00:00,143.61,49.15968339668982,17.085,66.24468339668982,25.0,3.75,168.61,147.36
2025-02-18 07:00:00,190.34,46.546489655689385,17.085,63.631489655689386,25.0,3.75,215.34,194.09
2025-02-18 08:00:00,193.8,42.19734099295949,17.085,59.28234099295949,25.0,3.75,218.8,197.55
2025-02-18 09:00:00,143.53,51.77803756788811,17.085,68.86303756788811,25.0,3.75,168.53,147.28
2025-02-18 10:00:00,124.24,44.41700748917944,17.085,61.50200748917944,25.0,3.75,149.24,127.99
2025-02-18 11:00:00,109.71,43.905354928792846,17.085,60.99035492879285,25.0,3.75,134.70999999999998,113.46
2025-02-18 12:00:00,96.41,49.24129328672591,17.085,66.32629328672591,25.0,3.75,121.41,100.16
2025-02-18 13:00:00,88.53,52.07565723538518,17.085,69.16065723538517,25.0,3.75,113.53,92.28
2025-02-18 14:00:00,98.35,49.96469805972767,17.085,67.04969805972766,25.0,3.75,123.35,102.1
2025-02-18 15:00:00,110.0,48.32397066281135,17.085,65.40897066281136,25.0,3.75,135.0,113.75
2025-02-18 16:00:00,128.16,48.385661106037205,17.085,65.4706611060372,25.0,3.75,153.16,131.91
2025-02-18 17:00:00,177.61,48.90298354026725,17.085,65.98798354026725,25.0,3.75,202.61,181.36
2025-02-18 18:00:00,174.32,48.714009602280164,17.085,65.79900960228017,25.0,3.75,199.32,178.07
2025-02-18 19:00:00,155.91,47.75853527064538,17.085,64.84353527064539,25.0,3.75,180.91,159.66
2025-02-18 20:00:00,142.42,47.404554630610384,17.085,64.48955463061039,25.0,3.75,167.42,146.17
2025-02-18 21:00:00,129.41,47.07096616690759,17.085,64.15596616690759,25.0,3.75,154.41,133.16
2025-02-18 22:00:00,121.9,45.68822324497328,17.085,62.77322324497328,25.0,3.75,146.9,125.65
2025-02-18 23:00:00,114.45,46.63480226897308,17.085,63.71980226897308,25.0,3.75,139.45,118.2
2025-02-19 00:00:00,104.54,43.810238794315865,17.085,60.895238794315866,25.0,3.75,129.54000000000002,108.29
2025-02-19 01:00:00,99.29,46.99947316911713,17.085,64.08447316911713,25.0,3.75,124.29,103.04
2025-02-19 02:00:00,99.6,45.2189702084048,17.085,62.3039702084048,25.0,3.75,124.6,103.35
2025-02-19 03:00:00,97.29,44.98897378827509,17.085,62.07397378827509,25.0,3.75,122.29,101.04
2025-02-19 04:00:00,94.5,47.55594072501359,17.085,64.64094072501359,25.0,3.75,119.5,98.25
2025-02-19 05:00:00,97.48,49.98015699539583,17.085,67.06515699539582,25.0,3.75,122.48,101.23
2025-02-19 06:00:00,115.0,49.03278563471126,17.085,66.11778563471125,25.0,3.75,140.0,118.75
2025-02-19 07:00:00,149.5,44.05515121546028,17.085,61.14015121546028,25.0,3.75,174.5,153.25
2025-02-19 08:00:00,166.37,45.216896149565954,17.085,62.301896149565955,25.0,3.75,191.37,170.12
2025-02-19 09:00:00,128.76,49.07769479868306,17.085,66.16269479868306,25.0,3.75,153.76,132.51
2025-02-19 10:00:00,107.91,45.23117763563001,17.085,62.31617763563001,25.0,3.75,132.91,111.66
2025-02-19 11:00:00,89.28,46.74688612271258,17.085,63.83188612271258,25.0,3.75,114.28,93.03
2025-02-19 12:00:00,81.52,48.296256620755734,17.085,65.38125662075574,25.0,3.75,106.52,85.27
2025-02-19 13:00:00,82.74,45.25946351297936,17.085,62.34446351297936,25.0,3.75,107.74,86.49
2025-02-19 14:00:00,85.2,47.406903434998554,17.085,64.49190343499856,25.0,3.75,110.2,88.95
2025-02-19 15:00:00,90.63,44.52810143287022,17.085,61.613101432870224,25.0,3.75,115.63,94.38
2025-02-19 16:00:00,110.03,45.993417134804204,17.085,63.078417134804205,25.0,3.75,135.03,113.78
2025-02-19 17:00:00,131.28,47.835716290991705,17.085,64.9207162909917,25.0,3.75,156.28,135.03
2025-02-19 18:00:00,142.98,44.01016495564329,17.085,61.09516495564329,25.0,3.75,167.98,146.73
2025-02-19 19:00:00,144.42,48.07710189862743,17.085,65.16210189862744,25.0,3.75,169.42,148.17
2025-02-19 20:00:00,120.9,47.15687682485327,17.085,64.24187682485328,25.0,3.75,145.9,124.65
2025-02-19 21:00:00,113.75,48.30113233154093,17.085,65.38613233154092,25.0,3.75,138.75,117.5
2025-02-19 22:00:00,107.13,47.64398069083595,17.085,64.72898069083595,25.0,3.75,132.13,110.88
2025-02-19 23:00:00,99.81,49.92443328265432,17.085,67.00943328265433,25.0,3.75,124.81,103.56
2025-02-20 00:00:00,86.17,47.446601428002445,17.085,64.53160142800245,25.0,3.75,111.17,89.92
2025-02-20 01:00:00,85.2,46.33734134045613,17.085,63.42234134045613,25.0,3.75,110.2,88.95
2025-02-20 02:00:00,84.56,47.440747428771196,17.085,64.5257474287712,25.0,3.75,109.56,88.31
2025-02-20 03:00:00,83.64,48.28274848077941,17.085,65.36774848077941,25.0,3.75,108.64,87.39
2025-02-20 04:00:00,82.18,47.29387256335804,17.085,64.37887256335804,25.0,3.75,107.18,85.93
2025-02-20 05:00:00,83.84,47.2773358051144,17.085,64.3623358051144,25.0,3.75,108.84,87.59
2025-02-20 06:00:00,86.31,45.79216904709312,17.085,62.87716904709312,25.0,3.75,111.31,90.06
2025-02-20 07:00:00,110.41,45.87035058760473,17.085,62.955350587604734,25.0,3.75,135.41,114.16
2025-02-20 08:00:00,127.98,44.390941879107245,17.085,61.475941879107246,25.0,3.75,152.98000000000002,131.73000000000002
2025-02-20 09:00:00,105.87,50.69530590908051,17.085,67.78030590908051,25.0,3.75,130.87,109.62
2025-02-20 10:00:00,93.72,44.70842595192406,17.085,61.793425951924064,25.0,3.75,118.72,97.47
2025-02-20 11:00:00,87.23,45.810342027114814,17.085,62.895342027114815,25.0,3.75,112.23,90.98
2025-02-20 12:00:00,86.87,45.75933789156824,17.085,62.84433789156824,25.0,3.75,111.87,90.62
2025-02-20 13:00:00,84.51,48.986001176595515,17.085,66.07100117659552,25.0,3.75,109.51,88.26
2025-02-20 14:00:00,84.78,46.60625306612258,17.085,63.69125306612258,25.0,3.75,109.78,88.53
2025-02-20 15:00:00,90.05,49.6916365680541,17.085,66.7766365680541,25.0,3.75,115.05,93.8
2025-02-20 16:00:00,98.34,45.849171174218895,17.085,62.934171174218896,25.0,3.75,123.34,102.09
2025-02-20 17:00:00,110.13,47.75414074715424,17.085,64.83914074715423,25.0,3.75,135.13,113.88
2025-02-20 18:00:00,112.38,45.52545831618712,17.085,62.61045831618712,25.0,3.75,137.38,116.13
2025-02-20 19:00:00,122.45,51.486450678253405,17.085,68.5714506782534,25.0,3.75,147.45,126.2
2025-02-20 20:00:00,105.91,44.820955584647606,17.085,61.90595558464761,25.0,3.75,130.91,109.66
2025-02-20 21:00:00,92.41,47.815793843160684,17.085,64.90079384316068,25.0,3.75,117.41,96.16
2025-02-20 22:00:00,90.84,48.46370618457083,17.085,65.54870618457083,25.0,3.75,115.84,94.59
2025-02-20 23:00:00,83.0,48.02375061760963,17.085,65.10875061760963,25.0,3.75,108.0,86.75
2025-02-21 00:00:00,75.51,46.825577104951215,17.085,63.910577104951216,25.0,3.75,100.51,79.26
2025-02-21 01:00:00,74.99,46.93651102323978,17.085,64.02151102323978,25.0,3.75,99.99,78.74
2025-02-21 02:00:00,79.8,47.28377536666485,17.085,64.36877536666485,25.0,3.75,104.8,83.55
2025-02-21 03:00:00,83.4,46.90214841944965,17.085,63.98714841944965,25.0,3.75,108.4,87.15
2025-02-21 04:00:00,82.4,49.12391065629645,17.085,66.20891065629645,25.0,3.75,107.4,86.15
2025-02-21 05:00:00,82.03,51.617198425889335,17.085,68.70219842588934,25.0,3.75,107.03,85.78
2025-02-21 06:00:00,106.47,46.081168852690965,17.085,63.166168852690966,25.0,3.75,131.47,110.22
2025-02-21 07:00:00,152.5,44.45654646354848,17.085,61.54154646354848,25.0,3.75,177.5,156.25
2025-02-21 08:00:00,145.21,47.019588326004126,17.085,64.10458832600412,25.0,3.75,170.21,148.96
2025-02-21 09:00:00,120.98,52.35557109801527,17.085,69.44057109801527,25.0,3.75,145.98000000000002,124.73
2025-02-21 10:00:00,98.68,45.588803286767174,17.085,62.673803286767175,25.0,3.75,123.68,102.43
2025-02-21 11:00:00,83.4,50.47438603359477,17.085,67.55938603359476,25.0,3.75,108.4,87.15
2025-02-21 12:00:00,78.0,50.551554050859515,17.085,67.63655405085952,25.0,3.75,103.0,81.75
2025-02-21 13:00:00,76.41,46.08897593929064,17.085,63.17397593929064,25.0,3.75,101.41,80.16
2025-02-21 14:00:00,79.52,48.334118581077185,17.085,65.41911858107719,25.0,3.75,104.52,83.27
2025-02-21 15:00:00,82.94,50.45294566896371,17.085,67.53794566896372,25.0,3.75,107.94,86.69
2025-02-21 16:00:00,103.47,46.437896940731655,17.085,63.522896940731655,25.0,3.75,128.47,107.22
2025-02-21 17:00:00,103.45,46.78899170250191,17.085,63.87399170250191,25.0,3.75,128.45,107.2
2025-02-21 18:00:00,101.98,46.03279059480934,17.085,63.11779059480934,25.0,3.75,126.98,105.73
2025-02-21 19:00:00,81.95,45.1666389613209,17.085,62.2516389613209,25.0,3.75,106.95,85.7
2025-02-21 20:00:00,80.25,45.89759733257462,17.085,62.98259733257462,25.0,3.75,105.25,84.0
2025-02-21 21:00:00,70.85,44.74827188918212,17.085,61.83327188918212,25.0,3.75,95.85,74.6
2025-02-21 22:00:00,70.64,47.264319359225084,17.085,64.34931935922509,25.0,3.75,95.64,74.39
2025-02-21 23:00:00,64.33,45.65620596058935,17.085,62.74120596058935,25.0,3.75,89.33,68.08
2025-02-22 00:00:00,50.99,47.663724246288126,17.085,64.74872424628813,25.0,3.75,75.99000000000001,54.74
2025-02-22 01:00:00,48.62,44.08436113029938,17.085,61.16936113029938,25.0,3.75,73.62,52.37
2025-02-22 02:00:00,47.96,47.85791288713555,17.085,64.94291288713555,25.0,3.75,72.96000000000001,51.71
2025-02-22 03:00:00,42.62,48.86321034592448,17.085,65.94821034592448,25.0,3.75,67.62,46.37
2025-02-22 04:00:00,41.2,43.20868113756372,17.085,60.29368113756372,25.0,3.75,66.2,44.95
2025-02-22 05:00:00,49.15,47.944265562401775,17.085,65.02926556240178,25.0,3.75,74.15,52.9
2025-02-22 06:00:00,49.11,49.65149040765321,17.085,66.7364904076532,25.0,3.75,74.11,52.86
2025-02-22 07:00:00,61.22,44.77687038532422,17.085,61.861870385324224,25.0,3.75,86.22,64.97
2025-02-22 08:00:00,68.25,50.54129719638204,17.085,67.62629719638204,25.0,3.75,93.25,72.0
2025-02-22 09:00:00,67.74,48.034190441438724,17.085,65.11919044143872,25.0,3.75,92.74,71.49
2025-02-22 10:00:00,53.21,45.78612871118982,17.085,62.87112871118982,25.0,3.75,78.21000000000001,56.96
2025-02-22 11:00:00,47.13,47.08461426739122,17.085,64.16961426739121,25.0,3.75,72.13,50.88
2025-02-22 12:00:00,40.4,48.312806247750075,17.085,65.39780624775008,25.0,3.75,65.4,44.15
2025-02-22 13:00:00,52.69,47.348163205531456,17.085,64.43316320553146,25.0,3.75,77.69,56.44
2025-02-22 14:00:00,68.0,48.27366440759937,17.085,65.35866440759938,25.0,3.75,93.0,71.75
2025-02-22 15:00:00,85.6,45.3548052365479,17.085,62.4398052365479,25.0,3.75,110.6,89.35
2025-02-22 16:00:00,100.95,47.53487407077879,17.085,64.61987407077879,25.0,3.75,125.95,104.7
2025-02-22 17:00:00,108.38,44.36872342889667,17.085,61.45372342889667,25.0,3.75,133.38,112.13
2025-02-22 18:00:00,106.98,46.973700300009234,17.085,64.05870030000924,25.0,3.75,131.98000000000002,110.73
2025-02-22 19:00:00,115.18,45.38833713977705,17.085,62.47333713977705,25.0,3.75,140.18,118.93
2025-02-22 20:00:00,103.0,45.7250925375271,17.085,62.8100925375271,25.0,3.75,128.0,106.75
2025-02-22 21:00:00,101.58,49.66833877312751,17.085,66.75333877312751,25.0,3.75,126.58,105.33
2025-02-22 22:00:00,94.27,49.37877266389517,17.085,66.46377266389517,25.0,3.75,119.27,98.02
2025-02-22 23:00:00,83.51,48.41442866452098,17.085,65.49942866452099,25.0,3.75,108.51,87.26
2025-02-23 00:00:00,91.1,45.01152689336148,17.085,62.09652689336148,25.0,3.75,116.1,94.85
2025-02-23 01:00:00,84.99,46.56333552331703,17.085,63.64833552331703,25.0,3.75,109.99,88.74
2025-02-23 02:00:00,86.21,49.622347822665,17.085,66.707347822665,25.0,3.75,111.21,89.96
2025-02-23 03:00:00,83.63,47.47958624998644,17.085,64.56458624998643,25.0,3.75,108.63,87.38
2025-02-23 04:00:00,85.77,51.83481150267002,17.085,68.91981150267003,25.0,3.75,110.77,89.52
2025-02-23 05:00:00,87.33,47.98278810149537,17.085,65.06778810149538,25.0,3.75,112.33,91.08
2025-02-23 06:00:00,87.7,47.5802506556867,17.085,64.66525065568669,25.0,3.75,112.7,91.45
2025-02-23 07:00:00,108.0,46.57791949430163,17.085,63.66291949430163,25.0,3.75,133.0,111.75
2025-02-23 08:00:00,112.24,47.4632342322712,17.085,64.5482342322712,25.0,3.75,137.24,115.99
2025-02-23 09:00:00,99.35,46.891212749945545,17.085,63.976212749945546,25.0,3.75,124.35,103.1
2025-02-23 10:00:00,83.0,48.61236977608381,17.085,65.6973697760838,25.0,3.75,108.0,86.75
2025-02-23 11:00:00,81.5,49.1095570562958,17.085,66.19455705629579,25.0,3.75,106.5,85.25
2025-02-23 12:00:00,71.12,45.624173501690734,17.085,62.709173501690735,25.0,3.75,96.12,74.87
2025-02-23 13:00:00,69.2,44.53368651559108,17.085,61.61868651559108,25.0,3.75,94.2,72.95
2025-02-23 14:00:00,64.75,43.52374167650004,17.085,60.60874167650004,25.0,3.75,89.75,68.5
2025-02-23 15:00:00,69.11,48.212135076531716,17.085,65.29713507653172,25.0,3.75,94.11,72.86
2025-02-23 16:00:00,84.7,44.98941921035888,17.085,62.07441921035888,25.0,3.75,109.7,88.45
2025-02-23 17:00:00,150.45,42.89037123680167,17.085,59.97537123680167,25.0,3.75,175.45,154.2
2025-02-23 18:00:00,154.69,47.97330963176856,17.085,65.05830963176857,25.0,3.75,179.69,158.44
2025-02-23 19:00:00,117.02,52.18215145757221,17.085,69.26715145757221,25.0,3.75,142.01999999999998,120.77
2025-02-23 20:00:00,96.03,47.184010599626845,17.085,64.26901059962685,25.0,3.75,121.03,99.78
2025-02-23 21:00:00,77.32,48.87313397160992,17.085,65.95813397160993,25.0,3.75,102.32,81.07
2025-02-23 22:00:00,73.81,47.359811139801764,17.085,64.44481113980177,25.0,3.75,98.81,77.56
2025-02-23 23:00:00,65.99,46.998373116324345,17.085,64.08337311632434,25.0,3.75,90.99,69.74
2025-02-24 00:00:00,70.83,49.03430538868217,17.085,66.11930538868216,25.0,3.75,95.83,74.58
2025-02-24 01:00:00,67.99,46.61560333432933,17.085,63.70060333432933,25.0,3.75,92.99,71.74
2025-02-24 02:00:00,40.98,47.730937050850436,17.085,64.81593705085044,25.0,3.75,65.97999999999999,44.73
2025-02-24 03:00:00,37.1,47.83954803509866,17.085,64.92454803509867,25.0,3.75,62.1,40.85
2025-02-24 04:00:00,65.34,45.85997151542053,17.085,62.944971515420534,25.0,3.75,90.34,69.09
2025-02-24 05:00:00,70.03,49.180237121779676,17.085,66.26523712177968,25.0,3.75,95.03,73.78
2025-02-24 06:00:00,81.0,46.846232909315816,17.085,63.93123290931582,25.0,3.75,106.0,84.75
2025-02-24 07:00:00,84.8,45.684662103720946,17.085,62.76966210372095,25.0,3.75,109.8,88.55
2025-02-24 08:00:00,106.68,48.26917210984744,17.085,65.35417210984744,25.0,3.75,131.68,110.43
2025-02-24 09:00:00,93.26,45.39921645912456,17.085,62.48421645912456,25.0,3.75,118.26,97.01
2025-02-24 10:00:00,79.04,47.25251473744489,17.085,64.33751473744489,25.0,3.75,104.04,82.79
2025-02-24 11:00:00,83.44,47.17791442941822,17.085,64.26291442941823,25.0,3.75,108.44,87.19
2025-02-24 12:00:00,81.63,49.36794355436979,17.085,66.4529435543698,25.0,3.75,106.63,85.38
2025-02-24 13:00:00,83.0,48.145548888466536,17.085,65.23054888846653,25.0,3.75,108.0,86.75
2025-02-24 14:00:00,86.4,47.146098505216344,17.085,64.23109850521635,25.0,3.75,111.4,90.15
2025-02-24 15:00:00,92.55,48.831685021107205,17.085,65.91668502110721,25.0,3.75,117.55,96.3
2025-02-24 16:00:00,100.7,49.976567520741256,17.085,67.06156752074125,25.0,3.75,125.7,104.45
2025-02-24 17:00:00,112.94,48.311773035410354,17.085,65.39677303541035,25.0,3.75,137.94,116.69
2025-02-24 18:00:00,137.81,47.216857662393394,17.085,64.30185766239339,25.0,3.75,162.81,141.56
2025-02-24 19:00:00,148.71,44.57247995800631,17.085,61.65747995800631,25.0,3.75,173.71,152.46
2025-02-24 20:00:00,129.27,45.06592509655589,17.085,62.15092509655589,25.0,3.75,154.27,133.02
2025-02-24 21:00:00,112.29,46.585703013997296,17.085,63.6707030139973,25.0,3.75,137.29000000000002,116.04
2025-02-24 22:00:00,112.9,45.977128018388065,17.085,63.062128018388066,25.0,3.75,137.9,116.65
2025-02-24 23:00:00,106.48,46.82220981673574,17.085,63.907209816735744,25.0,3.75,131.48000000000002,110.23
2025-02-25 00:00:00,90.6,47.30945227250085,17.085,64.39445227250084,25.0,3.75,115.6,94.35
2025-02-25 01:00:00,89.91,48.25553793142009,17.085,65.3405379314201,25.0,3.75,114.91,93.66
2025-02-25 02:00:00,93.39,47.05515486658845,17.085,64.14015486658846,25.0,3.75,118.39,97.14
2025-02-25 03:00:00,93.86,48.169155710359036,17.085,65.25415571035904,25.0,3.75,118.86,97.61
2025-02-25 04:00:00,97.43,47.325101252326874,17.085,64.41010125232688,25.0,3.75,122.43,101.18
2025-02-25 05:00:00,105.78,43.245219289998886,17.085,60.33021928999889,25.0,3.75,130.78,109.53
2025-02-25 06:00:00,144.87,45.31748163506912,17.085,62.40248163506912,25.0,3.75,169.87,148.62
2025-02-25 07:00:00,167.16,46.9079773112634,17.085,63.9929773112634,25.0,3.75,192.16,170.91
2025-02-25 08:00:00,173.34,44.776762937024415,17.085,61.861762937024416,25.0,3.75,198.34,177.09
2025-02-25 09:00:00,153.73,48.39600988269904,17.085,65.48100988269904,25.0,3.75,178.73,157.48
2025-02-25 10:00:00,140.36,50.25765408739403,17.085,67.34265408739404,25.0,3.75,165.36,144.11
2025-02-25 11:00:00,126.75,49.633676126101264,17.085,66.71867612610126,25.0,3.75,151.75,130.5
2025-02-25 12:00:00,124.63,46.769266680846215,17.085,63.854266680846216,25.0,3.75,149.63,128.38
2025-02-25 13:00:00,125.81,50.17760469640653,17.085,67.26260469640653,25.0,3.75,150.81,129.56
2025-02-25 14:00:00,134.38,47.49348733711086,17.085,64.57848733711086,25.0,3.75,159.38,138.13
2025-02-25 15:00:00,148.34,46.52198048047055,17.085,63.606980480470554,25.0,3.75,173.34,152.09
2025-02-25 16:00:00,170.68,45.969347095624755,17.085,63.054347095624756,25.0,3.75,195.68,174.43
2025-02-25 17:00:00,207.97,46.59121304973038,17.085,63.67621304973038,25.0,3.75,232.97,211.72
2025-02-25 18:00:00,233.05,46.419798785624174,17.085,63.504798785624175,25.0,3.75,258.05,236.8
2025-02-25 19:00:00,188.09,47.536984867457605,17.085,64.6219848674576,25.0,3.75,213.09,191.84
2025-02-25 20:00:00,156.96,47.51730038480636,17.085,64.60230038480637,25.0,3.75,181.96,160.71
2025-02-25 21:00:00,142.47,47.202244463013464,17.085,64.28724446301347,25.0,3.75,167.47,146.22
2025-02-25 22:00:00,129.46,48.07002876219933,17.085,65.15502876219932,25.0,3.75,154.46,133.21
2025-02-25 23:00:00,115.13,49.57744497227932,17.085,66.66244497227932,25.0,3.75,140.13,118.88
2025-02-26 00:00:00,122.99,49.09526069358928,17.085,66.18026069358928,25.0,3.75,147.99,126.74
2025-02-26 01:00:00,119.82,44.226356485806825,17.085,61.311356485806826,25.0,3.75,144.82,123.57
2025-02-26 02:00:00,116.94,42.08831015290272,17.085,59.17331015290272,25.0,3.75,141.94,120.69
2025-02-26 03:00:00,115.98,49.06479224518518,17.085,66.14979224518518,25.0,3.75,140.98000000000002,119.73
2025-02-26 04:00:00,116.56,44.46239502587579,17.085,61.547395025875794,25.0,3.75,141.56,120.31
2025-02-26 05:00:00,117.27,46.74662161892127,17.085,63.83162161892127,25.0,3.75,142.26999999999998,121.02
2025-02-26 06:00:00,132.65,44.855926370587916,17.085,61.94092637058792,25.0,3.75,157.65,136.4
2025-02-26 07:00:00,159.93,43.59219154754659,17.085,60.67719154754659,25.0,3.75,184.93,163.68
2025-02-26 08:00:00,175.19,48.27907787911621,17.085,65.36407787911621,25.0,3.75,200.19,178.94
2025-02-26 09:00:00,160.22,48.71446274331193,17.085,65.79946274331192,25.0,3.75,185.22,163.97
2025-02-26 10:00:00,141.37,46.043131621253195,17.085,63.128131621253196,25.0,3.75,166.37,145.12
2025-02-26 11:00:00,129.95,42.014067838416814,17.085,59.099067838416815,25.0,3.75,154.95,133.7
2025-02-26 12:00:00,120.53,46.103663526201665,17.085,63.188663526201665,25.0,3.75,145.53,124.28
2025-02-26 13:00:00,119.89,47.97976043351173,17.085,65.06476043351174,25.0,3.75,144.89,123.64
2025-02-26 14:00:00,125.12,44.23832928515837,17.085,61.32332928515837,25.0,3.75,150.12,128.87
2025-02-26 15:00:00,132.9,47.562872262264946,17.085,64.64787226226494,25.0,3.75,157.9,136.65
2025-02-26 16:00:00,149.75,47.16553272436064,17.085,64.25053272436064,25.0,3.75,174.75,153.5
2025-02-26 17:00:00,165.01,48.354735421908806,17.085,65.43973542190881,25.0,3.75,190.01,168.76
2025-02-26 18:00:00,172.57,47.435313159534935,17.085,64.52031315953494,25.0,3.75,197.57,176.32
2025-02-26 19:00:00,162.82,45.25001454094352,17.085,62.33501454094352,25.0,3.75,187.82,166.57
2025-02-26 20:00:00,147.38,49.58929542603561,17.085,66.67429542603561,25.0,3.75,172.38,151.13
2025-02-26 21:00:00,118.44,46.87909327665269,17.085,63.96409327665269,25.0,3.75,143.44,122.19
2025-02-26 22:00:00,120.94,47.14154334368677,17.085,64.22654334368677,25.0,3.75,145.94,124.69
2025-02-26 23:00:00,112.46,45.32961650456024,17.085,62.41461650456024,25.0,3.75,137.45999999999998,116.21
2025-02-27 00:00:00,101.48,46.30958792032361,17.085,63.39458792032361,25.0,3.75,126.48,105.23
2025-02-27 01:00:00,103.81,45.42654699465283,17.085,62.51154699465283,25.0,3.75,128.81,107.56
2025-02-27 02:00:00,101.24,46.85026030285979,17.085,63.93526030285979,25.0,3.75,126.24,104.99
2025-02-27 03:00:00,99.6,50.61956938299132,17.085,67.70456938299132,25.0,3.75,124.6,103.35
2025-02-27 04:00:00,100.43,44.45235013684392,17.085,61.53735013684392,25.0,3.75,125.43,104.18
2025-02-27 05:00:00,105.87,43.96902962695315,17.085,61.05402962695315,25.0,3.75,130.87,109.62
2025-02-27 06:00:00,115.18,50.13849307769385,17.085,67.22349307769386,25.0,3.75,140.18,118.93
2025-02-27 07:00:00,152.32,46.7775050684029,17.085,63.8625050684029,25.0,3.75,177.32,156.07
2025-02-27 08:00:00,159.05,45.8580069453868,17.085,62.9430069453868,25.0,3.75,184.05,162.8
2025-02-27 09:00:00,142.58,49.27596179749879,17.085,66.36096179749879,25.0,3.75,167.58,146.33
2025-02-27 10:00:00,129.94,45.984921343232905,17.085,63.069921343232906,25.0,3.75,154.94,133.69
2025-02-27 11:00:00,110.0,50.84817184980051,17.085,67.93317184980052,25.0,3.75,135.0,113.75
2025-02-27 12:00:00,101.1,48.55200416538517,17.085,65.63700416538518,25.0,3.75,126.1,104.85
2025-02-27 13:00:00,109.25,46.22032960641523,17.085,63.30532960641523,25.0,3.75,134.25,113.0
2025-02-27 14:00:00,110.0,51.510768849237635,17.085,68.59576884923763,25.0,3.75,135.0,113.75
2025-02-27 15:00:00,123.0,45.98472257669996,17.085,63.06972257669996,25.0,3.75,148.0,126.75
2025-02-27 16:00:00,142.62,48.680343166725244,17.085,65.76534316672524,25.0,3.75,167.62,146.37
2025-02-27 17:00:00,158.69,47.79473758351961,17.085,64.87973758351961,25.0,3.75,183.69,162.44
2025-02-27 18:00:00,174.71,49.79963500150423,17.085,66.88463500150422,25.0,3.75,199.71,178.46
2025-02-27 19:00:00,163.17,50.319174816160334,17.085,67.40417481616034,25.0,3.75,188.17,166.92
2025-02-27 20:00:00,144.61,47.260160720838165,17.085,64.34516072083817,25.0,3.75,169.61,148.36
2025-02-27 21:00:00,136.54,45.689316682014265,17.085,62.774316682014266,25.0,3.75,161.54,140.29
2025-02-27 22:00:00,124.69,48.11609670858486,17.085,65.20109670858486,25.0,3.75,149.69,128.44
2025-02-27 23:00:00,114.89,45.84072168320242,17.085,62.92572168320242,25.0,3.75,139.89,118.64
2025-02-28 00:00:00,115.47,51.22292691775988,17.085,68.30792691775989,25.0,3.75,140.47,119.22
2025-02-28 01:00:00,110.54,47.469223084872105,17.085,64.5542230848721,25.0,3.75,135.54000000000002,114.29
2025-02-28 02:00:00,109.38,46.46550932008241,17.085,63.55050932008241,25.0,3.75,134.38,113.13
2025-02-28 03:00:00,106.93,47.56551303443645,17.085,64.65051303443644,25.0,3.75,131.93,110.68
2025-02-28 04:00:00,112.03,44.50189984364724,17.085,61.58689984364724,25.0,3.75,137.03,115.78
2025-02-28 05:00:00,112.63,45.25292434568533,17.085,62.33792434568533,25.0,3.75,137.63,116.38
2025-02-28 06:00:00,135.99,49.596980238595485,17.085,66.68198023859549,25.0,3.75,160.99,139.74
2025-02-28 07:00:00,150.0,45.88236386476384,17.085,62.96736386476384,25.0,3.75,175.0,153.75
2025-02-28 08:00:00,161.82,45.10233045734275,17.085,62.18733045734275,25.0,3.75,186.82,165.57
2025-02-28 09:00:00,145.5,48.2694579277612,17.085,65.3544579277612,25.0,3.75,170.5,149.25
2025-02-28 10:00:00,127.7,49.567560732032625,17.085,66.65256073203263,25.0,3.75,152.7,131.45
2025-02-28 11:00:00,115.97,48.63405904403677,17.085,65.71905904403677,25.0,3.75,140.97,119.72
2025-02-28 12:00:00,109.51,49.188247794318265,17.085,66.27324779431827,25.0,3.75,134.51,113.26
2025-02-28 13:00:00,108.57,45.68256224556771,17.085,62.76756224556771,25.0,3.75,133.57,112.32
2025-02-28 14:00:00,111.58,44.35253108922294,17.085,61.437531089222944,25.0,3.75,136.57999999999998,115.33
2025-02-28 15:00:00,125.57,50.19881972661761,17.085,67.28381972661761,25.0,3.75,150.57,129.32
2025-02-28 16:00:00,135.05,46.55079274502236,17.085,63.635792745022364,25.0,3.75,160.05,138.8
2025-02-28 17:00:00,152.85,46.69448638979654,17.085,63.77948638979654,25.0,3.75,177.85,156.6
2025-02-28 18:00:00,161.24,49.852540706404746,17.085,66.93754070640475,25.0,3.75,186.24,164.99
2025-02-28 19:00:00,158.86,48.308612441507954,17.085,65.39361244150795,25.0,3.75,183.86,162.61
2025-02-28 20:00:00,143.96,48.107927966869845,17.085,65.19292796686985,25.0,3.75,168.96,147.71
2025-02-28 21:00:00,132.94,51.5261571125088,17.085,68.6111571125088,25.0,3.75,157.94,136.69
2025-02-28 22:00:00,127.43,45.90911596194635,17.085,62.99411596194635,25.0,3.75,152.43,131.18
2025-02-28 23:00:00,119.03,49.051832678869104,17.085,66.1368326788691,25.0,3.75,144.03,122.78
2025-03-01 00:00:00,128.19,45.11402624979417,17.085,62.19902624979417,25.0,3.75,153.19,131.94
2025-03-01 01:00:00,120.38,45.53718455772651,17.085,62.62218455772651,25.0,3.75,145.38,124.13
2025-03-01 02:00:00,117.09,48.05693685282506,17.085,65.14193685282507,25.0,3.75,142.09,120.84
2025-03-01 03:00:00,112.15,46.015671512579246,17.085,63.10067151257925,25.0,3.75,137.15,115.9
2025-03-01 04:00:00,109.75,46.07659215809927,17.085,63.16159215809927,25.0,3.75,134.75,113.5
2025-03-01 05:00:00,114.38,47.1450146746196,17.085,64.23001467461961,25.0,3.75,139.38,118.13
2025-03-01 06:00:00,118.86,44.27009454091423,17.085,61.35509454091423,25.0,3.75,143.86,122.61
2025-03-01 07:00:00,135.79,43.32158066532199,17.085,60.40658066532199,25.0,3.75,160.79,139.54
2025-03-01 08:00:00,138.79,42.91038161195793,17.085,59.99538161195793,25.0,3.75,163.79,142.54
2025-03-01 09:00:00,137.74,41.067286821248,17.085,58.152286821248,25.0,3.75,162.74,141.49
2025-03-01 10:00:00,125.08,49.112414259880644,17.085,66.19741425988065,25.0,3.75,150.07999999999998,128.82999999999998
2025-03-01 11:00:00,112.11,42.79358326855663,17.085,59.87858326855663,25.0,3.75,137.11,115.86
2025-03-01 12:00:00,102.21,44.55749275282846,17.085,61.64249275282846,25.0,3.75,127.21,105.96
2025-03-01 13:00:00,97.27,44.44637340022216,17.085,61.53137340022216,25.0,3.75,122.27,101.02
2025-03-01 14:00:00,99.39,45.6148133956182,17.085,62.6998133956182,25.0,3.75,124.39,103.14
2025-03-01 15:00:00,109.23,46.63147442507859,17.085,63.716474425078594,25.0,3.75,134.23000000000002,112.98
2025-03-01 16:00:00,125.41,46.72094697671949,17.085,63.80594697671949,25.0,3.75,150.41,129.16
2025-03-01 17:00:00,145.0,43.83384512286212,17.085,60.91884512286212,25.0,3.75,170.0,148.75
2025-03-01 18:00:00,158.55,44.66575657242718,17.085,61.75075657242718,25.0,3.75,183.55,162.3
2025-03-01 19:00:00,150.78,45.565159900976596,17.085,62.6501599009766,25.0,3.75,175.78,154.53
2025-03-01 20:00:00,137.29,44.502617747632904,17.085,61.587617747632905,25.0,3.75,162.29,141.04
2025-03-01 21:00:00,128.6,48.21469115203998,17.085,65.29969115203998,25.0,3.75,153.6,132.35
2025-03-01 22:00:00,123.57,45.9819499032765,17.085,63.0669499032765,25.0,3.75,148.57,127.32
2025-03-01 23:00:00,119.92,46.469755572099636,17.085,63.55475557209964,25.0,3.75,144.92000000000002,123.67
2025-03-02 00:00:00,123.94,46.325762537334825,17.085,63.410762537334826,25.0,3.75,148.94,127.69
2025-03-02 01:00:00,107.54,47.34694771497065,17.085,64.43194771497065,25.0,3.75,132.54000000000002,111.29
2025-03-02 02:00:00,99.32,45.36204311740742,17.085,62.44704311740742,25.0,3.75,124.32,103.07
2025-03-02 03:00:00,93.01,42.406336104088304,17.085,59.491336104088305,25.0,3.75,118.01,96.76
2025-03-02 04:00:00,94.23,45.799375903505286,17.085,62.88437590350529,25.0,3.75,119.23,97.98
2025-03-02 05:00:00,93.98,43.697286212416344,17.085,60.782286212416345,25.0,3.75,118.98,97.73
2025-03-02 06:00:00,95.89,43.94276663650049,17.085,61.02776663650049,25.0,3.75,120.89,99.64
2025-03-02 07:00:00,102.6,46.17272803751019,17.085,63.25772803751019,25.0,3.75,127.6,106.35
2025-03-02 08:00:00,103.11,47.47656614286727,17.085,64.56156614286726,25.0,3.75,128.11,106.86
2025-03-02 09:00:00,89.0,45.042543153472124,17.085,62.127543153472125,25.0,3.75,114.0,92.75
2025-03-02 10:00:00,68.3,45.61766602519793,17.085,62.70266602519793,25.0,3.75,93.3,72.05
2025-03-02 11:00:00,49.0,48.404429889270475,17.085,65.48942988927047,25.0,3.75,74.0,52.75
2025-03-02 12:00:00,27.5,45.481506358977136,17.085,62.566506358977136,25.0,3.75,52.5,31.25
2025-03-02 13:00:00,3.13,50.20336622836079,17.085,67.28836622836079,25.0,3.75,28.13,6.88
2025-03-02 14:00:00,2.84,46.13101929126309,17.085,63.21601929126309,25.0,3.75,27.84,6.59
2025-03-02 15:00:00,50.73,41.478474481688366,17.085,58.56347448168837,25.0,3.75,75.72999999999999,54.48
2025-03-02 16:00:00,80.43,46.506683242209064,17.085,63.591683242209065,25.0,3.75,105.43,84.18
2025-03-02 17:00:00,126.55,45.762316769765555,17.085,62.847316769765555,25.0,3.75,151.55,130.3
2025-03-02 18:00:00,143.09,47.57950550816549,17.085,64.66450550816549,25.0,3.75,168.09,146.84
2025-03-02 19:00:00,146.1,46.34636270253992,17.085,63.43136270253992,25.0,3.75,171.1,149.85
2025-03-02 20:00:00,132.98,44.72308803203245,17.085,61.80808803203245,25.0,3.75,157.98,136.73
2025-03-02 21:00:00,120.0,42.55140352742127,17.085,59.63640352742127,25.0,3.75,145.0,123.75
2025-03-02 22:00:00,120.79,44.58195348542795,17.085,61.66695348542795,25.0,3.75,145.79000000000002,124.54
2025-03-02 23:00:00,112.78,43.2989590915814,17.085,60.3839590915814,25.0,3.75,137.78,116.53
2025-03-03 00:00:00,108.01,43.838953100390555,17.085,60.923953100390555,25.0,3.75,133.01,111.76
2025-03-03 01:00:00,103.69,46.17715680884122,17.085,63.26215680884122,25.0,3.75,128.69,107.44
2025-03-03 02:00:00,102.79,48.339809008702815,17.085,65.42480900870282,25.0,3.75,127.79,106.54
2025-03-03 03:00:00,99.7,45.789343059645965,17.085,62.874343059645966,25.0,3.75,124.7,103.45
2025-03-03 04:00:00,103.37,42.60823387592963,17.085,59.69323387592963,25.0,3.75,128.37,107.12
2025-03-03 05:00:00,116.7,45.889205336440284,17.085,62.974205336440285,25.0,3.75,141.7,120.45
2025-03-03 06:00:00,137.51,47.3932629732913,17.085,64.4782629732913,25.0,3.75,162.51,141.26
2025-03-03 07:00:00,163.0,43.78043419136124,17.085,60.86543419136124,25.0,3.75,188.0,166.75
2025-03-03 08:00:00,147.52,44.73196566665416,17.085,61.81696566665416,25.0,3.75,172.52,151.27
2025-03-03 09:00:00,106.74,45.02937638945839,17.085,62.11437638945839,25.0,3.75,131.74,110.49
2025-03-03 10:00:00,72.39,43.43020337383552,17.085,60.51520337383552,25.0,3.75,97.39,76.14
2025-03-03 11:00:00,6.4,46.29656086768772,17.085,63.38156086768772,25.0,3.75,31.4,10.15
2025-03-03 12:00:00,0.33,44.75810370278444,17.085,61.84310370278444,25.0,3.75,25.33,4.08
2025-03-03 13:00:00,0.01,45.839064887814054,17.085,62.924064887814055,25.0,3.75,25.01,3.76
2025-03-03 14:00:00,61.4,43.225015644395796,17.085,60.3100156443958,25.0,3.75,86.4,65.15
2025-03-03 15:00:00,84.1,44.12508339935318,17.085,61.21008339935318,25.0,3.75,109.1,87.85
2025-03-03 16:00:00,106.36,46.44476271565554,17.085,63.529762715655544,25.0,3.75,131.36,110.11
2025-03-03 17:00:00,148.79,44.25433369581646,17.085,61.339333695816464,25.0,3.75,173.79,152.54
2025-03-03 18:00:00,183.95,48.453927702466814,17.085,65.53892770246682,25.0,3.75,208.95,187.7
2025-03-03 19:00:00,175.93,44.20072762877079,17.085,61.28572762877079,25.0,3.75,200.93,179.68
2025-03-03 20:00:00,150.49,45.44936945150377,17.085,62.53436945150377,25.0,3.75,175.49,154.24
2025-03-03 21:00:00,128.21,46.86518166374618,17.085,63.95018166374618,25.0,3.75,153.21,131.96
2025-03-03 22:00:00,124.93,42.163268534133934,17.085,59.248268534133935,25.0,3.75,149.93,128.68
2025-03-03 23:00:00,122.46,41.47838237603845,17.085,58.56338237603845,25.0,3.75,147.45999999999998,126.21
2025-03-04 00:00:00,121.0,41.94868737085981,17.085,59.03368737085981,25.0,3.75,146.0,124.75
2025-03-04 01:00:00,109.44,47.52516820685437,17.085,64.61016820685437,25.0,3.75,134.44,113.19
2025-03-04 02:00:00,103.79,43.89628370821511,17.085,60.98128370821511,25.0,3.75,128.79000000000002,107.54
2025-03-04 03:00:00,104.82,50.116398571336504,17.085,67.20139857133651,25.0,3.75,129.82,108.57
2025-03-04 04:00:00,100.28,43.87150480268522,17.085,60.956504802685224,25.0,3.75,125.28,104.03
2025-03-04 05:00:00,111.51,45.36910260639407,17.085,62.45410260639407,25.0,3.75,136.51,115.26
2025-03-04 06:00:00,141.86,48.084219905135754,17.085,65.16921990513575,25.0,3.75,166.86,145.61
2025-03-04 07:00:00,169.61,49.01218577631825,17.085,66.09718577631824,25.0,3.75,194.61,173.36
2025-03-04 08:00:00,141.95,49.123007153272795,17.085,66.2080071532728,25.0,3.75,166.95,145.7
2025-03-04 09:00:00,110.98,47.416732461186285,17.085,64.5017324611863,25.0,3.75,135.98000000000002,114.73
2025-03-04 10:00:00,80.02,47.048125051622925,17.085,64.13312505162293,25.0,3.75,105.02,83.77
2025-03-04 11:00:00,48.58,46.185053898402366,17.085,63.27005389840237,25.0,3.75,73.58,52.33
2025-03-04 12:00:00,20.53,46.55672215233328,17.085,63.64172215233328,25.0,3.75,45.53,24.28
2025-03-04 13:00:00,14.34,43.897628567342935,17.085,60.982628567342935,25.0,3.75,39.34,18.09
2025-03-04 14:00:00,52.31,43.36360223315538,17.085,60.448602233155384,25.0,3.75,77.31,56.06
2025-03-04 15:00:00,81.29,44.993251085178095,17.085,62.078251085178096,25.0,3.75,106.29,85.04
2025-03-04 16:00:00,111.15,44.65963075495014,17.085,61.744630754950144,25.0,3.75,136.15,114.9
2025-03-04 17:00:00,148.61,44.09354390134545,17.085,61.17854390134545,25.0,3.75,173.61,152.36
2025-03-04 18:00:00,180.92,46.39277489491343,17.085,63.47777489491343,25.0,3.75,205.92,184.67
2025-03-04 19:00:00,163.67,46.91061041714102,17.085,63.99561041714102,25.0,3.75,188.67,167.42
2025-03-04 20:00:00,134.13,45.17681377258369,17.085,62.26181377258369,25.0,3.75,159.13,137.88
2025-03-04 21:00:00,114.38,47.95506016211052,17.085,65.04006016211052,25.0,3.75,139.38,118.13
2025-03-04 22:00:00,114.41,42.71662177173299,17.085,59.80162177173299,25.0,3.75,139.41,118.16
2025-03-04 23:00:00,106.81,44.61268108144056,17.085,61.697681081440564,25.0,3.75,131.81,110.56
2025-03-05 00:00:00,90.05,43.56635535879439,17.085,60.65135535879439,25.0,3.75,115.05,93.8
2025-03-05 01:00:00,83.07,41.26692676585388,17.085,58.35192676585388,25.0,3.75,108.07,86.82
2025-03-05 02:00:00,83.01,44.8346386283146,17.085,61.9196386283146,25.0,3.75,108.01,86.76
2025-03-05 03:00:00,79.71,44.756504983233434,17.085,61.841504983233435,25.0,3.75,104.71,83.46
2025-03-05 04:00:00,81.63,48.02689948648426,17.085,65.11189948648426,25.0,3.75,106.63,85.38
2025-03-05 05:00:00,91.94,46.26162336910956,17.085,63.34662336910956,25.0,3.75,116.94,95.69
2025-03-05 06:00:00,115.57,42.95162635134159,17.085,60.03662635134159,25.0,3.75,140.57,119.32
2025-03-05 07:00:00,140.16,48.708185132668376,17.085,65.79318513266838,25.0,3.75,165.16,143.91
2025-03-05 08:00:00,85.64,47.442067391050706,17.085,64.5270673910507,25.0,3.75,110.64,89.39
2025-03-05 09:00:00,41.63,46.16419540693723,17.085,63.24919540693723,25.0,3.75,66.63,45.38
2025-03-05 10:00:00,0.02,44.54703180230034,17.085,61.63203180230034,25.0,3.75,25.02,3.77
2025-03-05 11:00:00,-0.07,43.08112152655304,17.085,60.16612152655304,25.0,3.75,24.93,3.68
2025-03-05 12:00:00,-4.28,44.255586447857894,17.085,61.340586447857895,25.0,3.75,20.72,-0.5300000000000002
2025-03-05 13:00:00,-3.7,47.177497239408375,17.085,64.26249723940838,25.0,3.75,21.3,0.04999999999999982
2025-03-05 14:00:00,0.05,48.769172611869216,17.085,65.85417261186922,25.0,3.75,25.05,3.8
2025-03-05 15:00:00,48.5,48.08648705654438,17.085,65.17148705654438,25.0,3.75,73.5,52.25
2025-03-05 16:00:00,89.89,44.02230115642745,17.085,61.107301156427454,25.0,3.75,114.89,93.64
2025-03-05 17:00:00,133.13,42.76076513342198,17.085,59.84576513342198,25.0,3.75,158.13,136.88
2025-03-05 18:00:00,146.23,45.28177249382241,17.085,62.36677249382241,25.0,3.75,171.23,149.98
2025-03-05 19:00:00,145.89,41.463121268874296,17.085,58.5481212688743,25.0,3.75,170.89,149.64
2025-03-05 20:00:00,123.0,45.64633542836956,17.085,62.73133542836956,25.0,3.75,148.0,126.75
2025-03-05 21:00:00,108.12,44.704794827402665,17.085,61.789794827402666,25.0,3.75,133.12,111.87
2025-03-05 22:00:00,109.12,44.067926996263516,17.085,61.15292699626352,25.0,3.75,134.12,112.87
2025-03-05 23:00:00,96.98,41.81059386546641,17.085,58.89559386546641,25.0,3.75,121.98,100.73
2025-03-06 00:00:00,83.9,46.02720021313943,17.085,63.11220021313943,25.0,3.75,108.9,87.65
2025-03-06 01:00:00,84.84,43.93459832067618,17.085,61.01959832067618,25.0,3.75,109.84,88.59
2025-03-06 02:00:00,87.0,42.66016632857942,17.085,59.74516632857942,25.0,3.75,112.0,90.75
2025-03-06 03:00:00,88.12,39.2554755734367,17.085,56.3404755734367,25.0,3.75,113.12,91.87
2025-03-06 04:00:00,94.56,44.944970189898726,17.085,62.02997018989873,25.0,3.75,119.56,98.31
2025-03-06 05:00:00,95.91,48.54450319333949,17.085,65.62950319333949,25.0,3.75,120.91,99.66
2025-03-06 06:00:00,139.28,48.32251842909574,17.085,65.40751842909575,25.0,3.75,164.28,143.03
2025-03-06 07:00:00,151.32,44.085807486827456,17.085,61.17080748682746,25.0,3.75,176.32,155.07
2025-03-06 08:00:00,108.5,43.79557587927644,17.085,60.88057587927644,25.0,3.75,133.5,112.25
2025-03-06 09:00:00,78.7,45.937548512150045,17.085,63.022548512150045,25.0,3.75,103.7,82.45
2025-03-06 10:00:00,50.47,43.00322912162342,17.085,60.08822912162342,25.0,3.75,75.47,54.22
2025-03-06 11:00:00,4.02,45.60358379963893,17.085,62.688583799638934,25.0,3.75,29.02,7.77
2025-03-06 12:00:00,0.08,46.532160556769384,17.085,63.617160556769385,25.0,3.75,25.08,3.83
2025-03-06 13:00:00,0.02,47.45386644776862,17.085,64.53886644776861,25.0,3.75,25.02,3.77
2025-03-06 14:00:00,13.16,44.799691847040094,17.085,61.884691847040095,25.0,3.75,38.16,16.91
2025-03-06 15:00:00,71.0,44.59265249964607,17.085,61.67765249964607,25.0,3.75,96.0,74.75
2025-03-06 16:00:00,116.52,43.244034826486875,17.085,60.329034826486875,25.0,3.75,141.51999999999998,120.27
2025-03-06 17:00:00,148.95,43.34623929192028,17.085,60.43123929192028,25.0,3.75,173.95,152.7
2025-03-06 18:00:00,165.36,44.54704221619695,17.085,61.63204221619695,25.0,3.75,190.36,169.11
2025-03-06 19:00:00,149.1,45.734731013632356,17.085,62.81973101363236,25.0,3.75,174.1,152.85
2025-03-06 20:00:00,125.64,46.8271692524665,17.085,63.9121692524665,25.0,3.75,150.64,129.39
2025-03-06 21:00:00,106.63,43.39364209863931,17.085,60.47864209863931,25.0,3.75,131.63,110.38
2025-03-06 22:00:00,101.47,47.985377137919045,17.085,65.07037713791905,25.0,3.75,126.47,105.22
2025-03-06 23:00:00,91.11,44.457752797914864,17.085,61.542752797914865,25.0,3.75,116.11,94.86
2025-03-07 00:00:00,90.27,44.957265411303126,17.085,62.04226541130313,25.0,3.75,115.27,94.02
2025-03-07 01:00:00,90.27,43.50557664170435,17.085,60.59057664170435,25.0,3.75,115.27,94.02
2025-03-07 02:00:00,91.38,40.151519479454116,17.085,57.23651947945412,25.0,3.75,116.38,95.13
2025-03-07 03:00:00,91.69,46.7680907927221,17.085,63.8530907927221,25.0,3.75,116.69,95.44
2025-03-07 04:00:00,99.0,46.47368779418487,17.085,63.55868779418487,25.0,3.75,124.0,102.75
2025-03-07 05:00:00,115.17,44.43734488576357,17.085,61.52234488576357,25.0,3.75,140.17000000000002,118.92
2025-03-07 06:00:00,135.67,45.133981434449744,17.085,62.218981434449745,25.0,3.75,160.67,139.42
2025-03-07 07:00:00,147.7,46.031878435408196,17.085,63.116878435408196,25.0,3.75,172.7,151.45
2025-03-07 08:00:00,122.23,41.87490828622691,17.085,58.95990828622691,25.0,3.75,147.23000000000002,125.98
2025-03-07 09:00:00,83.0,43.94189464530741,17.085,61.02689464530741,25.0,3.75,108.0,86.75
2025-03-07 10:00:00,65.3,46.58852935924365,17.085,63.67352935924365,25.0,3.75,90.3,69.05
2025-03-07 11:00:00,31.81,42.4914211536615,17.085,59.5764211536615,25.0,3.75,56.81,35.56
2025-03-07 12:00:00,12.79,45.587115864333256,17.085,62.67211586433326,25.0,3.75,37.79,16.54
2025-03-07 13:00:00,8.08,42.28683639075319,17.085,59.37183639075319,25.0,3.75,33.08,11.83
2025-03-07 14:00:00,37.06,45.932859964867056,17.085,63.01785996486706,25.0,3.75,62.06,40.81
2025-03-07 15:00:00,90.15,44.928717035405036,17.085,62.01371703540504,25.0,3.75,115.15,93.9
2025-03-07 16:00:00,126.99,41.76973636818898,17.085,58.85473636818898,25.0,3.75,151.99,130.74
2025-03-07 17:00:00,149.91,47.329478708914344,17.085,64.41447870891434,25.0,3.75,174.91,153.66
2025-03-07 18:00:00,216.64,43.5308168464039,17.085,60.6158168464039,25.0,3.75,241.64,220.39
2025-03-07 19:00:00,178.68,43.37949512597124,17.085,60.46449512597124,25.0,3.75,203.68,182.43
2025-03-07 20:00:00,148.7,45.40113839446189,17.085,62.48613839446189,25.0,3.75,173.7,152.45
2025-03-07 21:00:00,132.4,47.29727469885743,17.085,64.38227469885743,25.0,3.75,157.4,136.15
2025-03-07 22:00:00,119.11,42.96835636204321,17.085,60.05335636204321,25.0,3.75,144.11,122.86
2025-03-07 23:00:00,111.83,45.123359699695946,17.085,62.20835969969595,25.0,3.75,136.82999999999998,115.58
2025-03-08 00:00:00,124.97,45.857633000661146,17.085,62.94263300066115,25.0,3.75,149.97,128.72
2025-03-08 01:00:00,113.94,46.38621121452629,17.085,63.47121121452629,25.0,3.75,138.94,117.69
2025-03-08 02:00:00,117.22,45.35288311055445,17.085,62.43788311055445,25.0,3.75,142.22,120.97
2025-03-08 03:00:00,116.76,44.26594432183335,17.085,61.35094432183335,25.0,3.75,141.76,120.51
2025-03-08 04:00:00,118.42,43.34481955870256,17.085,60.42981955870256,25.0,3.75,143.42000000000002,122.17
2025-03-08 05:00:00,121.3,45.17228776609275,17.085,62.25728776609275,25.0,3.75,146.3,125.05
2025-03-08 06:00:00,127.82,42.85572197602879,17.085,59.94072197602879,25.0,3.75,152.82,131.57
2025-03-08 07:00:00,120.59,39.15729903301079,17.085,56.24229903301079,25.0,3.75,145.59,124.34
2025-03-08 08:00:00,98.04,45.873119608315335,17.085,62.958119608315336,25.0,3.75,123.04,101.79
2025-03-08 09:00:00,72.54,46.80786968217239,17.085,63.89286968217239,25.0,3.75,97.54,76.29
2025-03-08 10:00:00,18.05,40.27413512891632,17.085,57.35913512891632,25.0,3.75,43.05,21.8
2025-03-08 11:00:00,2.07,42.980538590580124,17.085,60.065538590580125,25.0,3.75,27.07,5.82
2025-03-08 12:00:00,-0.34,46.23830852201039,17.085,63.32330852201039,25.0,3.75,24.66,3.41
2025-03-08 13:00:00,-0.1,49.1149909394234,17.085,66.1999909394234,25.0,3.75,24.9,3.65
2025-03-08 14:00:00,0.07,45.04158741535082,17.085,62.12658741535082,25.0,3.75,25.07,3.82
2025-03-08 15:00:00,56.2,43.54399411754173,17.085,60.62899411754173,25.0,3.75,81.2,59.95
2025-03-08 16:00:00,100.86,44.63420711779032,17.085,61.71920711779032,25.0,3.75,125.86,104.61
2025-03-08 17:00:00,145.58,47.74975283829637,17.085,64.83475283829637,25.0,3.75,170.58,149.33
2025-03-08 18:00:00,174.05,43.70807164175093,17.085,60.79307164175093,25.0,3.75,199.05,177.8
2025-03-08 19:00:00,140.03,43.40161598669949,17.085,60.48661598669949,25.0,3.75,165.03,143.78
2025-03-08 20:00:00,111.21,44.03451295563593,17.085,61.11951295563593,25.0,3.75,136.20999999999998,114.96
2025-03-08 21:00:00,100.0,43.093342783482576,17.085,60.17834278348258,25.0,3.75,125.0,103.75
2025-03-08 22:00:00,99.24,45.24534063198959,17.085,62.33034063198959,25.0,3.75,124.24,102.99
2025-03-08 23:00:00,97.94,48.24935691693912,17.085,65.33435691693913,25.0,3.75,122.94,101.69
2025-03-09 00:00:00,95.19,45.64615854623206,17.085,62.73115854623206,25.0,3.75,120.19,98.94
2025-03-09 01:00:00,94.81,44.49529299574743,17.085,61.58029299574743,25.0,3.75,119.81,98.56
2025-03-09 02:00:00,94.44,44.41637746216891,17.085,61.50137746216891,25.0,3.75,119.44,98.19
2025-03-09 03:00:00,96.51,41.873618382606686,17.085,58.95861838260669,25.0,3.75,121.51,100.26
2025-03-09 04:00:00,98.67,46.76621955429432,17.085,63.85121955429432,25.0,3.75,123.67,102.42
2025-03-09 05:00:00,101.51,44.8443256059744,17.085,61.9293256059744,25.0,3.75,126.51,105.26
2025-03-09 06:00:00,100.0,44.639040172818746,17.085,61.724040172818746,25.0,3.75,125.0,103.75
2025-03-09 07:00:00,93.01,51.386215135689724,17.085,68.47121513568973,25.0,3.75,118.01,96.76
2025-03-09 08:00:00,65.4,45.59750581673137,17.085,62.68250581673137,25.0,3.75,90.4,69.15
2025-03-09 09:00:00,29.27,43.49641789980963,17.085,60.58141789980963,25.0,3.75,54.269999999999996,33.019999999999996
2025-03-09 10:00:00,10.1,44.14728480758891,17.085,61.23228480758891,25.0,3.75,35.1,13.85
2025-03-09 11:00:00,0.03,47.29689141839351,17.085,64.38189141839351,25.0,3.75,25.03,3.78
2025-03-09 12:00:00,-2.26,45.22654082107553,17.085,62.31154082107553,25.0,3.75,22.740000000000002,1.4900000000000002
2025-03-09 13:00:00,-2.04,42.12344404336527,17.085,59.20844404336527,25.0,3.75,22.96,1.71
2025-03-09 14:00:00,0.09,46.83845786915041,17.085,63.92345786915041,25.0,3.75,25.09,3.84
2025-03-09 15:00:00,17.39,43.66371182892201,17.085,60.74871182892201,25.0,3.75,42.39,21.14
2025-03-09 16:00:00,90.56,48.74659555243509,17.085,65.83159555243509,25.0,3.75,115.56,94.31
2025-03-09 17:00:00,125.74,47.1600961314293,17.085,64.2450961314293,25.0,3.75,150.74,129.49
2025-03-09 18:00:00,135.37,44.1053562086825,17.085,61.1903562086825,25.0,3.75,160.37,139.12
2025-03-09 19:00:00,136.7,47.562032723470224,17.085,64.64703272347023,25.0,3.75,161.7,140.45
2025-03-09 20:00:00,130.2,45.13571102105481,17.085,62.22071102105481,25.0,3.75,155.2,133.95
2025-03-09 21:00:00,122.7,46.70554735024444,17.085,63.79054735024444,25.0,3.75,147.7,126.45
2025-03-09 22:00:00,112.8,45.96946563458895,17.085,63.05446563458895,25.0,3.75,137.8,116.55
2025-03-09 23:00:00,106.83,43.30728669001825,17.085,60.39228669001825,25.0,3.75,131.82999999999998,110.58
2025-03-10 00:00:00,96.83,43.71290033536508,17.085,60.79790033536508,25.0,3.75,121.83,100.58
2025-03-10 01:00:00,94.92,47.059921635162326,17.085,64.14492163516232,25.0,3.75,119.92,98.67
2025-03-10 02:00:00,96.7,44.330449335786916,17.085,61.41544933578692,25.0,3.75,121.7,100.45
2025-03-10 03:00:00,96.87,44.19270307351601,17.085,61.27770307351601,25.0,3.75,121.87,100.62
2025-03-10 04:00:00,94.65,43.08975484130129,17.085,60.174754841301294,25.0,3.75,119.65,98.4
2025-03-10 05:00:00,106.37,45.84719813118692,17.085,62.93219813118692,25.0,3.75,131.37,110.12
2025-03-10 06:00:00,148.49,49.12504983848629,17.085,66.2100498384863,25.0,3.75,173.49,152.24
2025-03-10 07:00:00,159.75,42.864934171491456,17.085,59.949934171491456,25.0,3.75,184.75,163.5
2025-03-10 08:00:00,133.96,45.048438913345514,17.085,62.133438913345515,25.0,3.75,158.96,137.71
2025-03-10 09:00:00,98.88,47.82444111083086,17.085,64.90944111083087,25.0,3.75,123.88,102.63
2025-03-10 10:00:00,84.38,44.84071721750857,17.085,61.92571721750857,25.0,3.75,109.38,88.13
2025-03-10 11:00:00,77.88,45.90474359249947,17.085,62.98974359249947,25.0,3.75,102.88,81.63
2025-03-10 12:00:00,76.02,42.87521294370624,17.085,59.96021294370624,25.0,3.75,101.02,79.77
2025-03-10 13:00:00,77.32,45.8566141944153,17.085,62.9416141944153,25.0,3.75,102.32,81.07
2025-03-10 14:00:00,83.91,44.625711469990904,17.085,61.710711469990905,25.0,3.75,108.91,87.66
2025-03-10 15:00:00,97.47,46.97145999135972,17.085,64.05645999135973,25.0,3.75,122.47,101.22
2025-03-10 16:00:00,127.47,47.3747721031295,17.085,64.4597721031295,25.0,3.75,152.47,131.22
2025-03-10 17:00:00,147.97,50.17912728403723,17.085,67.26412728403723,25.0,3.75,172.97,151.72
2025-03-10 18:00:00,174.92,46.15926634642715,17.085,63.24426634642715,25.0,3.75,199.92,178.67
2025-03-10 19:00:00,160.24,45.651592633164334,17.085,62.736592633164335,25.0,3.75,185.24,163.99
2025-03-10 20:00:00,142.14,45.38876860315467,17.085,62.473768603154674,25.0,3.75,167.14,145.89
2025-03-10 21:00:00,126.59,44.293667414378625,17.085,61.378667414378626,25.0,3.75,151.59,130.34
2025-03-10 22:00:00,106.88,45.67696768692338,17.085,62.761967686923384,25.0,3.75,131.88,110.63
2025-03-10 23:00:00,97.97,44.40919717972194,17.085,61.494197179721944,25.0,3.75,122.97,101.72
2025-03-11 00:00:00,104.39,45.33692195253923,17.085,62.42192195253923,25.0,3.75,129.39,108.14
2025-03-11 01:00:00,101.8,47.63519507121592,17.085,64.72019507121593,25.0,3.75,126.8,105.55
2025-03-11 02:00:00,99.73,42.98691486944072,17.085,60.07191486944072,25.0,3.75,124.73,103.48
2025-03-11 03:00:00,100.5,47.27975712225809,17.085,64.36475712225808,25.0,3.75,125.5,104.25
2025-03-11 04:00:00,102.53,47.63423013467973,17.085,64.71923013467973,25.0,3.75,127.53,106.28
2025-03-11 05:00:00,110.86,44.763862946017845,17.085,61.848862946017846,25.0,3.75,135.86,114.61
2025-03-11 06:00:00,148.04,40.75629020198281,17.085,57.84129020198281,25.0,3.75,173.04,151.79
2025-03-11 07:00:00,152.98,43.784356025811135,17.085,60.869356025811136,25.0,3.75,177.98,156.73
2025-03-11 08:00:00,146.49,47.59398909312222,17.085,64.67898909312223,25.0,3.75,171.49,150.24
2025-03-11 09:00:00,128.53,44.95426387540223,17.085,62.039263875402234,25.0,3.75,153.53,132.28
2025-03-11 10:00:00,102.0,43.001395535410175,17.085,60.086395535410176,25.0,3.75,127.0,105.75
2025-03-11 11:00:00,97.48,43.99045015754356,17.085,61.075450157543564,25.0,3.75,122.48,101.23
2025-03-11 12:00:00,96.44,46.681240053009105,17.085,63.766240053009106,25.0,3.75,121.44,100.19
2025-03-11 13:00:00,98.38,46.09346713640276,17.085,63.17846713640276,25.0,3.75,123.38,102.13
2025-03-11 14:00:00,102.35,44.52213580166061,17.085,61.60713580166061,25.0,3.75,127.35,106.1
2025-03-11 15:00:00,112.84,44.26635117637063,17.085,61.35135117637063,25.0,3.75,137.84,116.59
2025-03-11 16:00:00,132.86,44.21648370191236,17.085,61.30148370191236,25.0,3.75,157.86,136.61
2025-03-11 17:00:00,171.95,43.155179631002994,17.085,60.240179631002995,25.0,3.75,196.95,175.7
2025-03-11 18:00:00,205.02,48.23075137893888,17.085,65.31575137893888,25.0,3.75,230.02,208.77
2025-03-11 19:00:00,180.95,44.35535906157732,17.085,61.44035906157732,25.0,3.75,205.95,184.7
2025-03-11 20:00:00,149.43,47.43431704165099,17.085,64.519317041651,25.0,3.75,174.43,153.18
2025-03-11 21:00:00,133.0,48.0426321038449,17.085,65.1276321038449,25.0,3.75,158.0,136.75
2025-03-11 22:00:00,121.25,46.99662179629592,17.085,64.08162179629592,25.0,3.75,146.25,125.0
2025-03-11 23:00:00,107.34,44.1367593745639,17.085,61.2217593745639,25.0,3.75,132.34,111.09
2025-03-12 00:00:00,101.73,45.80746018067322,17.085,62.89246018067322,25.0,3.75,126.73,105.48
2025-03-12 01:00:00,100.09,44.95160878721817,17.085,62.03660878721817,25.0,3.75,125.09,103.84
2025-03-12 02:00:00,97.79,43.192596278539746,17.085,60.27759627853975,25.0,3.75,122.79,101.54
2025-03-12 03:00:00,97.38,45.648718563443204,17.085,62.733718563443205,25.0,3.75,122.38,101.13
2025-03-12 04:00:00,101.8,42.641920417680396,17.085,59.7269204176804,25.0,3.75,126.8,105.55
2025-03-12 05:00:00,110.31,47.37535877692313,17.085,64.46035877692313,25.0,3.75,135.31,114.06
2025-03-12 06:00:00,144.54,44.070765405403215,17.085,61.155765405403216,25.0,3.75,169.54,148.29
2025-03-12 07:00:00,161.64,45.40231931174568,17.085,62.48731931174568,25.0,3.75,186.64,165.39
2025-03-12 08:00:00,148.41,45.56657574309229,17.085,62.65157574309229,25.0,3.75,173.41,152.16
2025-03-12 09:00:00,125.0,44.48219005259185,17.085,61.56719005259185,25.0,3.75,150.0,128.75
2025-03-12 10:00:00,102.62,46.17338760295055,17.085,63.25838760295055,25.0,3.75,127.62,106.37
2025-03-12 11:00:00,99.69,44.050192686754954,17.085,61.135192686754955,25.0,3.75,124.69,103.44
2025-03-12 12:00:00,98.07,46.742594594914486,17.085,63.82759459491449,25.0,3.75,123.07,101.82
2025-03-12 13:00:00,99.91,42.3080406395065,17.085,59.3930406395065,25.0,3.75,124.91,103.66
2025-03-12 14:00:00,101.65,45.252759159092825,17.085,62.337759159092826,25.0,3.75,126.65,105.4
2025-03-12 15:00:00,117.74,48.87785799811657,17.085,65.96285799811656,25.0,3.75,142.74,121.49
2025-03-12 16:00:00,142.1,42.99933735078885,17.085,60.08433735078885,25.0,3.75,167.1,145.85
2025-03-12 17:00:00,157.03,43.644510058950296,17.085,60.7295100589503,25.0,3.75,182.03,160.78
2025-03-12 18:00:00,199.75,46.02781569931783,17.085,63.11281569931783,25.0,3.75,224.75,203.5
2025-03-12 19:00:00,179.49,45.35916356387919,17.085,62.444163563879194,25.0,3.75,204.49,183.24
2025-03-12 20:00:00,148.05,45.70126019854712,17.085,62.78626019854712,25.0,3.75,173.05,151.8
2025-03-12 21:00:00,132.2,45.978374260295325,17.085,63.063374260295326,25.0,3.75,157.2,135.95
2025-03-12 22:00:00,120.0,46.26944293712354,17.085,63.354442937123544,25.0,3.75,145.0,123.75
2025-03-12 23:00:00,109.91,47.21939968391245,17.085,64.30439968391245,25.0,3.75,134.91,113.66
2025-03-13 00:00:00,108.52,45.81963731385702,17.085,62.90463731385702,25.0,3.75,133.51999999999998,112.27
2025-03-13 01:00:00,102.25,44.51748469076291,17.085,61.602484690762914,25.0,3.75,127.25,106.0
2025-03-13 02:00:00,98.98,46.34514740240546,17.085,63.43014740240546,25.0,3.75,123.98,102.73
2025-03-13 03:00:00,96.71,48.79976386979043,17.085,65.88476386979043,25.0,3.75,121.71,100.46
2025-03-13 04:00:00,98.35,44.73473250723485,17.085,61.81973250723485,25.0,3.75,123.35,102.1
2025-03-13 05:00:00,105.88,43.050941390658714,17.085,60.135941390658715,25.0,3.75,130.88,109.63
2025-03-13 06:00:00,132.99,47.214161338573945,17.085,64.29916133857395,25.0,3.75,157.99,136.74
2025-03-13 07:00:00,159.87,44.7592376720928,17.085,61.8442376720928,25.0,3.75,184.87,163.62
2025-03-13 08:00:00,158.03,40.65466090797193,17.085,57.73966090797193,25.0,3.75,183.03,161.78
2025-03-13 09:00:00,148.13,46.69484335430084,17.085,63.779843354300844,25.0,3.75,173.13,151.88
2025-03-13 10:00:00,123.77,43.929343628092155,17.085,61.014343628092156,25.0,3.75,148.76999999999998,127.52
2025-03-13 11:00:00,110.7,44.81893343539168,17.085,61.90393343539168,25.0,3.75,135.7,114.45
2025-03-13 12:00:00,110.01,45.66396066113803,17.085,62.74896066113803,25.0,3.75,135.01,113.76
2025-03-13 13:00:00,108.22,45.38099935955813,17.085,62.46599935955813,25.0,3.75,133.22,111.97
2025-03-13 14:00:00,107.54,46.41890363427808,17.085,63.50390363427808,25.0,3.75,132.54000000000002,111.29
2025-03-13 15:00:00,109.99,44.12902725886031,17.085,61.21402725886031,25.0,3.75,134.99,113.74
2025-03-13 16:00:00,121.47,46.02621159635216,17.085,63.11121159635216,25.0,3.75,146.47,125.22
2025-03-13 17:00:00,142.65,44.48090664483217,17.085,61.56590664483217,25.0,3.75,167.65,146.4
2025-03-13 18:00:00,166.05,46.477620961775,17.085,63.562620961775,25.0,3.75,191.05,169.8
2025-03-13 19:00:00,173.47,46.230734968026105,17.085,63.315734968026106,25.0,3.75,198.47,177.22
2025-03-13 20:00:00,149.0,43.12912259591081,17.085,60.21412259591081,25.0,3.75,174.0,152.75
2025-03-13 21:00:00,135.69,47.171964232350064,17.085,64.25696423235007,25.0,3.75,160.69,139.44
2025-03-13 22:00:00,123.48,43.9280731097719,17.085,61.0130731097719,25.0,3.75,148.48000000000002,127.23
2025-03-13 23:00:00,111.63,46.61611559656229,17.085,63.70111559656229,25.0,3.75,136.63,115.38
2025-03-14 00:00:00,109.09,45.73457462680268,17.085,62.819574626802684,25.0,3.75,134.09,112.84
2025-03-14 01:00:00,106.0,48.676367353590244,17.085,65.76136735359024,25.0,3.75,131.0,109.75
2025-03-14 02:00:00,105.9,44.553068035256295,17.085,61.638068035256296,25.0,3.75,130.9,109.65
2025-03-14 03:00:00,103.83,44.3013664077636,17.085,61.3863664077636,25.0,3.75,128.82999999999998,107.58
2025-03-14 04:00:00,105.3,44.96116078822453,17.085,62.04616078822453,25.0,3.75,130.3,109.05
2025-03-14 05:00:00,113.99,44.39364043433145,17.085,61.47864043433145,25.0,3.75,138.99,117.74
2025-03-14 06:00:00,143.02,46.5998838038841,17.085,63.6848838038841,25.0,3.75,168.02,146.77
2025-03-14 07:00:00,155.11,41.76737878312682,17.085,58.852378783126824,25.0,3.75,180.11,158.86
2025-03-14 08:00:00,155.0,42.89263516170729,17.085,59.97763516170729,25.0,3.75,180.0,158.75
2025-03-14 09:00:00,132.09,42.86439415684161,17.085,59.94939415684161,25.0,3.75,157.09,135.84
2025-03-14 10:00:00,112.0,46.90061518394715,17.085,63.985615183947154,25.0,3.75,137.0,115.75
2025-03-14 11:00:00,106.35,48.42122674516385,17.085,65.50622674516384,25.0,3.75,131.35,110.1
2025-03-14 12:00:00,104.5,44.79110156292506,17.085,61.87610156292506,25.0,3.75,129.5,108.25
2025-03-14 13:00:00,104.59,44.66235655361998,17.085,61.74735655361998,25.0,3.75,129.59,108.34
2025-03-14 14:00:00,105.38,45.140104326226364,17.085,62.225104326226365,25.0,3.75,130.38,109.13
2025-03-14 15:00:00,109.39,47.32375660521638,17.085,64.40875660521638,25.0,3.75,134.39,113.14
2025-03-14 16:00:00,124.84,43.14529373161885,17.085,60.23029373161885,25.0,3.75,149.84,128.59
2025-03-14 17:00:00,146.44,45.47673796546957,17.085,62.56173796546957,25.0,3.75,171.44,150.19
2025-03-14 18:00:00,155.33,46.95039525956486,17.085,64.03539525956487,25.0,3.75,180.33,159.08
2025-03-14 19:00:00,150.91,46.00218833987969,17.085,63.08718833987969,25.0,3.75,175.91,154.66
2025-03-14 20:00:00,130.01,45.37916323319749,17.085,62.46416323319749,25.0,3.75,155.01,133.76
2025-03-14 21:00:00,111.39,47.00209218513428,17.085,64.08709218513428,25.0,3.75,136.39,115.14
2025-03-14 22:00:00,114.0,39.59353541400152,17.085,56.67853541400152,25.0,3.75,139.0,117.75
2025-03-14 23:00:00,105.17,46.35575063906182,17.085,63.44075063906182,25.0,3.75,130.17000000000002,108.92
2025-03-15 00:00:00,112.15,43.69184863374515,17.085,60.77684863374515,25.0,3.75,137.15,115.9
2025-03-15 01:00:00,103.14,41.338734206287086,17.085,58.42373420628709,25.0,3.75,128.14,106.89
2025-03-15 02:00:00,96.0,46.02240519904996,17.085,63.107405199049964,25.0,3.75,121.0,99.75
2025-03-15 03:00:00,89.9,47.747317090325915,17.085,64.83231709032592,25.0,3.75,114.9,93.65
2025-03-15 04:00:00,86.9,44.725102970744615,17.085,61.810102970744616,25.0,3.75,111.9,90.65
2025-03-15 05:00:00,90.55,46.90574909440588,17.085,63.99074909440588,25.0,3.75,115.55,94.3
2025-03-15 06:00:00,97.01,48.22455651597729,17.085,65.30955651597729,25.0,3.75,122.01,100.76
2025-03-15 07:00:00,99.42,47.6298289071681,17.085,64.7148289071681,25.0,3.75,124.42,103.17
2025-03-15 08:00:00,98.77,48.27992905874279,17.085,65.36492905874279,25.0,3.75,123.77,102.52
2025-03-15 09:00:00,86.4,46.48425498214378,17.085,63.56925498214378,25.0,3.75,111.4,90.15
2025-03-15 10:00:00,72.39,45.15086727780319,17.085,62.23586727780319,25.0,3.75,97.39,76.14
2025-03-15 11:00:00,67.16,41.79606837620566,17.085,58.88106837620566,25.0,3.75,92.16,70.91
2025-03-15 12:00:00,57.32,44.507875023740105,17.085,61.592875023740106,25.0,3.75,82.32,61.07
2025-03-15 13:00:00,48.0,43.31350680936762,17.085,60.39850680936762,25.0,3.75,73.0,51.75
2025-03-15 14:00:00,54.51,49.341885434995625,17.085,66.42688543499563,25.0,3.75,79.50999999999999,58.26
2025-03-15 15:00:00,70.8,44.648228375135325,17.085,61.733228375135326,25.0,3.75,95.8,74.55
2025-03-15 16:00:00,84.24,45.24640961356897,17.085,62.33140961356897,25.0,3.75,109.24,87.99
2025-03-15 17:00:00,121.91,46.102970752080935,17.085,63.187970752080936,25.0,3.75,146.91,125.66
2025-03-15 18:00:00,130.3,45.08720489274491,17.085,62.17220489274491,25.0,3.75,155.3,134.05
2025-03-15 19:00:00,132.96,48.3901020808615,17.085,65.4751020808615,25.0,3.75,157.96,136.71
2025-03-15 20:00:00,121.46,43.754701276531094,17.085,60.839701276531095,25.0,3.75,146.45999999999998,125.21
2025-03-15 21:00:00,108.5,45.389214910474486,17.085,62.47421491047449,25.0,3.75,133.5,112.25
2025-03-15 22:00:00,105.02,43.515058828603905,17.085,60.600058828603906,25.0,3.75,130.01999999999998,108.77
2025-03-15 23:00:00,95.25,42.35995497755859,17.085,59.44495497755859,25.0,3.75,120.25,99.0
2025-03-16 00:00:00,90.01,43.77646181818943,17.085,60.86146181818943,25.0,3.75,115.01,93.76
2025-03-16 01:00:00,85.79,44.925926405903176,17.085,62.01092640590318,25.0,3.75,110.79,89.54
2025-03-16 02:00:00,79.62,44.14139555096548,17.085,61.22639555096548,25.0,3.75,104.62,83.37
2025-03-16 03:00:00,78.18,43.61515804025229,17.085,60.70015804025229,25.0,3.75,103.18,81.93
2025-03-16 04:00:00,78.6,42.187365072656334,17.085,59.272365072656335,25.0,3.75,103.6,82.35
2025-03-16 05:00:00,80.51,44.83378885474261,17.085,61.91878885474261,25.0,3.75,105.51,84.26
2025-03-16 06:00:00,85.14,41.990559251937995,17.085,59.075559251937996,25.0,3.75,110.14,88.89
2025-03-16 07:00:00,82.07,46.520111927379205,17.085,63.605111927379205,25.0,3.75,107.07,85.82
2025-03-16 08:00:00,77.95,45.16487950586901,17.085,62.24987950586901,25.0,3.75,102.95,81.7
2025-03-16 09:00:00,56.9,42.08489700107014,17.085,59.16989700107014,25.0,3.75,81.9,60.65
2025-03-16 10:00:00,24.09,44.38158184590027,17.085,61.46658184590027,25.0,3.75,49.09,27.84
2025-03-16 11:00:00,2.9,43.495687188818835,17.085,60.580687188818835,25.0,3.75,27.9,6.65
2025-03-16 12:00:00,1.01,45.63834902083836,17.085,62.72334902083836,25.0,3.75,26.01,4.76
2025-03-16 13:00:00,0.19,47.68090089204629,17.085,64.76590089204629,25.0,3.75,25.19,3.94
2025-03-16 14:00:00,2.53,41.24965506070851,17.085,58.33465506070851,25.0,3.75,27.53,6.279999999999999
2025-03-16 15:00:00,31.0,45.23005215829483,17.085,62.31505215829483,25.0,3.75,56.0,34.75
2025-03-16 16:00:00,71.11,44.67973440886672,17.085,61.76473440886672,25.0,3.75,96.11,74.86
2025-03-16 17:00:00,116.81,46.34268015290093,17.085,63.42768015290093,25.0,3.75,141.81,120.56
2025-03-16 18:00:00,130.84,45.42639325647538,17.085,62.51139325647538,25.0,3.75,155.84,134.59
2025-03-16 19:00:00,140.0,43.49606133652236,17.085,60.58106133652236,25.0,3.75,165.0,143.75
2025-03-16 20:00:00,125.28,44.36189212866677,17.085,61.44689212866677,25.0,3.75,150.28,129.03
2025-03-16 21:00:00,107.73,43.40794828639302,17.085,60.49294828639302,25.0,3.75,132.73000000000002,111.48
2025-03-16 22:00:00,100.8,47.152014277197196,17.085,64.2370142771972,25.0,3.75,125.8,104.55
2025-03-16 23:00:00,79.71,45.04262329734389,17.085,62.12762329734389,25.0,3.75,104.71,83.46
2025-03-17 00:00:00,78.1,48.802381371506016,17.085,65.88738137150602,25.0,3.75,103.1,81.85
2025-03-17 01:00:00,79.01,44.87867837237076,17.085,61.96367837237076,25.0,3.75,104.01,82.76
2025-03-17 02:00:00,78.79,43.58318646617907,17.085,60.66818646617907,25.0,3.75,103.79,82.54
2025-03-17 03:00:00,80.91,41.97257121477435,17.085,59.05757121477435,25.0,3.75,105.91,84.66
2025-03-17 04:00:00,85.85,41.39372064748811,17.085,58.47872064748811,25.0,3.75,110.85,89.6
2025-03-17 05:00:00,103.3,41.83172811398902,17.085,58.91672811398902,25.0,3.75,128.3,107.05
2025-03-17 06:00:00,135.18,45.53425330202297,17.085,62.61925330202297,25.0,3.75,160.18,138.93
2025-03-17 07:00:00,152.87,46.01745004645987,17.085,63.10245004645987,25.0,3.75,177.87,156.62
2025-03-17 08:00:00,135.24,41.83761859593573,17.085,58.92261859593573,25.0,3.75,160.24,138.99
2025-03-17 09:00:00,100.73,46.79007662815223,17.085,63.87507662815223,25.0,3.75,125.73,104.48
2025-03-17 10:00:00,68.21,44.03387789663312,17.085,61.11887789663312,25.0,3.75,93.21,71.96
2025-03-17 11:00:00,50.56,45.2935860239711,17.085,62.3785860239711,25.0,3.75,75.56,54.31
2025-03-17 12:00:00,31.17,48.22444125651085,17.085,65.30944125651085,25.0,3.75,56.17,34.92
2025-03-17 13:00:00,27.95,46.79367863173106,17.085,63.87867863173106,25.0,3.75,52.95,31.7
2025-03-17 14:00:00,50.14,44.46293870418833,17.085,61.54793870418833,25.0,3.75,75.14,53.89
2025-03-17 15:00:00,70.01,43.21761554916942,17.085,60.302615549169424,25.0,3.75,95.01,73.76
2025-03-17 16:00:00,98.55,40.69636919734139,17.085,57.78136919734139,25.0,3.75,123.55,102.3
2025-03-17 17:00:00,143.05,43.56169336151516,17.085,60.64669336151516,25.0,3.75,168.05,146.8
2025-03-17 18:00:00,177.33,44.57773952234461,17.085,61.66273952234461,25.0,3.75,202.33,181.08
2025-03-17 19:00:00,170.0,43.02564094569763,17.085,60.11064094569763,25.0,3.75,195.0,173.75
2025-03-17 20:00:00,141.5,44.73748606581539,17.085,61.82248606581539,25.0,3.75,166.5,145.25
2025-03-17 21:00:00,118.85,45.153703765917534,17.085,62.238703765917535,25.0,3.75,143.85,122.6
2025-03-17 22:00:00,107.86,44.55028803638384,17.085,61.63528803638384,25.0,3.75,132.86,111.61
2025-03-17 23:00:00,93.5,43.69999483835308,17.085,60.78499483835308,25.0,3.75,118.5,97.25
2025-03-18 00:00:00,92.2,45.337309343933455,17.085,62.422309343933456,25.0,3.75,117.2,95.95
2025-03-18 01:00:00,89.99,45.88388129913882,17.085,62.96888129913882,25.0,3.75,114.99,93.74
2025-03-18 02:00:00,92.37,42.81920184511431,17.085,59.90420184511431,25.0,3.75,117.37,96.12
2025-03-18 03:00:00,89.2,47.82186475949254,17.085,64.90686475949255,25.0,3.75,114.2,92.95
2025-03-18 04:00:00,95.25,44.802823735431474,17.085,61.887823735431475,25.0,3.75,120.25,99.0
2025-03-18 05:00:00,110.74,45.0376992458897,17.085,62.1226992458897,25.0,3.75,135.74,114.49
2025-03-18 06:00:00,138.9,46.416428846513114,17.085,63.501428846513114,25.0,3.75,163.9,142.65
2025-03-18 07:00:00,136.68,45.466432262527,17.085,62.551432262527,25.0,3.75,161.68,140.43
2025-03-18 08:00:00,106.52,46.90627326782649,17.085,63.99127326782649,25.0,3.75,131.51999999999998,110.27
2025-03-18 09:00:00,71.53,45.57424833040365,17.085,62.65924833040365,25.0,3.75,96.53,75.28
2025-03-18 10:00:00,25.27,43.77512525071912,17.085,60.86012525071912,25.0,3.75,50.269999999999996,29.02
2025-03-18 11:00:00,0.68,45.72300705041221,17.085,62.80800705041221,25.0,3.75,25.68,4.43
2025-03-18 12:00:00,-1.46,42.71254758535868,17.085,59.79754758535868,25.0,3.75,23.54,2.29
2025-03-18 13:00:00,-0.3,45.21711941155305,17.085,62.30211941155305,25.0,3.75,24.7,3.45
2025-03-18 14:00:00,5.72,44.93354001871108,17.085,62.01854001871108,25.0,3.75,30.72,9.469999999999999
2025-03-18 15:00:00,50.28,44.58376628545492,17.085,61.66876628545492,25.0,3.75,75.28,54.03
2025-03-18 16:00:00,95.94,44.74292497712214,17.085,61.82792497712214,25.0,3.75,120.94,99.69
2025-03-18 17:00:00,140.9,41.23630190900472,17.085,58.321301909004724,25.0,3.75,165.9,144.65
2025-03-18 18:00:00,170.91,43.90255018451808,17.085,60.98755018451808,25.0,3.75,195.91,174.66
2025-03-18 19:00:00,167.46,45.185689802282226,17.085,62.27068980228223,25.0,3.75,192.46,171.21
2025-03-18 20:00:00,142.39,45.3197127839948,17.085,62.4047127839948,25.0,3.75,167.39,146.14
2025-03-18 21:00:00,123.04,42.944649718148085,17.085,60.029649718148086,25.0,3.75,148.04000000000002,126.79
2025-03-18 22:00:00,115.97,47.5314156817294,17.085,64.61641568172939,25.0,3.75,140.97,119.72
2025-03-18 23:00:00,103.29,43.267650303570996,17.085,60.352650303571,25.0,3.75,128.29000000000002,107.04
2025-03-19 00:00:00,107.29,46.938914401053474,17.085,64.02391440105347,25.0,3.75,132.29000000000002,111.04
2025-03-19 01:00:00,102.4,45.85438872374337,17.085,62.93938872374337,25.0,3.75,127.4,106.15
2025-03-19 02:00:00,101.19,43.707545380312396,17.085,60.7925453803124,25.0,3.75,126.19,104.94
2025-03-19 03:00:00,102.0,48.55062178521902,17.085,65.63562178521903,25.0,3.75,127.0,105.75
2025-03-19 04:00:00,106.59,42.61272633648704,17.085,59.697726336487044,25.0,3.75,131.59,110.34
2025-03-19 05:00:00,122.52,46.83830834722,17.085,63.92330834722,25.0,3.75,147.51999999999998,126.27
2025-03-19 06:00:00,158.05,47.00116463608596,17.085,64.08616463608595,25.0,3.75,183.05,161.8
2025-03-19 07:00:00,147.74,43.65875958184671,17.085,60.74375958184671,25.0,3.75,172.74,151.49
2025-03-19 08:00:00,108.23,47.78493060012866,17.085,64.86993060012867,25.0,3.75,133.23000000000002,111.98
2025-03-19 09:00:00,79.5,44.499906970802094,17.085,61.584906970802095,25.0,3.75,104.5,83.25
2025-03-19 10:00:00,26.52,45.57738725855972,17.085,62.66238725855972,25.0,3.75,51.519999999999996,30.27
2025-03-19 11:00:00,-0.04,45.52064367754244,17.085,62.60564367754244,25.0,3.75,24.96,3.71
2025-03-19 12:00:00,-0.56,44.731382517058904,17.085,61.816382517058905,25.0,3.75,24.44,3.19
2025-03-19 13:00:00,-0.25,46.621616546319565,17.085,63.706616546319566,25.0,3.75,24.75,3.5
2025-03-19 14:00:00,0.99,46.58697744110442,17.085,63.671977441104424,25.0,3.75,25.99,4.74
2025-03-19 15:00:00,66.73,41.50293605352364,17.085,58.58793605352364,25.0,3.75,91.73,70.48
2025-03-19 16:00:00,109.85,47.6086804857563,17.085,64.6936804857563,25.0,3.75,134.85,113.6
2025-03-19 17:00:00,147.56,41.67501602392865,17.085,58.76001602392865,25.0,3.75,172.56,151.31
2025-03-19 18:00:00,248.18,47.06509240868331,17.085,64.15009240868332,25.0,3.75,273.18,251.93
2025-03-19 19:00:00,220.3,47.25341027365516,17.085,64.33841027365517,25.0,3.75,245.3,224.05
2025-03-19 20:00:00,176.68,42.81806713956961,17.085,59.90306713956961,25.0,3.75,201.68,180.43
2025-03-19 21:00:00,138.24,44.178371424090834,17.085,61.263371424090835,25.0,3.75,163.24,141.99
2025-03-19 22:00:00,124.45,42.78859066302813,17.085,59.87359066302813,25.0,3.75,149.45,128.2
2025-03-19 23:00:00,111.14,44.57015793942253,17.085,61.65515793942253,25.0,3.75,136.14,114.89
2025-03-20 00:00:00,117.17,44.38393143162852,17.085,61.46893143162852,25.0,3.75,142.17000000000002,120.92
2025-03-20 01:00:00,102.86,46.55932106453868,17.085,63.64432106453868,25.0,3.75,127.86,106.61
2025-03-20 02:00:00,99.56,47.62061749223922,17.085,64.70561749223921,25.0,3.75,124.56,103.31
2025-03-20 03:00:00,100.08,47.791367621579916,17.085,64.87636762157992,25.0,3.75,125.08,103.83
2025-03-20 04:00:00,102.83,43.875663946843396,17.085,60.9606639468434,25.0,3.75,127.83,106.58
2025-03-20 05:00:00,119.7,44.58155625251094,17.085,61.666556252510944,25.0,3.75,144.7,123.45
2025-03-20 06:00:00,144.84,41.6331236155581,17.085,58.7181236155581,25.0,3.75,169.84,148.59
2025-03-20 07:00:00,141.21,43.38825986700762,17.085,60.47325986700762,25.0,3.75,166.21,144.96
2025-03-20 08:00:00,99.87,46.92970326619491,17.085,64.01470326619491,25.0,3.75,124.87,103.62
2025-03-20 09:00:00,79.45,48.23116564709646,17.085,65.31616564709645,25.0,3.75,104.45,83.2
2025-03-20 10:00:00,37.51,42.53130225624015,17.085,59.616302256240154,25.0,3.75,62.51,41.26
2025-03-20 11:00:00,3.42,43.81507148169421,17.085,60.90007148169421,25.0,3.75,28.42,7.17
2025-03-20 12:00:00,0.43,44.94718848608215,17.085,62.03218848608215,25.0,3.75,25.43,4.18
2025-03-20 13:00:00,0.65,45.56032231763921,17.085,62.64532231763921,25.0,3.75,25.65,4.4
2025-03-20 14:00:00,16.6,43.38079296015671,17.085,60.46579296015671,25.0,3.75,41.6,20.35
2025-03-20 15:00:00,79.42,45.84812208892818,17.085,62.93312208892818,25.0,3.75,104.42,83.17
2025-03-20 16:00:00,120.76,44.052321305858165,17.085,61.137321305858165,25.0,3.75,145.76,124.51
2025-03-20 17:00:00,155.14,44.97109545824344,17.085,62.05609545824344,25.0,3.75,180.14,158.89
2025-03-20 18:00:00,280.07,46.0925684960074,17.085,63.1775684960074,25.0,3.75,305.07,283.82
2025-03-20 19:00:00,253.85,45.012844539621874,17.085,62.097844539621875,25.0,3.75,278.85,257.6
2025-03-20 20:00:00,164.0,44.12722821894686,17.085,61.21222821894686,25.0,3.75,189.0,167.75
2025-03-20 21:00:00,136.82,44.78078039214834,17.085,61.86578039214834,25.0,3.75,161.82,140.57
2025-03-20 22:00:00,125.03,44.82327408158933,17.085,61.90827408158933,25.0,3.75,150.03,128.78
2025-03-20 23:00:00,117.91,44.25997794023574,17.085,61.344977940235744,25.0,3.75,142.91,121.66
2025-03-21 00:00:00,125.07,44.482407874665796,17.085,61.5674078746658,25.0,3.75,150.07,128.82
2025-03-21 01:00:00,116.41,48.19729434100943,17.085,65.28229434100943,25.0,3.75,141.41,120.16
2025-03-21 02:00:00,112.74,46.121838895882476,17.085,63.20683889588248,25.0,3.75,137.74,116.49
2025-03-21 03:00:00,105.81,44.40903936394168,17.085,61.49403936394168,25.0,3.75,130.81,109.56
2025-03-21 04:00:00,109.1,46.39390880902147,17.085,63.47890880902147,25.0,3.75,134.1,112.85
2025-03-21 05:00:00,127.49,44.33236102048798,17.085,61.41736102048798,25.0,3.75,152.49,131.24
2025-03-21 06:00:00,156.0,47.346249275173285,17.085,64.43124927517329,25.0,3.75,181.0,159.75
2025-03-21 07:00:00,148.27,45.739284384396186,17.085,62.82428438439619,25.0,3.75,173.27,152.02
2025-03-21 08:00:00,110.73,44.78539571199154,17.085,61.87039571199154,25.0,3.75,135.73000000000002,114.48
2025-03-21 09:00:00,73.31,45.89543385162055,17.085,62.98043385162055,25.0,3.75,98.31,77.06
2025-03-21 10:00:00,43.25,41.858247695863,17.085,58.943247695863,25.0,3.75,68.25,47.0
2025-03-21 11:00:00,7.35,42.74646506218039,17.085,59.83146506218039,25.0,3.75,32.35,11.1
2025-03-21 12:00:00,0.81,42.61214998720189,17.085,59.69714998720189,25.0,3.75,25.81,4.5600000000000005
2025-03-21 13:00:00,0.0,45.28588618952741,17.085,62.37088618952741,25.0,3.75,25.0,3.75
2025-03-21 14:00:00,2.49,48.46502999897018,17.085,65.55002999897019,25.0,3.75,27.490000000000002,6.24
2025-03-21 15:00:00,12.36,49.46260029238526,17.085,66.54760029238525,25.0,3.75,37.36,16.11
2025-03-21 16:00:00,46.22,46.27610220288152,17.085,63.36110220288152,25.0,3.75,71.22,49.97
2025-03-21 17:00:00,100.24,46.001688949888916,17.085,63.08668894988892,25.0,3.75,125.24,103.99
2025-03-21 18:00:00,120.65,41.39788453169452,17.085,58.48288453169452,25.0,3.75,145.65,124.4
2025-03-21 19:00:00,83.5,43.914652400531956,17.085,60.99965240053196,25.0,3.75,108.5,87.25
2025-03-21 20:00:00,70.0,43.42443249618352,17.085,60.50943249618352,25.0,3.75,95.0,73.75
2025-03-21 21:00:00,47.19,43.758304803497765,17.085,60.843304803497766,25.0,3.75,72.19,50.94
2025-03-21 22:00:00,27.13,44.663712362830424,17.085,61.748712362830425,25.0,3.75,52.129999999999995,30.88
2025-03-21 23:00:00,18.45,44.055818844605746,17.085,61.14081884460575,25.0,3.75,43.45,22.2
2025-03-22 00:00:00,26.93,41.04140037924842,17.085,58.12640037924842,25.0,3.75,51.93,30.68
2025-03-22 01:00:00,12.57,46.49582051223507,17.085,63.58082051223507,25.0,3.75,37.57,16.32
2025-03-22 02:00:00,9.07,42.854513948520385,17.085,59.939513948520386,25.0,3.75,34.07,12.82
2025-03-22 03:00:00,6.88,45.4784937282223,17.085,62.5634937282223,25.0,3.75,31.88,10.629999999999999
2025-03-22 04:00:00,10.12,49.14816533949995,17.085,66.23316533949995,25.0,3.75,35.12,13.87
2025-03-22 05:00:00,12.95,43.16123081682716,17.085,60.24623081682716,25.0,3.75,37.95,16.7
2025-03-22 06:00:00,13.01,39.93942495450734,17.085,57.02442495450734,25.0,3.75,38.01,16.759999999999998
2025-03-22 07:00:00,13.04,44.42799155623978,17.085,61.51299155623978,25.0,3.75,38.04,16.79
2025-03-22 08:00:00,3.11,47.20191926999714,17.085,64.28691926999714,25.0,3.75,28.11,6.859999999999999
2025-03-22 09:00:00,0.0,48.91669490844119,17.085,66.00169490844118,25.0,3.75,25.0,3.75
2025-03-22 10:00:00,-1.86,42.54090081109516,17.085,59.625900811095164,25.0,3.75,23.14,1.89
2025-03-22 11:00:00,-6.31,45.993398446473044,17.085,63.078398446473045,25.0,3.75,18.69,-2.5599999999999996
2025-03-22 12:00:00,-15.18,44.069379086439895,17.085,61.154379086439896,25.0,3.75,9.82,-11.43
2025-03-22 13:00:00,-15.04,44.78810329139173,17.085,61.87310329139173,25.0,3.75,9.96,-11.29
2025-03-22 14:00:00,-6.79,50.28868669403407,17.085,67.37368669403406,25.0,3.75,18.21,-3.04
2025-03-22 15:00:00,-1.51,41.99405934320969,17.085,59.07905934320969,25.0,3.75,23.49,2.24
2025-03-22 16:00:00,1.01,45.50747932298915,17.085,62.59247932298915,25.0,3.75,26.01,4.76
2025-03-22 17:00:00,34.99,45.935386343530865,17.085,63.020386343530866,25.0,3.75,59.99,38.74
2025-03-22 18:00:00,60.03,47.1715726498787,17.085,64.2565726498787,25.0,3.75,85.03,63.78
2025-03-22 19:00:00,50.95,45.19596630694179,17.085,62.28096630694179,25.0,3.75,75.95,54.7
2025-03-22 20:00:00,42.15,45.6161010790082,17.085,62.701101079008204,25.0,3.75,67.15,45.9
2025-03-22 21:00:00,36.12,44.21670286515642,17.085,61.30170286515642,25.0,3.75,61.12,39.87
2025-03-22 22:00:00,37.14,45.53825388249022,17.085,62.62325388249022,25.0,3.75,62.14,40.89
2025-03-22 23:00:00,35.69,44.31361544900518,17.085,61.39861544900518,25.0,3.75,60.69,39.44
2025-03-23 00:00:00,13.69,46.2431437797121,17.085,63.3281437797121,25.0,3.75,38.69,17.439999999999998
2025-03-23 01:00:00,19.01,44.26077932791273,17.085,61.34577932791273,25.0,3.75,44.010000000000005,22.76
2025-03-23 02:00:00,23.65,45.75420078780437,17.085,62.83920078780437,25.0,3.75,48.65,27.4
2025-03-23 03:00:00,23.49,44.94147437263004,17.085,62.02647437263004,25.0,3.75,48.489999999999995,27.24
2025-03-23 04:00:00,24.82,47.252100501544334,17.085,64.33710050154434,25.0,3.75,49.82,28.57
2025-03-23 05:00:00,25.01,44.89721255282303,17.085,61.98221255282303,25.0,3.75,50.010000000000005,28.76
2025-03-23 06:00:00,24.84,41.453935063586236,17.085,58.53893506358624,25.0,3.75,49.84,28.59
2025-03-23 07:00:00,24.26,47.523843001427984,17.085,64.60884300142799,25.0,3.75,49.260000000000005,28.01
2025-03-23 08:00:00,18.99,43.18853539827476,17.085,60.27353539827476,25.0,3.75,43.989999999999995,22.74
2025-03-23 09:00:00,23.09,43.69246732270236,17.085,60.777467322702364,25.0,3.75,48.09,26.84
2025-03-23 10:00:00,13.78,43.80867741191302,17.085,60.89367741191302,25.0,3.75,38.78,17.53
2025-03-23 11:00:00,9.6,47.74887618634163,17.085,64.83387618634163,25.0,3.75,34.6,13.35
2025-03-23 12:00:00,13.49,40.72865157204261,17.085,57.81365157204261,25.0,3.75,38.49,17.240000000000002
2025-03-23 13:00:00,5.01,51.27549706731999,17.085,68.36049706731998,25.0,3.75,30.009999999999998,8.76
2025-03-23 14:00:00,11.46,47.112113618132106,17.085,64.19711361813211,25.0,3.75,36.46,15.21
2025-03-23 15:00:00,42.5,45.44647782825832,17.085,62.53147782825832,25.0,3.75,67.5,46.25
2025-03-23 16:00:00,84.42,44.89021199876743,17.085,61.97521199876743,25.0,3.75,109.42,88.17
2025-03-23 17:00:00,124.23,45.571108149715315,17.085,62.656108149715315,25.0,3.75,149.23000000000002,127.98
2025-03-23 18:00:00,140.0,46.04224485675868,17.085,63.12724485675868,25.0,3.75,165.0,143.75
2025-03-23 19:00:00,142.51,46.29043117190012,17.085,63.37543117190012,25.0,3.75,167.51,146.26
2025-03-23 20:00:00,140.58,46.111208932006896,17.085,63.1962089320069,25.0,3.75,165.58,144.33
2025-03-23 21:00:00,130.0,45.1791613625105,17.085,62.2641613625105,25.0,3.75,155.0,133.75
2025-03-23 22:00:00,126.47,44.60532315938535,17.085,61.69032315938535,25.0,3.75,151.47,130.22
2025-03-23 23:00:00,114.24,44.697453432692974,17.085,61.782453432692975,25.0,3.75,139.24,117.99
2025-03-24 00:00:00,110.45,44.61018343929464,17.085,61.69518343929464,25.0,3.75,135.45,114.2
2025-03-24 01:00:00,107.29,47.26754019373413,17.085,64.35254019373413,25.0,3.75,132.29000000000002,111.04
2025-03-24 02:00:00,101.91,46.187113444561724,17.085,63.272113444561725,25.0,3.75,126.91,105.66
2025-03-24 03:00:00,98.94,39.11922273067144,17.085,56.20422273067144,25.0,3.75,123.94,102.69
2025-03-24 04:00:00,101.99,46.311801553059524,17.085,63.396801553059525,25.0,3.75,126.99,105.74
2025-03-24 05:00:00,119.82,45.38947238943755,17.085,62.47447238943755,25.0,3.75,144.82,123.57
2025-03-24 06:00:00,141.5,44.96258248710821,17.085,62.04758248710821,25.0,3.75,166.5,145.25
2025-03-24 07:00:00,164.28,44.22296309382223,17.085,61.30796309382223,25.0,3.75,189.28,168.03
2025-03-24 08:00:00,161.86,47.248225439972025,17.085,64.33322543997203,25.0,3.75,186.86,165.61
2025-03-24 09:00:00,135.38,46.89505292424572,17.085,63.98005292424572,25.0,3.75,160.38,139.13
2025-03-24 10:00:00,111.16,43.454244664352785,17.085,60.539244664352786,25.0,3.75,136.16,114.91
2025-03-24 11:00:00,107.36,45.81410457424907,17.085,62.89910457424907,25.0,3.75,132.36,111.11
2025-03-24 12:00:00,100.75,43.05668653091743,17.085,60.14168653091743,25.0,3.75,125.75,104.5
2025-03-24 13:00:00,100.87,42.24076367042214,17.085,59.32576367042214,25.0,3.75,125.87,104.62
2025-03-24 14:00:00,106.57,43.74656555082007,17.085,60.83156555082007,25.0,3.75,131.57,110.32
2025-03-24 15:00:00,115.85,46.72478694476552,17.085,63.80978694476552,25.0,3.75,140.85,119.6
2025-03-24 16:00:00,130.95,46.906250090752174,17.085,63.991250090752175,25.0,3.75,155.95,134.7
2025-03-24 17:00:00,154.15,46.02617084019459,17.085,63.11117084019459,25.0,3.75,179.15,157.9
2025-03-24 18:00:00,211.99,46.450191573695996,17.085,63.535191573696,25.0,3.75,236.99,215.74
2025-03-24 19:00:00,193.0,46.032356574229915,17.085,63.117356574229916,25.0,3.75,218.0,196.75
2025-03-24 20:00:00,161.84,43.717036809554095,17.085,60.802036809554096,25.0,3.75,186.84,165.59
2025-03-24 21:00:00,138.55,45.86384508934788,17.085,62.948845089347884,25.0,3.75,163.55,142.3
2025-03-24 22:00:00,125.58,46.600819050455364,17.085,63.685819050455365,25.0,3.75,150.57999999999998,129.32999999999998
2025-03-24 23:00:00,115.16,46.50858265962715,17.085,63.59358265962715,25.0,3.75,140.16,118.91
2025-03-25 00:00:00,102.07,47.37782674294929,17.085,64.46282674294929,25.0,3.75,127.07,105.82
2025-03-25 01:00:00,101.76,46.416607694402124,17.085,63.501607694402125,25.0,3.75,126.76,105.51
2025-03-25 02:00:00,100.2,45.70289641508317,17.085,62.78789641508317,25.0,3.75,125.2,103.95
2025-03-25 03:00:00,102.67,47.14030047663285,17.085,64.22530047663285,25.0,3.75,127.67,106.42
2025-03-25 04:00:00,101.96,44.94695748150188,17.085,62.031957481501884,25.0,3.75,126.96,105.71
2025-03-25 05:00:00,107.39,43.23625069754456,17.085,60.32125069754456,25.0,3.75,132.39,111.14
2025-03-25 06:00:00,136.05,44.673866072112475,17.085,61.758866072112475,25.0,3.75,161.05,139.8
2025-03-25 07:00:00,142.13,43.510194710387104,17.085,60.595194710387105,25.0,3.75,167.13,145.88
2025-03-25 08:00:00,133.36,43.64964345005124,17.085,60.73464345005124,25.0,3.75,158.36,137.11
2025-03-25 09:00:00,106.41,44.71096265856897,17.085,61.79596265856897,25.0,3.75,131.41,110.16
2025-03-25 10:00:00,92.03,43.41516015800008,17.085,60.50016015800008,25.0,3.75,117.03,95.78
2025-03-25 11:00:00,78.8,44.38407694072192,17.085,61.46907694072192,25.0,3.75,103.8,82.55
2025-03-25 12:00:00,68.45,41.21277066609243,17.085,58.29777066609243,25.0,3.75,93.45,72.2
2025-03-25 13:00:00,69.23,45.426587414745875,17.085,62.511587414745875,25.0,3.75,94.23,72.98
2025-03-25 14:00:00,81.7,45.002410950724446,17.085,62.08741095072445,25.0,3.75,106.7,85.45
2025-03-25 15:00:00,95.52,43.36582273786362,17.085,60.45082273786362,25.0,3.75,120.52,99.27
2025-03-25 16:00:00,108.84,46.31849133686481,17.085,63.40349133686481,25.0,3.75,133.84,112.59
2025-03-25 17:00:00,138.81,46.875140275253116,17.085,63.96014027525312,25.0,3.75,163.81,142.56
2025-03-25 18:00:00,161.14,41.784880271262054,17.085,58.869880271262055,25.0,3.75,186.14,164.89
2025-03-25 19:00:00,166.36,43.474550442867574,17.085,60.559550442867575,25.0,3.75,191.36,170.11
2025-03-25 20:00:00,148.6,43.4617153004254,17.085,60.546715300425404,25.0,3.75,173.6,152.35
2025-03-25 21:00:00,122.36,43.12019379778227,17.085,60.20519379778227,25.0,3.75,147.36,126.11
2025-03-25 22:00:00,114.83,46.6589496838635,17.085,63.7439496838635,25.0,3.75,139.82999999999998,118.58
2025-03-25 23:00:00,102.05,44.612347722454395,17.085,61.697347722454396,25.0,3.75,127.05,105.8
2025-03-26 00:00:00,101.02,44.47097031737878,17.085,61.55597031737878,25.0,3.75,126.02,104.77
2025-03-26 01:00:00,97.96,40.99227527118649,17.085,58.077275271186494,25.0,3.75,122.96,101.71
2025-03-26 02:00:00,97.36,46.27083606041845,17.085,63.355836060418454,25.0,3.75,122.36,101.11
2025-03-26 03:00:00,97.39,42.521483210293056,17.085,59.60648321029306,25.0,3.75,122.39,101.14
2025-03-26 04:00:00,95.72,45.119865260532656,17.085,62.20486526053266,25.0,3.75,120.72,99.47
2025-03-26 05:00:00,98.85,45.55475387591638,17.085,62.639753875916384,25.0,3.75,123.85,102.6
2025-03-26 06:00:00,128.76,47.7213171916773,17.085,64.8063171916773,25.0,3.75,153.76,132.51
2025-03-26 07:00:00,141.95,42.38235920176177,17.085,59.467359201761774,25.0,3.75,166.95,145.7
2025-03-26 08:00:00,137.09,38.960975688358346,17.085,56.04597568835835,25.0,3.75,162.09,140.84
2025-03-26 09:00:00,111.86,45.36769908950739,17.085,62.45269908950739,25.0,3.75,136.86,115.61
2025-03-26 10:00:00,100.0,48.601022363021706,17.085,65.6860223630217,25.0,3.75,125.0,103.75
2025-03-26 11:00:00,96.39,47.47789270587887,17.085,64.56289270587888,25.0,3.75,121.39,100.14
2025-03-26 12:00:00,94.81,45.41931883054925,17.085,62.50431883054925,25.0,3.75,119.81,98.56
2025-03-26 13:00:00,84.5,44.01672762873591,17.085,61.10172762873591,25.0,3.75,109.5,88.25
2025-03-26 14:00:00,90.79,46.61424519327462,17.085,63.69924519327462,25.0,3.75,115.79,94.54
2025-03-26 15:00:00,94.36,43.05290760059106,17.085,60.13790760059106,25.0,3.75,119.36,98.11
2025-03-26 16:00:00,101.45,45.95271553871244,17.085,63.03771553871244,25.0,3.75,126.45,105.2
2025-03-26 17:00:00,135.16,46.010940318333255,17.085,63.095940318333255,25.0,3.75,160.16,138.91
2025-03-26 18:00:00,162.0,47.12041981499776,17.085,64.20541981499775,25.0,3.75,187.0,165.75
2025-03-26 19:00:00,169.54,50.51932007782216,17.085,67.60432007782217,25.0,3.75,194.54,173.29
2025-03-26 20:00:00,153.27,45.784831934357534,17.085,62.869831934357535,25.0,3.75,178.27,157.02
2025-03-26 21:00:00,129.4,43.982072748585004,17.085,61.067072748585005,25.0,3.75,154.4,133.15
2025-03-26 22:00:00,120.27,44.94885137561601,17.085,62.03385137561601,25.0,3.75,145.26999999999998,124.02
2025-03-26 23:00:00,108.91,41.461848190221765,17.085,58.546848190221766,25.0,3.75,133.91,112.66
2025-03-27 00:00:00,104.93,43.61057373782188,17.085,60.69557373782188,25.0,3.75,129.93,108.68
2025-03-27 01:00:00,98.98,44.181435123773795,17.085,61.266435123773796,25.0,3.75,123.98,102.73
2025-03-27 02:00:00,97.8,43.95182320413082,17.085,61.03682320413082,25.0,3.75,122.8,101.55
2025-03-27 03:00:00,98.85,45.304709744067445,17.085,62.389709744067446,25.0,3.75,123.85,102.6
2025-03-27 04:00:00,97.07,43.3551601352356,17.085,60.4401601352356,25.0,3.75,122.07,100.82
2025-03-27 05:00:00,104.9,47.242061334648945,17.085,64.32706133464895,25.0,3.75,129.9,108.65
2025-03-27 06:00:00,129.83,45.00041412983639,17.085,62.085414129836394,25.0,3.75,154.83,133.58
2025-03-27 07:00:00,140.0,44.98139935772275,17.085,62.06639935772275,25.0,3.75,165.0,143.75
2025-03-27 08:00:00,123.5,44.34421056697416,17.085,61.42921056697416,25.0,3.75,148.5,127.25
2025-03-27 09:00:00,89.92,45.31038136771796,17.085,62.39538136771796,25.0,3.75,114.92,93.67
2025-03-27 10:00:00,77.61,46.65019652933527,17.085,63.73519652933527,25.0,3.75,102.61,81.36
2025-03-27 11:00:00,45.48,43.2657395685782,17.085,60.3507395685782,25.0,3.75,70.47999999999999,49.23
2025-03-27 12:00:00,24.81,43.683767021849484,17.085,60.768767021849484,25.0,3.75,49.81,28.56
2025-03-27 13:00:00,6.67,44.39254794244667,17.085,61.47754794244667,25.0,3.75,31.67,10.42
2025-03-27 14:00:00,30.34,42.30825815305357,17.085,59.39325815305357,25.0,3.75,55.34,34.09
2025-03-27 15:00:00,74.93,43.36148428055701,17.085,60.44648428055701,25.0,3.75,99.93,78.68
2025-03-27 16:00:00,93.74,44.04755825291068,17.085,61.132558252910684,25.0,3.75,118.74,97.49
2025-03-27 17:00:00,127.25,46.74877836142545,17.085,63.83377836142545,25.0,3.75,152.25,131.0
2025-03-27 18:00:00,157.9,45.52512265800385,17.085,62.61012265800385,25.0,3.75,182.9,161.65
2025-03-27 19:00:00,170.7,45.38717982273509,17.085,62.47217982273509,25.0,3.75,195.7,174.45
2025-03-27 20:00:00,141.61,46.70179592433595,17.085,63.78679592433595,25.0,3.75,166.61,145.36
2025-03-27 21:00:00,124.42,44.72525642320121,17.085,61.81025642320121,25.0,3.75,149.42000000000002,128.17000000000002
2025-03-27 22:00:00,113.1,45.78092969985778,17.085,62.86592969985778,25.0,3.75,138.1,116.85
2025-03-27 23:00:00,100.91,44.79355649413501,17.085,61.87855649413501,25.0,3.75,125.91,104.66
2025-03-28 00:00:00,90.0,45.530724698799254,17.085,62.615724698799255,25.0,3.75,115.0,93.75
2025-03-28 01:00:00,79.38,43.83448268477684,17.085,60.91948268477684,25.0,3.75,104.38,83.13
2025-03-28 02:00:00,79.02,40.12236568344714,17.085,57.207365683447144,25.0,3.75,104.02,82.77
2025-03-28 03:00:00,79.38,44.731441675627394,17.085,61.816441675627395,25.0,3.75,104.38,83.13
2025-03-28 04:00:00,79.84,47.84549627219988,17.085,64.93049627219989,25.0,3.75,104.84,83.59
2025-03-28 05:00:00,103.51,46.852430804483184,17.085,63.937430804483185,25.0,3.75,128.51,107.26
2025-03-28 06:00:00,128.52,46.930794969182344,17.085,64.01579496918234,25.0,3.75,153.52,132.27
2025-03-28 07:00:00,122.2,47.47226144361244,17.085,64.55726144361245,25.0,3.75,147.2,125.95
2025-03-28 08:00:00,102.08,45.17731518192288,17.085,62.26231518192288,25.0,3.75,127.08,105.83
2025-03-28 09:00:00,75.57,45.394631414811194,17.085,62.479631414811195,25.0,3.75,100.57,79.32
2025-03-28 10:00:00,25.77,43.7646962091313,17.085,60.8496962091313,25.0,3.75,50.769999999999996,29.52
2025-03-28 11:00:00,1.68,44.3678542879459,17.085,61.452854287945904,25.0,3.75,26.68,5.43
2025-03-28 12:00:00,-0.01,46.231542299542284,17.085,63.316542299542284,25.0,3.75,24.99,3.74
2025-03-28 13:00:00,-0.03,47.407768874337634,17.085,64.49276887433763,25.0,3.75,24.97,3.72
2025-03-28 14:00:00,14.48,44.721107448638,17.085,61.806107448638,25.0,3.75,39.480000000000004,18.23
2025-03-28 15:00:00,70.1,44.09962147029718,17.085,61.18462147029718,25.0,3.75,95.1,73.85
2025-03-28 16:00:00,104.19,45.001055917713195,17.085,62.086055917713196,25.0,3.75,129.19,107.94
2025-03-28 17:00:00,132.0,46.20241349785823,17.085,63.28741349785823,25.0,3.75,157.0,135.75
2025-03-28 18:00:00,165.99,42.11229036773292,17.085,59.19729036773292,25.0,3.75,190.99,169.74
2025-03-28 19:00:00,165.9,40.407638093725524,17.085,57.492638093725525,25.0,3.75,190.9,169.65
2025-03-28 20:00:00,148.03,43.898926301016836,17.085,60.98392630101684,25.0,3.75,173.03,151.78
2025-03-28 21:00:00,124.56,42.558575148171684,17.085,59.643575148171685,25.0,3.75,149.56,128.31
2025-03-28 22:00:00,117.94,43.98371960470538,17.085,61.06871960470538,25.0,3.75,142.94,121.69
2025-03-28 23:00:00,110.12,44.70443936236506,17.085,61.78943936236506,25.0,3.75,135.12,113.87
2025-03-29 00:00:00,113.62,44.09350318195397,17.085,61.17850318195397,25.0,3.75,138.62,117.37
2025-03-29 01:00:00,103.91,47.90493506894149,17.085,64.98993506894149,25.0,3.75,128.91,107.66
2025-03-29 02:00:00,96.54,45.65348952920464,17.085,62.73848952920464,25.0,3.75,121.54,100.29
2025-03-29 03:00:00,96.22,45.600948719221655,17.085,62.685948719221656,25.0,3.75,121.22,99.97
2025-03-29 04:00:00,96.5,46.2444142880868,17.085,63.3294142880868,25.0,3.75,121.5,100.25
2025-03-29 05:00:00,92.74,42.72233376443846,17.085,59.80733376443846,25.0,3.75,117.74,96.49
2025-03-29 06:00:00,96.73,47.078223574840536,17.085,64.16322357484054,25.0,3.75,121.73,100.48
2025-03-29 07:00:00,98.44,44.84847142692908,17.085,61.93347142692908,25.0,3.75,123.44,102.19
2025-03-29 08:00:00,91.86,46.34096123448243,17.085,63.42596123448243,25.0,3.75,116.86,95.61
2025-03-29 09:00:00,76.14,42.85628553391969,17.085,59.94128553391969,25.0,3.75,101.14,79.89
2025-03-29 10:00:00,65.67,41.892482467967874,17.085,58.977482467967874,25.0,3.75,90.67,69.42
2025-03-29 11:00:00,65.34,46.635779316050055,17.085,63.720779316050056,25.0,3.75,90.34,69.09
2025-03-29 12:00:00,65.33,45.752819052195036,17.085,62.83781905219504,25.0,3.75,90.33,69.08
2025-03-29 13:00:00,2.06,43.19589689128498,17.085,60.28089689128498,25.0,3.75,27.06,5.8100000000000005
2025-03-29 14:00:00,3.94,43.26067383745061,17.085,60.34567383745061,25.0,3.75,28.94,7.6899999999999995
2025-03-29 15:00:00,25.27,47.250869568829536,17.085,64.33586956882954,25.0,3.75,50.269999999999996,29.02
2025-03-29 16:00:00,66.26,42.62117621426535,17.085,59.70617621426535,25.0,3.75,91.26,70.01
2025-03-29 17:00:00,100.1,48.28534590651193,17.085,65.37034590651193,25.0,3.75,125.1,103.85
2025-03-29 18:00:00,146.91,43.19875853070426,17.085,60.28375853070426,25.0,3.75,171.91,150.66
2025-03-29 19:00:00,152.22,46.27678385121676,17.085,63.361783851216764,25.0,3.75,177.22,155.97
2025-03-29 20:00:00,121.07,44.34276304850203,17.085,61.42776304850203,25.0,3.75,146.07,124.82
2025-03-29 21:00:00,100.42,46.20637486216469,17.085,63.29137486216469,25.0,3.75,125.42,104.17
2025-03-29 22:00:00,82.75,43.911771995771616,17.085,60.99677199577162,25.0,3.75,107.75,86.5
2025-03-29 23:00:00,68.27,44.67441418785541,17.085,61.75941418785541,25.0,3.75,93.27,72.02
2025-03-30 00:00:00,46.31,45.08183835079144,17.085,62.166838350791444,25.0,3.75,71.31,50.06
2025-03-30 01:00:00,15.89,42.99562508843705,17.085,60.08062508843705,25.0,3.75,40.89,19.64
2025-03-30 02:00:00,15.89,46.48164869084025,17.085,63.56664869084025,25.0,3.75,40.89,19.64
2025-03-30 03:00:00,5.1,43.97357286705683,17.085,61.05857286705683,25.0,3.75,30.1,8.85
2025-03-30 04:00:00,1.2,44.54280016931996,17.085,61.62780016931996,25.0,3.75,26.2,4.95
2025-03-30 05:00:00,0.09,43.01130125078298,17.085,60.09630125078298,25.0,3.75,25.09,3.84
2025-03-30 06:00:00,0.03,39.87533268240938,17.085,56.96033268240938,25.0,3.75,25.03,3.78
2025-03-30 07:00:00,0.0,44.617944474799664,17.085,61.702944474799665,25.0,3.75,25.0,3.75
2025-03-30 08:00:00,-0.01,49.82523084322583,17.085,66.91023084322583,25.0,3.75,24.99,3.74
2025-03-30 09:00:00,-0.04,46.56920857579605,17.085,63.65420857579605,25.0,3.75,24.96,3.71
2025-03-30 10:00:00,-3.47,44.96147924053121,17.085,62.04647924053121,25.0,3.75,21.53,0.2799999999999998
2025-03-30 11:00:00,-11.34,44.474218341583466,17.085,61.55921834158347,25.0,3.75,13.66,-7.59
2025-03-30 12:00:00,-18.5,45.044931785624094,17.085,62.129931785624095,25.0,3.75,6.5,-14.75
2025-03-30 13:00:00,-25.76,46.09423823035042,17.085,63.17923823035042,25.0,3.75,-0.7600000000000016,-22.01
2025-03-30 14:00:00,-26.07,42.63837436938231,17.085,59.72337436938231,25.0,3.75,-1.0700000000000003,-22.32
2025-03-30 15:00:00,-12.96,47.22864338933775,17.085,64.31364338933776,25.0,3.75,12.04,-9.21
2025-03-30 16:00:00,-4.01,46.43076263088249,17.085,63.51576263088249,25.0,3.75,20.990000000000002,-0.2599999999999998
2025-03-30 17:00:00,-0.01,46.436371451415866,17.085,63.52137145141587,25.0,3.75,24.99,3.74
2025-03-30 18:00:00,14.41,45.87695147761946,17.085,62.96195147761946,25.0,3.75,39.41,18.16
2025-03-30 19:00:00,60.83,45.03923331538798,17.085,62.12423331538798,25.0,3.75,85.83,64.58
2025-03-30 20:00:00,58.86,46.34572247193364,17.085,63.43072247193364,25.0,3.75,83.86,62.61
2025-03-30 21:00:00,50.01,46.18362826748275,17.085,63.268628267482754,25.0,3.75,75.00999999999999,53.76
2025-03-30 22:00:00,61.71,44.29191857811795,17.085,61.37691857811795,25.0,3.75,86.71000000000001,65.46000000000001
2025-03-30 23:00:00,56.44,43.8527964542062,17.085,60.9377964542062,25.0,3.75,81.44,60.19
2025-03-31 00:00:00,65.57,45.20371259052397,17.085,62.28871259052397,25.0,3.75,90.57,69.32
2025-03-31 01:00:00,63.25,48.09804030299038,17.085,65.18304030299038,25.0,3.75,88.25,67.0
2025-03-31 02:00:00,64.41,42.5217858486922,17.085,59.6067858486922,25.0,3.75,89.41,68.16
2025-03-31 03:00:00,67.22,42.06494946849512,17.085,59.14994946849512,25.0,3.75,92.22,70.97
2025-03-31 04:00:00,68.97,45.329521682473036,17.085,62.41452168247304,25.0,3.75,93.97,72.72
2025-03-31 05:00:00,88.0,45.10177540371203,17.085,62.18677540371203,25.0,3.75,113.0,91.75
2025-03-31 06:00:00,109.27,45.346683328740816,17.085,62.43168332874082,25.0,3.75,134.26999999999998,113.02
2025-03-31 07:00:00,143.54,45.487906395817,17.085,62.572906395817,25.0,3.75,168.54,147.29
2025-03-31 08:00:00,174.23,44.55359549073039,17.085,61.63859549073039,25.0,3.75,199.23,177.98
2025-03-31 09:00:00,133.17,47.979726877204165,17.085,65.06472687720417,25.0,3.75,158.17,136.92
2025-03-31 10:00:00,110.27,41.79819204304697,17.085,58.88319204304697,25.0,3.75,135.26999999999998,114.02
2025-03-31 11:00:00,99.04,43.343005950439505,17.085,60.428005950439506,25.0,3.75,124.04,102.79
2025-03-31 12:00:00,83.54,44.79349047970191,17.085,61.87849047970191,25.0,3.75,108.54,87.29
2025-03-31 13:00:00,74.1,41.713622377691664,17.085,58.798622377691665,25.0,3.75,99.1,77.85
2025-03-31 14:00:00,73.58,44.648291191135854,17.085,61.733291191135855,25.0,3.75,98.58,77.33
2025-03-31 15:00:00,69.55,48.32294033145604,17.085,65.40794033145605,25.0,3.75,94.55,73.3
2025-03-31 16:00:00,76.24,45.04177297659192,17.085,62.12677297659192,25.0,3.75,101.24,79.99
2025-03-31 17:00:00,100.83,45.46140181143737,17.085,62.54640181143737,25.0,3.75,125.83,104.58
2025-03-31 18:00:00,131.57,42.47967046965484,17.085,59.56467046965484,25.0,3.75,156.57,135.32
2025-03-31 19:00:00,183.96,43.767277183921045,17.085,60.852277183921046,25.0,3.75,208.96,187.71
2025-03-31 20:00:00,172.73,44.24960723935212,17.085,61.334607239352124,25.0,3.75,197.73,176.48
2025-03-31 21:00:00,135.03,44.36456980648753,17.085,61.44956980648753,25.0,3.75,160.03,138.78
2025-03-31 22:00:00,115.25,47.56328759000754,17.085,64.64828759000754,25.0,3.75,140.25,119.0
2025-03-31 23:00:00,102.34,46.115382121450246,17.085,63.20038212145025,25.0,3.75,127.34,106.09
2025-04-01 00:00:00,101.56,39.77708408612594,17.085,56.86208408612594,25.0,3.75,126.56,105.31
2025-04-01 01:00:00,95.02,42.49300955686401,17.085,59.57800955686401,25.0,3.75,120.02,98.77
2025-04-01 02:00:00,92.91,42.99644349699357,17.085,60.08144349699357,25.0,3.75,117.91,96.66
2025-04-01 03:00:00,93.5,44.28029807704253,17.085,61.36529807704253,25.0,3.75,118.5,97.25
2025-04-01 04:00:00,91.43,45.161081373136746,17.085,62.24608137313675,25.0,3.75,116.43,95.18
2025-04-01 05:00:00,100.71,39.96981161634426,17.085,57.05481161634426,25.0,3.75,125.71,104.46
2025-04-01 06:00:00,129.46,40.37828497757933,17.085,57.46328497757933,25.0,3.75,154.46,133.21
2025-04-01 07:00:00,179.96,39.48484428217077,17.085,56.56984428217077,25.0,3.75,204.96,183.71
2025-04-01 08:00:00,159.37,41.531960281786034,17.085,58.616960281786035,25.0,3.75,184.37,163.12
2025-04-01 09:00:00,108.47,42.932716748892666,17.085,60.01771674889267,25.0,3.75,133.47,112.22
2025-04-01 10:00:00,86.17,43.9746690331782,17.085,61.0596690331782,25.0,3.75,111.17,89.92
2025-04-01 11:00:00,70.26,41.84809795271495,17.085,58.93309795271495,25.0,3.75,95.26,74.01
2025-04-01 12:00:00,53.15,41.36030495349031,17.085,58.445304953490314,25.0,3.75,78.15,56.9
2025-04-01 13:00:00,11.57,42.30351598449748,17.085,59.38851598449748,25.0,3.75,36.57,15.32
2025-04-01 14:00:00,10.89,40.32971419673996,17.085,57.41471419673996,25.0,3.75,35.89,14.64
2025-04-01 15:00:00,26.7,46.179077443389545,17.085,63.264077443389546,25.0,3.75,51.7,30.45
2025-04-01 16:00:00,65.23,38.78467794576388,17.085,55.86967794576388,25.0,3.75,90.23,68.98
2025-04-01 17:00:00,82.8,42.36948115779145,17.085,59.45448115779145,25.0,3.75,107.8,86.55
2025-04-01 18:00:00,122.39,46.047212438459276,17.085,63.13221243845928,25.0,3.75,147.39,126.14
2025-04-01 19:00:00,155.72,42.01359968911999,17.085,59.09859968911999,25.0,3.75,180.72,159.47
2025-04-01 20:00:00,138.0,41.61992192999701,17.085,58.70492192999701,25.0,3.75,163.0,141.75
2025-04-01 21:00:00,110.9,41.28510915437914,17.085,58.37010915437914,25.0,3.75,135.9,114.65
2025-04-01 22:00:00,95.64,41.63921663647518,17.085,58.724216636475184,25.0,3.75,120.64,99.39
2025-04-01 23:00:00,79.45,44.74569694935306,17.085,61.83069694935306,25.0,3.75,104.45,83.2
2025-04-02 00:00:00,68.06,37.576276177340986,17.085,54.66127617734099,25.0,3.75,93.06,71.81
2025-04-02 01:00:00,66.93,45.06686740259265,17.085,62.15186740259265,25.0,3.75,91.93,70.68
2025-04-02 02:00:00,66.8,39.15208569509971,17.085,56.23708569509971,25.0,3.75,91.8,70.55
2025-04-02 03:00:00,67.97,41.46669534153117,17.085,58.55169534153117,25.0,3.75,92.97,71.72
2025-04-02 04:00:00,68.9,41.141511159402675,17.085,58.226511159402676,25.0,3.75,93.9,72.65
2025-04-02 05:00:00,82.18,43.17710653954144,17.085,60.26210653954144,25.0,3.75,107.18,85.93
2025-04-02 06:00:00,113.84,38.803751296232505,17.085,55.888751296232506,25.0,3.75,138.84,117.59
2025-04-02 07:00:00,150.31,42.92434533216389,17.085,60.00934533216389,25.0,3.75,175.31,154.06
2025-04-02 08:00:00,124.7,46.04861924657371,17.085,63.13361924657371,25.0,3.75,149.7,128.45
2025-04-02 09:00:00,84.74,39.27365199081438,17.085,56.35865199081438,25.0,3.75,109.74,88.49
2025-04-02 10:00:00,48.38,42.37941233522079,17.085,59.46441233522079,25.0,3.75,73.38,52.13
2025-04-02 11:00:00,0.0,40.67603564440678,17.085,57.76103564440678,25.0,3.75,25.0,3.75
2025-04-02 12:00:00,-4.92,42.85177441238607,17.085,59.93677441238607,25.0,3.75,20.08,-1.17
2025-04-02 13:00:00,-20.06,42.03829555483151,17.085,59.12329555483151,25.0,3.75,4.940000000000001,-16.31
2025-04-02 14:00:00,-21.02,40.71702618191138,17.085,57.80202618191138,25.0,3.75,3.9800000000000004,-17.27
2025-04-02 15:00:00,-10.0,42.97574456974215,17.085,60.06074456974215,25.0,3.75,15.0,-6.25
2025-04-02 16:00:00,-1.73,45.60869621957349,17.085,62.69369621957349,25.0,3.75,23.27,2.02
2025-04-02 17:00:00,15.37,41.618192416545405,17.085,58.703192416545406,25.0,3.75,40.37,19.119999999999997
2025-04-02 18:00:00,88.84,43.43951588429636,17.085,60.52451588429636,25.0,3.75,113.84,92.59
2025-04-02 19:00:00,125.35,39.41345408425767,17.085,56.49845408425767,25.0,3.75,150.35,129.1
2025-04-02 20:00:00,114.0,40.087127246363984,17.085,57.172127246363985,25.0,3.75,139.0,117.75
2025-04-02 21:00:00,96.07,42.944812555760755,17.085,60.029812555760756,25.0,3.75,121.07,99.82
2025-04-02 22:00:00,82.63,44.96823205707193,17.085,62.05323205707193,25.0,3.75,107.63,86.38
2025-04-02 23:00:00,71.43,42.71122669757132,17.085,59.79622669757132,25.0,3.75,96.43,75.18
2025-04-03 00:00:00,67.0,41.37388393895369,17.085,58.45888393895369,25.0,3.75,92.0,70.75
2025-04-03 01:00:00,67.0,41.998582810846706,17.085,59.08358281084671,25.0,3.75,92.0,70.75
2025-04-03 02:00:00,67.0,39.49918453206057,17.085,56.58418453206057,25.0,3.75,92.0,70.75
2025-04-03 03:00:00,68.95,43.20903065271073,17.085,60.29403065271073,25.0,3.75,93.95,72.7
2025-04-03 04:00:00,71.0,43.764666124646816,17.085,60.84966612464682,25.0,3.75,96.0,74.75
2025-04-03 05:00:00,86.22,41.09581933433384,17.085,58.18081933433384,25.0,3.75,111.22,89.97
2025-04-03 06:00:00,129.71,41.059915704481,17.085,58.144915704481,25.0,3.75,154.71,133.46
2025-04-03 07:00:00,162.77,42.5317564593041,17.085,59.6167564593041,25.0,3.75,187.77,166.52
2025-04-03 08:00:00,133.3,41.12656052791881,17.085,58.21156052791881,25.0,3.75,158.3,137.05
2025-04-03 09:00:00,79.11,41.867734770748356,17.085,58.95273477074836,25.0,3.75,104.11,82.86
2025-04-03 10:00:00,40.47,46.19944357833303,17.085,63.28444357833303,25.0,3.75,65.47,44.22
2025-04-03 11:00:00,-0.16,41.505948598508006,17.085,58.59094859850801,25.0,3.75,24.84,3.59
2025-04-03 12:00:00,-1.19,41.28331969595756,17.085,58.36831969595756,25.0,3.75,23.81,2.56
2025-04-03 13:00:00,-8.4,40.70491638872968,17.085,57.78991638872968,25.0,3.75,16.6,-4.65
2025-04-03 14:00:00,-5.85,43.488383942999874,17.085,60.573383942999875,25.0,3.75,19.15,-2.0999999999999996
2025-04-03 15:00:00,-0.27,41.6375516535638,17.085,58.7225516535638,25.0,3.75,24.73,3.48
2025-04-03 16:00:00,16.09,40.70125392335715,17.085,57.78625392335715,25.0,3.75,41.09,19.84
2025-04-03 17:00:00,75.0,44.642608064546025,17.085,61.727608064546025,25.0,3.75,100.0,78.75
2025-04-03 18:00:00,138.0,44.83920600902727,17.085,61.92420600902727,25.0,3.75,163.0,141.75
2025-04-03 19:00:00,163.48,40.79915286852259,17.085,57.88415286852259,25.0,3.75,188.48,167.23
2025-04-03 20:00:00,155.88,38.26692009727877,17.085,55.35192009727877,25.0,3.75,180.88,159.63
2025-04-03 21:00:00,137.03,44.015027379673846,17.085,61.10002737967385,25.0,3.75,162.03,140.78
2025-04-03 22:00:00,113.21,40.63074034847999,17.085,57.71574034847999,25.0,3.75,138.20999999999998,116.96
2025-04-03 23:00:00,104.63,43.58125119832554,17.085,60.66625119832554,25.0,3.75,129.63,108.38
2025-04-04 00:00:00,108.34,38.05979236457633,17.085,55.14479236457633,25.0,3.75,133.34,112.09
2025-04-04 01:00:00,103.04,43.78519467659862,17.085,60.87019467659862,25.0,3.75,128.04000000000002,106.79
2025-04-04 02:00:00,102.89,39.57765614143844,17.085,56.66265614143844,25.0,3.75,127.89,106.64
2025-04-04 03:00:00,103.61,43.46152823813305,17.085,60.54652823813305,25.0,3.75,128.61,107.36
2025-04-04 04:00:00,105.95,42.02854613567287,17.085,59.11354613567287,25.0,3.75,130.95,109.7
2025-04-04 05:00:00,112.55,40.09212116120671,17.085,57.17712116120671,25.0,3.75,137.55,116.3
2025-04-04 06:00:00,152.67,41.18592737414644,17.085,58.27092737414644,25.0,3.75,177.67,156.42
2025-04-04 07:00:00,180.17,43.372636913913404,17.085,60.457636913913404,25.0,3.75,205.17,183.92
2025-04-04 08:00:00,139.4,42.21178890623047,17.085,59.29678890623047,25.0,3.75,164.4,143.15
2025-04-04 09:00:00,95.68,43.16882596094497,17.085,60.25382596094497,25.0,3.75,120.68,99.43
2025-04-04 10:00:00,65.0,45.952881169030974,17.085,63.037881169030975,25.0,3.75,90.0,68.75
2025-04-04 11:00:00,7.82,38.8715167765779,17.085,55.9565167765779,25.0,3.75,32.82,11.57
2025-04-04 12:00:00,0.0,45.234425149937245,17.085,62.319425149937246,25.0,3.75,25.0,3.75
2025-04-04 13:00:00,-1.31,42.208711875046426,17.085,59.29371187504643,25.0,3.75,23.69,2.44
2025-04-04 14:00:00,-1.21,40.20243190335374,17.085,57.28743190335374,25.0,3.75,23.79,2.54
2025-04-04 15:00:00,-0.13,39.339372748522024,17.085,56.424372748522025,25.0,3.75,24.87,3.62
2025-04-04 16:00:00,29.7,41.62175921844593,17.085,58.70675921844593,25.0,3.75,54.7,33.45
2025-04-04 17:00:00,79.87,43.84330022384892,17.085,60.92830022384892,25.0,3.75,104.87,83.62
2025-04-04 18:00:00,126.35,41.74490175924493,17.085,58.82990175924493,25.0,3.75,151.35,130.1
2025-04-04 19:00:00,167.64,45.022309860494694,17.085,62.107309860494695,25.0,3.75,192.64,171.39
2025-04-04 20:00:00,155.99,39.09764861989688,17.085,56.18264861989688,25.0,3.75,180.99,159.74
2025-04-04 21:00:00,120.67,41.97582210430789,17.085,59.06082210430789,25.0,3.75,145.67000000000002,124.42
2025-04-04 22:00:00,106.15,39.49521311117376,17.085,56.58021311117376,25.0,3.75,131.15,109.9
2025-04-04 23:00:00,96.97,42.72726376524994,17.085,59.81226376524994,25.0,3.75,121.97,100.72
2025-04-05 00:00:00,109.23,43.7737747801946,17.085,60.8587747801946,25.0,3.75,134.23000000000002,112.98
2025-04-05 01:00:00,102.76,41.158476412637896,17.085,58.2434764126379,25.0,3.75,127.76,106.51
2025-04-05 02:00:00,99.39,36.79157228674573,17.085,53.876572286745734,25.0,3.75,124.39,103.14
2025-04-05 03:00:00,99.4,42.397896293592986,17.085,59.48289629359299,25.0,3.75,124.4,103.15
2025-04-05 04:00:00,98.31,42.87347710346702,17.085,59.95847710346702,25.0,3.75,123.31,102.06
2025-04-05 05:00:00,97.5,42.808589509923394,17.085,59.893589509923395,25.0,3.75,122.5,101.25
2025-04-05 06:00:00,102.98,44.471564383644306,17.085,61.55656438364431,25.0,3.75,127.98,106.73
2025-04-05 07:00:00,105.9,39.857892640701905,17.085,56.942892640701906,25.0,3.75,130.9,109.65
2025-04-05 08:00:00,98.3,43.360432210900896,17.085,60.4454322109009,25.0,3.75,123.3,102.05
2025-04-05 09:00:00,57.16,44.38501502495595,17.085,61.47001502495595,25.0,3.75,82.16,60.91
2025-04-05 10:00:00,0.66,38.44282483198697,17.085,55.52782483198697,25.0,3.75,25.66,4.41
2025-04-05 11:00:00,-0.94,42.639303651837956,17.085,59.72430365183796,25.0,3.75,24.06,2.81
2025-04-05 12:00:00,-24.09,40.991640337984656,17.085,58.07664033798466,25.0,3.75,0.9100000000000001,-20.34
2025-04-05 13:00:00,-47.73,41.83695465379671,17.085,58.92195465379671,25.0,3.75,-22.729999999999997,-43.98
2025-04-05 14:00:00,-49.1,42.69535296707667,17.085,59.780352967076674,25.0,3.75,-24.1,-45.35
2025-04-05 15:00:00,-29.91,41.0255428717729,17.085,58.1105428717729,25.0,3.75,-4.91,-26.16
2025-04-05 16:00:00,-4.3,40.648583841676775,17.085,57.733583841676776,25.0,3.75,20.7,-0.5499999999999998
2025-04-05 17:00:00,0.0,42.06830483497605,17.085,59.15330483497605,25.0,3.75,25.0,3.75
2025-04-05 18:00:00,70.0,39.82550812227439,17.085,56.91050812227439,25.0,3.75,95.0,73.75
2025-04-05 19:00:00,99.4,39.828349742229626,17.085,56.91334974222963,25.0,3.75,124.4,103.15
2025-04-05 20:00:00,98.9,43.35874656591301,17.085,60.44374656591301,25.0,3.75,123.9,102.65
2025-04-05 21:00:00,84.25,39.70241192968269,17.085,56.78741192968269,25.0,3.75,109.25,88.0
2025-04-05 22:00:00,78.99,43.33262500181842,17.085,60.41762500181842,25.0,3.75,103.99,82.74
2025-04-05 23:00:00,68.75,42.9251825857079,17.085,60.0101825857079,25.0,3.75,93.75,72.5
2025-04-06 00:00:00,70.45,38.548386542418804,17.085,55.633386542418805,25.0,3.75,95.45,74.2
2025-04-06 01:00:00,61.0,40.64487069532869,17.085,57.72987069532869,25.0,3.75,86.0,64.75
2025-04-06 02:00:00,62.72,44.38821880609474,17.085,61.47321880609474,25.0,3.75,87.72,66.47
2025-04-06 03:00:00,68.28,40.03766893772064,17.085,57.12266893772064,25.0,3.75,93.28,72.03
2025-04-06 04:00:00,69.95,41.07119147538123,17.085,58.15619147538123,25.0,3.75,94.95,73.7
2025-04-06 05:00:00,77.43,42.92412178650379,17.085,60.00912178650379,25.0,3.75,102.43,81.18
2025-04-06 06:00:00,76.54,43.566781018565194,17.085,60.651781018565195,25.0,3.75,101.54,80.29
2025-04-06 07:00:00,78.11,41.49692222791101,17.085,58.58192222791101,25.0,3.75,103.11,81.86
2025-04-06 08:00:00,41.79,40.80497961061672,17.085,57.88997961061672,25.0,3.75,66.78999999999999,45.54
2025-04-06 09:00:00,0.1,44.84473972339701,17.085,61.92973972339701,25.0,3.75,25.1,3.85
2025-04-06 10:00:00,-2.0,45.47779932759516,17.085,62.56279932759516,25.0,3.75,23.0,1.75
2025-04-06 11:00:00,-27.56,43.95771610156359,17.085,61.04271610156359,25.0,3.75,-2.5599999999999987,-23.81
2025-04-06 12:00:00,-60.01,42.17063628513005,17.085,59.25563628513005,25.0,3.75,-35.01,-56.26
2025-04-06 13:00:00,-106.31,40.38346855671815,17.085,57.46846855671815,25.0,3.75,-81.31,-102.56
2025-04-06 14:00:00,-114.57,40.33911118688687,17.085,57.42411118688687,25.0,3.75,-89.57,-110.82
2025-04-06 15:00:00,-70.0,43.04502821053151,17.085,60.13002821053151,25.0,3.75,-45.0,-66.25
2025-04-06 16:00:00,-18.95,42.836796441777366,17.085,59.92179644177737,25.0,3.75,6.050000000000001,-15.2
2025-04-06 17:00:00,1.76,44.803197185892856,17.085,61.88819718589286,25.0,3.75,26.76,5.51
2025-04-06 18:00:00,112.41,43.30090018507228,17.085,60.38590018507228,25.0,3.75,137.41,116.16
2025-04-06 19:00:00,131.56,38.99383939648036,17.085,56.07883939648036,25.0,3.75,156.56,135.31
2025-04-06 20:00:00,132.9,44.10389523544584,17.085,61.18889523544584,25.0,3.75,157.9,136.65
2025-04-06 21:00:00,121.38,40.003878745371175,17.085,57.088878745371176,25.0,3.75,146.38,125.13
2025-04-06 22:00:00,111.84,41.2320574560953,17.085,58.3170574560953,25.0,3.75,136.84,115.59
2025-04-06 23:00:00,100.03,42.50040041250339,17.085,59.58540041250339,25.0,3.75,125.03,103.78
2025-04-07 00:00:00,86.71,45.99133497956793,17.085,63.07633497956793,25.0,3.75,111.71,90.46
2025-04-07 01:00:00,85.0,48.21983711201072,17.085,65.30483711201072,25.0,3.75,110.0,88.75
2025-04-07 02:00:00,81.73,43.213446118272365,17.085,60.298446118272366,25.0,3.75,106.73,85.48
2025-04-07 03:00:00,83.53,41.633606762559225,17.085,58.718606762559226,25.0,3.75,108.53,87.28
2025-04-07 04:00:00,85.45,43.0690112969611,17.085,60.1540112969611,25.0,3.75,110.45,89.2
2025-04-07 05:00:00,98.74,43.77531085174767,17.085,60.86031085174767,25.0,3.75,123.74,102.49
2025-04-07 06:00:00,131.1,41.358664748885616,17.085,58.44366474888562,25.0,3.75,156.1,134.85
2025-04-07 07:00:00,175.97,45.590422711824644,17.085,62.675422711824645,25.0,3.75,200.97,179.72
2025-04-07 08:00:00,144.61,42.460141518382805,17.085,59.545141518382806,25.0,3.75,169.61,148.36
2025-04-07 09:00:00,107.1,42.99548617818279,17.085,60.08048617818279,25.0,3.75,132.1,110.85
2025-04-07 10:00:00,83.37,43.331848504108926,17.085,60.41684850410893,25.0,3.75,108.37,87.12
2025-04-07 11:00:00,65.0,42.84317322122891,17.085,59.92817322122891,25.0,3.75,90.0,68.75
2025-04-07 12:00:00,11.8,43.67788100093922,17.085,60.762881000939224,25.0,3.75,36.8,15.55
2025-04-07 13:00:00,2.19,40.76549362690616,17.085,57.85049362690616,25.0,3.75,27.19,5.9399999999999995
2025-04-07 14:00:00,3.94,40.88339649210794,17.085,57.96839649210794,25.0,3.75,28.94,7.6899999999999995
2025-04-07 15:00:00,60.98,39.79969153405661,17.085,56.884691534056614,25.0,3.75,85.97999999999999,64.72999999999999
2025-04-07 16:00:00,72.0,42.879002461240454,17.085,59.964002461240455,25.0,3.75,97.0,75.75
2025-04-07 17:00:00,102.43,43.55787300702423,17.085,60.64287300702423,25.0,3.75,127.43,106.18
2025-04-07 18:00:00,127.6,42.91554573230377,17.085,60.00054573230377,25.0,3.75,152.6,131.35
2025-04-07 19:00:00,168.45,45.348984866695076,17.085,62.43398486669508,25.0,3.75,193.45,172.2
2025-04-07 20:00:00,165.05,41.98880796234191,17.085,59.07380796234191,25.0,3.75,190.05,168.8
2025-04-07 21:00:00,138.2,43.337483311185025,17.085,60.422483311185026,25.0,3.75,163.2,141.95
2025-04-07 22:00:00,121.02,39.81659824772137,17.085,56.901598247721374,25.0,3.75,146.01999999999998,124.77
2025-04-07 23:00:00,105.21,41.2258005950512,17.085,58.3108005950512,25.0,3.75,130.20999999999998,108.96
2025-04-08 00:00:00,94.93,43.391075515131554,17.085,60.476075515131555,25.0,3.75,119.93,98.68
2025-04-08 01:00:00,87.83,43.698204221486286,17.085,60.78320422148629,25.0,3.75,112.83,91.58
2025-04-08 02:00:00,89.06,41.41206610467164,17.085,58.49706610467164,25.0,3.75,114.06,92.81
2025-04-08 03:00:00,89.9,41.856801496283865,17.085,58.941801496283865,25.0,3.75,114.9,93.65
2025-04-08 04:00:00,91.62,38.96425250663838,17.085,56.04925250663838,25.0,3.75,116.62,95.37
2025-04-08 05:00:00,105.73,41.285941598386785,17.085,58.370941598386786,25.0,3.75,130.73000000000002,109.48
2025-04-08 06:00:00,142.97,43.78076632703957,17.085,60.86576632703957,25.0,3.75,167.97,146.72
2025-04-08 07:00:00,180.55,43.15041003221313,17.085,60.23541003221313,25.0,3.75,205.55,184.3
2025-04-08 08:00:00,136.77,43.00133144276242,17.085,60.08633144276242,25.0,3.75,161.77,140.52
2025-04-08 09:00:00,91.3,42.09954737436192,17.085,59.18454737436192,25.0,3.75,116.3,95.05
2025-04-08 10:00:00,76.47,42.014126317256355,17.085,59.099126317256356,25.0,3.75,101.47,80.22
2025-04-08 11:00:00,61.09,40.67935772105311,17.085,57.76435772105311,25.0,3.75,86.09,64.84
2025-04-08 12:00:00,19.57,43.39765684040507,17.085,60.48265684040507,25.0,3.75,44.57,23.32
2025-04-08 13:00:00,16.83,42.84194588877878,17.085,59.92694588877878,25.0,3.75,41.83,20.58
2025-04-08 14:00:00,28.59,42.9840376959856,17.085,60.0690376959856,25.0,3.75,53.59,32.34
2025-04-08 15:00:00,57.47,40.94793031466484,17.085,58.03293031466484,25.0,3.75,82.47,61.22
2025-04-08 16:00:00,73.33,37.693314160257515,17.085,54.778314160257516,25.0,3.75,98.33,77.08
2025-04-08 17:00:00,90.34,44.194305423507394,17.085,61.279305423507395,25.0,3.75,115.34,94.09
2025-04-08 18:00:00,118.26,41.042325087983194,17.085,58.127325087983195,25.0,3.75,143.26,122.01
2025-04-08 19:00:00,180.4,40.27444847191376,17.085,57.35944847191376,25.0,3.75,205.4,184.15
2025-04-08 20:00:00,171.31,43.386957823827984,17.085,60.471957823827985,25.0,3.75,196.31,175.06
2025-04-08 21:00:00,140.0,41.21597472016174,17.085,58.30097472016174,25.0,3.75,165.0,143.75
2025-04-08 22:00:00,120.47,44.119872768093245,17.085,61.204872768093246,25.0,3.75,145.47,124.22
2025-04-08 23:00:00,105.12,43.234011899153394,17.085,60.319011899153395,25.0,3.75,130.12,108.87
2025-04-09 00:00:00,104.99,43.36713864640095,17.085,60.452138646400954,25.0,3.75,129.99,108.74
2025-04-09 01:00:00,95.99,39.26808857759893,17.085,56.35308857759893,25.0,3.75,120.99,99.74
2025-04-09 02:00:00,94.67,44.4238879707728,17.085,61.508887970772804,25.0,3.75,119.67,98.42
2025-04-09 03:00:00,94.45,42.52250106246771,17.085,59.60750106246771,25.0,3.75,119.45,98.2
2025-04-09 04:00:00,95.79,41.26144572150759,17.085,58.34644572150759,25.0,3.75,120.79,99.54
2025-04-09 05:00:00,109.45,42.286776934684504,17.085,59.371776934684505,25.0,3.75,134.45,113.2
2025-04-09 06:00:00,152.68,38.44752953420336,17.085,55.53252953420336,25.0,3.75,177.68,156.43
2025-04-09 07:00:00,175.56,42.81730562296134,17.085,59.90230562296134,25.0,3.75,200.56,179.31
2025-04-09 08:00:00,131.56,39.94125698363586,17.085,57.02625698363586,25.0,3.75,156.56,135.31
2025-04-09 09:00:00,99.51,39.29465942831293,17.085,56.379659428312934,25.0,3.75,124.51,103.26
2025-04-09 10:00:00,82.71,38.95528162756422,17.085,56.04028162756422,25.0,3.75,107.71,86.46
2025-04-09 11:00:00,59.69,44.22537674997985,17.085,61.31037674997985,25.0,3.75,84.69,63.44
2025-04-09 12:00:00,13.61,40.74147321261442,17.085,57.826473212614424,25.0,3.75,38.61,17.36
2025-04-09 13:00:00,6.72,45.067455419832996,17.085,62.152455419833,25.0,3.75,31.72,10.469999999999999
2025-04-09 14:00:00,13.27,40.928397073895404,17.085,58.013397073895405,25.0,3.75,38.269999999999996,17.02
2025-04-09 15:00:00,34.87,38.585284084814106,17.085,55.67028408481411,25.0,3.75,59.87,38.62
2025-04-09 16:00:00,62.98,39.76695112010268,17.085,56.85195112010268,25.0,3.75,87.97999999999999,66.72999999999999
2025-04-09 17:00:00,83.5,44.47162324001388,17.085,61.55662324001388,25.0,3.75,108.5,87.25
2025-04-09 18:00:00,103.48,41.688203644126666,17.085,58.77320364412667,25.0,3.75,128.48000000000002,107.23
2025-04-09 19:00:00,131.57,40.9034254070188,17.085,57.9884254070188,25.0,3.75,156.57,135.32
2025-04-09 20:00:00,138.73,42.320036451705576,17.085,59.40503645170558,25.0,3.75,163.73,142.48
2025-04-09 21:00:00,111.23,43.00356547233509,17.085,60.08856547233509,25.0,3.75,136.23000000000002,114.98
2025-04-09 22:00:00,101.94,44.23479763180492,17.085,61.319797631804924,25.0,3.75,126.94,105.69
2025-04-09 23:00:00,98.51,44.89699845978585,17.085,61.98199845978585,25.0,3.75,123.51,102.26
2025-04-10 00:00:00,92.9,41.28046270842183,17.085,58.36546270842183,25.0,3.75,117.9,96.65
2025-04-10 01:00:00,89.55,39.34790462783592,17.085,56.432904627835924,25.0,3.75,114.55,93.3
2025-04-10 02:00:00,88.9,41.173069677753446,17.085,58.25806967775345,25.0,3.75,113.9,92.65
2025-04-10 03:00:00,87.92,42.520561013165775,17.085,59.605561013165776,25.0,3.75,112.92,91.67
2025-04-10 04:00:00,90.0,40.072482147578775,17.085,57.157482147578776,25.0,3.75,115.0,93.75
2025-04-10 05:00:00,97.54,40.085698170209916,17.085,57.17069817020992,25.0,3.75,122.54,101.29
2025-04-10 06:00:00,132.44,42.68757576309977,17.085,59.77257576309977,25.0,3.75,157.44,136.19
2025-04-10 07:00:00,170.59,41.9026952968591,17.085,58.9876952968591,25.0,3.75,195.59,174.34
2025-04-10 08:00:00,135.44,42.065593990823174,17.085,59.150593990823175,25.0,3.75,160.44,139.19
2025-04-10 09:00:00,102.4,40.48300933059986,17.085,57.568009330599864,25.0,3.75,127.4,106.15
2025-04-10 10:00:00,85.71,41.539198571588464,17.085,58.624198571588465,25.0,3.75,110.71,89.46
2025-04-10 11:00:00,66.34,40.151533711463394,17.085,57.236533711463395,25.0,3.75,91.34,70.09
2025-04-10 12:00:00,34.95,43.78039682224957,17.085,60.86539682224957,25.0,3.75,59.95,38.7
2025-04-10 13:00:00,2.18,44.0704986694475,17.085,61.1554986694475,25.0,3.75,27.18,5.93
2025-04-10 14:00:00,0.08,38.307624275523814,17.085,55.392624275523815,25.0,3.75,25.08,3.83
2025-04-10 15:00:00,1.18,40.14097827961518,17.085,57.225978279615184,25.0,3.75,26.18,4.93
2025-04-10 16:00:00,54.44,39.006941489819845,17.085,56.091941489819845,25.0,3.75,79.44,58.19
2025-04-10 17:00:00,70.0,40.6999521311862,17.085,57.7849521311862,25.0,3.75,95.0,73.75
2025-04-10 18:00:00,101.68,41.83312406041928,17.085,58.91812406041928,25.0,3.75,126.68,105.43
2025-04-10 19:00:00,140.42,39.10070956060294,17.085,56.18570956060294,25.0,3.75,165.42,144.17
2025-04-10 20:00:00,137.17,40.156280373749375,17.085,57.241280373749376,25.0,3.75,162.17,140.92
2025-04-10 21:00:00,97.56,39.992085255837004,17.085,57.077085255837005,25.0,3.75,122.56,101.31
2025-04-10 22:00:00,92.05,42.41453465879789,17.085,59.49953465879789,25.0,3.75,117.05,95.8
2025-04-10 23:00:00,81.11,42.1386886740725,17.085,59.2236886740725,25.0,3.75,106.11,84.86
2025-04-11 00:00:00,65.32,40.556524893325495,17.085,57.641524893325496,25.0,3.75,90.32,69.07
2025-04-11 01:00:00,60.75,42.3536417442788,17.085,59.4386417442788,25.0,3.75,85.75,64.5
2025-04-11 02:00:00,58.44,40.90663983082547,17.085,57.99163983082547,25.0,3.75,83.44,62.19
2025-04-11 03:00:00,58.43,41.45668977934789,17.085,58.54168977934789,25.0,3.75,83.43,62.18
2025-04-11 04:00:00,61.93,45.34690418059707,17.085,62.43190418059707,25.0,3.75,86.93,65.68
2025-04-11 05:00:00,71.99,44.6809221035807,17.085,61.7659221035807,25.0,3.75,96.99,75.74
2025-04-11 06:00:00,94.2,39.400837526144805,17.085,56.485837526144806,25.0,3.75,119.2,97.95
2025-04-11 07:00:00,111.4,43.65946483575835,17.085,60.74446483575835,25.0,3.75,136.4,115.15
2025-04-11 08:00:00,85.9,43.62279310898318,17.085,60.70779310898318,25.0,3.75,110.9,89.65
2025-04-11 09:00:00,58.89,39.70347342249477,17.085,56.78847342249477,25.0,3.75,83.89,62.64
2025-04-11 10:00:00,11.31,43.63755528750972,17.085,60.72255528750972,25.0,3.75,36.31,15.06
2025-04-11 11:00:00,0.0,45.07586383682511,17.085,62.16086383682511,25.0,3.75,25.0,3.75
2025-04-11 12:00:00,-3.0,39.754910387511174,17.085,56.839910387511175,25.0,3.75,22.0,0.75
2025-04-11 13:00:00,-4.99,40.16499435797147,17.085,57.249994357971474,25.0,3.75,20.009999999999998,-1.2400000000000002
2025-04-11 14:00:00,-3.61,44.035322933687006,17.085,61.12032293368701,25.0,3.75,21.39,0.14000000000000012
2025-04-11 15:00:00,-0.1,42.5429906216513,17.085,59.6279906216513,25.0,3.75,24.9,3.65
2025-04-11 16:00:00,0.0,43.102952550479046,17.085,60.18795255047905,25.0,3.75,25.0,3.75
2025-04-11 17:00:00,70.15,42.68117843280099,17.085,59.76617843280099,25.0,3.75,95.15,73.9
2025-04-11 18:00:00,110.69,42.78139184185629,17.085,59.86639184185629,25.0,3.75,135.69,114.44
2025-04-11 19:00:00,133.4,39.34705574337784,17.085,56.43205574337784,25.0,3.75,158.4,137.15
2025-04-11 20:00:00,155.0,44.0946354132429,17.085,61.1796354132429,25.0,3.75,180.0,158.75
2025-04-11 21:00:00,130.46,44.33917998485555,17.085,61.42417998485555,25.0,3.75,155.46,134.21
2025-04-11 22:00:00,119.1,41.541218511863946,17.085,58.62621851186395,25.0,3.75,144.1,122.85
2025-04-11 23:00:00,105.49,41.91304610037228,17.085,58.99804610037228,25.0,3.75,130.49,109.24
2025-04-12 00:00:00,107.84,38.93778499488855,17.085,56.02278499488855,25.0,3.75,132.84,111.59
2025-04-12 01:00:00,104.41,43.02850951203567,17.085,60.11350951203567,25.0,3.75,129.41,108.16
2025-04-12 02:00:00,100.93,43.14411488342829,17.085,60.22911488342829,25.0,3.75,125.93,104.68
2025-04-12 03:00:00,98.15,41.87561796600138,17.085,58.96061796600138,25.0,3.75,123.15,101.9
2025-04-12 04:00:00,98.99,44.24870671974101,17.085,61.33370671974101,25.0,3.75,123.99,102.74
2025-04-12 05:00:00,99.08,41.33184553804012,17.085,58.41684553804012,25.0,3.75,124.08,102.83
2025-04-12 06:00:00,104.42,43.129211851787204,17.085,60.214211851787205,25.0,3.75,129.42000000000002,108.17
2025-04-12 07:00:00,99.74,39.96067132261577,17.085,57.04567132261577,25.0,3.75,124.74,103.49
2025-04-12 08:00:00,95.49,41.952895698251524,17.085,59.037895698251525,25.0,3.75,120.49,99.24
2025-04-12 09:00:00,67.26,41.65129148419433,17.085,58.73629148419433,25.0,3.75,92.26,71.01
2025-04-12 10:00:00,20.19,42.45061584408188,17.085,59.53561584408188,25.0,3.75,45.19,23.94
2025-04-12 11:00:00,0.0,41.26094614233328,17.085,58.34594614233328,25.0,3.75,25.0,3.75
2025-04-12 12:00:00,-9.23,41.737054808656666,17.085,58.82205480865667,25.0,3.75,15.77,-5.48
2025-04-12 13:00:00,-40.04,43.65209434288301,17.085,60.73709434288301,25.0,3.75,-15.04,-36.29
2025-04-12 14:00:00,-42.01,41.12647152552356,17.085,58.211471525523564,25.0,3.75,-17.009999999999998,-38.26
2025-04-12 15:00:00,-18.68,38.78684579852264,17.085,55.87184579852264,25.0,3.75,6.32,-14.93
2025-04-12 16:00:00,-0.08,45.49916780841084,17.085,62.58416780841084,25.0,3.75,24.92,3.67
2025-04-12 17:00:00,59.47,44.76290815738097,17.085,61.84790815738097,25.0,3.75,84.47,63.22
2025-04-12 18:00:00,111.31,39.41547460978876,17.085,56.50047460978876,25.0,3.75,136.31,115.06
2025-04-12 19:00:00,150.06,43.37941561049039,17.085,60.46441561049039,25.0,3.75,175.06,153.81
2025-04-12 20:00:00,120.89,40.99405045889731,17.085,58.07905045889731,25.0,3.75,145.89,124.64
2025-04-12 21:00:00,91.0,42.52697443066212,17.085,59.61197443066212,25.0,3.75,116.0,94.75
2025-04-12 22:00:00,86.27,42.588448258026986,17.085,59.67344825802699,25.0,3.75,111.27,90.02
2025-04-12 23:00:00,64.27,41.531184399367355,17.085,58.616184399367356,25.0,3.75,89.27,68.02
2025-04-13 00:00:00,63.99,40.432468668827205,17.085,57.517468668827206,25.0,3.75,88.99000000000001,67.74000000000001
2025-04-13 01:00:00,56.0,40.61891789536748,17.085,57.70391789536748,25.0,3.75,81.0,59.75
2025-04-13 02:00:00,42.36,40.167616169037515,17.085,57.252616169037516,25.0,3.75,67.36,46.11
2025-04-13 03:00:00,29.5,40.33635558353911,17.085,57.42135558353911,25.0,3.75,54.5,33.25
2025-04-13 04:00:00,32.06,41.86564341990129,17.085,58.95064341990129,25.0,3.75,57.06,35.81
2025-04-13 05:00:00,34.48,40.5684800217785,17.085,57.6534800217785,25.0,3.75,59.48,38.23
2025-04-13 06:00:00,29.41,43.364104131425236,17.085,60.44910413142524,25.0,3.75,54.41,33.16
2025-04-13 07:00:00,27.75,44.974492310671856,17.085,62.05949231067186,25.0,3.75,52.75,31.5
2025-04-13 08:00:00,12.87,40.83989351725992,17.085,57.92489351725992,25.0,3.75,37.87,16.619999999999997
2025-04-13 09:00:00,8.43,42.47880900107075,17.085,59.56380900107075,25.0,3.75,33.43,12.18
2025-04-13 10:00:00,0.0,42.99937022060587,17.085,60.08437022060587,25.0,3.75,25.0,3.75
2025-04-13 11:00:00,-0.02,42.94400454183855,17.085,60.02900454183855,25.0,3.75,24.98,3.73
2025-04-13 12:00:00,-3.02,42.15191053583217,17.085,59.23691053583217,25.0,3.75,21.98,0.73
2025-04-13 13:00:00,-18.84,43.48536483671944,17.085,60.57036483671944,25.0,3.75,6.16,-15.09
2025-04-13 14:00:00,-25.38,42.96449790536131,17.085,60.049497905361314,25.0,3.75,-0.379999999999999,-21.63
2025-04-13 15:00:00,-9.93,39.524675155345406,17.085,56.60967515534541,25.0,3.75,15.07,-6.18
2025-04-13 16:00:00,-0.01,43.738312128778546,17.085,60.82331212877855,25.0,3.75,24.99,3.74
2025-04-13 17:00:00,17.56,43.774581674533486,17.085,60.85958167453349,25.0,3.75,42.56,21.31
2025-04-13 18:00:00,98.63,40.473427791642834,17.085,57.558427791642835,25.0,3.75,123.63,102.38
2025-04-13 19:00:00,120.65,42.0758756708952,17.085,59.1608756708952,25.0,3.75,145.65,124.4
2025-04-13 20:00:00,118.01,43.36665798562214,17.085,60.45165798562214,25.0,3.75,143.01,121.76
2025-04-13 21:00:00,108.06,41.58137236084128,17.085,58.66637236084128,25.0,3.75,133.06,111.81
2025-04-13 22:00:00,103.35,44.14595609553202,17.085,61.23095609553202,25.0,3.75,128.35,107.1
2025-04-13 23:00:00,94.98,46.72774498923872,17.085,63.81274498923872,25.0,3.75,119.98,98.73
2025-04-14 00:00:00,87.56,40.42802793473003,17.085,57.51302793473003,25.0,3.75,112.56,91.31
2025-04-14 01:00:00,82.69,39.23791079369245,17.085,56.32291079369245,25.0,3.75,107.69,86.44
2025-04-14 02:00:00,82.11,42.607637191209754,17.085,59.692637191209755,25.0,3.75,107.11,85.86
2025-04-14 03:00:00,82.29,43.44312501025229,17.085,60.52812501025229,25.0,3.75,107.29,86.04
2025-04-14 04:00:00,84.52,41.53826725231046,17.085,58.62326725231046,25.0,3.75,109.52,88.27
2025-04-14 05:00:00,97.1,44.90652132664207,17.085,61.99152132664207,25.0,3.75,122.1,100.85
2025-04-14 06:00:00,124.34,39.322788400553506,17.085,56.40778840055351,25.0,3.75,149.34,128.09
2025-04-14 07:00:00,152.03,43.385837246063225,17.085,60.470837246063226,25.0,3.75,177.03,155.78
2025-04-14 08:00:00,143.7,40.788278358482216,17.085,57.87327835848222,25.0,3.75,168.7,147.45
2025-04-14 09:00:00,104.7,45.43875581241459,17.085,62.52375581241459,25.0,3.75,129.7,108.45
2025-04-14 10:00:00,91.02,45.98503070633624,17.085,63.07003070633624,25.0,3.75,116.02,94.77
2025-04-14 11:00:00,77.07,40.4666868244333,17.085,57.551686824433304,25.0,3.75,102.07,80.82
2025-04-14 12:00:00,62.35,40.90088572818284,17.085,57.98588572818284,25.0,3.75,87.35,66.1
2025-04-14 13:00:00,61.64,43.719175773959606,17.085,60.80417577395961,25.0,3.75,86.64,65.39
2025-04-14 14:00:00,64.36,41.22573870042097,17.085,58.31073870042097,25.0,3.75,89.36,68.11
2025-04-14 15:00:00,75.29,41.909177564135526,17.085,58.994177564135526,25.0,3.75,100.29,79.04
2025-04-14 16:00:00,84.6,42.05077684108482,17.085,59.13577684108482,25.0,3.75,109.6,88.35
2025-04-14 17:00:00,97.02,38.160653687604686,17.085,55.24565368760469,25.0,3.75,122.02,100.77
2025-04-14 18:00:00,119.35,41.97232450781153,17.085,59.05732450781153,25.0,3.75,144.35,123.1
2025-04-14 19:00:00,180.0,40.62054445187165,17.085,57.70554445187165,25.0,3.75,205.0,183.75
2025-04-14 20:00:00,140.61,41.013754355200454,17.085,58.098754355200455,25.0,3.75,165.61,144.36
2025-04-14 21:00:00,102.83,44.88726400693763,17.085,61.97226400693763,25.0,3.75,127.83,106.58
2025-04-14 22:00:00,82.59,39.48698621144149,17.085,56.57198621144149,25.0,3.75,107.59,86.34
2025-04-14 23:00:00,76.0,43.62641037349596,17.085,60.71141037349596,25.0,3.75,101.0,79.75
2025-04-15 00:00:00,72.93,41.442074139336384,17.085,58.527074139336385,25.0,3.75,97.93,76.68
2025-04-15 01:00:00,73.2,41.44047966300833,17.085,58.52547966300833,25.0,3.75,98.2,76.95
2025-04-15 02:00:00,67.38,43.58074379210342,17.085,60.66574379210342,25.0,3.75,92.38,71.13
2025-04-15 03:00:00,64.29,42.68010258913778,17.085,59.76510258913778,25.0,3.75,89.29,68.04
2025-04-15 04:00:00,66.3,43.14122599443906,17.085,60.22622599443906,25.0,3.75,91.3,70.05
2025-04-15 05:00:00,70.42,43.93636932106572,17.085,61.02136932106572,25.0,3.75,95.42,74.17
2025-04-15 06:00:00,83.03,41.33738323363335,17.085,58.422383233633354,25.0,3.75,108.03,86.78
2025-04-15 07:00:00,96.99,40.7755265309845,17.085,57.8605265309845,25.0,3.75,121.99,100.74
2025-04-15 08:00:00,98.56,39.829698946884406,17.085,56.91469894688441,25.0,3.75,123.56,102.31
2025-04-15 09:00:00,65.0,40.34917894004209,17.085,57.43417894004209,25.0,3.75,90.0,68.75
2025-04-15 10:00:00,48.93,47.89818885061745,17.085,64.98318885061745,25.0,3.75,73.93,52.68
2025-04-15 11:00:00,2.92,44.48935916147357,17.085,61.57435916147357,25.0,3.75,27.92,6.67
2025-04-15 12:00:00,0.08,39.29785126758396,17.085,56.38285126758396,25.0,3.75,25.08,3.83
2025-04-15 13:00:00,0.0,39.35508408651286,17.085,56.44008408651286,25.0,3.75,25.0,3.75
2025-04-15 14:00:00,0.1,42.963732123436984,17.085,60.048732123436984,25.0,3.75,25.1,3.85
2025-04-15 15:00:00,29.27,43.09452959475593,17.085,60.179529594755934,25.0,3.75,54.269999999999996,33.019999999999996
2025-04-15 16:00:00,68.08,43.09776767063473,17.085,60.18276767063473,25.0,3.75,93.08,71.83
2025-04-15 17:00:00,86.57,41.490088412892604,17.085,58.575088412892605,25.0,3.75,111.57,90.32
2025-04-15 18:00:00,105.28,41.7490914799942,17.085,58.8340914799942,25.0,3.75,130.28,109.03
2025-04-15 19:00:00,133.58,42.655759048318714,17.085,59.740759048318715,25.0,3.75,158.58,137.33
2025-04-15 20:00:00,141.54,42.17178601258666,17.085,59.25678601258666,25.0,3.75,166.54,145.29
2025-04-15 21:00:00,110.58,37.56139925450493,17.085,54.64639925450493,25.0,3.75,135.57999999999998,114.33
2025-04-15 22:00:00,102.21,41.54040073884961,17.085,58.62540073884961,25.0,3.75,127.21,105.96
2025-04-15 23:00:00,93.76,40.297187131479376,17.085,57.38218713147938,25.0,3.75,118.76,97.51
2025-04-16 00:00:00,88.01,42.35042283781702,17.085,59.43542283781702,25.0,3.75,113.01,91.76
2025-04-16 01:00:00,82.04,47.97051800520682,17.085,65.05551800520682,25.0,3.75,107.04,85.79
2025-04-16 02:00:00,82.2,42.73496333094861,17.085,59.81996333094861,25.0,3.75,107.2,85.95
2025-04-16 03:00:00,81.4,41.372940627655204,17.085,58.457940627655205,25.0,3.75,106.4,85.15
2025-04-16 04:00:00,82.99,43.843603003954506,17.085,60.92860300395451,25.0,3.75,107.99,86.74
2025-04-16 05:00:00,99.4,42.965375774418426,17.085,60.05037577441843,25.0,3.75,124.4,103.15
2025-04-16 06:00:00,121.0,42.84018898090368,17.085,59.925188980903684,25.0,3.75,146.0,124.75
2025-04-16 07:00:00,135.14,43.213701186431344,17.085,60.298701186431344,25.0,3.75,160.14,138.89
2025-04-16 08:00:00,109.94,46.113087129659085,17.085,63.198087129659086,25.0,3.75,134.94,113.69
2025-04-16 09:00:00,94.82,39.73822312934817,17.085,56.82322312934817,25.0,3.75,119.82,98.57
2025-04-16 10:00:00,79.75,42.94726415362291,17.085,60.03226415362291,25.0,3.75,104.75,83.5
2025-04-16 11:00:00,64.08,40.14723774003692,17.085,57.23223774003692,25.0,3.75,89.08,67.83
2025-04-16 12:00:00,35.3,43.111025292684495,17.085,60.196025292684496,25.0,3.75,60.3,39.05
2025-04-16 13:00:00,22.4,40.16262697702781,17.085,57.247626977027814,25.0,3.75,47.4,26.15
2025-04-16 14:00:00,24.94,41.16526637278983,17.085,58.25026637278983,25.0,3.75,49.94,28.69
2025-04-16 15:00:00,55.0,41.40982017152419,17.085,58.49482017152419,25.0,3.75,80.0,58.75
2025-04-16 16:00:00,68.0,43.95163343868942,17.085,61.03663343868942,25.0,3.75,93.0,71.75
2025-04-16 17:00:00,93.16,43.836908887884825,17.085,60.921908887884825,25.0,3.75,118.16,96.91
2025-04-16 18:00:00,118.0,39.50856524710723,17.085,56.59356524710723,25.0,3.75,143.0,121.75
2025-04-16 19:00:00,146.52,42.1098682219997,17.085,59.1948682219997,25.0,3.75,171.52,150.27
2025-04-16 20:00:00,136.48,40.580840290501655,17.085,57.665840290501656,25.0,3.75,161.48,140.23
2025-04-16 21:00:00,121.0,39.48299017864933,17.085,56.56799017864933,25.0,3.75,146.0,124.75
2025-04-16 22:00:00,109.69,41.56596589915126,17.085,58.65096589915126,25.0,3.75,134.69,113.44
2025-04-16 23:00:00,98.59,41.38303442308836,17.085,58.46803442308836,25.0,3.75,123.59,102.34
2025-04-17 00:00:00,88.99,46.853432972691046,17.085,63.93843297269105,25.0,3.75,113.99,92.74
2025-04-17 01:00:00,83.99,42.865919650721395,17.085,59.950919650721396,25.0,3.75,108.99,87.74
2025-04-17 02:00:00,81.67,39.244764998491526,17.085,56.32976499849153,25.0,3.75,106.67,85.42
2025-04-17 03:00:00,80.07,40.870451991658115,17.085,57.955451991658116,25.0,3.75,105.07,83.82
2025-04-17 04:00:00,81.28,44.0427665908588,17.085,61.1277665908588,25.0,3.75,106.28,85.03
2025-04-17 05:00:00,87.43,46.17688554573985,17.085,63.26188554573985,25.0,3.75,112.43,91.18
2025-04-17 06:00:00,108.02,38.828033375524086,17.085,55.91303337552409,25.0,3.75,133.01999999999998,111.77
2025-04-17 07:00:00,122.8,38.24015122972191,17.085,55.32515122972191,25.0,3.75,147.8,126.55
2025-04-17 08:00:00,130.0,45.741930350743566,17.085,62.82693035074357,25.0,3.75,155.0,133.75
2025-04-17 09:00:00,121.0,42.77922835474181,17.085,59.86422835474181,25.0,3.75,146.0,124.75
2025-04-17 10:00:00,110.0,40.26341453624727,17.085,57.34841453624727,25.0,3.75,135.0,113.75
2025-04-17 11:00:00,95.03,43.06925817224487,17.085,60.15425817224487,25.0,3.75,120.03,98.78
2025-04-17 12:00:00,80.84,36.728504521966244,17.085,53.813504521966244,25.0,3.75,105.84,84.59
2025-04-17 13:00:00,81.04,42.006751013194325,17.085,59.091751013194326,25.0,3.75,106.04,84.79
2025-04-17 14:00:00,77.75,42.65564234568617,17.085,59.74064234568617,25.0,3.75,102.75,81.5
2025-04-17 15:00:00,77.65,43.84854027907566,17.085,60.93354027907566,25.0,3.75,102.65,81.4
2025-04-17 16:00:00,83.87,39.97220809541493,17.085,57.05720809541493,25.0,3.75,108.87,87.62
2025-04-17 17:00:00,97.63,42.17137432280672,17.085,59.25637432280672,25.0,3.75,122.63,101.38
2025-04-17 18:00:00,112.65,40.149150747880824,17.085,57.234150747880825,25.0,3.75,137.65,116.4
2025-04-17 19:00:00,129.0,42.51076751134863,17.085,59.59576751134863,25.0,3.75,154.0,132.75
2025-04-17 20:00:00,122.79,40.20930735527395,17.085,57.29430735527395,25.0,3.75,147.79000000000002,126.54
2025-04-17 21:00:00,114.76,41.18379832167956,17.085,58.26879832167956,25.0,3.75,139.76,118.51
2025-04-17 22:00:00,98.9,40.008369210419545,17.085,57.093369210419546,25.0,3.75,123.9,102.65
2025-04-17 23:00:00,96.52,43.302272483647315,17.085,60.387272483647315,25.0,3.75,121.52,100.27
2025-04-18 00:00:00,91.0,43.716902233313334,17.085,60.801902233313335,25.0,3.75,116.0,94.75
2025-04-18 01:00:00,81.3,41.53075886008517,17.085,58.61575886008517,25.0,3.75,106.3,85.05
2025-04-18 02:00:00,79.12,42.076475989920056,17.085,59.161475989920056,25.0,3.75,104.12,82.87
2025-04-18 03:00:00,77.94,39.10281717073291,17.085,56.18781717073291,25.0,3.75,102.94,81.69
2025-04-18 04:00:00,76.34,41.400646703986425,17.085,58.485646703986426,25.0,3.75,101.34,80.09
2025-04-18 05:00:00,76.35,41.89959076591651,17.085,58.98459076591651,25.0,3.75,101.35,80.1
2025-04-18 06:00:00,79.39,47.24158618205995,17.085,64.32658618205994,25.0,3.75,104.39,83.14
2025-04-18 07:00:00,87.98,39.776065948451674,17.085,56.861065948451675,25.0,3.75,112.98,91.73
2025-04-18 08:00:00,91.25,44.928354477504875,17.085,62.013354477504876,25.0,3.75,116.25,95.0
2025-04-18 09:00:00,90.14,43.99371754693161,17.085,61.078717546931614,25.0,3.75,115.14,93.89
2025-04-18 10:00:00,88.3,42.56127280898027,17.085,59.64627280898027,25.0,3.75,113.3,92.05
2025-04-18 11:00:00,83.28,45.51724096839027,17.085,62.60224096839027,25.0,3.75,108.28,87.03
2025-04-18 12:00:00,75.03,42.74421094521372,17.085,59.829210945213724,25.0,3.75,100.03,78.78
2025-04-18 13:00:00,63.75,42.77831839133586,17.085,59.86331839133586,25.0,3.75,88.75,67.5
2025-04-18 14:00:00,62.64,41.89375869396491,17.085,58.97875869396491,25.0,3.75,87.64,66.39
2025-04-18 15:00:00,65.36,44.44713776483726,17.085,61.53213776483726,25.0,3.75,90.36,69.11
2025-04-18 16:00:00,76.61,44.192938467621765,17.085,61.277938467621766,25.0,3.75,101.61,80.36
2025-04-18 17:00:00,88.64,40.748645425007574,17.085,57.833645425007575,25.0,3.75,113.64,92.39
2025-04-18 18:00:00,103.5,39.36150561080247,17.085,56.44650561080247,25.0,3.75,128.5,107.25
2025-04-18 19:00:00,123.12,41.594038725208684,17.085,58.679038725208684,25.0,3.75,148.12,126.87
2025-04-18 20:00:00,126.52,40.39992287120471,17.085,57.48492287120471,25.0,3.75,151.51999999999998,130.26999999999998
2025-04-18 21:00:00,116.52,41.87295085076929,17.085,58.95795085076929,25.0,3.75,141.51999999999998,120.27
2025-04-18 22:00:00,106.35,44.47487626936828,17.085,61.55987626936828,25.0,3.75,131.35,110.1
2025-04-18 23:00:00,99.12,41.08539668982642,17.085,58.17039668982642,25.0,3.75,124.12,102.87
2025-04-19 00:00:00,89.32,41.91435323737685,17.085,58.99935323737685,25.0,3.75,114.32,93.07
2025-04-19 01:00:00,80.01,42.11604546961679,17.085,59.201045469616794,25.0,3.75,105.01,83.76
2025-04-19 02:00:00,84.45,43.69686176441057,17.085,60.78186176441057,25.0,3.75,109.45,88.2
2025-04-19 03:00:00,82.39,37.50622133203079,17.085,54.59122133203079,25.0,3.75,107.39,86.14
2025-04-19 04:00:00,84.98,40.78659941046941,17.085,57.87159941046941,25.0,3.75,109.98,88.73
2025-04-19 05:00:00,90.62,42.422567384558945,17.085,59.507567384558946,25.0,3.75,115.62,94.37
2025-04-19 06:00:00,95.2,44.40015791285372,17.085,61.48515791285372,25.0,3.75,120.2,98.95
2025-04-19 07:00:00,91.67,41.01619510498759,17.085,58.10119510498759,25.0,3.75,116.67,95.42
2025-04-19 08:00:00,83.89,38.24689458791625,17.085,55.33189458791625,25.0,3.75,108.89,87.64
2025-04-19 09:00:00,76.43,43.23942289193227,17.085,60.32442289193227,25.0,3.75,101.43,80.18
2025-04-19 10:00:00,29.99,40.72927522234874,17.085,57.81427522234874,25.0,3.75,54.989999999999995,33.739999999999995
2025-04-19 11:00:00,4.54,39.62066668181928,17.085,56.70566668181928,25.0,3.75,29.54,8.29
2025-04-19 12:00:00,0.0,40.75130922057355,17.085,57.836309220573554,25.0,3.75,25.0,3.75
2025-04-19 13:00:00,-3.01,41.6309492846883,17.085,58.7159492846883,25.0,3.75,21.990000000000002,0.7400000000000002
2025-04-19 14:00:00,-7.26,40.790510670923574,17.085,57.875510670923575,25.0,3.75,17.740000000000002,-3.51
2025-04-19 15:00:00,-0.86,37.58886788580186,17.085,54.67386788580186,25.0,3.75,24.14,2.89
2025-04-19 16:00:00,0.2,43.79413239377426,17.085,60.87913239377426,25.0,3.75,25.2,3.95
2025-04-19 17:00:00,64.01,44.549750082557445,17.085,61.634750082557446,25.0,3.75,89.01,67.76
2025-04-19 18:00:00,102.77,43.303043982679014,17.085,60.388043982679015,25.0,3.75,127.77,106.52
2025-04-19 19:00:00,126.84,39.72462865915037,17.085,56.80962865915037,25.0,3.75,151.84,130.59
2025-04-19 20:00:00,142.71,41.597016932104964,17.085,58.682016932104965,25.0,3.75,167.71,146.46
2025-04-19 21:00:00,127.36,41.98695736954108,17.085,59.07195736954108,25.0,3.75,152.36,131.11
2025-04-19 22:00:00,109.55,43.19758877912382,17.085,60.28258877912382,25.0,3.75,134.55,113.3
2025-04-19 23:00:00,98.27,43.33668097743616,17.085,60.42168097743616,25.0,3.75,123.27,102.02
2025-04-20 00:00:00,100.41,40.53165240244301,17.085,57.61665240244301,25.0,3.75,125.41,104.16
2025-04-20 01:00:00,94.9,42.16399111282712,17.085,59.24899111282712,25.0,3.75,119.9,98.65
2025-04-20 02:00:00,98.98,42.91456080923048,17.085,59.99956080923048,25.0,3.75,123.98,102.73
2025-04-20 03:00:00,97.41,44.91164464429353,17.085,61.99664464429353,25.0,3.75,122.41,101.16
2025-04-20 04:00:00,98.83,43.40901307964945,17.085,60.49401307964945,25.0,3.75,123.83,102.58
2025-04-20 05:00:00,108.64,43.57811337475104,17.085,60.66311337475104,25.0,3.75,133.64,112.39
2025-04-20 06:00:00,109.38,42.167653255858724,17.085,59.252653255858725,25.0,3.75,134.38,113.13
2025-04-20 07:00:00,94.32,44.82091829040701,17.085,61.90591829040701,25.0,3.75,119.32,98.07
2025-04-20 08:00:00,68.6,42.819525591918996,17.085,59.904525591919,25.0,3.75,93.6,72.35
2025-04-20 09:00:00,18.63,40.27782417965286,17.085,57.36282417965286,25.0,3.75,43.629999999999995,22.38
2025-04-20 10:00:00,0.0,44.80673994025038,17.085,61.89173994025038,25.0,3.75,25.0,3.75
2025-04-20 11:00:00,-5.72,43.39580654507805,17.085,60.48080654507805,25.0,3.75,19.28,-1.9699999999999998
2025-04-20 12:00:00,-34.99,41.113911957743035,17.085,58.198911957743036,25.0,3.75,-9.990000000000002,-31.240000000000002
2025-04-20 13:00:00,-52.42,41.041014065201516,17.085,58.12601406520152,25.0,3.75,-27.42,-48.67
2025-04-20 14:00:00,-40.05,42.59315109028152,17.085,59.678151090281524,25.0,3.75,-15.049999999999997,-36.3
2025-04-20 15:00:00,-4.76,42.92636959053517,17.085,60.01136959053517,25.0,3.75,20.240000000000002,-1.0099999999999998
2025-04-20 16:00:00,0.0,42.39458453126241,17.085,59.47958453126241,25.0,3.75,25.0,3.75
2025-04-20 17:00:00,72.42,42.62261734688577,17.085,59.70761734688577,25.0,3.75,97.42,76.17
2025-04-20 18:00:00,106.81,45.399914749152764,17.085,62.484914749152765,25.0,3.75,131.81,110.56
2025-04-20 19:00:00,119.94,44.14308630446977,17.085,61.22808630446977,25.0,3.75,144.94,123.69
2025-04-20 20:00:00,144.95,42.38127118253005,17.085,59.46627118253005,25.0,3.75,169.95,148.7
2025-04-20 21:00:00,137.56,43.88262116153496,17.085,60.967621161534964,25.0,3.75,162.56,141.31
2025-04-20 22:00:00,121.82,39.93495219294492,17.085,57.01995219294492,25.0,3.75,146.82,125.57
2025-04-20 23:00:00,110.68,42.79585409989362,17.085,59.88085409989362,25.0,3.75,135.68,114.43
2025-04-21 00:00:00,108.58,45.61861269946622,17.085,62.70361269946622,25.0,3.75,133.57999999999998,112.33
2025-04-21 01:00:00,97.59,41.56390820921525,17.085,58.64890820921525,25.0,3.75,122.59,101.34
2025-04-21 02:00:00,96.47,40.30473214276183,17.085,57.38973214276183,25.0,3.75,121.47,100.22
2025-04-21 03:00:00,96.84,40.69582222281388,17.085,57.78082222281388,25.0,3.75,121.84,100.59
2025-04-21 04:00:00,97.98,39.820733925315224,17.085,56.905733925315225,25.0,3.75,122.98,101.73
2025-04-21 05:00:00,98.54,40.430476183744595,17.085,57.515476183744596,25.0,3.75,123.54,102.29
2025-04-21 06:00:00,97.07,41.25898380281994,17.085,58.34398380281994,25.0,3.75,122.07,100.82
2025-04-21 07:00:00,91.31,39.18886596164272,17.085,56.27386596164272,25.0,3.75,116.31,95.06
2025-04-21 08:00:00,88.5,42.03123666789921,17.085,59.11623666789921,25.0,3.75,113.5,92.25
2025-04-21 09:00:00,87.99,43.804554347573294,17.085,60.889554347573295,25.0,3.75,112.99,91.74
2025-04-21 10:00:00,65.24,40.18448763970616,17.085,57.26948763970616,25.0,3.75,90.24,68.99
2025-04-21 11:00:00,33.88,45.03856784728354,17.085,62.12356784728354,25.0,3.75,58.88,37.63
2025-04-21 12:00:00,17.19,43.02158417705519,17.085,60.10658417705519,25.0,3.75,42.19,20.94
2025-04-21 13:00:00,8.91,44.061161171248116,17.085,61.14616117124812,25.0,3.75,33.91,12.66
2025-04-21 14:00:00,8.43,40.684330892295726,17.085,57.76933089229573,25.0,3.75,33.43,12.18
2025-04-21 15:00:00,10.01,43.709050454133234,17.085,60.794050454133234,25.0,3.75,35.01,13.76
2025-04-21 16:00:00,50.05,39.81613219920938,17.085,56.90113219920938,25.0,3.75,75.05,53.8
2025-04-21 17:00:00,88.77,43.78049500167302,17.085,60.86549500167302,25.0,3.75,113.77,92.52
2025-04-21 18:00:00,101.95,42.343678679587065,17.085,59.428678679587065,25.0,3.75,126.95,105.7
2025-04-21 19:00:00,121.95,43.10650243996957,17.085,60.19150243996957,25.0,3.75,146.95,125.7
2025-04-21 20:00:00,139.14,39.648810788750296,17.085,56.7338107887503,25.0,3.75,164.14,142.89
2025-04-21 21:00:00,132.1,40.20986031544679,17.085,57.29486031544679,25.0,3.75,157.1,135.85
2025-04-21 22:00:00,122.77,43.19445643650677,17.085,60.27945643650677,25.0,3.75,147.76999999999998,126.52
2025-04-21 23:00:00,106.54,40.1033039915516,17.085,57.1883039915516,25.0,3.75,131.54000000000002,110.29
2025-04-22 00:00:00,96.21,42.926412584198246,17.085,60.01141258419825,25.0,3.75,121.21,99.96
2025-04-22 01:00:00,88.8,39.26572438707951,17.085,56.35072438707951,25.0,3.75,113.8,92.55
2025-04-22 02:00:00,87.4,43.69634842533333,17.085,60.781348425333334,25.0,3.75,112.4,91.15
2025-04-22 03:00:00,85.01,39.53495337046298,17.085,56.61995337046298,25.0,3.75,110.01,88.76
2025-04-22 04:00:00,84.58,43.10459987535905,17.085,60.18959987535905,25.0,3.75,109.58,88.33
2025-04-22 05:00:00,97.39,43.251261867292,17.085,60.336261867292,25.0,3.75,122.39,101.14
2025-04-22 06:00:00,120.76,40.60645636314085,17.085,57.69145636314085,25.0,3.75,145.76,124.51
2025-04-22 07:00:00,151.54,43.16405313416946,17.085,60.24905313416946,25.0,3.75,176.54,155.29
2025-04-22 08:00:00,147.0,42.52088452666711,17.085,59.60588452666711,25.0,3.75,172.0,150.75
2025-04-22 09:00:00,111.88,40.92231628761452,17.085,58.00731628761452,25.0,3.75,136.88,115.63
2025-04-22 10:00:00,95.2,39.98289063184758,17.085,57.06789063184758,25.0,3.75,120.2,98.95
2025-04-22 11:00:00,89.97,38.074748616654844,17.085,55.159748616654845,25.0,3.75,114.97,93.72
2025-04-22 12:00:00,79.92,42.69930009459939,17.085,59.78430009459939,25.0,3.75,104.92,83.67
2025-04-22 13:00:00,67.66,38.87039445727589,17.085,55.955394457275894,25.0,3.75,92.66,71.41
2025-04-22 14:00:00,71.47,42.190688398882614,17.085,59.275688398882615,25.0,3.75,96.47,75.22
2025-04-22 15:00:00,78.45,41.4731035678355,17.085,58.5581035678355,25.0,3.75,103.45,82.2
2025-04-22 16:00:00,83.07,43.35828555087639,17.085,60.44328555087639,25.0,3.75,108.07,86.82
2025-04-22 17:00:00,100.04,41.39590900102027,17.085,58.48090900102027,25.0,3.75,125.04,103.79
2025-04-22 18:00:00,122.38,41.341104427305815,17.085,58.426104427305816,25.0,3.75,147.38,126.13
2025-04-22 19:00:00,192.32,43.46374140857659,17.085,60.54874140857659,25.0,3.75,217.32,196.07
2025-04-22 20:00:00,263.2,42.67011605816823,17.085,59.755116058168234,25.0,3.75,288.2,266.95
2025-04-22 21:00:00,157.28,42.63231191436556,17.085,59.71731191436556,25.0,3.75,182.28,161.03
2025-04-22 22:00:00,122.28,42.938535179617055,17.085,60.023535179617056,25.0,3.75,147.28,126.03
2025-04-22 23:00:00,109.6,38.928855753585786,17.085,56.01385575358579,25.0,3.75,134.6,113.35
2025-04-23 00:00:00,106.72,43.513577359973965,17.085,60.598577359973966,25.0,3.75,131.72,110.47
2025-04-23 01:00:00,99.4,43.2249375880272,17.085,60.3099375880272,25.0,3.75,124.4,103.15
2025-04-23 02:00:00,96.84,39.96663374284701,17.085,57.05163374284701,25.0,3.75,121.84,100.59
2025-04-23 03:00:00,96.7,41.511839052651595,17.085,58.596839052651596,25.0,3.75,121.7,100.45
2025-04-23 04:00:00,101.2,41.921385424744734,17.085,59.006385424744735,25.0,3.75,126.2,104.95
2025-04-23 05:00:00,108.23,41.73100643119653,17.085,58.816006431196534,25.0,3.75,133.23000000000002,111.98
2025-04-23 06:00:00,137.09,42.66771993313707,17.085,59.75271993313707,25.0,3.75,162.09,140.84
2025-04-23 07:00:00,152.0,44.86273356366237,17.085,61.94773356366237,25.0,3.75,177.0,155.75
2025-04-23 08:00:00,128.84,44.16353345534566,17.085,61.24853345534566,25.0,3.75,153.84,132.59
2025-04-23 09:00:00,100.0,39.37556161313719,17.085,56.46056161313719,25.0,3.75,125.0,103.75
2025-04-23 10:00:00,92.0,43.2441399806121,17.085,60.3291399806121,25.0,3.75,117.0,95.75
2025-04-23 11:00:00,94.39,44.65786663907082,17.085,61.74286663907082,25.0,3.75,119.39,98.14
2025-04-23 12:00:00,81.04,42.77361704137841,17.085,59.85861704137841,25.0,3.75,106.04,84.79
2025-04-23 13:00:00,80.29,44.18196085037194,17.085,61.26696085037194,25.0,3.75,105.29,84.04
2025-04-23 14:00:00,88.0,46.02454089140153,17.085,63.10954089140153,25.0,3.75,113.0,91.75
2025-04-23 15:00:00,92.35,44.047419092213964,17.085,61.132419092213965,25.0,3.75,117.35,96.1
2025-04-23 16:00:00,99.05,42.49861719128346,17.085,59.58361719128346,25.0,3.75,124.05,102.8
2025-04-23 17:00:00,108.28,44.09017694816951,17.085,61.17517694816951,25.0,3.75,133.28,112.03
2025-04-23 18:00:00,128.9,42.28977566619378,17.085,59.374775666193784,25.0,3.75,153.9,132.65
2025-04-23 19:00:00,155.97,42.04780608656991,17.085,59.132806086569914,25.0,3.75,180.97,159.72
2025-04-23 20:00:00,148.67,41.297171528572534,17.085,58.382171528572535,25.0,3.75,173.67,152.42
2025-04-23 21:00:00,126.11,45.126826717664215,17.085,62.211826717664216,25.0,3.75,151.11,129.86
2025-04-23 22:00:00,108.2,40.363142668116,17.085,57.448142668116,25.0,3.75,133.2,111.95
2025-04-23 23:00:00,97.15,45.064735449356235,17.085,62.149735449356236,25.0,3.75,122.15,100.9
2025-04-24 00:00:00,94.17,42.99972824748074,17.085,60.08472824748074,25.0,3.75,119.17,97.92
2025-04-24 01:00:00,88.3,39.201387650396114,17.085,56.286387650396115,25.0,3.75,113.3,92.05
2025-04-24 02:00:00,86.7,42.73529858598285,17.085,59.82029858598285,25.0,3.75,111.7,90.45
2025-04-24 03:00:00,85.65,37.79994698469675,17.085,54.884946984696754,25.0,3.75,110.65,89.4
2025-04-24 04:00:00,84.35,43.25101603366207,17.085,60.33601603366207,25.0,3.75,109.35,88.1
2025-04-24 05:00:00,90.93,43.770462965977984,17.085,60.855462965977985,25.0,3.75,115.93,94.68
2025-04-24 06:00:00,110.34,40.815288088695894,17.085,57.900288088695895,25.0,3.75,135.34,114.09
2025-04-24 07:00:00,118.51,42.24709539191117,17.085,59.33209539191117,25.0,3.75,143.51,122.26
2025-04-24 08:00:00,117.65,45.90831486750057,17.085,62.99331486750057,25.0,3.75,142.65,121.4
2025-04-24 09:00:00,108.91,40.988506591476124,17.085,58.073506591476125,25.0,3.75,133.91,112.66
2025-04-24 10:00:00,96.67,39.882184825886796,17.085,56.9671848258868,25.0,3.75,121.67,100.42
2025-04-24 11:00:00,93.55,44.963326804925195,17.085,62.048326804925196,25.0,3.75,118.55,97.3
2025-04-24 12:00:00,81.56,45.92517438106159,17.085,63.01017438106159,25.0,3.75,106.56,85.31
2025-04-24 13:00:00,78.95,42.007391343695694,17.085,59.092391343695695,25.0,3.75,103.95,82.7
2025-04-24 14:00:00,78.04,44.02292607081671,17.085,61.10792607081671,25.0,3.75,103.04,81.79
2025-04-24 15:00:00,78.72,44.682951831061764,17.085,61.767951831061765,25.0,3.75,103.72,82.47
2025-04-24 16:00:00,83.37,40.51503153492323,17.085,57.60003153492323,25.0,3.75,108.37,87.12
2025-04-24 17:00:00,95.36,41.029388329264265,17.085,58.114388329264266,25.0,3.75,120.36,99.11
2025-04-24 18:00:00,101.02,44.46174902630947,17.085,61.54674902630947,25.0,3.75,126.02,104.77
2025-04-24 19:00:00,114.64,45.370028557417015,17.085,62.455028557417016,25.0,3.75,139.64,118.39
2025-04-24 20:00:00,121.61,43.12576172034871,17.085,60.210761720348714,25.0,3.75,146.61,125.36
2025-04-24 21:00:00,114.48,40.24037129299589,17.085,57.32537129299589,25.0,3.75,139.48000000000002,118.23
2025-04-24 22:00:00,106.53,45.97412222339888,17.085,63.05912222339888,25.0,3.75,131.53,110.28
2025-04-24 23:00:00,93.1,40.93805820437607,17.085,58.02305820437607,25.0,3.75,118.1,96.85
2025-04-25 00:00:00,91.03,41.3297244376571,17.085,58.4147244376571,25.0,3.75,116.03,94.78
2025-04-25 01:00:00,82.92,42.684675668979246,17.085,59.76967566897925,25.0,3.75,107.92,86.67
2025-04-25 02:00:00,82.23,45.108320841429546,17.085,62.193320841429546,25.0,3.75,107.23,85.98
2025-04-25 03:00:00,83.4,43.70795195310445,17.085,60.79295195310445,25.0,3.75,108.4,87.15
2025-04-25 04:00:00,84.95,42.82973100072382,17.085,59.91473100072382,25.0,3.75,109.95,88.7
2025-04-25 05:00:00,94.64,42.92657706023621,17.085,60.01157706023621,25.0,3.75,119.64,98.39
2025-04-25 06:00:00,104.41,42.087029337286936,17.085,59.172029337286936,25.0,3.75,129.41,108.16
2025-04-25 07:00:00,113.39,43.11627902903701,17.085,60.20127902903701,25.0,3.75,138.39,117.14
2025-04-25 08:00:00,111.0,36.940879844611395,17.085,54.025879844611396,25.0,3.75,136.0,114.75
2025-04-25 09:00:00,99.41,41.406785081860406,17.085,58.49178508186041,25.0,3.75,124.41,103.16
2025-04-25 10:00:00,88.17,42.48264386983356,17.085,59.56764386983356,25.0,3.75,113.17,91.92
2025-04-25 11:00:00,75.45,39.697971832760985,17.085,56.782971832760985,25.0,3.75,100.45,79.2
2025-04-25 12:00:00,66.61,42.77264663562312,17.085,59.85764663562312,25.0,3.75,91.61,70.36
2025-04-25 13:00:00,48.03,41.59105755802776,17.085,58.67605755802776,25.0,3.75,73.03,51.78
2025-04-25 14:00:00,40.99,45.51095139663098,17.085,62.59595139663098,25.0,3.75,65.99000000000001,44.74
2025-04-25 15:00:00,59.47,45.14603945042971,17.085,62.23103945042971,25.0,3.75,84.47,63.22
2025-04-25 16:00:00,73.04,41.06838886176367,17.085,58.15338886176367,25.0,3.75,98.04,76.79
2025-04-25 17:00:00,84.19,41.69832457686661,17.085,58.78332457686661,25.0,3.75,109.19,87.94
2025-04-25 18:00:00,99.43,41.852104868783215,17.085,58.937104868783216,25.0,3.75,124.43,103.18
2025-04-25 19:00:00,115.99,41.096681047680754,17.085,58.181681047680755,25.0,3.75,140.99,119.74
2025-04-25 20:00:00,123.78,42.39004996805625,17.085,59.475049968056254,25.0,3.75,148.78,127.53
2025-04-25 21:00:00,109.63,40.48343586222482,17.085,57.568435862224824,25.0,3.75,134.63,113.38
2025-04-25 22:00:00,100.37,39.738769330124946,17.085,56.82376933012495,25.0,3.75,125.37,104.12
2025-04-25 23:00:00,92.09,43.245422447800536,17.085,60.33042244780054,25.0,3.75,117.09,95.84
2025-04-26 00:00:00,100.0,43.25905916844362,17.085,60.34405916844362,25.0,3.75,125.0,103.75
2025-04-26 01:00:00,92.19,40.391368480680015,17.085,57.476368480680016,25.0,3.75,117.19,95.94
2025-04-26 02:00:00,91.02,43.7907108615252,17.085,60.8757108615252,25.0,3.75,116.02,94.77
2025-04-26 03:00:00,89.66,40.736844541669335,17.085,57.821844541669336,25.0,3.75,114.66,93.41
2025-04-26 04:00:00,89.01,42.50633047607596,17.085,59.59133047607596,25.0,3.75,114.01,92.76
2025-04-26 05:00:00,90.86,43.64068802522491,17.085,60.72568802522491,25.0,3.75,115.86,94.61
2025-04-26 06:00:00,93.01,41.932774870592574,17.085,59.017774870592575,25.0,3.75,118.01,96.76
2025-04-26 07:00:00,86.33,42.90948182428227,17.085,59.99448182428227,25.0,3.75,111.33,90.08
2025-04-26 08:00:00,72.19,40.967140712224854,17.085,58.052140712224855,25.0,3.75,97.19,75.94
2025-04-26 09:00:00,34.45,41.607066833143804,17.085,58.692066833143805,25.0,3.75,59.45,38.2
2025-04-26 10:00:00,2.55,41.58828113823932,17.085,58.67328113823932,25.0,3.75,27.55,6.3
2025-04-26 11:00:00,-0.01,40.50684330691952,17.085,57.59184330691952,25.0,3.75,24.99,3.74
2025-04-26 12:00:00,-7.63,41.64645167376844,17.085,58.73145167376844,25.0,3.75,17.37,-3.88
2025-04-26 13:00:00,-14.85,38.902763402272505,17.085,55.987763402272506,25.0,3.75,10.15,-11.1
2025-04-26 14:00:00,-10.77,41.01769250571579,17.085,58.102692505715794,25.0,3.75,14.23,-7.02
2025-04-26 15:00:00,-2.19,41.43024901326066,17.085,58.51524901326066,25.0,3.75,22.81,1.56
2025-04-26 16:00:00,-0.02,41.48764049500924,17.085,58.57264049500924,25.0,3.75,24.98,3.73
2025-04-26 17:00:00,30.99,41.517005108258445,17.085,58.602005108258446,25.0,3.75,55.989999999999995,34.739999999999995
2025-04-26 18:00:00,79.0,41.87647160027974,17.085,58.961471600279744,25.0,3.75,104.0,82.75
2025-04-26 19:00:00,99.81,42.958883036172125,17.085,60.043883036172126,25.0,3.75,124.81,103.56
2025-04-26 20:00:00,107.4,43.749034148265046,17.085,60.83403414826505,25.0,3.75,132.4,111.15
2025-04-26 21:00:00,96.85,40.70046954630347,17.085,57.78546954630347,25.0,3.75,121.85,100.6
2025-04-26 22:00:00,85.26,39.59359828922171,17.085,56.67859828922171,25.0,3.75,110.26,89.01
2025-04-26 23:00:00,72.31,39.91591117551379,17.085,57.00091117551379,25.0,3.75,97.31,76.06
2025-04-27 00:00:00,67.71,41.02559415761014,17.085,58.110594157610144,25.0,3.75,92.71,71.46
2025-04-27 01:00:00,62.91,41.296157364366984,17.085,58.381157364366985,25.0,3.75,87.91,66.66
2025-04-27 02:00:00,57.96,40.460007867605086,17.085,57.54500786760509,25.0,3.75,82.96000000000001,61.71
2025-04-27 03:00:00,59.12,39.40776667150021,17.085,56.49276667150021,25.0,3.75,84.12,62.87
2025-04-27 04:00:00,61.94,41.087758345051625,17.085,58.172758345051626,25.0,3.75,86.94,65.69
2025-04-27 05:00:00,69.05,42.36285324022794,17.085,59.44785324022794,25.0,3.75,94.05,72.8
2025-04-27 06:00:00,69.14,43.19005893167113,17.085,60.27505893167113,25.0,3.75,94.14,72.89
2025-04-27 07:00:00,63.72,40.88515389378336,17.085,57.97015389378336,25.0,3.75,88.72,67.47
2025-04-27 08:00:00,34.95,41.17400435571313,17.085,58.25900435571313,25.0,3.75,59.95,38.7
2025-04-27 09:00:00,0.04,40.14660338230538,17.085,57.23160338230538,25.0,3.75,25.04,3.79
2025-04-27 10:00:00,-3.0,41.937121659250444,17.085,59.022121659250445,25.0,3.75,22.0,0.75
2025-04-27 11:00:00,-33.88,40.30314273161837,17.085,57.38814273161837,25.0,3.75,-8.880000000000003,-30.130000000000003
2025-04-27 12:00:00,-101.04,43.1462556264824,17.085,60.2312556264824,25.0,3.75,-76.04,-97.29
2025-04-27 13:00:00,-129.81,38.42826701613178,17.085,55.51326701613178,25.0,3.75,-104.81,-126.06
2025-04-27 14:00:00,-116.61,41.28074065509507,17.085,58.365740655095074,25.0,3.75,-91.61,-112.86
2025-04-27 15:00:00,-50.0,42.60221467838348,17.085,59.687214678383484,25.0,3.75,-25.0,-46.25
2025-04-27 16:00:00,-5.17,42.36766903264501,17.085,59.45266903264501,25.0,3.75,19.83,-1.42
2025-04-27 17:00:00,18.35,47.386067327960994,17.085,64.471067327961,25.0,3.75,43.35,22.1
2025-04-27 18:00:00,91.98,42.69960004913582,17.085,59.78460004913582,25.0,3.75,116.98,95.73
2025-04-27 19:00:00,110.83,39.99189080631598,17.085,57.07689080631598,25.0,3.75,135.82999999999998,114.58
2025-04-27 20:00:00,124.23,41.809071505821855,17.085,58.894071505821856,25.0,3.75,149.23000000000002,127.98
2025-04-27 21:00:00,109.24,38.447507333067094,17.085,55.532507333067095,25.0,3.75,134.24,112.99
2025-04-27 22:00:00,99.0,41.83880050140648,17.085,58.92380050140648,25.0,3.75,124.0,102.75
2025-04-27 23:00:00,93.77,40.333887885998486,17.085,57.41888788599849,25.0,3.75,118.77,97.52
2025-04-28 00:00:00,92.24,43.83078055112033,17.085,60.91578055112033,25.0,3.75,117.24,95.99
2025-04-28 01:00:00,86.49,40.90091945080893,17.085,57.98591945080893,25.0,3.75,111.49,90.24
2025-04-28 02:00:00,83.1,41.76646816840951,17.085,58.85146816840951,25.0,3.75,108.1,86.85
2025-04-28 03:00:00,85.41,40.728884317191195,17.085,57.813884317191196,25.0,3.75,110.41,89.16
2025-04-28 04:00:00,91.19,45.47770270370666,17.085,62.56270270370666,25.0,3.75,116.19,94.94
2025-04-28 05:00:00,99.49,41.357514467764176,17.085,58.44251446776418,25.0,3.75,124.49,103.24
2025-04-28 06:00:00,140.0,45.665114086958404,17.085,62.750114086958405,25.0,3.75,165.0,143.75
2025-04-28 07:00:00,131.09,43.628303524236536,17.085,60.71330352423654,25.0,3.75,156.09,134.84
2025-04-28 08:00:00,96.85,42.96413345467077,17.085,60.04913345467077,25.0,3.75,121.85,100.6
2025-04-28 09:00:00,67.37,42.73746629463504,17.085,59.82246629463504,25.0,3.75,92.37,71.12
2025-04-28 10:00:00,10.03,42.787594596432506,17.085,59.872594596432506,25.0,3.75,35.03,13.78
2025-04-28 11:00:00,-0.01,38.14465484130878,17.085,55.22965484130878,25.0,3.75,24.99,3.74
2025-04-28 12:00:00,-4.02,41.442233211698486,17.085,58.52723321169849,25.0,3.75,20.98,-0.2699999999999996
2025-04-28 13:00:00,-5.9,43.69031594236864,17.085,60.77531594236864,25.0,3.75,19.1,-2.1500000000000004
2025-04-28 14:00:00,-6.18,41.902205633051786,17.085,58.987205633051786,25.0,3.75,18.82,-2.4299999999999997
2025-04-28 15:00:00,-1.54,39.18962030639285,17.085,56.27462030639285,25.0,3.75,23.46,2.21
2025-04-28 16:00:00,2.01,41.89519109884506,17.085,58.98019109884506,25.0,3.75,27.009999999999998,5.76
2025-04-28 17:00:00,71.83,45.408211032510984,17.085,62.493211032510985,25.0,3.75,96.83,75.58
2025-04-28 18:00:00,101.92,44.49378343106944,17.085,61.57878343106944,25.0,3.75,126.92,105.67
2025-04-28 19:00:00,149.9,41.87599198126794,17.085,58.96099198126794,25.0,3.75,174.9,153.65
2025-04-28 20:00:00,194.81,43.90289855411617,17.085,60.98789855411617,25.0,3.75,219.81,198.56
2025-04-28 21:00:00,128.83,41.2669859592639,17.085,58.3519859592639,25.0,3.75,153.83,132.58
2025-04-28 22:00:00,106.24,38.59225682634656,17.085,55.677256826346564,25.0,3.75,131.24,109.99
2025-04-28 23:00:00,96.83,40.15106802374089,17.085,57.23606802374089,25.0,3.75,121.83,100.58
2025-04-29 00:00:00,90.64,45.1257775370164,17.085,62.2107775370164,25.0,3.75,115.64,94.39
2025-04-29 01:00:00,86.86,41.45201383634139,17.085,58.537013836341394,25.0,3.75,111.86,90.61
2025-04-29 02:00:00,81.76,41.513232041249964,17.085,58.598232041249965,25.0,3.75,106.76,85.51
2025-04-29 03:00:00,79.17,41.40032360745024,17.085,58.48532360745024,25.0,3.75,104.17,82.92
2025-04-29 04:00:00,80.03,45.80827317914601,17.085,62.893273179146014,25.0,3.75,105.03,83.78
2025-04-29 05:00:00,90.57,45.251917830724125,17.085,62.336917830724126,25.0,3.75,115.57,94.32
2025-04-29 06:00:00,107.0,46.437560466896265,17.085,63.522560466896266,25.0,3.75,132.0,110.75
2025-04-29 07:00:00,113.13,41.681909579199896,17.085,58.7669095791999,25.0,3.75,138.13,116.88
2025-04-29 08:00:00,99.98,42.59124897749419,17.085,59.67624897749419,25.0,3.75,124.98,103.73
2025-04-29 09:00:00,78.0,38.96671490115842,17.085,56.05171490115842,25.0,3.75,103.0,81.75
2025-04-29 10:00:00,9.31,44.953868852236546,17.085,62.03886885223655,25.0,3.75,34.31,13.06
2025-04-29 11:00:00,0.0,39.66444089746413,17.085,56.74944089746413,25.0,3.75,25.0,3.75
2025-04-29 12:00:00,-0.76,42.433551127525256,17.085,59.51855112752526,25.0,3.75,24.24,2.99
2025-04-29 13:00:00,-1.9,39.80539494473431,17.085,56.89039494473431,25.0,3.75,23.1,1.85
2025-04-29 14:00:00,-1.67,40.82226634652261,17.085,57.90726634652261,25.0,3.75,23.33,2.08
2025-04-29 15:00:00,-0.01,40.3254751379006,17.085,57.4104751379006,25.0,3.75,24.99,3.74
2025-04-29 16:00:00,14.82,40.78424947864836,17.085,57.86924947864836,25.0,3.75,39.82,18.57
2025-04-29 17:00:00,77.6,40.92175459370204,17.085,58.00675459370204,25.0,3.75,102.6,81.35
2025-04-29 18:00:00,102.0,40.90346241014984,17.085,57.98846241014984,25.0,3.75,127.0,105.75
2025-04-29 19:00:00,139.83,43.666667823560616,17.085,60.75166782356062,25.0,3.75,164.83,143.58
2025-04-29 20:00:00,174.75,39.79027441387496,17.085,56.87527441387496,25.0,3.75,199.75,178.5
2025-04-29 21:00:00,129.11,42.441082854027734,17.085,59.526082854027734,25.0,3.75,154.11,132.86
2025-04-29 22:00:00,108.83,44.435918304611114,17.085,61.520918304611115,25.0,3.75,133.82999999999998,112.58
2025-04-29 23:00:00,97.82,40.97360727097321,17.085,58.05860727097321,25.0,3.75,122.82,101.57
2025-04-30 00:00:00,95.0,40.5641622185048,17.085,57.6491622185048,25.0,3.75,120.0,98.75
2025-04-30 01:00:00,90.0,41.5389507496395,17.085,58.6239507496395,25.0,3.75,115.0,93.75
2025-04-30 02:00:00,87.59,44.35945041672142,17.085,61.44445041672142,25.0,3.75,112.59,91.34
2025-04-30 03:00:00,88.25,42.388215261906716,17.085,59.47321526190672,25.0,3.75,113.25,92.0
2025-04-30 04:00:00,91.4,40.937571410784805,17.085,58.022571410784806,25.0,3.75,116.4,95.15
2025-04-30 05:00:00,95.83,42.96775330237608,17.085,60.05275330237608,25.0,3.75,120.83,99.58
2025-04-30 06:00:00,115.27,39.795415700327155,17.085,56.880415700327156,25.0,3.75,140.26999999999998,119.02
2025-04-30 07:00:00,120.3,43.3627190208859,17.085,60.4477190208859,25.0,3.75,145.3,124.05
2025-04-30 08:00:00,99.9,42.817214615403536,17.085,59.90221461540354,25.0,3.75,124.9,103.65
2025-04-30 09:00:00,76.7,41.38438305772223,17.085,58.46938305772223,25.0,3.75,101.7,80.45
2025-04-30 10:00:00,7.08,40.32282840310554,17.085,57.40782840310554,25.0,3.75,32.08,10.83
2025-04-30 11:00:00,0.0,40.226638155433086,17.085,57.31163815543309,25.0,3.75,25.0,3.75
2025-04-30 12:00:00,-1.0,43.06963467269182,17.085,60.15463467269182,25.0,3.75,24.0,2.75
2025-04-30 13:00:00,-6.21,44.457961004978124,17.085,61.542961004978125,25.0,3.75,18.79,-2.46
2025-04-30 14:00:00,-3.0,40.72538450594241,17.085,57.81038450594241,25.0,3.75,22.0,0.75
2025-04-30 15:00:00,-0.02,42.916773407102966,17.085,60.00177340710297,25.0,3.75,24.98,3.73
2025-04-30 16:00:00,19.91,37.82594596279586,17.085,54.910945962795864,25.0,3.75,44.91,23.66
2025-04-30 17:00:00,78.39,40.8307645386856,17.085,57.9157645386856,25.0,3.75,103.39,82.14
2025-04-30 18:00:00,101.8,41.937882134258196,17.085,59.0228821342582,25.0,3.75,126.8,105.55
2025-04-30 19:00:00,130.37,40.18063316603633,17.085,57.26563316603633,25.0,3.75,155.37,134.12
2025-04-30 20:00:00,176.43,40.12698725042081,17.085,57.21198725042081,25.0,3.75,201.43,180.18
2025-04-30 21:00:00,128.0,40.66444088706223,17.085,57.74944088706223,25.0,3.75,153.0,131.75
2025-04-30 22:00:00,108.33,42.58438545665275,17.085,59.66938545665275,25.0,3.75,133.32999999999998,112.08
2025-04-30 23:00:00,98.68,41.62534196318725,17.085,58.710341963187254,25.0,3.75,123.68,102.43
2025-05-01 00:00:00,97.51,34.52353753335006,17.085,51.60853753335006,25.0,3.75,122.51,101.26
2025-05-01 01:00:00,91.78,34.75859969472987,17.085,51.84359969472987,25.0,3.75,116.78,95.53
2025-05-01 02:00:00,90.46,37.78626964428565,17.085,54.871269644285654,25.0,3.75,115.46,94.21
2025-05-01 03:00:00,90.63,39.9153731721071,17.085,57.0003731721071,25.0,3.75,115.63,94.38
2025-05-01 04:00:00,90.5,33.50499031454953,17.085,50.58999031454953,25.0,3.75,115.5,94.25
2025-05-01 05:00:00,84.16,38.00053964769674,17.085,55.08553964769674,25.0,3.75,109.16,87.91
2025-05-01 06:00:00,83.94,37.947504286965156,17.085,55.03250428696516,25.0,3.75,108.94,87.69
2025-05-01 07:00:00,78.04,41.7766755564169,17.085,58.8616755564169,25.0,3.75,103.04,81.79
2025-05-01 08:00:00,62.1,38.22995637657427,17.085,55.31495637657427,25.0,3.75,87.1,65.85
2025-05-01 09:00:00,0.0,39.76597796948186,17.085,56.85097796948186,25.0,3.75,25.0,3.75
2025-05-01 10:00:00,-3.0,39.28251428017493,17.085,56.36751428017493,25.0,3.75,22.0,0.75
2025-05-01 11:00:00,-40.1,34.7388670403856,17.085,51.8238670403856,25.0,3.75,-15.100000000000001,-36.35
2025-05-01 12:00:00,-85.01,40.536414433263474,17.085,57.621414433263475,25.0,3.75,-60.010000000000005,-81.26
2025-05-01 13:00:00,-129.99,39.43079301091257,17.085,56.515793010912574,25.0,3.75,-104.99000000000001,-126.24000000000001
2025-05-01 14:00:00,-118.11,40.01653727934918,17.085,57.10153727934918,25.0,3.75,-93.11,-114.36
2025-05-01 15:00:00,-49.99,46.85247541287265,17.085,63.93747541287265,25.0,3.75,-24.990000000000002,-46.24
2025-05-01 16:00:00,-5.17,34.83177412100282,17.085,51.916774121002824,25.0,3.75,19.83,-1.42
2025-05-01 17:00:00,40.77,42.449393299522214,17.085,59.534393299522215,25.0,3.75,65.77000000000001,44.52
2025-05-01 18:00:00,96.14,38.42510496119929,17.085,55.51010496119929,25.0,3.75,121.14,99.89
2025-05-01 19:00:00,129.87,39.574657808806016,17.085,56.65965780880602,25.0,3.75,154.87,133.62
2025-05-01 20:00:00,164.38,38.908975509397514,17.085,55.993975509397515,25.0,3.75,189.38,168.13
2025-05-01 21:00:00,122.45,38.151527333203916,17.085,55.23652733320392,25.0,3.75,147.45,126.2
2025-05-01 22:00:00,100.73,37.860334143522486,17.085,54.94533414352249,25.0,3.75,125.73,104.48
2025-05-01 23:00:00,87.1,39.659017471146015,17.085,56.744017471146016,25.0,3.75,112.1,90.85
2025-05-02 00:00:00,89.92,35.96565260665664,17.085,53.05065260665664,25.0,3.75,114.92,93.67
2025-05-02 01:00:00,77.12,40.501158335043534,17.085,57.586158335043535,25.0,3.75,102.12,80.87
2025-05-02 02:00:00,66.9,38.16761119022949,17.085,55.252611190229494,25.0,3.75,91.9,70.65
2025-05-02 03:00:00,63.91,36.739861321919285,17.085,53.824861321919286,25.0,3.75,88.91,67.66
2025-05-02 04:00:00,66.0,38.099974284008375,17.085,55.184974284008376,25.0,3.75,91.0,69.75
2025-05-02 05:00:00,74.01,41.514298433725145,17.085,58.599298433725146,25.0,3.75,99.01,77.76
2025-05-02 06:00:00,86.83,37.92932982596756,17.085,55.01432982596756,25.0,3.75,111.83,90.58
2025-05-02 07:00:00,88.55,39.71690723641924,17.085,56.80190723641924,25.0,3.75,113.55,92.3
2025-05-02 08:00:00,84.9,37.53808744856905,17.085,54.62308744856905,25.0,3.75,109.9,88.65
2025-05-02 09:00:00,55.0,40.51584369984724,17.085,57.60084369984724,25.0,3.75,80.0,58.75
2025-05-02 10:00:00,0.85,40.37101547758041,17.085,57.45601547758041,25.0,3.75,25.85,4.6
2025-05-02 11:00:00,-0.01,42.69721766659282,17.085,59.78221766659282,25.0,3.75,24.99,3.74
2025-05-02 12:00:00,-0.8,38.648872109001566,17.085,55.73387210900157,25.0,3.75,24.2,2.95
2025-05-02 13:00:00,-3.0,40.33730960951581,17.085,57.422309609515814,25.0,3.75,22.0,0.75
2025-05-02 14:00:00,-4.0,39.19613507907789,17.085,56.28113507907789,25.0,3.75,21.0,-0.25
2025-05-02 15:00:00,-0.08,41.59174356372603,17.085,58.67674356372603,25.0,3.75,24.92,3.67
2025-05-02 16:00:00,0.3,37.56233522478254,17.085,54.64733522478254,25.0,3.75,25.3,4.05
2025-05-02 17:00:00,67.5,40.490010625754564,17.085,57.575010625754565,25.0,3.75,92.5,71.25
2025-05-02 18:00:00,99.9,38.610605407766634,17.085,55.695605407766635,25.0,3.75,124.9,103.65
2025-05-02 19:00:00,118.39,38.871623645783004,17.085,55.956623645783004,25.0,3.75,143.39,122.14
2025-05-02 20:00:00,150.4,39.18350496889675,17.085,56.26850496889675,25.0,3.75,175.4,154.15
2025-05-02 21:00:00,121.24,39.50448079285336,17.085,56.58948079285336,25.0,3.75,146.24,124.99
2025-05-02 22:00:00,106.72,38.767541913756084,17.085,55.852541913756085,25.0,3.75,131.72,110.47
2025-05-02 23:00:00,96.44,39.429426366341055,17.085,56.514426366341056,25.0,3.75,121.44,100.19
2025-05-03 00:00:00,97.81,42.15623611512437,17.085,59.24123611512437,25.0,3.75,122.81,101.56
2025-05-03 01:00:00,93.34,40.97089937123044,17.085,58.05589937123044,25.0,3.75,118.34,97.09
2025-05-03 02:00:00,92.2,40.738309184993795,17.085,57.823309184993796,25.0,3.75,117.2,95.95
2025-05-03 03:00:00,92.0,38.08892094795226,17.085,55.17392094795226,25.0,3.75,117.0,95.75
2025-05-03 04:00:00,91.23,37.22151834354335,17.085,54.30651834354335,25.0,3.75,116.23,94.98
2025-05-03 05:00:00,91.84,40.910601116475505,17.085,57.995601116475505,25.0,3.75,116.84,95.59
2025-05-03 06:00:00,92.86,40.75209358505959,17.085,57.83709358505959,25.0,3.75,117.86,96.61
2025-05-03 07:00:00,87.73,41.945341351501966,17.085,59.03034135150197,25.0,3.75,112.73,91.48
2025-05-03 08:00:00,79.9,37.79203874806154,17.085,54.877038748061544,25.0,3.75,104.9,83.65
2025-05-03 09:00:00,13.53,38.54090268927931,17.085,55.62590268927931,25.0,3.75,38.53,17.28
2025-05-03 10:00:00,0.01,35.72103167494913,17.085,52.80603167494913,25.0,3.75,25.01,3.76
2025-05-03 11:00:00,-0.01,38.21505778787825,17.085,55.30005778787825,25.0,3.75,24.99,3.74
2025-05-03 12:00:00,-1.16,40.99314102115889,17.085,58.07814102115889,25.0,3.75,23.84,2.59
2025-05-03 13:00:00,-3.04,38.0670092415436,17.085,55.1520092415436,25.0,3.75,21.96,0.71
2025-05-03 14:00:00,-2.69,40.28095959040165,17.085,57.36595959040165,25.0,3.75,22.31,1.06
2025-05-03 15:00:00,-0.03,38.618993788004374,17.085,55.703993788004375,25.0,3.75,24.97,3.72
2025-05-03 16:00:00,0.0,39.64811405644312,17.085,56.73311405644312,25.0,3.75,25.0,3.75
2025-05-03 17:00:00,28.87,36.70461722036867,17.085,53.78961722036867,25.0,3.75,53.870000000000005,32.620000000000005
2025-05-03 18:00:00,68.11,39.1704188992678,17.085,56.2554188992678,25.0,3.75,93.11,71.86
2025-05-03 19:00:00,77.54,33.01772805819856,17.085,50.10272805819856,25.0,3.75,102.54,81.29
2025-05-03 20:00:00,90.27,38.62620768367603,17.085,55.71120768367603,25.0,3.75,115.27,94.02
2025-05-03 21:00:00,87.02,35.73905351256972,17.085,52.82405351256972,25.0,3.75,112.02,90.77
2025-05-03 22:00:00,78.63,41.41198903309363,17.085,58.496989033093634,25.0,3.75,103.63,82.38
2025-05-03 23:00:00,65.91,40.554814705529026,17.085,57.63981470552903,25.0,3.75,90.91,69.66
2025-05-04 00:00:00,60.3,39.933341963932165,17.085,57.018341963932166,25.0,3.75,85.3,64.05
2025-05-04 01:00:00,44.9,42.04201245431876,17.085,59.12701245431876,25.0,3.75,69.9,48.65
2025-05-04 02:00:00,31.47,37.102166958350324,17.085,54.187166958350325,25.0,3.75,56.47,35.22
2025-05-04 03:00:00,20.39,42.494726395831115,17.085,59.579726395831116,25.0,3.75,45.39,24.14
2025-05-04 04:00:00,20.02,40.86438312852077,17.085,57.94938312852077,25.0,3.75,45.019999999999996,23.77
2025-05-04 05:00:00,15.58,38.52688942556211,17.085,55.61188942556211,25.0,3.75,40.58,19.33
2025-05-04 06:00:00,13.62,41.27124029436589,17.085,58.35624029436589,25.0,3.75,38.62,17.369999999999997
2025-05-04 07:00:00,7.83,36.78741297517673,17.085,53.87241297517673,25.0,3.75,32.83,11.58
2025-05-04 08:00:00,2.93,37.35097167694465,17.085,54.43597167694465,25.0,3.75,27.93,6.68
2025-05-04 09:00:00,0.0,37.7828205535206,17.085,54.8678205535206,25.0,3.75,25.0,3.75
2025-05-04 10:00:00,-0.01,37.94204458387197,17.085,55.02704458387197,25.0,3.75,24.99,3.74
2025-05-04 11:00:00,-0.01,36.88688471447949,17.085,53.97188471447949,25.0,3.75,24.99,3.74
2025-05-04 12:00:00,-0.02,41.44616613419065,17.085,58.53116613419065,25.0,3.75,24.98,3.73
2025-05-04 13:00:00,-2.0,38.48229119926034,17.085,55.56729119926034,25.0,3.75,23.0,1.75
2025-05-04 14:00:00,-5.01,39.70500993671376,17.085,56.79000993671376,25.0,3.75,19.990000000000002,-1.2599999999999998
2025-05-04 15:00:00,-1.59,37.859297267172636,17.085,54.94429726717264,25.0,3.75,23.41,2.16
2025-05-04 16:00:00,-0.01,35.35879339890297,17.085,52.44379339890297,25.0,3.75,24.99,3.74
2025-05-04 17:00:00,10.07,39.540114716782846,17.085,56.625114716782846,25.0,3.75,35.07,13.82
2025-05-04 18:00:00,80.08,35.175490049160445,17.085,52.260490049160445,25.0,3.75,105.08,83.83
2025-05-04 19:00:00,95.95,38.862731907829065,17.085,55.947731907829066,25.0,3.75,120.95,99.7
2025-05-04 20:00:00,109.0,36.26336992233438,17.085,53.34836992233438,25.0,3.75,134.0,112.75
2025-05-04 21:00:00,112.38,42.974551998461614,17.085,60.059551998461615,25.0,3.75,137.38,116.13
2025-05-04 22:00:00,101.79,40.822725444349445,17.085,57.907725444349445,25.0,3.75,126.79,105.54
2025-05-04 23:00:00,87.35,39.211507582542964,17.085,56.296507582542965,25.0,3.75,112.35,91.1
2025-05-05 00:00:00,75.18,41.527413355309335,17.085,58.612413355309336,25.0,3.75,100.18,78.93
2025-05-05 01:00:00,70.51,37.30736804506853,17.085,54.39236804506853,25.0,3.75,95.51,74.26
2025-05-05 02:00:00,72.25,40.086958757340184,17.085,57.171958757340185,25.0,3.75,97.25,76.0
2025-05-05 03:00:00,75.15,39.39962086743743,17.085,56.48462086743743,25.0,3.75,100.15,78.9
2025-05-05 04:00:00,74.98,39.52804016266734,17.085,56.61304016266734,25.0,3.75,99.98,78.73
2025-05-05 05:00:00,89.49,41.544707000213535,17.085,58.629707000213536,25.0,3.75,114.49,93.24
2025-05-05 06:00:00,110.92,40.4649842055596,17.085,57.5499842055596,25.0,3.75,135.92000000000002,114.67
2025-05-05 07:00:00,122.57,39.57744732565005,17.085,56.66244732565005,25.0,3.75,147.57,126.32
2025-05-05 08:00:00,106.69,35.69022512754341,17.085,52.77522512754341,25.0,3.75,131.69,110.44
2025-05-05 09:00:00,90.82,37.07990740944107,17.085,54.16490740944107,25.0,3.75,115.82,94.57
2025-05-05 10:00:00,80.0,38.75458213280855,17.085,55.83958213280855,25.0,3.75,105.0,83.75
2025-05-05 11:00:00,61.65,39.1867447485533,17.085,56.2717447485533,25.0,3.75,86.65,65.4
2025-05-05 12:00:00,53.83,36.739592550652155,17.085,53.824592550652156,25.0,3.75,78.83,57.58
2025-05-05 13:00:00,49.66,43.82335335115684,17.085,60.90835335115684,25.0,3.75,74.66,53.41
2025-05-05 14:00:00,59.3,42.03278811050715,17.085,59.11778811050715,25.0,3.75,84.3,63.05
2025-05-05 15:00:00,70.42,40.20423664078497,17.085,57.28923664078497,25.0,3.75,95.42,74.17
2025-05-05 16:00:00,78.88,39.14407372256749,17.085,56.22907372256749,25.0,3.75,103.88,82.63
2025-05-05 17:00:00,89.22,38.575582060197696,17.085,55.6605820601977,25.0,3.75,114.22,92.97
2025-05-05 18:00:00,100.1,37.09616307995553,17.085,54.18116307995553,25.0,3.75,125.1,103.85
2025-05-05 19:00:00,128.92,39.15496103703772,17.085,56.23996103703772,25.0,3.75,153.92,132.67
2025-05-05 20:00:00,128.0,39.5155050802855,17.085,56.6005050802855,25.0,3.75,153.0,131.75
2025-05-05 21:00:00,113.17,36.51647884903675,17.085,53.60147884903675,25.0,3.75,138.17000000000002,116.92
2025-05-05 22:00:00,101.52,39.668352834489795,17.085,56.753352834489796,25.0,3.75,126.52,105.27
2025-05-05 23:00:00,94.46,38.6894819023505,17.085,55.7744819023505,25.0,3.75,119.46,98.21
2025-05-06 00:00:00,87.22,35.18438488424522,17.085,52.26938488424522,25.0,3.75,112.22,90.97
2025-05-06 01:00:00,81.68,37.279229978440995,17.085,54.364229978440996,25.0,3.75,106.68,85.43
2025-05-06 02:00:00,81.29,38.17278893315671,17.085,55.25778893315671,25.0,3.75,106.29,85.04
2025-05-06 03:00:00,79.96,42.77537531468038,17.085,59.86037531468038,25.0,3.75,104.96,83.71
2025-05-06 04:00:00,82.39,40.11310624906751,17.085,57.198106249067514,25.0,3.75,107.39,86.14
2025-05-06 05:00:00,97.08,36.32903686180022,17.085,53.41403686180022,25.0,3.75,122.08,100.83
2025-05-06 06:00:00,114.57,39.972072578835274,17.085,57.057072578835275,25.0,3.75,139.57,118.32
2025-05-06 07:00:00,121.86,35.905392022123266,17.085,52.99039202212327,25.0,3.75,146.86,125.61
2025-05-06 08:00:00,108.37,41.16538210777415,17.085,58.25038210777415,25.0,3.75,133.37,112.12
2025-05-06 09:00:00,83.08,38.057750696364245,17.085,55.142750696364246,25.0,3.75,108.08,86.83
2025-05-06 10:00:00,72.27,38.812727622521656,17.085,55.89772762252166,25.0,3.75,97.27,76.02
2025-05-06 11:00:00,59.89,41.65159329508438,17.085,58.73659329508438,25.0,3.75,84.89,63.64
2025-05-06 12:00:00,42.81,36.4256728628315,17.085,53.5106728628315,25.0,3.75,67.81,46.56
2025-05-06 13:00:00,38.17,36.20576362977402,17.085,53.29076362977402,25.0,3.75,63.17,41.92
2025-05-06 14:00:00,45.44,37.83280134730799,17.085,54.91780134730799,25.0,3.75,70.44,49.19
2025-05-06 15:00:00,65.0,41.076757702038634,17.085,58.161757702038635,25.0,3.75,90.0,68.75
2025-05-06 16:00:00,73.73,35.961307849046314,17.085,53.046307849046315,25.0,3.75,98.73,77.48
2025-05-06 17:00:00,89.99,33.33568880377886,17.085,50.42068880377886,25.0,3.75,114.99,93.74
2025-05-06 18:00:00,106.89,38.097682283182,17.085,55.182682283182004,25.0,3.75,131.89,110.64
2025-05-06 19:00:00,134.09,40.10348159982184,17.085,57.18848159982184,25.0,3.75,159.09,137.84
2025-05-06 20:00:00,161.18,41.40052349947766,17.085,58.48552349947766,25.0,3.75,186.18,164.93
2025-05-06 21:00:00,136.6,38.073677275829205,17.085,55.158677275829206,25.0,3.75,161.6,140.35
2025-05-06 22:00:00,118.28,38.177146785767995,17.085,55.262146785767996,25.0,3.75,143.28,122.03
2025-05-06 23:00:00,101.27,41.30780146851149,17.085,58.39280146851149,25.0,3.75,126.27,105.02
2025-05-07 00:00:00,92.67,35.26051660060916,17.085,52.34551660060916,25.0,3.75,117.67,96.42
2025-05-07 01:00:00,87.05,38.22295844963398,17.085,55.30795844963398,25.0,3.75,112.05,90.8
2025-05-07 02:00:00,85.63,39.380847779850114,17.085,56.465847779850115,25.0,3.75,110.63,89.38
2025-05-07 03:00:00,88.6,39.89843744257007,17.085,56.98343744257007,25.0,3.75,113.6,92.35
2025-05-07 04:00:00,95.16,37.980386613618236,17.085,55.06538661361824,25.0,3.75,120.16,98.91
2025-05-07 05:00:00,108.57,39.06888202341168,17.085,56.15388202341168,25.0,3.75,133.57,112.32
2025-05-07 06:00:00,131.68,34.02334529317402,17.085,51.10834529317402,25.0,3.75,156.68,135.43
2025-05-07 07:00:00,143.95,37.683503175332305,17.085,54.768503175332306,25.0,3.75,168.95,147.7
2025-05-07 08:00:00,125.0,39.90701742510893,17.085,56.99201742510893,25.0,3.75,150.0,128.75
2025-05-07 09:00:00,96.43,37.03541193149064,17.085,54.120411931490644,25.0,3.75,121.43,100.18
2025-05-07 10:00:00,82.41,39.117968443179194,17.085,56.202968443179195,25.0,3.75,107.41,86.16
2025-05-07 11:00:00,73.3,39.893745001605396,17.085,56.9787450016054,25.0,3.75,98.3,77.05
2025-05-07 12:00:00,64.43,38.31490159828447,17.085,55.39990159828447,25.0,3.75,89.43,68.18
2025-05-07 13:00:00,63.92,39.34092754199314,17.085,56.42592754199314,25.0,3.75,88.92,67.67
2025-05-07 14:00:00,68.04,37.07453486943078,17.085,54.15953486943078,25.0,3.75,93.04,71.79
2025-05-07 15:00:00,75.0,38.586777440607904,17.085,55.671777440607904,25.0,3.75,100.0,78.75
2025-05-07 16:00:00,81.8,40.220432339178444,17.085,57.305432339178445,25.0,3.75,106.8,85.55
2025-05-07 17:00:00,95.85,39.31394592193687,17.085,56.39894592193687,25.0,3.75,120.85,99.6
2025-05-07 18:00:00,108.49,37.82693746087213,17.085,54.91193746087213,25.0,3.75,133.49,112.24
2025-05-07 19:00:00,128.93,39.448432808581586,17.085,56.53343280858159,25.0,3.75,153.93,132.68
2025-05-07 20:00:00,147.15,40.42921958127324,17.085,57.51421958127324,25.0,3.75,172.15,150.9
2025-05-07 21:00:00,125.18,34.900117442845044,17.085,51.985117442845045,25.0,3.75,150.18,128.93
2025-05-07 22:00:00,108.49,41.3181481299118,17.085,58.4031481299118,25.0,3.75,133.49,112.24
2025-05-07 23:00:00,96.59,38.32749052263786,17.085,55.41249052263786,25.0,3.75,121.59,100.34
2025-05-08 00:00:00,95.86,39.85097986648046,17.085,56.93597986648046,25.0,3.75,120.86,99.61
2025-05-08 01:00:00,91.66,41.394493847290455,17.085,58.479493847290456,25.0,3.75,116.66,95.41
2025-05-08 02:00:00,91.51,36.25665260553907,17.085,53.34165260553907,25.0,3.75,116.51,95.26
2025-05-08 03:00:00,93.18,37.58111799514491,17.085,54.66611799514491,25.0,3.75,118.18,96.93
2025-05-08 04:00:00,96.09,38.42290260824859,17.085,55.50790260824859,25.0,3.75,121.09,99.84
2025-05-08 05:00:00,109.25,37.432492957751144,17.085,54.517492957751145,25.0,3.75,134.25,113.0
2025-05-08 06:00:00,124.27,42.46987315167362,17.085,59.55487315167362,25.0,3.75,149.26999999999998,128.01999999999998
2025-05-08 07:00:00,138.73,37.28645581234642,17.085,54.37145581234642,25.0,3.75,163.73,142.48
2025-05-08 08:00:00,124.11,37.888906441026265,17.085,54.973906441026266,25.0,3.75,149.11,127.86
2025-05-08 09:00:00,101.13,39.40877806320595,17.085,56.49377806320595,25.0,3.75,126.13,104.88
2025-05-08 10:00:00,87.81,36.595700947847824,17.085,53.680700947847825,25.0,3.75,112.81,91.56
2025-05-08 11:00:00,75.34,38.20863857648747,17.085,55.293638576487474,25.0,3.75,100.34,79.09
2025-05-08 12:00:00,64.25,39.63490652250035,17.085,56.71990652250035,25.0,3.75,89.25,68.0
2025-05-08 13:00:00,63.75,38.33427919123498,17.085,55.41927919123498,25.0,3.75,88.75,67.5
2025-05-08 14:00:00,70.05,38.813226282200105,17.085,55.898226282200106,25.0,3.75,95.05,73.8
2025-05-08 15:00:00,78.77,37.941335775103255,17.085,55.026335775103256,25.0,3.75,103.77,82.52
2025-05-08 16:00:00,85.3,35.97105938163847,17.085,53.05605938163847,25.0,3.75,110.3,89.05
2025-05-08 17:00:00,91.63,39.643186422678475,17.085,56.728186422678476,25.0,3.75,116.63,95.38
2025-05-08 18:00:00,109.09,42.50986614329448,17.085,59.59486614329448,25.0,3.75,134.09,112.84
2025-05-08 19:00:00,134.96,39.036803261566874,17.085,56.121803261566875,25.0,3.75,159.96,138.71
2025-05-08 20:00:00,185.08,39.450528234495096,17.085,56.5355282344951,25.0,3.75,210.08,188.83
2025-05-08 21:00:00,143.18,40.38544551023372,17.085,57.47044551023372,25.0,3.75,168.18,146.93
2025-05-08 22:00:00,114.77,36.4613390069066,17.085,53.5463390069066,25.0,3.75,139.76999999999998,118.52
2025-05-08 23:00:00,106.48,42.40502931625921,17.085,59.49002931625921,25.0,3.75,131.48000000000002,110.23
2025-05-09 00:00:00,102.27,39.4046575928456,17.085,56.4896575928456,25.0,3.75,127.27,106.02
2025-05-09 01:00:00,96.55,42.263713798178216,17.085,59.34871379817822,25.0,3.75,121.55,100.3
2025-05-09 02:00:00,93.76,37.53393400895202,17.085,54.618934008952024,25.0,3.75,118.76,97.51
2025-05-09 03:00:00,95.09,42.63612384511565,17.085,59.72112384511565,25.0,3.75,120.09,98.84
2025-05-09 04:00:00,100.28,40.55031098806957,17.085,57.63531098806957,25.0,3.75,125.28,104.03
2025-05-09 05:00:00,112.4,40.10608017170472,17.085,57.19108017170472,25.0,3.75,137.4,116.15
2025-05-09 06:00:00,141.0,39.468048908706294,17.085,56.553048908706295,25.0,3.75,166.0,144.75
2025-05-09 07:00:00,136.03,38.5029427638511,17.085,55.5879427638511,25.0,3.75,161.03,139.78
2025-05-09 08:00:00,100.61,41.40106331694774,17.085,58.48606331694774,25.0,3.75,125.61,104.36
2025-05-09 09:00:00,82.0,39.280719739696096,17.085,56.3657197396961,25.0,3.75,107.0,85.75
2025-05-09 10:00:00,51.6,35.06586059282569,17.085,52.150860592825694,25.0,3.75,76.6,55.35
2025-05-09 11:00:00,0.1,36.76562707658599,17.085,53.850627076585994,25.0,3.75,25.1,3.85
2025-05-09 12:00:00,-0.74,38.628308495614505,17.085,55.713308495614505,25.0,3.75,24.26,3.01
2025-05-09 13:00:00,-0.04,39.61999796633111,17.085,56.70499796633111,25.0,3.75,24.96,3.71
2025-05-09 14:00:00,-0.01,38.88682302220021,17.085,55.97182302220021,25.0,3.75,24.99,3.74
2025-05-09 15:00:00,0.09,41.437941579587324,17.085,58.522941579587325,25.0,3.75,25.09,3.84
2025-05-09 16:00:00,52.66,35.09779627192275,17.085,52.182796271922754,25.0,3.75,77.66,56.41
2025-05-09 17:00:00,79.06,39.28717587301032,17.085,56.37217587301032,25.0,3.75,104.06,82.81
2025-05-09 18:00:00,98.9,35.36404154922569,17.085,52.44904154922569,25.0,3.75,123.9,102.65
2025-05-09 19:00:00,120.0,40.519424590968335,17.085,57.604424590968335,25.0,3.75,145.0,123.75
2025-05-09 20:00:00,149.13,38.811082571115996,17.085,55.896082571116,25.0,3.75,174.13,152.88
2025-05-09 21:00:00,130.35,39.83921994404824,17.085,56.92421994404824,25.0,3.75,155.35,134.1
2025-05-09 22:00:00,107.32,37.27223407882047,17.085,54.35723407882047,25.0,3.75,132.32,111.07
2025-05-09 23:00:00,98.32,41.558929863315505,17.085,58.643929863315506,25.0,3.75,123.32,102.07
2025-05-10 00:00:00,105.22,41.0834493281177,17.085,58.1684493281177,25.0,3.75,130.22,108.97
2025-05-10 01:00:00,102.91,40.167088606023775,17.085,57.252088606023776,25.0,3.75,127.91,106.66
2025-05-10 02:00:00,98.78,38.74096550627312,17.085,55.82596550627312,25.0,3.75,123.78,102.53
2025-05-10 03:00:00,96.28,40.15971457059027,17.085,57.24471457059027,25.0,3.75,121.28,100.03
2025-05-10 04:00:00,100.9,37.5862148640253,17.085,54.6712148640253,25.0,3.75,125.9,104.65
2025-05-10 05:00:00,100.47,40.711111318041425,17.085,57.796111318041426,25.0,3.75,125.47,104.22
2025-05-10 06:00:00,97.73,42.298961788647844,17.085,59.383961788647845,25.0,3.75,122.73,101.48
2025-05-10 07:00:00,93.91,41.141221119958374,17.085,58.226221119958375,25.0,3.75,118.91,97.66
2025-05-10 08:00:00,73.72,37.54079506038518,17.085,54.62579506038518,25.0,3.75,98.72,77.47
2025-05-10 09:00:00,9.02,39.7228346345462,17.085,56.807834634546204,25.0,3.75,34.019999999999996,12.77
2025-05-10 10:00:00,-0.07,36.413716912482705,17.085,53.498716912482706,25.0,3.75,24.93,3.68
2025-05-10 11:00:00,-22.88,40.14478062235135,17.085,57.22978062235135,25.0,3.75,2.120000000000001,-19.13
2025-05-10 12:00:00,-58.48,39.901206825725076,17.085,56.98620682572508,25.0,3.75,-33.48,-54.73
2025-05-10 13:00:00,-114.53,35.26036732093567,17.085,52.34536732093567,25.0,3.75,-89.53,-110.78
2025-05-10 14:00:00,-110.51,36.67643231217527,17.085,53.76143231217527,25.0,3.75,-85.51,-106.76
2025-05-10 15:00:00,-49.52,38.43372220651246,17.085,55.518722206512464,25.0,3.75,-24.520000000000003,-45.77
2025-05-10 16:00:00,-5.94,38.39828050571835,17.085,55.48328050571835,25.0,3.75,19.06,-2.1900000000000004
2025-05-10 17:00:00,23.99,36.58104612916239,17.085,53.66604612916239,25.0,3.75,48.989999999999995,27.74
2025-05-10 18:00:00,95.27,39.77795745870437,17.085,56.86295745870437,25.0,3.75,120.27,99.02
2025-05-10 19:00:00,124.04,39.50294721788102,17.085,56.58794721788102,25.0,3.75,149.04000000000002,127.79
2025-05-10 20:00:00,163.2,38.61146173604296,17.085,55.69646173604296,25.0,3.75,188.2,166.95
2025-05-10 21:00:00,129.49,37.488416999683274,17.085,54.573416999683275,25.0,3.75,154.49,133.24
2025-05-10 22:00:00,107.72,41.097414252833126,17.085,58.18241425283313,25.0,3.75,132.72,111.47
2025-05-10 23:00:00,94.49,42.31081422617659,17.085,59.39581422617659,25.0,3.75,119.49,98.24
2025-05-11 00:00:00,97.8,38.03287703230693,17.085,55.11787703230693,25.0,3.75,122.8,101.55
2025-05-11 01:00:00,95.1,37.77566616569036,17.085,54.86066616569036,25.0,3.75,120.1,98.85
2025-05-11 02:00:00,94.51,39.98241533082399,17.085,57.06741533082399,25.0,3.75,119.51,98.26
2025-05-11 03:00:00,95.42,38.283941240506024,17.085,55.368941240506025,25.0,3.75,120.42,99.17
2025-05-11 04:00:00,95.39,38.721205598673535,17.085,55.806205598673536,25.0,3.75,120.39,99.14
2025-05-11 05:00:00,95.45,40.47930630344934,17.085,57.56430630344934,25.0,3.75,120.45,99.2
2025-05-11 06:00:00,87.61,35.18128782498542,17.085,52.26628782498542,25.0,3.75,112.61,91.36
2025-05-11 07:00:00,65.76,41.63660464970534,17.085,58.72160464970534,25.0,3.75,90.76,69.51
2025-05-11 08:00:00,4.96,39.145361048658685,17.085,56.230361048658686,25.0,3.75,29.96,8.71
2025-05-11 09:00:00,-0.1,38.17701371087564,17.085,55.26201371087564,25.0,3.75,24.9,3.65
2025-05-11 10:00:00,-12.02,38.821531691557105,17.085,55.906531691557106,25.0,3.75,12.98,-8.27
2025-05-11 11:00:00,-51.95,38.924858710041036,17.085,56.00985871004104,25.0,3.75,-26.950000000000003,-48.2
2025-05-11 12:00:00,-212.82,35.53759739311015,17.085,52.62259739311015,25.0,3.75,-187.82,-209.07
2025-05-11 13:00:00,-250.32,41.98987645490647,17.085,59.07487645490647,25.0,3.75,-225.32,-246.57
2025-05-11 14:00:00,-230.98,39.082651264541234,17.085,56.167651264541234,25.0,3.75,-205.98,-227.23
2025-05-11 15:00:00,-110.06,39.88600426089475,17.085,56.97100426089475,25.0,3.75,-85.06,-106.31
2025-05-11 16:00:00,-18.52,40.90309954114809,17.085,57.98809954114809,25.0,3.75,6.48,-14.77
2025-05-11 17:00:00,-0.08,36.9576750848794,17.085,54.0426750848794,25.0,3.75,24.92,3.67
2025-05-11 18:00:00,85.96,39.94694379807046,17.085,57.03194379807046,25.0,3.75,110.96,89.71
2025-05-11 19:00:00,117.11,38.464717818202416,17.085,55.54971781820242,25.0,3.75,142.11,120.86
2025-05-11 20:00:00,124.86,40.69354155043299,17.085,57.77854155043299,25.0,3.75,149.86,128.61
2025-05-11 21:00:00,109.55,34.74554515929701,17.085,51.83054515929701,25.0,3.75,134.55,113.3
2025-05-11 22:00:00,98.45,38.80181139951746,17.085,55.88681139951746,25.0,3.75,123.45,102.2
2025-05-11 23:00:00,84.68,37.79435868843208,17.085,54.87935868843208,25.0,3.75,109.68,88.43
2025-05-12 00:00:00,86.0,39.86452590126831,17.085,56.94952590126831,25.0,3.75,111.0,89.75
2025-05-12 01:00:00,81.28,39.940088374736405,17.085,57.025088374736406,25.0,3.75,106.28,85.03
2025-05-12 02:00:00,80.95,37.58474821035595,17.085,54.66974821035595,25.0,3.75,105.95,84.7
2025-05-12 03:00:00,81.48,37.57565227164791,17.085,54.66065227164791,25.0,3.75,106.48,85.23
2025-05-12 04:00:00,84.65,38.778669262885344,17.085,55.863669262885345,25.0,3.75,109.65,88.4
2025-05-12 05:00:00,97.71,37.20671554536958,17.085,54.291715545369584,25.0,3.75,122.71,101.46
2025-05-12 06:00:00,137.05,40.68396739090426,17.085,57.76896739090426,25.0,3.75,162.05,140.8
2025-05-12 07:00:00,141.15,38.26158559910511,17.085,55.34658559910511,25.0,3.75,166.15,144.9
2025-05-12 08:00:00,108.49,33.18602356135672,17.085,50.27102356135672,25.0,3.75,133.49,112.24
2025-05-12 09:00:00,69.74,38.25035588675639,17.085,55.33535588675639,25.0,3.75,94.74,73.49
2025-05-12 10:00:00,0.49,36.922912358312054,17.085,54.007912358312055,25.0,3.75,25.49,4.24
2025-05-12 11:00:00,-3.91,35.73744836907811,17.085,52.82244836907811,25.0,3.75,21.09,-0.16000000000000014
2025-05-12 12:00:00,-25.0,36.525146723554855,17.085,53.610146723554855,25.0,3.75,0.0,-21.25
2025-05-12 13:00:00,-35.0,39.21881694366594,17.085,56.30381694366594,25.0,3.75,-10.0,-31.25
2025-05-12 14:00:00,-29.9,41.657281656496465,17.085,58.742281656496466,25.0,3.75,-4.899999999999999,-26.15
2025-05-12 15:00:00,-8.59,39.62636894772996,17.085,56.71136894772996,25.0,3.75,16.41,-4.84
2025-05-12 16:00:00,-0.01,37.78699322356852,17.085,54.87199322356852,25.0,3.75,24.99,3.74
2025-05-12 17:00:00,72.58,39.911808390341406,17.085,56.99680839034141,25.0,3.75,97.58,76.33
2025-05-12 18:00:00,107.12,38.08181937956201,17.085,55.166819379562014,25.0,3.75,132.12,110.87
2025-05-12 19:00:00,141.41,37.61079926167371,17.085,54.69579926167371,25.0,3.75,166.41,145.16
2025-05-12 20:00:00,172.7,36.69127466353403,17.085,53.77627466353403,25.0,3.75,197.7,176.45
2025-05-12 21:00:00,117.25,35.496342386496565,17.085,52.581342386496566,25.0,3.75,142.25,121.0
2025-05-12 22:00:00,100.11,38.220152586881106,17.085,55.30515258688111,25.0,3.75,125.11,103.86
2025-05-12 23:00:00,92.97,39.316106979840264,17.085,56.401106979840264,25.0,3.75,117.97,96.72
2025-05-13 00:00:00,89.87,38.80675265997022,17.085,55.89175265997022,25.0,3.75,114.87,93.62
2025-05-13 01:00:00,88.55,38.16806614410528,17.085,55.25306614410528,25.0,3.75,113.55,92.3
2025-05-13 02:00:00,89.2,37.10850787860644,17.085,54.19350787860644,25.0,3.75,114.2,92.95
2025-05-13 03:00:00,93.94,40.21649238336994,17.085,57.30149238336994,25.0,3.75,118.94,97.69
2025-05-13 04:00:00,96.71,36.36573616010683,17.085,53.45073616010683,25.0,3.75,121.71,100.46
2025-05-13 05:00:00,104.0,40.55205582768695,17.085,57.63705582768695,25.0,3.75,129.0,107.75
2025-05-13 06:00:00,136.77,36.99556596214655,17.085,54.08056596214655,25.0,3.75,161.77,140.52
2025-05-13 07:00:00,128.33,37.49512952529393,17.085,54.580129525293934,25.0,3.75,153.33,132.08
2025-05-13 08:00:00,100.42,36.066429618768645,17.085,53.151429618768645,25.0,3.75,125.42,104.17
2025-05-13 09:00:00,79.36,37.99719570622872,17.085,55.082195706228724,25.0,3.75,104.36,83.11
2025-05-13 10:00:00,16.09,40.95062491695596,17.085,58.03562491695596,25.0,3.75,41.09,19.84
2025-05-13 11:00:00,-0.75,40.031256176887915,17.085,57.116256176887916,25.0,3.75,24.25,3.0
2025-05-13 12:00:00,-6.0,40.95684422405607,17.085,58.04184422405607,25.0,3.75,19.0,-2.25
2025-05-13 13:00:00,-16.0,40.04428509186787,17.085,57.12928509186787,25.0,3.75,9.0,-12.25
2025-05-13 14:00:00,-6.55,36.792660342939264,17.085,53.877660342939265,25.0,3.75,18.45,-2.8
2025-05-13 15:00:00,-3.83,38.33842155134489,17.085,55.42342155134489,25.0,3.75,21.17,-0.08000000000000007
2025-05-13 16:00:00,0.55,37.439601741765074,17.085,54.524601741765075,25.0,3.75,25.55,4.3
2025-05-13 17:00:00,74.0,41.66114980807808,17.085,58.74614980807808,25.0,3.75,99.0,77.75
2025-05-13 18:00:00,105.23,36.606422707147374,17.085,53.691422707147375,25.0,3.75,130.23000000000002,108.98
2025-05-13 19:00:00,151.07,40.78739537877822,17.085,57.87239537877822,25.0,3.75,176.07,154.82
2025-05-13 20:00:00,223.58,40.78590774021754,17.085,57.87090774021754,25.0,3.75,248.58,227.33
2025-05-13 21:00:00,148.96,42.65924040343217,17.085,59.74424040343217,25.0,3.75,173.96,152.71
2025-05-13 22:00:00,111.97,38.180626814741004,17.085,55.265626814741005,25.0,3.75,136.97,115.72
2025-05-13 23:00:00,102.63,40.42464431916032,17.085,57.50964431916032,25.0,3.75,127.63,106.38
2025-05-14 00:00:00,102.78,43.563303673077684,17.085,60.648303673077685,25.0,3.75,127.78,106.53
2025-05-14 01:00:00,97.3,37.764716646132605,17.085,54.849716646132606,25.0,3.75,122.3,101.05
2025-05-14 02:00:00,95.41,35.92991950493528,17.085,53.01491950493528,25.0,3.75,120.41,99.16
2025-05-14 03:00:00,96.96,35.239979932184475,17.085,52.324979932184476,25.0,3.75,121.96,100.71
2025-05-14 04:00:00,98.56,40.425424057722665,17.085,57.510424057722666,25.0,3.75,123.56,102.31
2025-05-14 05:00:00,103.94,35.23369958388283,17.085,52.31869958388283,25.0,3.75,128.94,107.69
2025-05-14 06:00:00,128.58,38.25536189412416,17.085,55.34036189412416,25.0,3.75,153.58,132.33
2025-05-14 07:00:00,122.51,39.87462637407792,17.085,56.95962637407792,25.0,3.75,147.51,126.26
2025-05-14 08:00:00,99.56,39.370351073659826,17.085,56.45535107365983,25.0,3.75,124.56,103.31
2025-05-14 09:00:00,70.92,39.850889728368344,17.085,56.935889728368345,25.0,3.75,95.92,74.67
2025-05-14 10:00:00,0.2,39.444579711601705,17.085,56.529579711601706,25.0,3.75,25.2,3.95
2025-05-14 11:00:00,-1.67,41.55773162662679,17.085,58.64273162662679,25.0,3.75,23.33,2.08
2025-05-14 12:00:00,-18.16,37.09536723852241,17.085,54.18036723852241,25.0,3.75,6.84,-14.41
2025-05-14 13:00:00,-29.91,37.64600972308294,17.085,54.73100972308294,25.0,3.75,-4.91,-26.16
2025-05-14 14:00:00,-31.82,37.45468110945835,17.085,54.53968110945835,25.0,3.75,-6.82,-28.07
2025-05-14 15:00:00,-12.79,40.660383623725224,17.085,57.745383623725225,25.0,3.75,12.21,-9.04
2025-05-14 16:00:00,-1.33,40.80079717679013,17.085,57.88579717679013,25.0,3.75,23.67,2.42
2025-05-14 17:00:00,30.94,39.90245063863701,17.085,56.987450638637014,25.0,3.75,55.94,34.69
2025-05-14 18:00:00,91.6,41.36698733377985,17.085,58.451987333779854,25.0,3.75,116.6,95.35
2025-05-14 19:00:00,114.0,36.64391826524724,17.085,53.72891826524724,25.0,3.75,139.0,117.75
2025-05-14 20:00:00,158.45,42.33444822310227,17.085,59.41944822310227,25.0,3.75,183.45,162.2
2025-05-14 21:00:00,132.59,42.04647724342452,17.085,59.13147724342452,25.0,3.75,157.59,136.34
2025-05-14 22:00:00,109.08,40.471243994491495,17.085,57.556243994491496,25.0,3.75,134.07999999999998,112.83
2025-05-14 23:00:00,99.86,42.56359781754212,17.085,59.64859781754212,25.0,3.75,124.86,103.61
2025-05-15 00:00:00,98.06,35.68675358464445,17.085,52.77175358464445,25.0,3.75,123.06,101.81
2025-05-15 01:00:00,89.88,37.951103727474695,17.085,55.036103727474696,25.0,3.75,114.88,93.63
2025-05-15 02:00:00,87.8,37.5293930786361,17.085,54.6143930786361,25.0,3.75,112.8,91.55
2025-05-15 03:00:00,87.63,40.442958647514686,17.085,57.52795864751469,25.0,3.75,112.63,91.38
2025-05-15 04:00:00,90.28,36.89971852079571,17.085,53.98471852079571,25.0,3.75,115.28,94.03
2025-05-15 05:00:00,98.94,40.514990298674974,17.085,57.599990298674975,25.0,3.75,123.94,102.69
2025-05-15 06:00:00,119.9,41.741072287993426,17.085,58.826072287993426,25.0,3.75,144.9,123.65
2025-05-15 07:00:00,119.91,40.390405800168,17.085,57.475405800168,25.0,3.75,144.91,123.66
2025-05-15 08:00:00,102.06,39.567502047323,17.085,56.652502047323004,25.0,3.75,127.06,105.81
2025-05-15 09:00:00,75.65,37.024253318198504,17.085,54.109253318198505,25.0,3.75,100.65,79.4
2025-05-15 10:00:00,4.58,37.30629806774927,17.085,54.39129806774927,25.0,3.75,29.58,8.33
2025-05-15 11:00:00,-0.08,41.499237810593335,17.085,58.584237810593336,25.0,3.75,24.92,3.67
2025-05-15 12:00:00,-4.97,40.55869800781066,17.085,57.64369800781066,25.0,3.75,20.03,-1.2199999999999998
2025-05-15 13:00:00,-14.76,38.92196096124491,17.085,56.006960961244914,25.0,3.75,10.24,-11.01
2025-05-15 14:00:00,-14.25,38.16418090846822,17.085,55.24918090846822,25.0,3.75,10.75,-10.5
2025-05-15 15:00:00,-6.62,34.94838425377725,17.085,52.03338425377725,25.0,3.75,18.38,-2.87
2025-05-15 16:00:00,-0.6,36.85829516263112,17.085,53.943295162631124,25.0,3.75,24.4,3.15
2025-05-15 17:00:00,3.83,42.82283817427945,17.085,59.90783817427945,25.0,3.75,28.83,7.58
2025-05-15 18:00:00,76.11,36.43908885799507,17.085,53.52408885799507,25.0,3.75,101.11,79.86
2025-05-15 19:00:00,108.97,39.37895964244216,17.085,56.46395964244216,25.0,3.75,133.97,112.72
2025-05-15 20:00:00,130.74,41.014887946390395,17.085,58.099887946390396,25.0,3.75,155.74,134.49
2025-05-15 21:00:00,125.13,36.49015466399541,17.085,53.57515466399541,25.0,3.75,150.13,128.88
2025-05-15 22:00:00,110.49,39.36942094956217,17.085,56.45442094956217,25.0,3.75,135.49,114.24
2025-05-15 23:00:00,101.0,40.87583107502131,17.085,57.96083107502131,25.0,3.75,126.0,104.75
2025-05-16 00:00:00,94.5,39.0249986438145,17.085,56.1099986438145,25.0,3.75,119.5,98.25
2025-05-16 01:00:00,88.47,44.736806111333536,17.085,61.82180611133354,25.0,3.75,113.47,92.22
2025-05-16 02:00:00,84.91,35.66280148224361,17.085,52.74780148224361,25.0,3.75,109.91,88.66
2025-05-16 03:00:00,85.0,41.11745705976776,17.085,58.20245705976776,25.0,3.75,110.0,88.75
2025-05-16 04:00:00,88.76,38.65439652520707,17.085,55.73939652520707,25.0,3.75,113.76,92.51
2025-05-16 05:00:00,98.26,40.54384030967335,17.085,57.62884030967335,25.0,3.75,123.26,102.01
2025-05-16 06:00:00,113.18,39.88261430339849,17.085,56.96761430339849,25.0,3.75,138.18,116.93
2025-05-16 07:00:00,117.6,37.53368760578001,17.085,54.61868760578001,25.0,3.75,142.6,121.35
2025-05-16 08:00:00,106.66,39.45799278491868,17.085,56.54299278491868,25.0,3.75,131.66,110.41
2025-05-16 09:00:00,78.99,35.284197097203425,17.085,52.369197097203426,25.0,3.75,103.99,82.74
2025-05-16 10:00:00,11.11,40.206495001142784,17.085,57.291495001142785,25.0,3.75,36.11,14.86
2025-05-16 11:00:00,-0.01,39.59631693198105,17.085,56.68131693198105,25.0,3.75,24.99,3.74
2025-05-16 12:00:00,-3.15,40.277320337286206,17.085,57.36232033728621,25.0,3.75,21.85,0.6000000000000001
2025-05-16 13:00:00,-1.97,41.1162366501743,17.085,58.2012366501743,25.0,3.75,23.03,1.78
2025-05-16 14:00:00,-1.55,39.73523968041942,17.085,56.82023968041942,25.0,3.75,23.45,2.2
2025-05-16 15:00:00,-0.01,39.29617883959655,17.085,56.38117883959655,25.0,3.75,24.99,3.74
2025-05-16 16:00:00,2.98,37.23786332667741,17.085,54.322863326677414,25.0,3.75,27.98,6.73
2025-05-16 17:00:00,69.79,37.5755584727019,17.085,54.6605584727019,25.0,3.75,94.79,73.54
2025-05-16 18:00:00,100.05,41.37346924035466,17.085,58.45846924035466,25.0,3.75,125.05,103.8
2025-05-16 19:00:00,111.81,41.87267081141196,17.085,58.95767081141196,25.0,3.75,136.81,115.56
2025-05-16 20:00:00,154.91,38.52377912737589,17.085,55.60877912737589,25.0,3.75,179.91,158.66
2025-05-16 21:00:00,143.23,39.09200549450655,17.085,56.17700549450655,25.0,3.75,168.23,146.98
2025-05-16 22:00:00,116.08,37.19077125001247,17.085,54.27577125001247,25.0,3.75,141.07999999999998,119.83
2025-05-16 23:00:00,102.08,41.34551369053489,17.085,58.43051369053489,25.0,3.75,127.08,105.83
2025-05-17 00:00:00,93.0,40.33083364738356,17.085,57.41583364738356,25.0,3.75,118.0,96.75
2025-05-17 01:00:00,93.48,42.8824348729275,17.085,59.9674348729275,25.0,3.75,118.48,97.23
2025-05-17 02:00:00,88.93,37.24335384564052,17.085,54.32835384564052,25.0,3.75,113.93,92.68
2025-05-17 03:00:00,88.9,38.24398420196356,17.085,55.328984201963564,25.0,3.75,113.9,92.65
2025-05-17 04:00:00,89.89,39.462891845051146,17.085,56.54789184505115,25.0,3.75,114.89,93.64
2025-05-17 05:00:00,93.46,40.29297907545154,17.085,57.37797907545154,25.0,3.75,118.46,97.21
2025-05-17 06:00:00,91.56,38.568664724904735,17.085,55.653664724904736,25.0,3.75,116.56,95.31
2025-05-17 07:00:00,89.85,37.2540778190926,17.085,54.3390778190926,25.0,3.75,114.85,93.6
2025-05-17 08:00:00,59.11,40.76281505784714,17.085,57.84781505784714,25.0,3.75,84.11,62.86
2025-05-17 09:00:00,0.86,40.44227072509116,17.085,57.527270725091164,25.0,3.75,25.86,4.61
2025-05-17 10:00:00,-0.06,37.16745179887255,17.085,54.25245179887255,25.0,3.75,24.94,3.69
2025-05-17 11:00:00,-4.49,41.71088560221099,17.085,58.795885602210994,25.0,3.75,20.509999999999998,-0.7400000000000002
2025-05-17 12:00:00,-4.96,41.34039741839321,17.085,58.42539741839321,25.0,3.75,20.04,-1.21
2025-05-17 13:00:00,-10.02,39.268592994495584,17.085,56.353592994495585,25.0,3.75,14.98,-6.27
2025-05-17 14:00:00,-11.27,39.159195724752074,17.085,56.244195724752075,25.0,3.75,13.73,-7.52
2025-05-17 15:00:00,-5.8,40.108115542231815,17.085,57.193115542231816,25.0,3.75,19.2,-2.05
2025-05-17 16:00:00,-0.8,37.276593859487484,17.085,54.361593859487485,25.0,3.75,24.2,2.95
2025-05-17 17:00:00,5.01,39.06006295832817,17.085,56.14506295832817,25.0,3.75,30.009999999999998,8.76
2025-05-17 18:00:00,78.77,34.69523291078164,17.085,51.78023291078164,25.0,3.75,103.77,82.52
2025-05-17 19:00:00,99.64,40.75291129100587,17.085,57.837911291005874,25.0,3.75,124.64,103.39
2025-05-17 20:00:00,121.38,35.87701355511628,17.085,52.96201355511628,25.0,3.75,146.38,125.13
2025-05-17 21:00:00,130.21,42.006839656858,17.085,59.091839656858,25.0,3.75,155.21,133.96
2025-05-17 22:00:00,129.9,38.3397598120671,17.085,55.4247598120671,25.0,3.75,154.9,133.65
2025-05-17 23:00:00,111.6,38.576666036137645,17.085,55.661666036137646,25.0,3.75,136.6,115.35
2025-05-18 00:00:00,106.73,37.74453218783099,17.085,54.82953218783099,25.0,3.75,131.73000000000002,110.48
2025-05-18 01:00:00,101.49,38.42392225215585,17.085,55.50892225215585,25.0,3.75,126.49,105.24
2025-05-18 02:00:00,98.57,41.83706269029607,17.085,58.92206269029607,25.0,3.75,123.57,102.32
2025-05-18 03:00:00,97.4,34.02438268692984,17.085,51.10938268692984,25.0,3.75,122.4,101.15
2025-05-18 04:00:00,98.41,41.55393077217637,17.085,58.63893077217637,25.0,3.75,123.41,102.16
2025-05-18 05:00:00,97.98,39.676046962203415,17.085,56.761046962203416,25.0,3.75,122.98,101.73
2025-05-18 06:00:00,91.3,36.58595670428557,17.085,53.67095670428557,25.0,3.75,116.3,95.05
2025-05-18 07:00:00,87.16,36.849375213901524,17.085,53.934375213901525,25.0,3.75,112.16,90.91
2025-05-18 08:00:00,67.86,42.352786054416406,17.085,59.43778605441641,25.0,3.75,92.86,71.61
2025-05-18 09:00:00,10.1,37.10898624011454,17.085,54.19398624011454,25.0,3.75,35.1,13.85
2025-05-18 10:00:00,0.0,36.69329897880808,17.085,53.77829897880808,25.0,3.75,25.0,3.75
2025-05-18 11:00:00,-0.2,41.27462908472946,17.085,58.35962908472946,25.0,3.75,24.8,3.55
2025-05-18 12:00:00,-2.0,39.677105752571826,17.085,56.76210575257183,25.0,3.75,23.0,1.75
2025-05-18 13:00:00,-7.37,37.124148846927206,17.085,54.20914884692721,25.0,3.75,17.63,-3.62
2025-05-18 14:00:00,-15.0,39.43324995080924,17.085,56.51824995080924,25.0,3.75,10.0,-11.25
2025-05-18 15:00:00,-8.97,36.948494632719445,17.085,54.033494632719446,25.0,3.75,16.03,-5.220000000000001
2025-05-18 16:00:00,-0.2,41.20164279684521,17.085,58.286642796845214,25.0,3.75,24.8,3.55
2025-05-18 17:00:00,9.67,41.12274192974627,17.085,58.20774192974627,25.0,3.75,34.67,13.42
2025-05-18 18:00:00,91.38,40.064012397643886,17.085,57.14901239764389,25.0,3.75,116.38,95.13
2025-05-18 19:00:00,108.4,39.72332212249403,17.085,56.80832212249403,25.0,3.75,133.4,112.15
2025-05-18 20:00:00,125.17,42.52237624973475,17.085,59.60737624973475,25.0,3.75,150.17000000000002,128.92000000000002
2025-05-18 21:00:00,130.47,38.99937265477645,17.085,56.08437265477645,25.0,3.75,155.47,134.22
2025-05-18 22:00:00,118.41,36.6362517491584,17.085,53.7212517491584,25.0,3.75,143.41,122.16
2025-05-18 23:00:00,103.62,39.898947825664614,17.085,56.983947825664615,25.0,3.75,128.62,107.37
2025-05-19 00:00:00,110.48,43.17209409907423,17.085,60.25709409907423,25.0,3.75,135.48000000000002,114.23
2025-05-19 01:00:00,102.62,36.970481013628294,17.085,54.055481013628295,25.0,3.75,127.62,106.37
2025-05-19 02:00:00,96.1,38.27707446661203,17.085,55.36207446661203,25.0,3.75,121.1,99.85
2025-05-19 03:00:00,92.95,39.8328920762029,17.085,56.917892076202904,25.0,3.75,117.95,96.7
2025-05-19 04:00:00,98.03,38.89219030198852,17.085,55.97719030198852,25.0,3.75,123.03,101.78
2025-05-19 05:00:00,109.39,37.03539283924537,17.085,54.12039283924537,25.0,3.75,134.39,113.14
2025-05-19 06:00:00,131.22,41.24371571246094,17.085,58.32871571246094,25.0,3.75,156.22,134.97
2025-05-19 07:00:00,137.22,43.64008144403452,17.085,60.72508144403452,25.0,3.75,162.22,140.97
2025-05-19 08:00:00,113.41,39.39226291804781,17.085,56.47726291804781,25.0,3.75,138.41,117.16
2025-05-19 09:00:00,93.69,37.191863420528,17.085,54.276863420528,25.0,3.75,118.69,97.44
2025-05-19 10:00:00,69.59,35.90207894989305,17.085,52.98707894989305,25.0,3.75,94.59,73.34
2025-05-19 11:00:00,28.56,39.515951962442365,17.085,56.600951962442366,25.0,3.75,53.56,32.31
2025-05-19 12:00:00,12.77,41.20775468663251,17.085,58.29275468663251,25.0,3.75,37.769999999999996,16.52
2025-05-19 13:00:00,5.0,39.95033549299076,17.085,57.03533549299076,25.0,3.75,30.0,8.75
2025-05-19 14:00:00,8.0,38.99519231816229,17.085,56.08019231816229,25.0,3.75,33.0,11.75
2025-05-19 15:00:00,28.15,37.821456696421386,17.085,54.90645669642139,25.0,3.75,53.15,31.9
2025-05-19 16:00:00,72.98,36.81567273456382,17.085,53.90067273456382,25.0,3.75,97.98,76.73
2025-05-19 17:00:00,97.09,40.66950265264976,17.085,57.75450265264976,25.0,3.75,122.09,100.84
2025-05-19 18:00:00,114.49,40.82754324277117,17.085,57.91254324277117,25.0,3.75,139.49,118.24
2025-05-19 19:00:00,148.45,35.908540426618536,17.085,52.99354042661854,25.0,3.75,173.45,152.2
2025-05-19 20:00:00,229.11,42.17967795636137,17.085,59.26467795636137,25.0,3.75,254.11,232.86
2025-05-19 21:00:00,154.86,40.148142441788,17.085,57.233142441788004,25.0,3.75,179.86,158.61
2025-05-19 22:00:00,126.81,41.79918929029159,17.085,58.88418929029159,25.0,3.75,151.81,130.56
2025-05-19 23:00:00,111.88,36.31574450302977,17.085,53.40074450302977,25.0,3.75,136.88,115.63
2025-05-20 00:00:00,114.95,36.26835168916912,17.085,53.35335168916912,25.0,3.75,139.95,118.7
2025-05-20 01:00:00,106.03,38.70206138046541,17.085,55.78706138046541,25.0,3.75,131.03,109.78
2025-05-20 02:00:00,102.5,40.005568853790386,17.085,57.09056885379039,25.0,3.75,127.5,106.25
2025-05-20 03:00:00,104.04,42.59272164585393,17.085,59.67772164585393,25.0,3.75,129.04000000000002,107.79
2025-05-20 04:00:00,109.14,40.41215782763026,17.085,57.49715782763026,25.0,3.75,134.14,112.89
2025-05-20 05:00:00,118.96,38.514637446375936,17.085,55.59963744637594,25.0,3.75,143.95999999999998,122.71
2025-05-20 06:00:00,143.21,36.94726158466822,17.085,54.03226158466822,25.0,3.75,168.21,146.96
2025-05-20 07:00:00,130.81,41.4600011454383,17.085,58.5450011454383,25.0,3.75,155.81,134.56
2025-05-20 08:00:00,100.0,37.07058914849857,17.085,54.15558914849857,25.0,3.75,125.0,103.75
2025-05-20 09:00:00,85.2,42.256937109544644,17.085,59.341937109544645,25.0,3.75,110.2,88.95
2025-05-20 10:00:00,61.58,38.43123070078698,17.085,55.516230700786984,25.0,3.75,86.58,65.33
2025-05-20 11:00:00,15.95,42.1811641452357,17.085,59.2661641452357,25.0,3.75,40.95,19.7
2025-05-20 12:00:00,0.17,40.35786258011856,17.085,57.44286258011856,25.0,3.75,25.17,3.92
2025-05-20 13:00:00,0.01,38.72600902111508,17.085,55.81100902111508,25.0,3.75,25.01,3.76
2025-05-20 14:00:00,0.09,37.96120725634775,17.085,55.04620725634775,25.0,3.75,25.09,3.84
2025-05-20 15:00:00,7.61,38.31818424530784,17.085,55.40318424530784,25.0,3.75,32.61,11.36
2025-05-20 16:00:00,67.87,39.856633384750474,17.085,56.941633384750475,25.0,3.75,92.87,71.62
2025-05-20 17:00:00,97.15,39.154312992435436,17.085,56.23931299243544,25.0,3.75,122.15,100.9
2025-05-20 18:00:00,111.79,37.81237718386259,17.085,54.89737718386259,25.0,3.75,136.79000000000002,115.54
2025-05-20 19:00:00,141.23,38.66873717936473,17.085,55.753737179364734,25.0,3.75,166.23,144.98
2025-05-20 20:00:00,192.25,39.1571540594383,17.085,56.2421540594383,25.0,3.75,217.25,196.0
2025-05-20 21:00:00,148.97,34.74253181117037,17.085,51.827531811170374,25.0,3.75,173.97,152.72
2025-05-20 22:00:00,120.0,39.9163362295774,17.085,57.0013362295774,25.0,3.75,145.0,123.75
2025-05-20 23:00:00,107.93,37.04055755056638,17.085,54.125557550566384,25.0,3.75,132.93,111.68
2025-05-21 00:00:00,107.93,36.69333519358851,17.085,53.77833519358851,25.0,3.75,132.93,111.68
2025-05-21 01:00:00,102.33,35.62531130577858,17.085,52.71031130577858,25.0,3.75,127.33,106.08
2025-05-21 02:00:00,97.9,35.41221500426422,17.085,52.49721500426422,25.0,3.75,122.9,101.65
2025-05-21 03:00:00,94.9,36.289104993775425,17.085,53.374104993775425,25.0,3.75,119.9,98.65
2025-05-21 04:00:00,93.7,37.58195808473902,17.085,54.66695808473902,25.0,3.75,118.7,97.45
2025-05-21 05:00:00,102.49,42.90651827505314,17.085,59.99151827505314,25.0,3.75,127.49,106.24
2025-05-21 06:00:00,112.48,37.94824064820959,17.085,55.03324064820959,25.0,3.75,137.48000000000002,116.23
2025-05-21 07:00:00,116.54,39.355500212536064,17.085,56.440500212536065,25.0,3.75,141.54000000000002,120.29
2025-05-21 08:00:00,107.82,39.80096277301266,17.085,56.88596277301266,25.0,3.75,132.82,111.57
2025-05-21 09:00:00,84.82,39.2621303724317,17.085,56.3471303724317,25.0,3.75,109.82,88.57
2025-05-21 10:00:00,42.22,38.84511307854801,17.085,55.93011307854801,25.0,3.75,67.22,45.97
2025-05-21 11:00:00,0.15,36.60941247280151,17.085,53.69441247280151,25.0,3.75,25.15,3.9
2025-05-21 12:00:00,-0.1,41.90185509655842,17.085,58.98685509655842,25.0,3.75,24.9,3.65
2025-05-21 13:00:00,-2.2,42.61439328727577,17.085,59.69939328727577,25.0,3.75,22.8,1.5499999999999998
2025-05-21 14:00:00,-1.53,35.63468261175463,17.085,52.71968261175463,25.0,3.75,23.47,2.2199999999999998
2025-05-21 15:00:00,-0.01,36.95194281822724,17.085,54.03694281822724,25.0,3.75,24.99,3.74
2025-05-21 16:00:00,2.06,38.44037931524599,17.085,55.52537931524599,25.0,3.75,27.06,5.8100000000000005
2025-05-21 17:00:00,49.08,37.070924410179614,17.085,54.155924410179615,25.0,3.75,74.08,52.83
2025-05-21 18:00:00,86.32,40.01193110691173,17.085,57.09693110691173,25.0,3.75,111.32,90.07
2025-05-21 19:00:00,100.1,37.54345559518677,17.085,54.62845559518677,25.0,3.75,125.1,103.85
2025-05-21 20:00:00,114.35,43.330112135613206,17.085,60.41511213561321,25.0,3.75,139.35,118.1
2025-05-21 21:00:00,110.27,41.38109718868719,17.085,58.46609718868719,25.0,3.75,135.26999999999998,114.02
2025-05-21 22:00:00,100.72,39.42514806126443,17.085,56.51014806126443,25.0,3.75,125.72,104.47
2025-05-21 23:00:00,90.0,41.05397252663946,17.085,58.13897252663946,25.0,3.75,115.0,93.75
2025-05-22 00:00:00,98.54,41.21180084871462,17.085,58.29680084871462,25.0,3.75,123.54,102.29
2025-05-22 01:00:00,88.28,37.87210502388351,17.085,54.957105023883514,25.0,3.75,113.28,92.03
2025-05-22 02:00:00,83.65,37.36756551091607,17.085,54.452565510916074,25.0,3.75,108.65,87.4
2025-05-22 03:00:00,81.5,39.156286125939296,17.085,56.2412861259393,25.0,3.75,106.5,85.25
2025-05-22 04:00:00,83.34,40.72327224899589,17.085,57.80827224899589,25.0,3.75,108.34,87.09
2025-05-22 05:00:00,90.0,39.27812079730683,17.085,56.363120797306834,25.0,3.75,115.0,93.75
2025-05-22 06:00:00,107.67,35.84600703561801,17.085,52.93100703561801,25.0,3.75,132.67000000000002,111.42
2025-05-22 07:00:00,106.01,37.39435111209831,17.085,54.479351112098314,25.0,3.75,131.01,109.76
2025-05-22 08:00:00,98.16,38.852054272811245,17.085,55.937054272811245,25.0,3.75,123.16,101.91
2025-05-22 09:00:00,54.54,38.84866879134834,17.085,55.93366879134834,25.0,3.75,79.53999999999999,58.29
2025-05-22 10:00:00,1.66,42.94508435357962,17.085,60.03008435357962,25.0,3.75,26.66,5.41
2025-05-22 11:00:00,0.01,36.228024115202004,17.085,53.313024115202005,25.0,3.75,25.01,3.76
2025-05-22 12:00:00,-1.91,40.01117848367175,17.085,57.09617848367175,25.0,3.75,23.09,1.84
2025-05-22 13:00:00,-12.77,41.97822621665658,17.085,59.06322621665658,25.0,3.75,12.23,-9.02
2025-05-22 14:00:00,-15.4,43.54289949084559,17.085,60.62789949084559,25.0,3.75,9.6,-11.65
2025-05-22 15:00:00,-10.9,38.191205153632076,17.085,55.27620515363208,25.0,3.75,14.1,-7.15
2025-05-22 16:00:00,-2.99,39.9828589054404,17.085,57.0678589054404,25.0,3.75,22.009999999999998,0.7599999999999998
2025-05-22 17:00:00,-0.01,40.13952071439729,17.085,57.22452071439729,25.0,3.75,24.99,3.74
2025-05-22 18:00:00,50.0,39.39096346310658,17.085,56.47596346310658,25.0,3.75,75.0,53.75
2025-05-22 19:00:00,106.84,38.802309597521386,17.085,55.88730959752139,25.0,3.75,131.84,110.59
2025-05-22 20:00:00,115.0,39.871950779000095,17.085,56.956950779000096,25.0,3.75,140.0,118.75
2025-05-22 21:00:00,127.25,33.93550782956063,17.085,51.02050782956063,25.0,3.75,152.25,131.0
2025-05-22 22:00:00,117.48,40.36413898012526,17.085,57.44913898012526,25.0,3.75,142.48000000000002,121.23
2025-05-22 23:00:00,103.23,39.25235580732394,17.085,56.33735580732394,25.0,3.75,128.23000000000002,106.98
2025-05-23 00:00:00,101.1,38.55505020644347,17.085,55.64005020644347,25.0,3.75,126.1,104.85
2025-05-23 01:00:00,93.16,43.09372439143912,17.085,60.17872439143912,25.0,3.75,118.16,96.91
2025-05-23 02:00:00,87.12,37.6501319624189,17.085,54.7351319624189,25.0,3.75,112.12,90.87
2025-05-23 03:00:00,86.56,38.19384802186994,17.085,55.27884802186994,25.0,3.75,111.56,90.31
2025-05-23 04:00:00,93.08,42.98310660440947,17.085,60.06810660440947,25.0,3.75,118.08,96.83
2025-05-23 05:00:00,106.82,37.33587739030029,17.085,54.42087739030029,25.0,3.75,131.82,110.57
2025-05-23 06:00:00,128.49,37.899769434126924,17.085,54.984769434126925,25.0,3.75,153.49,132.24
2025-05-23 07:00:00,132.8,38.7059491531383,17.085,55.7909491531383,25.0,3.75,157.8,136.55
2025-05-23 08:00:00,114.67,40.681468964259096,17.085,57.7664689642591,25.0,3.75,139.67000000000002,118.42
2025-05-23 09:00:00,85.9,39.41560501470663,17.085,56.50060501470663,25.0,3.75,110.9,89.65
2025-05-23 10:00:00,70.0,36.41474930569547,17.085,53.499749305695474,25.0,3.75,95.0,73.75
2025-05-23 11:00:00,54.05,37.93566287374562,17.085,55.02066287374562,25.0,3.75,79.05,57.8
2025-05-23 12:00:00,13.44,37.785291133575576,17.085,54.87029113357558,25.0,3.75,38.44,17.189999999999998
2025-05-23 13:00:00,0.62,38.84555790955391,17.085,55.93055790955391,25.0,3.75,25.62,4.37
2025-05-23 14:00:00,0.0,39.85168731725966,17.085,56.93668731725966,25.0,3.75,25.0,3.75
2025-05-23 15:00:00,0.0,39.83641151177594,17.085,56.92141151177594,25.0,3.75,25.0,3.75
2025-05-23 16:00:00,25.33,35.4479764919032,17.085,52.5329764919032,25.0,3.75,50.33,29.08
2025-05-23 17:00:00,71.91,41.12788197512171,17.085,58.21288197512171,25.0,3.75,96.91,75.66
2025-05-23 18:00:00,97.6,39.50513769199325,17.085,56.59013769199325,25.0,3.75,122.6,101.35
2025-05-23 19:00:00,114.36,41.769064095187815,17.085,58.854064095187816,25.0,3.75,139.36,118.11
2025-05-23 20:00:00,130.47,39.88839665458134,17.085,56.97339665458134,25.0,3.75,155.47,134.22
2025-05-23 21:00:00,139.29,41.20264591547152,17.085,58.28764591547152,25.0,3.75,164.29,143.04
2025-05-23 22:00:00,126.93,39.93309062290025,17.085,57.01809062290025,25.0,3.75,151.93,130.68
2025-05-23 23:00:00,108.0,41.6924515124055,17.085,58.7774515124055,25.0,3.75,133.0,111.75
2025-05-24 00:00:00,98.99,40.04450127203556,17.085,57.12950127203556,25.0,3.75,123.99,102.74
2025-05-24 01:00:00,94.76,38.80416950711419,17.085,55.88916950711419,25.0,3.75,119.76,98.51
2025-05-24 02:00:00,88.74,43.54486944089376,17.085,60.62986944089376,25.0,3.75,113.74,92.49
2025-05-24 03:00:00,84.22,40.77807424455978,17.085,57.86307424455978,25.0,3.75,109.22,87.97
2025-05-24 04:00:00,82.93,40.147488842008826,17.085,57.23248884200883,25.0,3.75,107.93,86.68
2025-05-24 05:00:00,80.71,36.447391166923325,17.085,53.532391166923325,25.0,3.75,105.71,84.46
2025-05-24 06:00:00,82.07,36.423384765072925,17.085,53.508384765072925,25.0,3.75,107.07,85.82
2025-05-24 07:00:00,76.9,39.58543096428371,17.085,56.67043096428371,25.0,3.75,101.9,80.65
2025-05-24 08:00:00,62.09,39.29104239553648,17.085,56.37604239553648,25.0,3.75,87.09,65.84
2025-05-24 09:00:00,12.26,37.77175486998337,17.085,54.85675486998337,25.0,3.75,37.26,16.009999999999998
2025-05-24 10:00:00,-0.01,39.28196539922412,17.085,56.36696539922412,25.0,3.75,24.99,3.74
2025-05-24 11:00:00,-0.11,42.17725385608719,17.085,59.26225385608719,25.0,3.75,24.89,3.64
2025-05-24 12:00:00,-0.15,40.3908049491006,17.085,57.4758049491006,25.0,3.75,24.85,3.6
2025-05-24 13:00:00,-0.19,36.717982980494526,17.085,53.80298298049453,25.0,3.75,24.81,3.56
2025-05-24 14:00:00,-0.39,38.77698234571411,17.085,55.86198234571411,25.0,3.75,24.61,3.36
2025-05-24 15:00:00,-1.77,37.39006703829488,17.085,54.47506703829488,25.0,3.75,23.23,1.98
2025-05-24 16:00:00,-0.39,38.22460016718288,17.085,55.30960016718288,25.0,3.75,24.61,3.36
2025-05-24 17:00:00,48.67,38.172768668740716,17.085,55.25776866874072,25.0,3.75,73.67,52.42
2025-05-24 18:00:00,85.34,38.04470883479199,17.085,55.12970883479199,25.0,3.75,110.34,89.09
2025-05-24 19:00:00,109.08,36.48972925605321,17.085,53.57472925605321,25.0,3.75,134.07999999999998,112.83
2025-05-24 20:00:00,111.0,38.74469063696362,17.085,55.82969063696362,25.0,3.75,136.0,114.75
2025-05-24 21:00:00,107.92,37.87878472630538,17.085,54.963784726305384,25.0,3.75,132.92000000000002,111.67
2025-05-24 22:00:00,92.06,33.141102619995465,17.085,50.226102619995466,25.0,3.75,117.06,95.81
2025-05-24 23:00:00,79.67,43.10594404900333,17.085,60.19094404900333,25.0,3.75,104.67,83.42
2025-05-25 00:00:00,23.82,41.177539308433346,17.085,58.26253930843335,25.0,3.75,48.82,27.57
2025-05-25 01:00:00,22.9,38.24739855015001,17.085,55.33239855015001,25.0,3.75,47.9,26.65
2025-05-25 02:00:00,14.39,39.0376380994812,17.085,56.1226380994812,25.0,3.75,39.39,18.14
2025-05-25 03:00:00,8.38,36.65669130536487,17.085,53.741691305364874,25.0,3.75,33.38,12.13
2025-05-25 04:00:00,3.9,42.39144575562173,17.085,59.47644575562173,25.0,3.75,28.9,7.65
2025-05-25 05:00:00,2.11,42.79457738954622,17.085,59.87957738954622,25.0,3.75,27.11,5.859999999999999
2025-05-25 06:00:00,1.17,39.31338745649305,17.085,56.39838745649305,25.0,3.75,26.17,4.92
2025-05-25 07:00:00,1.21,41.04706128837069,17.085,58.13206128837069,25.0,3.75,26.21,4.96
2025-05-25 08:00:00,0.03,39.35057355786785,17.085,56.43557355786785,25.0,3.75,25.03,3.78
2025-05-25 09:00:00,0.0,36.32654912224814,17.085,53.41154912224814,25.0,3.75,25.0,3.75
2025-05-25 10:00:00,-0.61,38.17635326207269,17.085,55.26135326207269,25.0,3.75,24.39,3.14
2025-05-25 11:00:00,-0.6,39.263855933543915,17.085,56.348855933543916,25.0,3.75,24.4,3.15
2025-05-25 12:00:00,-0.25,38.09090456251311,17.085,55.17590456251311,25.0,3.75,24.75,3.5
2025-05-25 13:00:00,-3.19,38.56269344512993,17.085,55.64769344512993,25.0,3.75,21.81,0.56
2025-05-25 14:00:00,-5.05,38.81720088498177,17.085,55.902200884981774,25.0,3.75,19.95,-1.2999999999999998
2025-05-25 15:00:00,-4.95,38.838243004269074,17.085,55.923243004269075,25.0,3.75,20.05,-1.2000000000000002
2025-05-25 16:00:00,-1.37,39.104516980994966,17.085,56.189516980994966,25.0,3.75,23.63,2.38
2025-05-25 17:00:00,0.0,36.8787898672068,17.085,53.9637898672068,25.0,3.75,25.0,3.75
2025-05-25 18:00:00,11.72,37.56596770174413,17.085,54.65096770174413,25.0,3.75,36.72,15.47
2025-05-25 19:00:00,92.95,36.43083146860006,17.085,53.51583146860006,25.0,3.75,117.95,96.7
2025-05-25 20:00:00,100.0,40.955631099372404,17.085,58.040631099372405,25.0,3.75,125.0,103.75
2025-05-25 21:00:00,107.41,34.788706116319354,17.085,51.873706116319354,25.0,3.75,132.41,111.16
2025-05-25 22:00:00,102.23,41.30718068663385,17.085,58.39218068663385,25.0,3.75,127.23,105.98
2025-05-25 23:00:00,92.92,41.77269879452569,17.085,58.85769879452569,25.0,3.75,117.92,96.67
2025-05-26 00:00:00,88.13,38.395638826034755,17.085,55.480638826034756,25.0,3.75,113.13,91.88
2025-05-26 01:00:00,79.12,33.7937258243454,17.085,50.8787258243454,25.0,3.75,104.12,82.87
2025-05-26 02:00:00,73.21,38.27737887606542,17.085,55.36237887606542,25.0,3.75,98.21,76.96
2025-05-26 03:00:00,71.83,38.871631677422364,17.085,55.956631677422365,25.0,3.75,96.83,75.58
2025-05-26 04:00:00,76.7,36.978803560142175,17.085,54.063803560142176,25.0,3.75,101.7,80.45
2025-05-26 05:00:00,85.48,37.96956321238351,17.085,55.05456321238351,25.0,3.75,110.48,89.23
2025-05-26 06:00:00,116.2,42.0603903977267,17.085,59.1453903977267,25.0,3.75,141.2,119.95
2025-05-26 07:00:00,143.17,40.32985432460348,17.085,57.41485432460348,25.0,3.75,168.17,146.92
2025-05-26 08:00:00,129.91,37.1508717712438,17.085,54.2358717712438,25.0,3.75,154.91,133.66
2025-05-26 09:00:00,91.41,35.80480166080913,17.085,52.889801660809134,25.0,3.75,116.41,95.16
2025-05-26 10:00:00,16.17,38.34596536478046,17.085,55.43096536478046,25.0,3.75,41.17,19.92
2025-05-26 11:00:00,0.05,38.573086441299125,17.085,55.658086441299126,25.0,3.75,25.05,3.8
2025-05-26 12:00:00,-0.42,39.99239837472663,17.085,57.077398374726634,25.0,3.75,24.58,3.33
2025-05-26 13:00:00,-1.45,37.92936657486468,17.085,55.01436657486468,25.0,3.75,23.55,2.3
2025-05-26 14:00:00,-1.18,40.02299915072372,17.085,57.10799915072372,25.0,3.75,23.82,2.5700000000000003
2025-05-26 15:00:00,-0.82,42.87030808012046,17.085,59.95530808012046,25.0,3.75,24.18,2.93
2025-05-26 16:00:00,0.0,40.631002044888525,17.085,57.716002044888526,25.0,3.75,25.0,3.75
2025-05-26 17:00:00,17.65,38.90382298533846,17.085,55.98882298533846,25.0,3.75,42.65,21.4
2025-05-26 18:00:00,95.76,38.63369905789341,17.085,55.71869905789341,25.0,3.75,120.76,99.51
2025-05-26 19:00:00,119.33,38.28665373164026,17.085,55.37165373164026,25.0,3.75,144.32999999999998,123.08
2025-05-26 20:00:00,169.87,41.36128182490429,17.085,58.44628182490429,25.0,3.75,194.87,173.62
2025-05-26 21:00:00,161.57,37.7453731080974,17.085,54.8303731080974,25.0,3.75,186.57,165.32
2025-05-26 22:00:00,119.38,39.090445417999966,17.085,56.17544541799997,25.0,3.75,144.38,123.13
2025-05-26 23:00:00,98.86,39.10239580376217,17.085,56.18739580376217,25.0,3.75,123.86,102.61
2025-05-27 00:00:00,88.51,37.99643161437694,17.085,55.08143161437694,25.0,3.75,113.51,92.26
2025-05-27 01:00:00,73.92,36.2550689042318,17.085,53.3400689042318,25.0,3.75,98.92,77.67
2025-05-27 02:00:00,62.02,39.64594900723534,17.085,56.73094900723534,25.0,3.75,87.02000000000001,65.77000000000001
2025-05-27 03:00:00,61.98,38.87799205628923,17.085,55.96299205628923,25.0,3.75,86.97999999999999,65.72999999999999
2025-05-27 04:00:00,67.7,40.00048093887314,17.085,57.08548093887314,25.0,3.75,92.7,71.45
2025-05-27 05:00:00,62.2,37.93279938712167,17.085,55.01779938712167,25.0,3.75,87.2,65.95
2025-05-27 06:00:00,67.7,41.44164259762609,17.085,58.52664259762609,25.0,3.75,92.7,71.45
2025-05-27 07:00:00,73.9,37.24645243757631,17.085,54.33145243757631,25.0,3.75,98.9,77.65
2025-05-27 08:00:00,68.63,42.424080568035784,17.085,59.509080568035785,25.0,3.75,93.63,72.38
2025-05-27 09:00:00,50.17,35.50472698034348,17.085,52.58972698034348,25.0,3.75,75.17,53.92
2025-05-27 10:00:00,4.26,39.86954012911378,17.085,56.95454012911378,25.0,3.75,29.259999999999998,8.01
2025-05-27 11:00:00,3.19,39.95086136505325,17.085,57.03586136505325,25.0,3.75,28.19,6.9399999999999995
2025-05-27 12:00:00,0.03,37.40888586411823,17.085,54.49388586411823,25.0,3.75,25.03,3.78
2025-05-27 13:00:00,0.02,39.848787875722024,17.085,56.933787875722025,25.0,3.75,25.02,3.77
2025-05-27 14:00:00,0.09,41.559037339520316,17.085,58.64403733952032,25.0,3.75,25.09,3.84
2025-05-27 15:00:00,3.14,34.56636232129187,17.085,51.65136232129187,25.0,3.75,28.14,6.890000000000001
2025-05-27 16:00:00,55.17,40.00548961498163,17.085,57.09048961498163,25.0,3.75,80.17,58.92
2025-05-27 17:00:00,84.55,34.01345835933984,17.085,51.098458359339844,25.0,3.75,109.55,88.3
2025-05-27 18:00:00,103.0,37.068670392953585,17.085,54.153670392953586,25.0,3.75,128.0,106.75
2025-05-27 19:00:00,122.64,42.25833272980189,17.085,59.343332729801894,25.0,3.75,147.64,126.39
2025-05-27 20:00:00,137.6,37.836435933215895,17.085,54.921435933215896,25.0,3.75,162.6,141.35
2025-05-27 21:00:00,111.16,36.65224007118206,17.085,53.73724007118206,25.0,3.75,136.16,114.91
2025-05-27 22:00:00,100.34,38.60412454203064,17.085,55.68912454203064,25.0,3.75,125.34,104.09
2025-05-27 23:00:00,82.41,43.135812676327106,17.085,60.22081267632711,25.0,3.75,107.41,86.16
2025-05-28 00:00:00,76.43,35.33663550558795,17.085,52.42163550558795,25.0,3.75,101.43,80.18
2025-05-28 01:00:00,69.01,36.89738017672131,17.085,53.982380176721314,25.0,3.75,94.01,72.76
2025-05-28 02:00:00,67.39,41.994863366359255,17.085,59.079863366359255,25.0,3.75,92.39,71.14
2025-05-28 03:00:00,61.01,42.71540468707546,17.085,59.80040468707546,25.0,3.75,86.00999999999999,64.75999999999999
2025-05-28 04:00:00,65.19,38.793137551419434,17.085,55.878137551419435,25.0,3.75,90.19,68.94
2025-05-28 05:00:00,72.52,36.521894594946716,17.085,53.606894594946716,25.0,3.75,97.52,76.27
2025-05-28 06:00:00,92.85,43.19168700361832,17.085,60.27668700361832,25.0,3.75,117.85,96.6
2025-05-28 07:00:00,100.09,42.188884783498395,17.085,59.273884783498396,25.0,3.75,125.09,103.84
2025-05-28 08:00:00,95.0,40.35789397552447,17.085,57.44289397552447,25.0,3.75,120.0,98.75
2025-05-28 09:00:00,90.0,37.37519530212516,17.085,54.46019530212516,25.0,3.75,115.0,93.75
2025-05-28 10:00:00,76.48,38.90194131832393,17.085,55.98694131832393,25.0,3.75,101.48,80.23
2025-05-28 11:00:00,71.46,38.67927983791034,17.085,55.764279837910344,25.0,3.75,96.46,75.21
2025-05-28 12:00:00,65.67,39.661702609231156,17.085,56.74670260923116,25.0,3.75,90.67,69.42
2025-05-28 13:00:00,58.03,41.90200287626267,17.085,58.98700287626267,25.0,3.75,83.03,61.78
2025-05-28 14:00:00,53.21,40.75883408227481,17.085,57.84383408227481,25.0,3.75,78.21000000000001,56.96
2025-05-28 15:00:00,42.1,36.84524784603048,17.085,53.93024784603048,25.0,3.75,67.1,45.85
2025-05-28 16:00:00,67.28,41.752992900039075,17.085,58.837992900039076,25.0,3.75,92.28,71.03
2025-05-28 17:00:00,83.7,39.62626428002631,17.085,56.71126428002631,25.0,3.75,108.7,87.45
2025-05-28 18:00:00,94.99,40.374131591717834,17.085,57.459131591717835,25.0,3.75,119.99,98.74
2025-05-28 19:00:00,114.83,41.933081718557204,17.085,59.018081718557205,25.0,3.75,139.82999999999998,118.58
2025-05-28 20:00:00,134.83,36.7768395009729,17.085,53.8618395009729,25.0,3.75,159.83,138.58
2025-05-28 21:00:00,139.91,38.92834884258708,17.085,56.01334884258708,25.0,3.75,164.91,143.66
2025-05-28 22:00:00,124.29,37.93709089728157,17.085,55.02209089728157,25.0,3.75,149.29000000000002,128.04000000000002
2025-05-28 23:00:00,104.27,35.86428114926909,17.085,52.94928114926909,25.0,3.75,129.26999999999998,108.02
2025-05-29 00:00:00,99.13,39.69341995520984,17.085,56.77841995520984,25.0,3.75,124.13,102.88
2025-05-29 01:00:00,94.8,44.023113103168846,17.085,61.10811310316885,25.0,3.75,119.8,98.55
2025-05-29 02:00:00,92.06,35.319844510988496,17.085,52.4048445109885,25.0,3.75,117.06,95.81
2025-05-29 03:00:00,91.55,38.93543877790106,17.085,56.02043877790106,25.0,3.75,116.55,95.3
2025-05-29 04:00:00,91.54,40.281085870149546,17.085,57.36608587014955,25.0,3.75,116.54,95.29
2025-05-29 05:00:00,91.36,39.24615640331236,17.085,56.33115640331236,25.0,3.75,116.36,95.11
2025-05-29 06:00:00,89.46,38.77374389496852,17.085,55.85874389496852,25.0,3.75,114.46,93.21
2025-05-29 07:00:00,86.49,36.40156727310835,17.085,53.48656727310835,25.0,3.75,111.49,90.24
2025-05-29 08:00:00,82.95,39.46557348588033,17.085,56.55057348588033,25.0,3.75,107.95,86.7
2025-05-29 09:00:00,62.83,37.48647204596815,17.085,54.57147204596815,25.0,3.75,87.83,66.58
2025-05-29 10:00:00,19.93,34.620156590042896,17.085,51.7051565900429,25.0,3.75,44.93,23.68
2025-05-29 11:00:00,1.71,41.38918444102746,17.085,58.47418444102746,25.0,3.75,26.71,5.46
2025-05-29 12:00:00,0.03,40.916771639684086,17.085,58.00177163968409,25.0,3.75,25.03,3.78
2025-05-29 13:00:00,-1.68,39.10332195370216,17.085,56.18832195370216,25.0,3.75,23.32,2.0700000000000003
2025-05-29 14:00:00,-1.99,39.458149376411406,17.085,56.54314937641141,25.0,3.75,23.01,1.76
2025-05-29 15:00:00,-1.98,41.148636025431124,17.085,58.233636025431124,25.0,3.75,23.02,1.77
2025-05-29 16:00:00,-1.09,39.44867931355616,17.085,56.53367931355616,25.0,3.75,23.91,2.66
2025-05-29 17:00:00,23.13,40.80803510952263,17.085,57.89303510952263,25.0,3.75,48.129999999999995,26.88
2025-05-29 18:00:00,65.5,38.4050355982523,17.085,55.4900355982523,25.0,3.75,90.5,69.25
2025-05-29 19:00:00,80.2,41.62396747714789,17.085,58.708967477147894,25.0,3.75,105.2,83.95
2025-05-29 20:00:00,77.17,39.64157145186537,17.085,56.72657145186537,25.0,3.75,102.17,80.92
2025-05-29 21:00:00,73.73,39.38810388721175,17.085,56.47310388721175,25.0,3.75,98.73,77.48
2025-05-29 22:00:00,76.66,36.45987782257593,17.085,53.544877822575934,25.0,3.75,101.66,80.41
2025-05-29 23:00:00,57.5,39.57391170860342,17.085,56.65891170860342,25.0,3.75,82.5,61.25
2025-05-30 00:00:00,45.42,37.3360901650111,17.085,54.4210901650111,25.0,3.75,70.42,49.17
2025-05-30 01:00:00,25.67,37.72343454694301,17.085,54.80843454694301,25.0,3.75,50.67,29.42
2025-05-30 02:00:00,32.99,37.369248743367756,17.085,54.454248743367756,25.0,3.75,57.99,36.74
2025-05-30 03:00:00,33.95,36.86753013620155,17.085,53.95253013620155,25.0,3.75,58.95,37.7
2025-05-30 04:00:00,37.39,43.24954280603392,17.085,60.33454280603392,25.0,3.75,62.39,41.14
2025-05-30 05:00:00,55.08,41.662678123976804,17.085,58.747678123976804,25.0,3.75,80.08,58.83
2025-05-30 06:00:00,69.73,42.840735004288526,17.085,59.925735004288526,25.0,3.75,94.73,73.48
2025-05-30 07:00:00,68.38,36.55420996088887,17.085,53.63920996088887,25.0,3.75,93.38,72.13
2025-05-30 08:00:00,53.01,39.14250749982178,17.085,56.22750749982178,25.0,3.75,78.00999999999999,56.76
2025-05-30 09:00:00,29.13,36.41298474959181,17.085,53.49798474959181,25.0,3.75,54.129999999999995,32.879999999999995
2025-05-30 10:00:00,1.83,37.608610245605874,17.085,54.693610245605875,25.0,3.75,26.83,5.58
2025-05-30 11:00:00,-0.02,37.16374603316685,17.085,54.24874603316685,25.0,3.75,24.98,3.73
2025-05-30 12:00:00,-1.01,41.47916801288312,17.085,58.56416801288312,25.0,3.75,23.99,2.74
2025-05-30 13:00:00,-3.1,38.20754064379648,17.085,55.29254064379648,25.0,3.75,21.9,0.6499999999999999
2025-05-30 14:00:00,-3.0,41.13675866738803,17.085,58.22175866738803,25.0,3.75,22.0,0.75
2025-05-30 15:00:00,-1.34,40.20824177917704,17.085,57.29324177917704,25.0,3.75,23.66,2.41
2025-05-30 16:00:00,-0.04,43.60727750420958,17.085,60.69227750420958,25.0,3.75,24.96,3.71
2025-05-30 17:00:00,5.88,36.041111553720555,17.085,53.126111553720555,25.0,3.75,30.88,9.629999999999999
2025-05-30 18:00:00,73.52,41.5184664795736,17.085,58.6034664795736,25.0,3.75,98.52,77.27
2025-05-30 19:00:00,111.84,41.292881740801455,17.085,58.377881740801456,25.0,3.75,136.84,115.59
2025-05-30 20:00:00,136.95,37.05324232394593,17.085,54.13824232394593,25.0,3.75,161.95,140.7
2025-05-30 21:00:00,145.89,41.01426667294632,17.085,58.09926667294632,25.0,3.75,170.89,149.64
2025-05-30 22:00:00,130.19,39.67228992605246,17.085,56.75728992605246,25.0,3.75,155.19,133.94
2025-05-30 23:00:00,108.15,38.54504748009318,17.085,55.63004748009318,25.0,3.75,133.15,111.9
2025-05-31 00:00:00,107.0,37.352129026056,17.085,54.437129026056,25.0,3.75,132.0,110.75
2025-05-31 01:00:00,99.94,37.56178109710163,17.085,54.64678109710163,25.0,3.75,124.94,103.69
2025-05-31 02:00:00,98.75,43.09962419157185,17.085,60.18462419157185,25.0,3.75,123.75,102.5
2025-05-31 03:00:00,99.07,39.001365637914965,17.085,56.086365637914966,25.0,3.75,124.07,102.82
2025-05-31 04:00:00,99.91,40.56426000306292,17.085,57.64926000306292,25.0,3.75,124.91,103.66
2025-05-31 05:00:00,98.29,37.41820123666489,17.085,54.50320123666489,25.0,3.75,123.29,102.04
2025-05-31 06:00:00,94.79,37.440294107556724,17.085,54.525294107556725,25.0,3.75,119.79,98.54
2025-05-31 07:00:00,84.61,41.163969618499884,17.085,58.248969618499885,25.0,3.75,109.61,88.36
2025-05-31 08:00:00,55.0,36.300847576896935,17.085,53.385847576896936,25.0,3.75,80.0,58.75
2025-05-31 09:00:00,1.0,38.16957246418946,17.085,55.25457246418946,25.0,3.75,26.0,4.75
2025-05-31 10:00:00,-0.02,39.06805482214446,17.085,56.15305482214446,25.0,3.75,24.98,3.73
2025-05-31 11:00:00,-1.0,39.222745203680105,17.085,56.307745203680106,25.0,3.75,24.0,2.75
2025-05-31 12:00:00,-3.07,38.641813429967684,17.085,55.726813429967684,25.0,3.75,21.93,0.6800000000000002
2025-05-31 13:00:00,-13.17,39.79163956219185,17.085,56.87663956219185,25.0,3.75,11.83,-9.42
2025-05-31 14:00:00,-7.75,40.38571151163562,17.085,57.47071151163562,25.0,3.75,17.25,-4.0
2025-05-31 15:00:00,-3.0,40.46927509091866,17.085,57.55427509091866,25.0,3.75,22.0,0.75
2025-05-31 16:00:00,-0.05,37.02839238266435,17.085,54.11339238266435,25.0,3.75,24.95,3.7
2025-05-31 17:00:00,41.4,38.43168980414241,17.085,55.51668980414241,25.0,3.75,66.4,45.15
2025-05-31 18:00:00,88.85,41.38952572375388,17.085,58.47452572375388,25.0,3.75,113.85,92.6
2025-05-31 19:00:00,131.41,40.78929437514775,17.085,57.87429437514775,25.0,3.75,156.41,135.16
2025-05-31 20:00:00,192.35,36.254281097037875,17.085,53.339281097037876,25.0,3.75,217.35,196.1
2025-05-31 21:00:00,192.37,39.702959800704406,17.085,56.78795980070441,25.0,3.75,217.37,196.12
2025-05-31 22:00:00,133.49,35.04354950125038,17.085,52.12854950125038,25.0,3.75,158.49,137.24
2025-05-31 23:00:00,102.06,39.093869804120736,17.085,56.17886980412074,25.0,3.75,127.06,105.81
2025-06-01 00:00:00,92.53,40.59938161078532,17.085,57.68438161078532,25.0,3.75,117.53,96.28
2025-06-01 01:00:00,85.22,34.9080621427554,17.085,51.9930621427554,25.0,3.75,110.22,88.97
2025-06-01 02:00:00,77.13,35.1352014863102,17.085,52.2202014863102,25.0,3.75,102.13,80.88
2025-06-01 03:00:00,74.09,38.331907140439085,17.085,55.416907140439086,25.0,3.75,99.09,77.84
2025-06-01 04:00:00,72.66,33.718244546874075,17.085,50.803244546874076,25.0,3.75,97.66,76.41
2025-06-01 05:00:00,66.11,35.53833751752329,17.085,52.62333751752329,25.0,3.75,91.11,69.86
2025-06-01 06:00:00,35.84,37.99672985245687,17.085,55.081729852456874,25.0,3.75,60.84,39.59
2025-06-01 07:00:00,13.0,35.535275881914565,17.085,52.620275881914566,25.0,3.75,38.0,16.75
2025-06-01 08:00:00,2.4,36.331907602871425,17.085,53.416907602871426,25.0,3.75,27.4,6.15
2025-06-01 09:00:00,-0.01,38.292218997923435,17.085,55.377218997923435,25.0,3.75,24.99,3.74
2025-06-01 10:00:00,-0.6,37.64693974436649,17.085,54.73193974436649,25.0,3.75,24.4,3.15
2025-06-01 11:00:00,-2.11,37.33748436988417,17.085,54.422484369884174,25.0,3.75,22.89,1.6400000000000001
2025-06-01 12:00:00,-5.48,36.12560301875329,17.085,53.21060301875329,25.0,3.75,19.52,-1.7300000000000004
2025-06-01 13:00:00,-12.93,37.54396980783128,17.085,54.62896980783128,25.0,3.75,12.07,-9.18
2025-06-01 14:00:00,-20.41,36.556382217093855,17.085,53.641382217093856,25.0,3.75,4.59,-16.66
2025-06-01 15:00:00,-15.61,37.71945879714494,17.085,54.80445879714494,25.0,3.75,9.39,-11.86
2025-06-01 16:00:00,-6.0,35.80998352705741,17.085,52.89498352705741,25.0,3.75,19.0,-2.25
2025-06-01 17:00:00,-0.99,36.43870962853428,17.085,53.523709628534284,25.0,3.75,24.01,2.76
2025-06-01 18:00:00,19.23,34.82393199218934,17.085,51.90893199218934,25.0,3.75,44.230000000000004,22.98
2025-06-01 19:00:00,78.85,36.733832357280896,17.085,53.8188323572809,25.0,3.75,103.85,82.6
2025-06-01 20:00:00,93.66,35.18184585003568,17.085,52.26684585003568,25.0,3.75,118.66,97.41
2025-06-01 21:00:00,106.86,34.57575467696938,17.085,51.66075467696938,25.0,3.75,131.86,110.61
2025-06-01 22:00:00,105.93,37.321169873004145,17.085,54.406169873004146,25.0,3.75,130.93,109.68
2025-06-01 23:00:00,90.49,37.22932712900869,17.085,54.31432712900869,25.0,3.75,115.49,94.24
2025-06-02 00:00:00,81.76,38.369595047190515,17.085,55.454595047190516,25.0,3.75,106.76,85.51
2025-06-02 01:00:00,75.31,35.94159643814317,17.085,53.02659643814317,25.0,3.75,100.31,79.06
2025-06-02 02:00:00,75.0,37.61995327096688,17.085,54.70495327096688,25.0,3.75,100.0,78.75
2025-06-02 03:00:00,77.75,37.90544272184069,17.085,54.990442721840694,25.0,3.75,102.75,81.5
2025-06-02 04:00:00,83.05,37.69339519295656,17.085,54.77839519295656,25.0,3.75,108.05,86.8
2025-06-02 05:00:00,91.93,35.152540211689086,17.085,52.23754021168909,25.0,3.75,116.93,95.68
2025-06-02 06:00:00,108.15,37.10257454183574,17.085,54.187574541835744,25.0,3.75,133.15,111.9
2025-06-02 07:00:00,117.9,37.53212816940269,17.085,54.61712816940269,25.0,3.75,142.9,121.65
2025-06-02 08:00:00,102.36,36.81820451110925,17.085,53.90320451110925,25.0,3.75,127.36,106.11
2025-06-02 09:00:00,85.6,32.6308922605512,17.085,49.7158922605512,25.0,3.75,110.6,89.35
2025-06-02 10:00:00,57.47,37.124826825240326,17.085,54.20982682524033,25.0,3.75,82.47,61.22
2025-06-02 11:00:00,33.21,41.22890965608785,17.085,58.31390965608785,25.0,3.75,58.21,36.96
2025-06-02 12:00:00,20.0,36.083769039779405,17.085,53.168769039779406,25.0,3.75,45.0,23.75
2025-06-02 13:00:00,12.78,35.34769338158272,17.085,52.43269338158272,25.0,3.75,37.78,16.53
2025-06-02 14:00:00,11.0,37.550544696716166,17.085,54.63554469671617,25.0,3.75,36.0,14.75
2025-06-02 15:00:00,19.75,37.428603998226514,17.085,54.513603998226515,25.0,3.75,44.75,23.5
2025-06-02 16:00:00,55.84,39.1893179081262,17.085,56.2743179081262,25.0,3.75,80.84,59.59
2025-06-02 17:00:00,82.8,34.28811126547559,17.085,51.37311126547559,25.0,3.75,107.8,86.55
2025-06-02 18:00:00,94.95,38.266608082443355,17.085,55.351608082443356,25.0,3.75,119.95,98.7
2025-06-02 19:00:00,109.32,37.984691699796294,17.085,55.069691699796294,25.0,3.75,134.32,113.07
2025-06-02 20:00:00,195.91,36.51955450341227,17.085,53.604554503412274,25.0,3.75,220.91,199.66
2025-06-02 21:00:00,245.37,37.481222213136746,17.085,54.56622221313675,25.0,3.75,270.37,249.12
2025-06-02 22:00:00,141.66,38.86276254049008,17.085,55.94776254049008,25.0,3.75,166.66,145.41
2025-06-02 23:00:00,110.04,38.54847833735027,17.085,55.63347833735027,25.0,3.75,135.04000000000002,113.79
2025-06-03 00:00:00,111.49,34.51780895314591,17.085,51.60280895314591,25.0,3.75,136.49,115.24
2025-06-03 01:00:00,109.91,38.44416395080434,17.085,55.52916395080434,25.0,3.75,134.91,113.66
2025-06-03 02:00:00,102.02,36.67447036722833,17.085,53.75947036722833,25.0,3.75,127.02,105.77
2025-06-03 03:00:00,99.23,36.9495957733244,17.085,54.0345957733244,25.0,3.75,124.23,102.98
2025-06-03 04:00:00,94.89,36.95024155929676,17.085,54.03524155929676,25.0,3.75,119.89,98.64
2025-06-03 05:00:00,107.6,36.50336159969685,17.085,53.58836159969685,25.0,3.75,132.6,111.35
2025-06-03 06:00:00,130.76,39.187262571507496,17.085,56.2722625715075,25.0,3.75,155.76,134.51
2025-06-03 07:00:00,116.85,36.63641165759494,17.085,53.72141165759494,25.0,3.75,141.85,120.6
2025-06-03 08:00:00,85.98,34.56475532052703,17.085,51.64975532052703,25.0,3.75,110.98,89.73
2025-06-03 09:00:00,59.46,36.01678786535391,17.085,53.10178786535391,25.0,3.75,84.46000000000001,63.21
2025-06-03 10:00:00,2.0,37.16123701091432,17.085,54.24623701091432,25.0,3.75,27.0,5.75
2025-06-03 11:00:00,-0.05,39.26227714588747,17.085,56.34727714588747,25.0,3.75,24.95,3.7
2025-06-03 12:00:00,-1.01,38.01003694719103,17.085,55.09503694719103,25.0,3.75,23.99,2.74
2025-06-03 13:00:00,-3.0,35.10277701979928,17.085,52.18777701979928,25.0,3.75,22.0,0.75
2025-06-03 14:00:00,-4.32,41.77422741065115,17.085,58.85922741065115,25.0,3.75,20.68,-0.5700000000000003
2025-06-03 15:00:00,-1.33,37.33339819924933,17.085,54.41839819924933,25.0,3.75,23.67,2.42
2025-06-03 16:00:00,0.0,39.3546290532914,17.085,56.4396290532914,25.0,3.75,25.0,3.75
2025-06-03 17:00:00,66.0,36.50041871013891,17.085,53.58541871013891,25.0,3.75,91.0,69.75
2025-06-03 18:00:00,87.79,37.870566066704264,17.085,54.955566066704264,25.0,3.75,112.79,91.54
2025-06-03 19:00:00,109.41,38.482784586330176,17.085,55.56778458633018,25.0,3.75,134.41,113.16
2025-06-03 20:00:00,132.9,39.24023700080188,17.085,56.325237000801884,25.0,3.75,157.9,136.65
2025-06-03 21:00:00,112.29,38.91858418804982,17.085,56.00358418804982,25.0,3.75,137.29000000000002,116.04
2025-06-03 22:00:00,106.12,38.54824157743932,17.085,55.63324157743932,25.0,3.75,131.12,109.87
2025-06-03 23:00:00,95.49,36.173674114905154,17.085,53.258674114905155,25.0,3.75,120.49,99.24
2025-06-04 00:00:00,74.95,35.660355493381246,17.085,52.74535549338125,25.0,3.75,99.95,78.7
2025-06-04 01:00:00,67.25,37.469062597941765,17.085,54.554062597941765,25.0,3.75,92.25,71.0
2025-06-04 02:00:00,64.78,38.67010372197551,17.085,55.75510372197551,25.0,3.75,89.78,68.53
2025-06-04 03:00:00,65.0,36.35840617574016,17.085,53.44340617574016,25.0,3.75,90.0,68.75
2025-06-04 04:00:00,68.32,38.934191508722144,17.085,56.019191508722145,25.0,3.75,93.32,72.07
2025-06-04 05:00:00,80.32,39.709081068265725,17.085,56.794081068265726,25.0,3.75,105.32,84.07
2025-06-04 06:00:00,99.77,34.97120573914653,17.085,52.05620573914653,25.0,3.75,124.77,103.52
2025-06-04 07:00:00,113.74,35.130006169700806,17.085,52.21500616970081,25.0,3.75,138.74,117.49
2025-06-04 08:00:00,112.4,36.5230974594827,17.085,53.6080974594827,25.0,3.75,137.4,116.15
2025-06-04 09:00:00,79.08,37.41907291367176,17.085,54.50407291367176,25.0,3.75,104.08,82.83
2025-06-04 10:00:00,72.4,35.754713549759266,17.085,52.83971354975927,25.0,3.75,97.4,76.15
2025-06-04 11:00:00,48.36,39.508252935027656,17.085,56.59325293502766,25.0,3.75,73.36,52.11
2025-06-04 12:00:00,20.12,37.65198130033027,17.085,54.73698130033027,25.0,3.75,45.120000000000005,23.87
2025-06-04 13:00:00,9.69,36.882741673774845,17.085,53.967741673774846,25.0,3.75,34.69,13.44
2025-06-04 14:00:00,18.26,33.93202852955631,17.085,51.01702852955631,25.0,3.75,43.260000000000005,22.01
2025-06-04 15:00:00,43.35,34.172215944438356,17.085,51.25721594443836,25.0,3.75,68.35,47.1
2025-06-04 16:00:00,72.4,37.36586607785698,17.085,54.45086607785698,25.0,3.75,97.4,76.15
2025-06-04 17:00:00,91.45,32.5386563249837,17.085,49.6236563249837,25.0,3.75,116.45,95.2
2025-06-04 18:00:00,108.91,38.82912239658151,17.085,55.91412239658151,25.0,3.75,133.91,112.66
2025-06-04 19:00:00,145.98,36.487539888548724,17.085,53.572539888548725,25.0,3.75,170.98,149.73
2025-06-04 20:00:00,192.85,43.290033516482836,17.085,60.37503351648284,25.0,3.75,217.85,196.6
2025-06-04 21:00:00,138.82,41.41968007852559,17.085,58.50468007852559,25.0,3.75,163.82,142.57
2025-06-04 22:00:00,112.43,36.440949438798334,17.085,53.525949438798335,25.0,3.75,137.43,116.18
2025-06-04 23:00:00,94.08,36.59117357223074,17.085,53.67617357223074,25.0,3.75,119.08,97.83
2025-06-05 00:00:00,97.67,38.79501060529743,17.085,55.88001060529743,25.0,3.75,122.67,101.42
2025-06-05 01:00:00,92.7,40.210192797129444,17.085,57.295192797129445,25.0,3.75,117.7,96.45
2025-06-05 02:00:00,86.84,33.52778946242133,17.085,50.61278946242133,25.0,3.75,111.84,90.59
2025-06-05 03:00:00,86.1,33.23109664658399,17.085,50.31609664658399,25.0,3.75,111.1,89.85
2025-06-05 04:00:00,87.01,35.559777966184605,17.085,52.644777966184606,25.0,3.75,112.01,90.76
2025-06-05 05:00:00,88.09,37.969322743641094,17.085,55.054322743641094,25.0,3.75,113.09,91.84
2025-06-05 06:00:00,113.78,37.79759475830856,17.085,54.882594758308564,25.0,3.75,138.78,117.53
2025-06-05 07:00:00,129.03,38.94339048726107,17.085,56.02839048726107,25.0,3.75,154.03,132.78
2025-06-05 08:00:00,116.6,34.40445252056275,17.085,51.48945252056275,25.0,3.75,141.6,120.35
2025-06-05 09:00:00,83.03,32.17155985135562,17.085,49.25655985135562,25.0,3.75,108.03,86.78
2025-06-05 10:00:00,66.0,38.51987596789766,17.085,55.60487596789766,25.0,3.75,91.0,69.75
2025-06-05 11:00:00,46.18,35.147455031362895,17.085,52.232455031362896,25.0,3.75,71.18,49.93
2025-06-05 12:00:00,20.0,32.76687184851609,17.085,49.85187184851609,25.0,3.75,45.0,23.75
2025-06-05 13:00:00,11.03,37.09397506921213,17.085,54.17897506921213,25.0,3.75,36.03,14.78
2025-06-05 14:00:00,7.07,38.390198953730724,17.085,55.475198953730725,25.0,3.75,32.07,10.82
2025-06-05 15:00:00,19.87,36.55973331305081,17.085,53.644733313050814,25.0,3.75,44.870000000000005,23.62
2025-06-05 16:00:00,57.5,35.88815080492839,17.085,52.97315080492839,25.0,3.75,82.5,61.25
2025-06-05 17:00:00,81.08,36.485123113001556,17.085,53.57012311300156,25.0,3.75,106.08,84.83
2025-06-05 18:00:00,100.94,36.0626820524918,17.085,53.1476820524918,25.0,3.75,125.94,104.69
2025-06-05 19:00:00,112.19,34.10775335341303,17.085,51.19275335341303,25.0,3.75,137.19,115.94
2025-06-05 20:00:00,136.4,35.3744862233125,17.085,52.4594862233125,25.0,3.75,161.4,140.15
2025-06-05 21:00:00,106.95,37.846407387320994,17.085,54.931407387320995,25.0,3.75,131.95,110.7
2025-06-05 22:00:00,96.37,37.44720466004637,17.085,54.53220466004637,25.0,3.75,121.37,100.12
2025-06-05 23:00:00,81.36,37.13996718922701,17.085,54.22496718922701,25.0,3.75,106.36,85.11
2025-06-06 00:00:00,76.29,34.81355061358661,17.085,51.89855061358661,25.0,3.75,101.29,80.04
2025-06-06 01:00:00,66.12,36.440841253022036,17.085,53.52584125302204,25.0,3.75,91.12,69.87
2025-06-06 02:00:00,60.86,32.44971748440766,17.085,49.53471748440766,25.0,3.75,85.86,64.61
2025-06-06 03:00:00,55.27,37.16080090506415,17.085,54.24580090506415,25.0,3.75,80.27000000000001,59.02
2025-06-06 04:00:00,52.78,39.6615629929205,17.085,56.7465629929205,25.0,3.75,77.78,56.53
2025-06-06 05:00:00,63.7,33.85558331320916,17.085,50.94058331320916,25.0,3.75,88.7,67.45
2025-06-06 06:00:00,67.02,35.63199223065786,17.085,52.71699223065786,25.0,3.75,92.02,70.77
2025-06-06 07:00:00,74.43,37.46206113471363,17.085,54.54706113471363,25.0,3.75,99.43,78.18
2025-06-06 08:00:00,59.61,39.309532846148336,17.085,56.39453284614834,25.0,3.75,84.61,63.36
2025-06-06 09:00:00,3.94,35.90739834469307,17.085,52.99239834469307,25.0,3.75,28.94,7.6899999999999995
2025-06-06 10:00:00,-0.01,35.419346918761576,17.085,52.50434691876158,25.0,3.75,24.99,3.74
2025-06-06 11:00:00,-0.27,32.8660012924612,17.085,49.9510012924612,25.0,3.75,24.73,3.48
2025-06-06 12:00:00,-2.07,37.01072383590958,17.085,54.09572383590958,25.0,3.75,22.93,1.6800000000000002
2025-06-06 13:00:00,-4.93,40.887999657580856,17.085,57.97299965758086,25.0,3.75,20.07,-1.1799999999999997
2025-06-06 14:00:00,-5.06,37.35856450122272,17.085,54.443564501222724,25.0,3.75,19.94,-1.3099999999999996
2025-06-06 15:00:00,-4.96,36.75928961892594,17.085,53.84428961892594,25.0,3.75,20.04,-1.21
2025-06-06 16:00:00,-1.0,37.44801219882734,17.085,54.53301219882734,25.0,3.75,24.0,2.75
2025-06-06 17:00:00,0.0,36.781663569396166,17.085,53.86666356939617,25.0,3.75,25.0,3.75
2025-06-06 18:00:00,50.47,35.177818832773106,17.085,52.26281883277311,25.0,3.75,75.47,54.22
2025-06-06 19:00:00,84.19,38.45040740864878,17.085,55.53540740864878,25.0,3.75,109.19,87.94
2025-06-06 20:00:00,112.57,37.255370623516875,17.085,54.340370623516876,25.0,3.75,137.57,116.32
2025-06-06 21:00:00,129.29,36.83907408116068,17.085,53.92407408116068,25.0,3.75,154.29,133.04
2025-06-06 22:00:00,125.72,34.85311552273687,17.085,51.93811552273687,25.0,3.75,150.72,129.47
2025-06-06 23:00:00,103.24,39.41086344116289,17.085,56.49586344116289,25.0,3.75,128.24,106.99
2025-06-07 00:00:00,87.61,38.133253067959586,17.085,55.21825306795959,25.0,3.75,112.61,91.36
2025-06-07 01:00:00,83.5,35.69800590255876,17.085,52.78300590255876,25.0,3.75,108.5,87.25
2025-06-07 02:00:00,78.02,38.807497284657245,17.085,55.892497284657246,25.0,3.75,103.02,81.77
2025-06-07 03:00:00,81.89,35.80870590052295,17.085,52.89370590052295,25.0,3.75,106.89,85.64
2025-06-07 04:00:00,82.27,35.23984059227129,17.085,52.32484059227129,25.0,3.75,107.27,86.02
2025-06-07 05:00:00,81.99,35.28444134233279,17.085,52.36944134233279,25.0,3.75,106.99,85.74
2025-06-07 06:00:00,85.47,33.26171047111718,17.085,50.346710471117184,25.0,3.75,110.47,89.22
2025-06-07 07:00:00,86.74,37.74693233812978,17.085,54.83193233812978,25.0,3.75,111.74,90.49
2025-06-07 08:00:00,79.86,33.14155782061667,17.085,50.22655782061667,25.0,3.75,104.86,83.61
2025-06-07 09:00:00,65.3,34.34695991476184,17.085,51.43195991476184,25.0,3.75,90.3,69.05
2025-06-07 10:00:00,30.53,32.6526715591363,17.085,49.7376715591363,25.0,3.75,55.53,34.28
2025-06-07 11:00:00,9.44,36.63170819171158,17.085,53.71670819171158,25.0,3.75,34.44,13.19
2025-06-07 12:00:00,1.19,36.503206656749626,17.085,53.58820665674963,25.0,3.75,26.19,4.9399999999999995
2025-06-07 13:00:00,-0.01,36.15045515092064,17.085,53.23545515092064,25.0,3.75,24.99,3.74
2025-06-07 14:00:00,-0.02,34.718692187952215,17.085,51.803692187952215,25.0,3.75,24.98,3.73
2025-06-07 15:00:00,-0.02,34.45938007042009,17.085,51.54438007042009,25.0,3.75,24.98,3.73
2025-06-07 16:00:00,-0.87,37.73258730438651,17.085,54.817587304386514,25.0,3.75,24.13,2.88
2025-06-07 17:00:00,26.91,35.702743713876394,17.085,52.787743713876395,25.0,3.75,51.91,30.66
2025-06-07 18:00:00,70.1,37.43656422036566,17.085,54.52156422036566,25.0,3.75,95.1,73.85
2025-06-07 19:00:00,85.01,35.033350205044925,17.085,52.118350205044926,25.0,3.75,110.01,88.76
2025-06-07 20:00:00,109.9,37.16597306283553,17.085,54.250973062835534,25.0,3.75,134.9,113.65
2025-06-07 21:00:00,110.26,39.41040365192549,17.085,56.49540365192549,25.0,3.75,135.26,114.01
2025-06-07 22:00:00,98.01,37.97617917807894,17.085,55.06117917807894,25.0,3.75,123.01,101.76
2025-06-07 23:00:00,80.09,35.979019940860404,17.085,53.064019940860405,25.0,3.75,105.09,83.84
2025-06-08 00:00:00,93.84,37.31824551800522,17.085,54.40324551800522,25.0,3.75,118.84,97.59
2025-06-08 01:00:00,83.0,36.32251722823294,17.085,53.40751722823294,25.0,3.75,108.0,86.75
2025-06-08 02:00:00,76.86,36.81960794668282,17.085,53.90460794668282,25.0,3.75,101.86,80.61
2025-06-08 03:00:00,69.74,36.15262547299636,17.085,53.23762547299636,25.0,3.75,94.74,73.49
2025-06-08 04:00:00,67.02,36.47517716552259,17.085,53.56017716552259,25.0,3.75,92.02,70.77
2025-06-08 05:00:00,55.66,37.228034283441716,17.085,54.313034283441716,25.0,3.75,80.66,59.41
2025-06-08 06:00:00,39.02,34.81713017812947,17.085,51.90213017812947,25.0,3.75,64.02000000000001,42.77
2025-06-08 07:00:00,3.71,34.77208992331341,17.085,51.85708992331341,25.0,3.75,28.71,7.46
2025-06-08 08:00:00,0.0,34.026762469630945,17.085,51.111762469630946,25.0,3.75,25.0,3.75
2025-06-08 09:00:00,-0.5,33.603305368285945,17.085,50.688305368285945,25.0,3.75,24.5,3.25
2025-06-08 10:00:00,-2.0,34.36928219285241,17.085,51.45428219285241,25.0,3.75,23.0,1.75
2025-06-08 11:00:00,-8.21,37.122772590901626,17.085,54.20777259090163,25.0,3.75,16.79,-4.460000000000001
2025-06-08 12:00:00,-19.92,35.0182725463096,17.085,52.103272546309604,25.0,3.75,5.079999999999998,-16.17
2025-06-08 13:00:00,-39.98,37.83107650575556,17.085,54.91607650575556,25.0,3.75,-14.979999999999997,-36.23
2025-06-08 14:00:00,-52.56,36.87327507479849,17.085,53.95827507479849,25.0,3.75,-27.560000000000002,-48.81
2025-06-08 15:00:00,-53.06,32.86683915041726,17.085,49.951839150417264,25.0,3.75,-28.060000000000002,-49.31
2025-06-08 16:00:00,-38.89,38.113798745736744,17.085,55.198798745736745,25.0,3.75,-13.89,-35.14
2025-06-08 17:00:00,-16.71,38.42544486847679,17.085,55.51044486847679,25.0,3.75,8.29,-12.96
2025-06-08 18:00:00,-0.01,34.81612222762366,17.085,51.90112222762366,25.0,3.75,24.99,3.74
2025-06-08 19:00:00,39.65,37.64423066308335,17.085,54.72923066308335,25.0,3.75,64.65,43.4
2025-06-08 20:00:00,60.88,35.09085110247497,17.085,52.17585110247497,25.0,3.75,85.88,64.63
2025-06-08 21:00:00,69.55,36.99918833079004,17.085,54.08418833079004,25.0,3.75,94.55,73.3
2025-06-08 22:00:00,65.07,34.274850763383434,17.085,51.359850763383434,25.0,3.75,90.07,68.82
2025-06-08 23:00:00,51.13,33.217634672224214,17.085,50.302634672224215,25.0,3.75,76.13,54.88
2025-06-09 00:00:00,4.8,36.03821319806743,17.085,53.12321319806743,25.0,3.75,29.8,8.55
2025-06-09 01:00:00,4.15,36.55638968474369,17.085,53.64138968474369,25.0,3.75,29.15,7.9
2025-06-09 02:00:00,4.19,36.00848819006416,17.085,53.093488190064164,25.0,3.75,29.19,7.94
2025-06-09 03:00:00,4.27,34.43578646084825,17.085,51.52078646084825,25.0,3.75,29.27,8.02
2025-06-09 04:00:00,13.42,36.004049453031094,17.085,53.089049453031095,25.0,3.75,38.42,17.17
2025-06-09 05:00:00,32.2,37.342437082454836,17.085,54.42743708245484,25.0,3.75,57.2,35.95
2025-06-09 06:00:00,44.97,36.71406151704829,17.085,53.799061517048294,25.0,3.75,69.97,48.72
2025-06-09 07:00:00,40.04,37.16884963849179,17.085,54.25384963849179,25.0,3.75,65.03999999999999,43.79
2025-06-09 08:00:00,2.97,35.4636171763849,17.085,52.5486171763849,25.0,3.75,27.97,6.720000000000001
2025-06-09 09:00:00,-0.62,39.14728340672569,17.085,56.23228340672569,25.0,3.75,24.38,3.13
2025-06-09 10:00:00,-1.14,34.45150090418381,17.085,51.53650090418381,25.0,3.75,23.86,2.6100000000000003
2025-06-09 11:00:00,-4.14,37.77896817146681,17.085,54.86396817146681,25.0,3.75,20.86,-0.3899999999999997
2025-06-09 12:00:00,-10.0,39.16762976321329,17.085,56.25262976321329,25.0,3.75,15.0,-6.25
2025-06-09 13:00:00,-19.33,37.765663762791156,17.085,54.85066376279116,25.0,3.75,5.670000000000002,-15.579999999999998
2025-06-09 14:00:00,-15.76,36.398799123163705,17.085,53.483799123163706,25.0,3.75,9.24,-12.01
2025-06-09 15:00:00,-4.5,35.74725348396741,17.085,52.83225348396741,25.0,3.75,20.5,-0.75
2025-06-09 16:00:00,-1.0,38.87602287938588,17.085,55.96102287938588,25.0,3.75,24.0,2.75
2025-06-09 17:00:00,0.09,33.95789772677002,17.085,51.04289772677002,25.0,3.75,25.09,3.84
2025-06-09 18:00:00,69.54,34.86359905653408,17.085,51.94859905653408,25.0,3.75,94.54,73.29
2025-06-09 19:00:00,117.79,36.00873204630992,17.085,53.093732046309924,25.0,3.75,142.79000000000002,121.54
2025-06-09 20:00:00,141.4,39.27915509231737,17.085,56.36415509231737,25.0,3.75,166.4,145.15
2025-06-09 21:00:00,148.42,37.56338284937516,17.085,54.64838284937516,25.0,3.75,173.42,152.17
2025-06-09 22:00:00,126.52,34.867756060272875,17.085,51.952756060272876,25.0,3.75,151.51999999999998,130.26999999999998
2025-06-09 23:00:00,101.19,36.18323216652356,17.085,53.26823216652356,25.0,3.75,126.19,104.94
2025-06-10 00:00:00,86.65,35.57520128910078,17.085,52.66020128910078,25.0,3.75,111.65,90.4
2025-06-10 01:00:00,78.07,35.3842695928263,17.085,52.4692695928263,25.0,3.75,103.07,81.82
2025-06-10 02:00:00,69.66,38.76162669440693,17.085,55.84662669440693,25.0,3.75,94.66,73.41
2025-06-10 03:00:00,59.95,34.060361318766354,17.085,51.145361318766355,25.0,3.75,84.95,63.7
2025-06-10 04:00:00,54.16,40.021409288762115,17.085,57.106409288762116,25.0,3.75,79.16,57.91
2025-06-10 05:00:00,62.18,38.46030695766262,17.085,55.54530695766262,25.0,3.75,87.18,65.93
2025-06-10 06:00:00,74.62,38.98557091850076,17.085,56.07057091850076,25.0,3.75,99.62,78.37
2025-06-10 07:00:00,82.79,35.87796855324285,17.085,52.96296855324285,25.0,3.75,107.79,86.54
2025-06-10 08:00:00,83.17,36.50396613913515,17.085,53.58896613913515,25.0,3.75,108.17,86.92
2025-06-10 09:00:00,69.0,33.93754394824394,17.085,51.02254394824394,25.0,3.75,94.0,72.75
2025-06-10 10:00:00,22.21,35.75452276315976,17.085,52.83952276315976,25.0,3.75,47.21,25.96
2025-06-10 11:00:00,0.1,37.79115727257967,17.085,54.87615727257967,25.0,3.75,25.1,3.85
2025-06-10 12:00:00,-0.19,39.39597370085616,17.085,56.48097370085616,25.0,3.75,24.81,3.56
2025-06-10 13:00:00,-2.33,34.589533943688465,17.085,51.674533943688466,25.0,3.75,22.67,1.42
2025-06-10 14:00:00,-4.26,36.07283570332284,17.085,53.15783570332284,25.0,3.75,20.740000000000002,-0.5099999999999998
2025-06-10 15:00:00,-1.04,36.50124913682832,17.085,53.58624913682832,25.0,3.75,23.96,2.71
2025-06-10 16:00:00,0.03,34.0122691729084,17.085,51.0972691729084,25.0,3.75,25.03,3.78
2025-06-10 17:00:00,53.99,37.98654606081017,17.085,55.07154606081017,25.0,3.75,78.99000000000001,57.74
2025-06-10 18:00:00,69.6,35.35586691380815,17.085,52.44086691380815,25.0,3.75,94.6,73.35
2025-06-10 19:00:00,82.08,36.41306687493932,17.085,53.49806687493932,25.0,3.75,107.08,85.83
2025-06-10 20:00:00,83.97,35.899948833469615,17.085,52.984948833469616,25.0,3.75,108.97,87.72
2025-06-10 21:00:00,91.28,35.22517056585402,17.085,52.31017056585402,25.0,3.75,116.28,95.03
2025-06-10 22:00:00,97.94,36.78975760633226,17.085,53.87475760633226,25.0,3.75,122.94,101.69
2025-06-10 23:00:00,85.31,36.372628420157326,17.085,53.45762842015733,25.0,3.75,110.31,89.06
2025-06-11 00:00:00,73.01,36.06013181273604,17.085,53.14513181273604,25.0,3.75,98.01,76.76
2025-06-11 01:00:00,71.38,35.346924333932684,17.085,52.431924333932685,25.0,3.75,96.38,75.13
2025-06-11 02:00:00,70.58,37.442896918859276,17.085,54.52789691885928,25.0,3.75,95.58,74.33
2025-06-11 03:00:00,69.86,40.111082114277934,17.085,57.196082114277935,25.0,3.75,94.86,73.61
2025-06-11 04:00:00,73.59,37.08362204297162,17.085,54.16862204297162,25.0,3.75,98.59,77.34
2025-06-11 05:00:00,83.6,38.796084007115624,17.085,55.881084007115625,25.0,3.75,108.6,87.35
2025-06-11 06:00:00,101.26,34.023403726986444,17.085,51.108403726986445,25.0,3.75,126.26,105.01
2025-06-11 07:00:00,107.8,37.119370455880905,17.085,54.204370455880905,25.0,3.75,132.8,111.55
2025-06-11 08:00:00,85.09,34.60911093935123,17.085,51.69411093935123,25.0,3.75,110.09,88.84
2025-06-11 09:00:00,66.7,33.84999772222957,17.085,50.93499772222957,25.0,3.75,91.7,70.45
2025-06-11 10:00:00,22.98,35.3251047623753,17.085,52.4101047623753,25.0,3.75,47.980000000000004,26.73
2025-06-11 11:00:00,1.3,39.187646246120515,17.085,56.272646246120516,25.0,3.75,26.3,5.05
2025-06-11 12:00:00,-0.36,38.70387923463266,17.085,55.78887923463266,25.0,3.75,24.64,3.39
2025-06-11 13:00:00,-0.97,37.28985702140217,17.085,54.37485702140217,25.0,3.75,24.03,2.7800000000000002
2025-06-11 14:00:00,-3.4,33.738446457513504,17.085,50.823446457513505,25.0,3.75,21.6,0.3500000000000001
2025-06-11 15:00:00,-2.4,36.411286274517494,17.085,53.496286274517495,25.0,3.75,22.6,1.35
2025-06-11 16:00:00,-0.01,37.40724759509684,17.085,54.49224759509684,25.0,3.75,24.99,3.74
2025-06-11 17:00:00,66.47,37.15492003645056,17.085,54.23992003645056,25.0,3.75,91.47,70.22
2025-06-11 18:00:00,89.34,33.116260410331876,17.085,50.20126041033188,25.0,3.75,114.34,93.09
2025-06-11 19:00:00,132.28,35.02321188125362,17.085,52.108211881253624,25.0,3.75,157.28,136.03
2025-06-11 20:00:00,217.0,36.675692048995934,17.085,53.760692048995935,25.0,3.75,242.0,220.75
2025-06-11 21:00:00,180.0,37.87642939632775,17.085,54.96142939632775,25.0,3.75,205.0,183.75
2025-06-11 22:00:00,119.34,32.411591935093476,17.085,49.49659193509348,25.0,3.75,144.34,123.09
2025-06-11 23:00:00,94.07,36.47959962633365,17.085,53.56459962633365,25.0,3.75,119.07,97.82
2025-06-12 00:00:00,92.91,37.08994511705127,17.085,54.17494511705127,25.0,3.75,117.91,96.66
2025-06-12 01:00:00,87.7,38.50307155432579,17.085,55.58807155432579,25.0,3.75,112.7,91.45
2025-06-12 02:00:00,85.43,38.18956274576824,17.085,55.27456274576824,25.0,3.75,110.43,89.18
2025-06-12 03:00:00,84.85,37.96899021491098,17.085,55.05399021491098,25.0,3.75,109.85,88.6
2025-06-12 04:00:00,89.06,35.2039665638895,17.085,52.2889665638895,25.0,3.75,114.06,92.81
2025-06-12 05:00:00,92.0,32.98784330304675,17.085,50.07284330304675,25.0,3.75,117.0,95.75
2025-06-12 06:00:00,114.85,36.017742063170566,17.085,53.10274206317057,25.0,3.75,139.85,118.6
2025-06-12 07:00:00,104.3,38.807111227710486,17.085,55.89211122771049,25.0,3.75,129.3,108.05
2025-06-12 08:00:00,78.86,39.590756632342234,17.085,56.675756632342235,25.0,3.75,103.86,82.61
2025-06-12 09:00:00,36.09,38.22494578188894,17.085,55.30994578188894,25.0,3.75,61.09,39.84
2025-06-12 10:00:00,0.0,37.662529222896836,17.085,54.74752922289684,25.0,3.75,25.0,3.75
2025-06-12 11:00:00,-2.0,37.5631268740653,17.085,54.6481268740653,25.0,3.75,23.0,1.75
2025-06-12 12:00:00,-15.91,35.691610083771806,17.085,52.77661008377181,25.0,3.75,9.09,-12.16
2025-06-12 13:00:00,-27.9,36.54372699018613,17.085,53.62872699018613,25.0,3.75,-2.8999999999999986,-24.15
2025-06-12 14:00:00,-25.47,40.14198662894603,17.085,57.22698662894603,25.0,3.75,-0.46999999999999886,-21.72
2025-06-12 15:00:00,-11.57,34.918731565709614,17.085,52.003731565709614,25.0,3.75,13.43,-7.82
2025-06-12 16:00:00,-2.78,40.03340515871307,17.085,57.118405158713074,25.0,3.75,22.22,0.9700000000000002
2025-06-12 17:00:00,14.9,36.15979126830925,17.085,53.24479126830925,25.0,3.75,39.9,18.65
2025-06-12 18:00:00,79.96,39.454711795483526,17.085,56.53971179548353,25.0,3.75,104.96,83.71
2025-06-12 19:00:00,112.55,33.99021755829829,17.085,51.07521755829829,25.0,3.75,137.55,116.3
2025-06-12 20:00:00,132.0,37.975655979622665,17.085,55.060655979622666,25.0,3.75,157.0,135.75
2025-06-12 21:00:00,111.0,35.33030730539812,17.085,52.41530730539812,25.0,3.75,136.0,114.75
2025-06-12 22:00:00,105.0,33.973313193444994,17.085,51.058313193444995,25.0,3.75,130.0,108.75
2025-06-12 23:00:00,86.9,37.240915662115256,17.085,54.32591566211526,25.0,3.75,111.9,90.65
2025-06-13 00:00:00,70.29,38.82279115448531,17.085,55.90779115448531,25.0,3.75,95.29,74.04
2025-06-13 01:00:00,55.25,35.11396470010637,17.085,52.19896470010637,25.0,3.75,80.25,59.0
2025-06-13 02:00:00,58.61,33.805815656376566,17.085,50.89081565637657,25.0,3.75,83.61,62.36
2025-06-13 03:00:00,63.42,36.62015804862346,17.085,53.70515804862346,25.0,3.75,88.42,67.17
2025-06-13 04:00:00,63.84,36.628976919739,17.085,53.713976919739004,25.0,3.75,88.84,67.59
2025-06-13 05:00:00,70.71,37.900486832402365,17.085,54.985486832402366,25.0,3.75,95.71,74.46
2025-06-13 06:00:00,83.68,38.70303672002235,17.085,55.78803672002235,25.0,3.75,108.68,87.43
2025-06-13 07:00:00,87.26,36.68501721474838,17.085,53.77001721474838,25.0,3.75,112.26,91.01
2025-06-13 08:00:00,77.39,40.51485420688189,17.085,57.59985420688189,25.0,3.75,102.39,81.14
2025-06-13 09:00:00,40.03,37.25231706636395,17.085,54.33731706636395,25.0,3.75,65.03,43.78
2025-06-13 10:00:00,4.1,36.11099456527957,17.085,53.19599456527957,25.0,3.75,29.1,7.85
2025-06-13 11:00:00,-0.03,33.58071285908771,17.085,50.66571285908771,25.0,3.75,24.97,3.72
2025-06-13 12:00:00,-2.05,36.278528536661035,17.085,53.363528536661036,25.0,3.75,22.95,1.7000000000000002
2025-06-13 13:00:00,-6.09,36.1310736864711,17.085,53.2160736864711,25.0,3.75,18.91,-2.34
2025-06-13 14:00:00,-6.01,38.72445716985631,17.085,55.80945716985631,25.0,3.75,18.990000000000002,-2.26
2025-06-13 15:00:00,-2.38,37.72881482542708,17.085,54.81381482542708,25.0,3.75,22.62,1.37
2025-06-13 16:00:00,-0.01,34.44510933402813,17.085,51.53010933402813,25.0,3.75,24.99,3.74
2025-06-13 17:00:00,35.9,37.14835635011544,17.085,54.23335635011544,25.0,3.75,60.9,39.65
2025-06-13 18:00:00,80.04,38.146909920751476,17.085,55.23190992075148,25.0,3.75,105.04,83.79
2025-06-13 19:00:00,108.9,39.85991029606903,17.085,56.94491029606903,25.0,3.75,133.9,112.65
2025-06-13 20:00:00,111.19,38.578855512121486,17.085,55.663855512121486,25.0,3.75,136.19,114.94
2025-06-13 21:00:00,94.9,38.325540885916325,17.085,55.410540885916326,25.0,3.75,119.9,98.65
2025-06-13 22:00:00,90.0,36.9240195665237,17.085,54.0090195665237,25.0,3.75,115.0,93.75
2025-06-13 23:00:00,71.3,37.58047158814027,17.085,54.66547158814027,25.0,3.75,96.3,75.05
2025-06-14 00:00:00,73.99,39.30285737870569,17.085,56.38785737870569,25.0,3.75,98.99,77.74
2025-06-14 01:00:00,71.2,34.13829278233407,17.085,51.22329278233407,25.0,3.75,96.2,74.95
2025-06-14 02:00:00,66.15,36.104968922859456,17.085,53.18996892285946,25.0,3.75,91.15,69.9
2025-06-14 03:00:00,66.88,35.25871007978088,17.085,52.343710079780884,25.0,3.75,91.88,70.63
2025-06-14 04:00:00,68.06,37.56215381474561,17.085,54.647153814745614,25.0,3.75,93.06,71.81
2025-06-14 05:00:00,64.52,39.26429192859494,17.085,56.349291928594944,25.0,3.75,89.52,68.27
2025-06-14 06:00:00,54.68,35.60989900385122,17.085,52.69489900385122,25.0,3.75,79.68,58.43
2025-06-14 07:00:00,20.3,32.023238842354495,17.085,49.108238842354496,25.0,3.75,45.3,24.05
2025-06-14 08:00:00,7.74,35.97940608724443,17.085,53.06440608724443,25.0,3.75,32.74,11.49
2025-06-14 09:00:00,0.0,38.630795041328184,17.085,55.715795041328185,25.0,3.75,25.0,3.75
2025-06-14 10:00:00,-2.02,37.87910738319313,17.085,54.96410738319313,25.0,3.75,22.98,1.73
2025-06-14 11:00:00,-9.08,37.66022007291452,17.085,54.74522007291452,25.0,3.75,15.92,-5.33
2025-06-14 12:00:00,-35.72,36.24386097354441,17.085,53.32886097354441,25.0,3.75,-10.719999999999999,-31.97
2025-06-14 13:00:00,-38.0,34.24578610485379,17.085,51.33078610485379,25.0,3.75,-13.0,-34.25
2025-06-14 14:00:00,-25.75,37.8344362205423,17.085,54.9194362205423,25.0,3.75,-0.75,-22.0
2025-06-14 15:00:00,-6.7,35.13528395722412,17.085,52.22028395722412,25.0,3.75,18.3,-2.95
2025-06-14 16:00:00,-0.37,41.17204104405428,17.085,58.25704104405428,25.0,3.75,24.63,3.38
2025-06-14 17:00:00,8.86,37.9448619940024,17.085,55.0298619940024,25.0,3.75,33.86,12.61
2025-06-14 18:00:00,83.38,35.64255097218547,17.085,52.72755097218547,25.0,3.75,108.38,87.13
2025-06-14 19:00:00,121.55,35.58107708251611,17.085,52.66607708251611,25.0,3.75,146.55,125.3
2025-06-14 20:00:00,127.27,36.61795916406619,17.085,53.70295916406619,25.0,3.75,152.26999999999998,131.01999999999998
2025-06-14 21:00:00,117.68,36.32484373324987,17.085,53.40984373324987,25.0,3.75,142.68,121.43
2025-06-14 22:00:00,121.39,39.03751512835328,17.085,56.12251512835328,25.0,3.75,146.39,125.14
2025-06-14 23:00:00,109.0,37.17667991678146,17.085,54.26167991678146,25.0,3.75,134.0,112.75
2025-06-15 00:00:00,91.93,35.34058409947631,17.085,52.42558409947631,25.0,3.75,116.93,95.68
2025-06-15 01:00:00,88.87,40.58472894760493,17.085,57.66972894760493,25.0,3.75,113.87,92.62
2025-06-15 02:00:00,87.23,36.90246424033381,17.085,53.987464240333814,25.0,3.75,112.23,90.98
2025-06-15 03:00:00,90.94,38.341526929231165,17.085,55.426526929231166,25.0,3.75,115.94,94.69
2025-06-15 04:00:00,91.99,35.58739456240385,17.085,52.67239456240385,25.0,3.75,116.99,95.74
2025-06-15 05:00:00,92.15,37.530078832782415,17.085,54.615078832782416,25.0,3.75,117.15,95.9
2025-06-15 06:00:00,84.99,37.42606755957976,17.085,54.51106755957976,25.0,3.75,109.99,88.74
2025-06-15 07:00:00,66.21,33.024548993101064,17.085,50.109548993101065,25.0,3.75,91.21,69.96
2025-06-15 08:00:00,53.86,40.834397798214646,17.085,57.919397798214646,25.0,3.75,78.86,57.61
2025-06-15 09:00:00,5.55,39.38513649913846,17.085,56.47013649913846,25.0,3.75,30.55,9.3
2025-06-15 10:00:00,0.0,36.00945694500139,17.085,53.09445694500139,25.0,3.75,25.0,3.75
2025-06-15 11:00:00,-0.02,34.599308096381655,17.085,51.684308096381656,25.0,3.75,24.98,3.73
2025-06-15 12:00:00,-1.22,37.49897080490047,17.085,54.583970804900474,25.0,3.75,23.78,2.5300000000000002
2025-06-15 13:00:00,-5.61,36.97724297612216,17.085,54.062242976122164,25.0,3.75,19.39,-1.8600000000000003
2025-06-15 14:00:00,-5.0,37.51518547441982,17.085,54.600185474419824,25.0,3.75,20.0,-1.25
2025-06-15 15:00:00,-2.0,37.187002369681544,17.085,54.272002369681545,25.0,3.75,23.0,1.75
2025-06-15 16:00:00,-0.01,37.81632955590522,17.085,54.90132955590522,25.0,3.75,24.99,3.74
2025-06-15 17:00:00,54.79,39.69845897607698,17.085,56.78345897607698,25.0,3.75,79.78999999999999,58.54
2025-06-15 18:00:00,96.43,37.94005398755066,17.085,55.02505398755066,25.0,3.75,121.43,100.18
2025-06-15 19:00:00,109.0,34.70453657947348,17.085,51.789536579473484,25.0,3.75,134.0,112.75
2025-06-15 20:00:00,114.59,39.52897328271827,17.085,56.61397328271827,25.0,3.75,139.59,118.34
2025-06-15 21:00:00,135.43,40.085076704269945,17.085,57.170076704269945,25.0,3.75,160.43,139.18
2025-06-15 22:00:00,127.63,43.10796104631754,17.085,60.19296104631754,25.0,3.75,152.63,131.38
2025-06-15 23:00:00,106.54,34.55685951081417,17.085,51.64185951081417,25.0,3.75,131.54000000000002,110.29
2025-06-16 00:00:00,105.72,37.28961160359392,17.085,54.37461160359392,25.0,3.75,130.72,109.47
2025-06-16 01:00:00,91.64,32.639650170915395,17.085,49.724650170915396,25.0,3.75,116.64,95.39
2025-06-16 02:00:00,86.94,37.91014589005179,17.085,54.99514589005179,25.0,3.75,111.94,90.69
2025-06-16 03:00:00,84.0,35.70744698095982,17.085,52.792446980959824,25.0,3.75,109.0,87.75
2025-06-16 04:00:00,83.28,40.650739166943275,17.085,57.735739166943276,25.0,3.75,108.28,87.03
2025-06-16 05:00:00,88.39,35.2546176372562,17.085,52.339617637256204,25.0,3.75,113.39,92.14
2025-06-16 06:00:00,112.43,33.425481501358846,17.085,50.510481501358846,25.0,3.75,137.43,116.18
2025-06-16 07:00:00,123.49,35.86132009588833,17.085,52.94632009588833,25.0,3.75,148.49,127.24
2025-06-16 08:00:00,108.92,32.85287203485909,17.085,49.93787203485909,25.0,3.75,133.92000000000002,112.67
2025-06-16 09:00:00,84.49,38.30604648630799,17.085,55.39104648630799,25.0,3.75,109.49,88.24
2025-06-16 10:00:00,60.28,32.67368148478073,17.085,49.75868148478073,25.0,3.75,85.28,64.03
2025-06-16 11:00:00,14.02,36.860762739659684,17.085,53.945762739659685,25.0,3.75,39.019999999999996,17.77
2025-06-16 12:00:00,1.62,32.64822393758097,17.085,49.73322393758097,25.0,3.75,26.62,5.37
2025-06-16 13:00:00,0.07,36.16325196822008,17.085,53.24825196822008,25.0,3.75,25.07,3.82
2025-06-16 14:00:00,0.0,40.090603888902436,17.085,57.17560388890244,25.0,3.75,25.0,3.75
2025-06-16 15:00:00,0.0,37.52514336016496,17.085,54.61014336016496,25.0,3.75,25.0,3.75
2025-06-16 16:00:00,13.61,35.0768603673635,17.085,52.1618603673635,25.0,3.75,38.61,17.36
2025-06-16 17:00:00,70.0,36.7414405994152,17.085,53.8264405994152,25.0,3.75,95.0,73.75
2025-06-16 18:00:00,89.24,36.83988132138226,17.085,53.92488132138226,25.0,3.75,114.24,92.99
2025-06-16 19:00:00,116.0,37.74910826898018,17.085,54.83410826898018,25.0,3.75,141.0,119.75
2025-06-16 20:00:00,186.1,34.070130850731715,17.085,51.155130850731716,25.0,3.75,211.1,189.85
2025-06-16 21:00:00,190.0,37.98898212498803,17.085,55.07398212498803,25.0,3.75,215.0,193.75
2025-06-16 22:00:00,129.18,31.39506431408782,17.085,48.48006431408782,25.0,3.75,154.18,132.93
2025-06-16 23:00:00,106.9,35.544078472565744,17.085,52.629078472565745,25.0,3.75,131.9,110.65
2025-06-17 00:00:00,103.98,35.82729989239028,17.085,52.91229989239028,25.0,3.75,128.98000000000002,107.73
2025-06-17 01:00:00,98.26,38.07050122943585,17.085,55.15550122943585,25.0,3.75,123.26,102.01
2025-06-17 02:00:00,94.95,36.849109282647106,17.085,53.93410928264711,25.0,3.75,119.95,98.7
2025-06-17 03:00:00,94.19,33.99272146958079,17.085,51.077721469580794,25.0,3.75,119.19,97.94
2025-06-17 04:00:00,95.24,34.833861325659335,17.085,51.918861325659336,25.0,3.75,120.24,98.99
2025-06-17 05:00:00,102.51,37.20120759638818,17.085,54.28620759638818,25.0,3.75,127.51,106.26
2025-06-17 06:00:00,118.76,36.64571289356426,17.085,53.73071289356426,25.0,3.75,143.76,122.51
2025-06-17 07:00:00,107.01,35.645599358021876,17.085,52.73059935802188,25.0,3.75,132.01,110.76
2025-06-17 08:00:00,98.59,35.84217999826941,17.085,52.92717999826941,25.0,3.75,123.59,102.34
2025-06-17 09:00:00,70.74,38.19618357161195,17.085,55.28118357161195,25.0,3.75,95.74,74.49
2025-06-17 10:00:00,4.34,35.76846243155494,17.085,52.85346243155494,25.0,3.75,29.34,8.09
2025-06-17 11:00:00,-0.61,36.62766508923522,17.085,53.71266508923522,25.0,3.75,24.39,3.14
2025-06-17 12:00:00,-0.86,41.14372075345445,17.085,58.22872075345445,25.0,3.75,24.14,2.89
2025-06-17 13:00:00,-4.91,33.95648230352552,17.085,51.04148230352552,25.0,3.75,20.09,-1.1600000000000001
2025-06-17 14:00:00,-6.2,33.10016211414405,17.085,50.18516211414405,25.0,3.75,18.8,-2.45
2025-06-17 15:00:00,-2.56,38.371026906890584,17.085,55.456026906890585,25.0,3.75,22.44,1.19
2025-06-17 16:00:00,8.65,35.44656145470516,17.085,52.53156145470516,25.0,3.75,33.65,12.4
2025-06-17 17:00:00,79.23,36.167372521808126,17.085,53.25237252180813,25.0,3.75,104.23,82.98
2025-06-17 18:00:00,103.36,35.24153482103114,17.085,52.32653482103114,25.0,3.75,128.36,107.11
2025-06-17 19:00:00,129.08,36.28424729575834,17.085,53.36924729575834,25.0,3.75,154.08,132.83
2025-06-17 20:00:00,241.8,40.00092380148605,17.085,57.085923801486054,25.0,3.75,266.8,245.55
2025-06-17 21:00:00,241.38,38.40810449452961,17.085,55.49310449452961,25.0,3.75,266.38,245.13
2025-06-17 22:00:00,138.19,38.52829460106732,17.085,55.613294601067324,25.0,3.75,163.19,141.94
2025-06-17 23:00:00,116.36,33.971393465708076,17.085,51.05639346570808,25.0,3.75,141.36,120.11
2025-06-18 00:00:00,113.0,34.501540104187626,17.085,51.58654010418763,25.0,3.75,138.0,116.75
2025-06-18 01:00:00,106.8,31.125690258322514,17.085,48.210690258322515,25.0,3.75,131.8,110.55
2025-06-18 02:00:00,101.5,35.18508593512786,17.085,52.27008593512786,25.0,3.75,126.5,105.25
2025-06-18 03:00:00,95.84,38.71725395006469,17.085,55.80225395006469,25.0,3.75,120.84,99.59
2025-06-18 04:00:00,97.01,37.83774060879011,17.085,54.92274060879011,25.0,3.75,122.01,100.76
2025-06-18 05:00:00,103.57,36.360821051389124,17.085,53.445821051389125,25.0,3.75,128.57,107.32
2025-06-18 06:00:00,112.35,36.75924700985726,17.085,53.84424700985726,25.0,3.75,137.35,116.1
2025-06-18 07:00:00,114.9,35.426076492142556,17.085,52.51107649214256,25.0,3.75,139.9,118.65
2025-06-18 08:00:00,111.39,37.213365342096935,17.085,54.298365342096936,25.0,3.75,136.39,115.14
2025-06-18 09:00:00,78.97,38.335604136254595,17.085,55.420604136254596,25.0,3.75,103.97,82.72
2025-06-18 10:00:00,21.77,33.57207400247242,17.085,50.65707400247242,25.0,3.75,46.769999999999996,25.52
2025-06-18 11:00:00,1.17,37.40314295296806,17.085,54.48814295296806,25.0,3.75,26.17,4.92
2025-06-18 12:00:00,-0.23,38.6687173192027,17.085,55.7537173192027,25.0,3.75,24.77,3.52
2025-06-18 13:00:00,-1.04,35.97364699936663,17.085,53.05864699936663,25.0,3.75,23.96,2.71
2025-06-18 14:00:00,-2.3,38.20524880153454,17.085,55.29024880153454,25.0,3.75,22.7,1.4500000000000002
2025-06-18 15:00:00,-2.17,42.43315646623847,17.085,59.51815646623847,25.0,3.75,22.83,1.58
2025-06-18 16:00:00,0.99,36.595161991319586,17.085,53.680161991319586,25.0,3.75,25.99,4.74
2025-06-18 17:00:00,74.0,37.59046167730401,17.085,54.675461677304014,25.0,3.75,99.0,77.75
2025-06-18 18:00:00,107.15,35.327733409970584,17.085,52.412733409970585,25.0,3.75,132.15,110.9
2025-06-18 19:00:00,116.4,37.166349902497466,17.085,54.251349902497466,25.0,3.75,141.4,120.15
2025-06-18 20:00:00,140.99,37.72439082725798,17.085,54.80939082725798,25.0,3.75,165.99,144.74
2025-06-18 21:00:00,175.32,37.193532257833645,17.085,54.278532257833646,25.0,3.75,200.32,179.07
2025-06-18 22:00:00,133.06,34.76445693787566,17.085,51.84945693787566,25.0,3.75,158.06,136.81
2025-06-18 23:00:00,115.35,37.21657111994427,17.085,54.30157111994427,25.0,3.75,140.35,119.1
2025-06-19 00:00:00,112.2,39.728239454728644,17.085,56.813239454728645,25.0,3.75,137.2,115.95
2025-06-19 01:00:00,106.4,37.70111910632242,17.085,54.786119106322424,25.0,3.75,131.4,110.15
2025-06-19 02:00:00,105.29,38.72782195543705,17.085,55.81282195543705,25.0,3.75,130.29000000000002,109.04
2025-06-19 03:00:00,99.51,36.32982363726811,17.085,53.414823637268114,25.0,3.75,124.51,103.26
2025-06-19 04:00:00,100.94,38.30364805614079,17.085,55.38864805614079,25.0,3.75,125.94,104.69
2025-06-19 05:00:00,95.68,37.36238325372642,17.085,54.44738325372642,25.0,3.75,120.68,99.43
2025-06-19 06:00:00,101.51,34.9020261179189,17.085,51.9870261179189,25.0,3.75,126.51,105.26
2025-06-19 07:00:00,89.25,37.44088958689112,17.085,54.52588958689112,25.0,3.75,114.25,93.0
2025-06-19 08:00:00,71.25,34.820454250412745,17.085,51.905454250412745,25.0,3.75,96.25,75.0
2025-06-19 09:00:00,0.86,35.53808702752379,17.085,52.62308702752379,25.0,3.75,25.86,4.61
2025-06-19 10:00:00,-1.33,37.18250419187812,17.085,54.26750419187812,25.0,3.75,23.67,2.42
2025-06-19 11:00:00,-29.98,37.398336124053614,17.085,54.483336124053615,25.0,3.75,-4.98,-26.23
2025-06-19 12:00:00,-52.21,34.42538264713911,17.085,51.51038264713911,25.0,3.75,-27.21,-48.46
2025-06-19 13:00:00,-65.44,38.91181911965912,17.085,55.99681911965912,25.0,3.75,-40.44,-61.69
2025-06-19 14:00:00,-64.95,37.94786013389432,17.085,55.03286013389432,25.0,3.75,-39.95,-61.2
2025-06-19 15:00:00,-39.79,35.3943907060716,17.085,52.4793907060716,25.0,3.75,-14.79,-36.04
2025-06-19 16:00:00,-4.95,33.72867798439502,17.085,50.81367798439502,25.0,3.75,20.05,-1.2000000000000002
2025-06-19 17:00:00,2.3,36.51403841913051,17.085,53.59903841913051,25.0,3.75,27.3,6.05
2025-06-19 18:00:00,80.33,35.911960149571044,17.085,52.996960149571045,25.0,3.75,105.33,84.08
2025-06-19 19:00:00,118.47,37.03012849139942,17.085,54.11512849139942,25.0,3.75,143.47,122.22
2025-06-19 20:00:00,138.85,36.07761425498224,17.085,53.16261425498224,25.0,3.75,163.85,142.6
2025-06-19 21:00:00,141.8,32.78893385580335,17.085,49.87393385580335,25.0,3.75,166.8,145.55
2025-06-19 22:00:00,129.66,36.02715370069105,17.085,53.11215370069105,25.0,3.75,154.66,133.41
2025-06-19 23:00:00,108.89,36.19260935515674,17.085,53.27760935515674,25.0,3.75,133.89,112.64
2025-06-20 00:00:00,109.49,38.07116962684149,17.085,55.15616962684149,25.0,3.75,134.49,113.24
2025-06-20 01:00:00,104.57,35.40744822807127,17.085,52.49244822807127,25.0,3.75,129.57,108.32
2025-06-20 02:00:00,103.24,40.1611969240385,17.085,57.2461969240385,25.0,3.75,128.24,106.99
2025-06-20 03:00:00,105.01,32.98056647598985,17.085,50.065566475989854,25.0,3.75,130.01,108.76
2025-06-20 04:00:00,104.27,39.42618257289862,17.085,56.51118257289862,25.0,3.75,129.26999999999998,108.02
2025-06-20 05:00:00,109.04,36.35520963553716,17.085,53.44020963553716,25.0,3.75,134.04000000000002,112.79
2025-06-20 06:00:00,120.9,38.52301732198048,17.085,55.60801732198048,25.0,3.75,145.9,124.65
2025-06-20 07:00:00,118.66,36.963450545410836,17.085,54.04845054541084,25.0,3.75,143.66,122.41
2025-06-20 08:00:00,110.98,39.082958649344306,17.085,56.16795864934431,25.0,3.75,135.98000000000002,114.73
2025-06-20 09:00:00,81.69,36.02912364818775,17.085,53.11412364818775,25.0,3.75,106.69,85.44
2025-06-20 10:00:00,15.83,34.60660672693774,17.085,51.69160672693774,25.0,3.75,40.83,19.58
2025-06-20 11:00:00,4.03,39.6448561518355,17.085,56.7298561518355,25.0,3.75,29.03,7.78
2025-06-20 12:00:00,0.0,36.576886285529085,17.085,53.661886285529086,25.0,3.75,25.0,3.75
2025-06-20 13:00:00,-1.0,37.24696452454179,17.085,54.33196452454179,25.0,3.75,24.0,2.75
2025-06-20 14:00:00,-0.17,39.27335140538296,17.085,56.35835140538296,25.0,3.75,24.83,3.58
2025-06-20 15:00:00,0.91,34.7399370931045,17.085,51.8249370931045,25.0,3.75,25.91,4.66
2025-06-20 16:00:00,28.99,37.994829372571886,17.085,55.079829372571886,25.0,3.75,53.989999999999995,32.739999999999995
2025-06-20 17:00:00,87.35,35.62405806436759,17.085,52.70905806436759,25.0,3.75,112.35,91.1
2025-06-20 18:00:00,111.01,36.539508866004624,17.085,53.624508866004625,25.0,3.75,136.01,114.76
2025-06-20 19:00:00,136.13,36.948405508061946,17.085,54.033405508061946,25.0,3.75,161.13,139.88
2025-06-20 20:00:00,201.29,33.8034038543995,17.085,50.8884038543995,25.0,3.75,226.29,205.04
2025-06-20 21:00:00,178.63,35.2461734916525,17.085,52.3311734916525,25.0,3.75,203.63,182.38
2025-06-20 22:00:00,137.05,39.505993362119646,17.085,56.59099336211965,25.0,3.75,162.05,140.8
2025-06-20 23:00:00,121.38,38.57622995446296,17.085,55.66122995446296,25.0,3.75,146.38,125.13
2025-06-21 00:00:00,118.52,36.6785684226389,17.085,53.7635684226389,25.0,3.75,143.51999999999998,122.27
2025-06-21 01:00:00,110.48,37.290094494319156,17.085,54.37509449431916,25.0,3.75,135.48000000000002,114.23
2025-06-21 02:00:00,108.15,36.21536256602045,17.085,53.30036256602045,25.0,3.75,133.15,111.9
2025-06-21 03:00:00,106.76,39.51701434894933,17.085,56.60201434894933,25.0,3.75,131.76,110.51
2025-06-21 04:00:00,109.1,36.40314242170504,17.085,53.48814242170504,25.0,3.75,134.1,112.85
2025-06-21 05:00:00,104.45,37.26753176156306,17.085,54.352531761563064,25.0,3.75,129.45,108.2
2025-06-21 06:00:00,100.71,39.0959078655775,17.085,56.1809078655775,25.0,3.75,125.71,104.46
2025-06-21 07:00:00,90.74,35.24910460760155,17.085,52.33410460760155,25.0,3.75,115.74,94.49
2025-06-21 08:00:00,75.93,39.92142594628716,17.085,57.00642594628716,25.0,3.75,100.93,79.68
2025-06-21 09:00:00,23.4,33.74292475780661,17.085,50.82792475780661,25.0,3.75,48.4,27.15
2025-06-21 10:00:00,0.19,40.06313183951897,17.085,57.14813183951897,25.0,3.75,25.19,3.94
2025-06-21 11:00:00,-2.01,36.05849640938942,17.085,53.14349640938942,25.0,3.75,22.990000000000002,1.7400000000000002
2025-06-21 12:00:00,-13.96,36.3184500816428,17.085,53.4034500816428,25.0,3.75,11.04,-10.21
2025-06-21 13:00:00,-29.98,33.02382723492748,17.085,50.10882723492748,25.0,3.75,-4.98,-26.23
2025-06-21 14:00:00,-26.31,35.894258142537986,17.085,52.97925814253799,25.0,3.75,-1.3099999999999987,-22.56
2025-06-21 15:00:00,-4.42,34.7242345152396,17.085,51.8092345152396,25.0,3.75,20.58,-0.6699999999999999
2025-06-21 16:00:00,0.09,35.588554886546426,17.085,52.67355488654643,25.0,3.75,25.09,3.84
2025-06-21 17:00:00,59.99,36.529225645715606,17.085,53.61422564571561,25.0,3.75,84.99000000000001,63.74
2025-06-21 18:00:00,100.95,38.71943080623918,17.085,55.80443080623918,25.0,3.75,125.95,104.7
2025-06-21 19:00:00,127.9,37.21905428009462,17.085,54.30405428009462,25.0,3.75,152.9,131.65
2025-06-21 20:00:00,156.74,37.419200884095595,17.085,54.504200884095596,25.0,3.75,181.74,160.49
2025-06-21 21:00:00,165.3,34.61280879960224,17.085,51.69780879960224,25.0,3.75,190.3,169.05
2025-06-21 22:00:00,140.78,35.04233939808791,17.085,52.12733939808791,25.0,3.75,165.78,144.53
2025-06-21 23:00:00,119.2,40.40129761399599,17.085,57.486297613995994,25.0,3.75,144.2,122.95
2025-06-22 00:00:00,108.15,35.333445507766875,17.085,52.418445507766876,25.0,3.75,133.15,111.9
2025-06-22 01:00:00,101.07,40.11626408140796,17.085,57.20126408140796,25.0,3.75,126.07,104.82
2025-06-22 02:00:00,97.46,36.317725179531635,17.085,53.402725179531636,25.0,3.75,122.46,101.21
2025-06-22 03:00:00,92.12,36.808423449580374,17.085,53.893423449580375,25.0,3.75,117.12,95.87
2025-06-22 04:00:00,89.69,38.94457789775323,17.085,56.02957789775323,25.0,3.75,114.69,93.44
2025-06-22 05:00:00,87.95,39.34763242117068,17.085,56.43263242117068,25.0,3.75,112.95,91.7
2025-06-22 06:00:00,71.98,36.582222456735195,17.085,53.667222456735196,25.0,3.75,96.98,75.73
2025-06-22 07:00:00,26.44,36.02736147025029,17.085,53.11236147025029,25.0,3.75,51.44,30.19
2025-06-22 08:00:00,0.0,36.692006680248944,17.085,53.777006680248945,25.0,3.75,25.0,3.75
2025-06-22 09:00:00,-0.09,37.4797626337576,17.085,54.5647626337576,25.0,3.75,24.91,3.66
2025-06-22 10:00:00,-11.11,38.58645495103288,17.085,55.67145495103288,25.0,3.75,13.89,-7.359999999999999
2025-06-22 11:00:00,-38.56,36.81230729528167,17.085,53.89730729528167,25.0,3.75,-13.560000000000002,-34.81
2025-06-22 12:00:00,-67.41,38.04162017333967,17.085,55.126620173339674,25.0,3.75,-42.41,-63.66
2025-06-22 13:00:00,-99.01,40.08056704183525,17.085,57.16556704183525,25.0,3.75,-74.01,-95.26
2025-06-22 14:00:00,-81.0,37.56646680182294,17.085,54.65146680182294,25.0,3.75,-56.0,-77.25
2025-06-22 15:00:00,-40.09,37.42715328930292,17.085,54.51215328930292,25.0,3.75,-15.090000000000003,-36.34
2025-06-22 16:00:00,-7.68,33.76602592711323,17.085,50.851025927113234,25.0,3.75,17.32,-3.9299999999999997
2025-06-22 17:00:00,-0.01,31.54238730363524,17.085,48.627387303635246,25.0,3.75,24.99,3.74
2025-06-22 18:00:00,69.75,37.58059903575371,17.085,54.66559903575371,25.0,3.75,94.75,73.5
2025-06-22 19:00:00,109.33,36.614199114731626,17.085,53.69919911473163,25.0,3.75,134.32999999999998,113.08
2025-06-22 20:00:00,123.9,35.774282227463885,17.085,52.859282227463886,25.0,3.75,148.9,127.65
2025-06-22 21:00:00,134.33,37.29090798566606,17.085,54.37590798566606,25.0,3.75,159.33,138.08
2025-06-22 22:00:00,126.32,36.68304011889955,17.085,53.76804011889955,25.0,3.75,151.32,130.07
2025-06-22 23:00:00,101.63,39.05940807856116,17.085,56.14440807856116,25.0,3.75,126.63,105.38
2025-06-23 00:00:00,70.3,36.97606931381132,17.085,54.06106931381132,25.0,3.75,95.3,74.05
2025-06-23 01:00:00,63.8,35.31000100715303,17.085,52.395001007153034,25.0,3.75,88.8,67.55
2025-06-23 02:00:00,63.79,38.78418005521195,17.085,55.86918005521195,25.0,3.75,88.78999999999999,67.53999999999999
2025-06-23 03:00:00,64.51,36.36958542740096,17.085,53.454585427400964,25.0,3.75,89.51,68.26
2025-06-23 04:00:00,72.5,37.856920944637984,17.085,54.941920944637985,25.0,3.75,97.5,76.25
2025-06-23 05:00:00,84.92,35.84902616490777,17.085,52.93402616490777,25.0,3.75,109.92,88.67
2025-06-23 06:00:00,89.12,35.504193806298495,17.085,52.589193806298496,25.0,3.75,114.12,92.87
2025-06-23 07:00:00,92.24,36.97218403766476,17.085,54.05718403766476,25.0,3.75,117.24,95.99
2025-06-23 08:00:00,78.96,36.82950486438074,17.085,53.91450486438074,25.0,3.75,103.96,82.71
2025-06-23 09:00:00,18.64,37.76350164802703,17.085,54.84850164802703,25.0,3.75,43.64,22.39
2025-06-23 10:00:00,-0.01,36.266556070673886,17.085,53.35155607067389,25.0,3.75,24.99,3.74
2025-06-23 11:00:00,-6.11,33.13112800975257,17.085,50.21612800975257,25.0,3.75,18.89,-2.3600000000000003
2025-06-23 12:00:00,-12.76,35.93829981011659,17.085,53.02329981011659,25.0,3.75,12.24,-9.01
2025-06-23 13:00:00,-26.45,38.391484511581,17.085,55.476484511581,25.0,3.75,-1.4499999999999993,-22.7
2025-06-23 14:00:00,-32.75,36.20909541880715,17.085,53.29409541880715,25.0,3.75,-7.75,-29.0
2025-06-23 15:00:00,-32.69,36.31108077226427,17.085,53.39608077226427,25.0,3.75,-7.689999999999998,-28.939999999999998
2025-06-23 16:00:00,-25.0,38.77660058910524,17.085,55.861600589105244,25.0,3.75,0.0,-21.25
2025-06-23 17:00:00,-13.11,35.37990112277552,17.085,52.46490112277552,25.0,3.75,11.89,-9.36
2025-06-23 18:00:00,-1.01,33.71824114080757,17.085,50.80324114080757,25.0,3.75,23.99,2.74
2025-06-23 19:00:00,20.0,36.48258533824238,17.085,53.56758533824238,25.0,3.75,45.0,23.75
2025-06-23 20:00:00,83.5,35.83549967479589,17.085,52.92049967479589,25.0,3.75,108.5,87.25
2025-06-23 21:00:00,90.0,34.87135493778686,17.085,51.95635493778686,25.0,3.75,115.0,93.75
2025-06-23 22:00:00,97.78,36.453090665495985,17.085,53.538090665495986,25.0,3.75,122.78,101.53
2025-06-23 23:00:00,89.53,37.78685887178693,17.085,54.871858871786934,25.0,3.75,114.53,93.28
2025-06-24 00:00:00,77.08,36.78527045415774,17.085,53.87027045415774,25.0,3.75,102.08,80.83
2025-06-24 01:00:00,66.79,37.417809722665844,17.085,54.502809722665845,25.0,3.75,91.79,70.54
2025-06-24 02:00:00,63.79,40.430662974324214,17.085,57.515662974324215,25.0,3.75,88.78999999999999,67.53999999999999
2025-06-24 03:00:00,58.12,36.11808985417824,17.085,53.20308985417824,25.0,3.75,83.12,61.87
2025-06-24 04:00:00,66.52,37.360544846582705,17.085,54.445544846582706,25.0,3.75,91.52,70.27
2025-06-24 05:00:00,69.75,35.7854208520951,17.085,52.8704208520951,25.0,3.75,94.75,73.5
2025-06-24 06:00:00,88.15,35.11112813751942,17.085,52.19612813751942,25.0,3.75,113.15,91.9
2025-06-24 07:00:00,88.02,35.63403227045783,17.085,52.71903227045783,25.0,3.75,113.02,91.77
2025-06-24 08:00:00,41.27,35.84633043424999,17.085,52.93133043424999,25.0,3.75,66.27000000000001,45.02
2025-06-24 09:00:00,-0.01,37.52279917238762,17.085,54.60779917238762,25.0,3.75,24.99,3.74
2025-06-24 10:00:00,-4.01,41.501999150694886,17.085,58.586999150694886,25.0,3.75,20.990000000000002,-0.2599999999999998
2025-06-24 11:00:00,-12.41,35.37176070474169,17.085,52.45676070474169,25.0,3.75,12.59,-8.66
2025-06-24 12:00:00,-20.09,35.970596966062445,17.085,53.055596966062446,25.0,3.75,4.91,-16.34
2025-06-24 13:00:00,-22.75,36.67760155107087,17.085,53.76260155107087,25.0,3.75,2.25,-19.0
2025-06-24 14:00:00,-19.27,37.59544527471286,17.085,54.68044527471286,25.0,3.75,5.73,-15.52
2025-06-24 15:00:00,-7.56,37.33094920120294,17.085,54.41594920120294,25.0,3.75,17.44,-3.8099999999999996
2025-06-24 16:00:00,-3.06,39.372039165189605,17.085,56.457039165189606,25.0,3.75,21.94,0.69
2025-06-24 17:00:00,2.09,31.951063436222952,17.085,49.03606343622295,25.0,3.75,27.09,5.84
2025-06-24 18:00:00,61.77,32.02998783690202,17.085,49.114987836902024,25.0,3.75,86.77000000000001,65.52000000000001
2025-06-24 19:00:00,97.25,35.81209123327307,17.085,52.89709123327307,25.0,3.75,122.25,101.0
2025-06-24 20:00:00,123.9,38.998447952380786,17.085,56.08344795238079,25.0,3.75,148.9,127.65
2025-06-24 21:00:00,122.49,33.67255151408217,17.085,50.757551514082174,25.0,3.75,147.49,126.24
2025-06-24 22:00:00,97.41,30.788582897905854,17.085,47.873582897905855,25.0,3.75,122.41,101.16
2025-06-24 23:00:00,98.02,37.946206389731785,17.085,55.031206389731786,25.0,3.75,123.02,101.77
2025-06-25 00:00:00,78.85,37.2911620246988,17.085,54.3761620246988,25.0,3.75,103.85,82.6
2025-06-25 01:00:00,67.63,34.62343076369451,17.085,51.70843076369451,25.0,3.75,92.63,71.38
2025-06-25 02:00:00,70.02,34.83276837585151,17.085,51.91776837585151,25.0,3.75,95.02,73.77
2025-06-25 03:00:00,69.07,34.86436013802402,17.085,51.94936013802402,25.0,3.75,94.07,72.82
2025-06-25 04:00:00,70.01,37.024918212241246,17.085,54.10991821224125,25.0,3.75,95.01,73.76
2025-06-25 05:00:00,82.77,35.551217024927354,17.085,52.636217024927355,25.0,3.75,107.77,86.52
2025-06-25 06:00:00,105.72,37.79197541524441,17.085,54.87697541524441,25.0,3.75,130.72,109.47
2025-06-25 07:00:00,112.36,31.094594251484587,17.085,48.17959425148459,25.0,3.75,137.36,116.11
2025-06-25 08:00:00,97.87,35.090143847037766,17.085,52.175143847037766,25.0,3.75,122.87,101.62
2025-06-25 09:00:00,70.02,34.551739655471266,17.085,51.63673965547127,25.0,3.75,95.02,73.77
2025-06-25 10:00:00,10.07,36.291166220548384,17.085,53.376166220548384,25.0,3.75,35.07,13.82
2025-06-25 11:00:00,0.07,35.727752060313094,17.085,52.812752060313095,25.0,3.75,25.07,3.82
2025-06-25 12:00:00,-0.02,38.399535137084904,17.085,55.484535137084904,25.0,3.75,24.98,3.73
2025-06-25 13:00:00,-0.14,33.08517403397325,17.085,50.170174033973254,25.0,3.75,24.86,3.61
2025-06-25 14:00:00,-0.51,36.894830529954874,17.085,53.979830529954874,25.0,3.75,24.49,3.24
2025-06-25 15:00:00,0.0,37.92052042371678,17.085,55.00552042371678,25.0,3.75,25.0,3.75
2025-06-25 16:00:00,17.84,40.517142450417275,17.085,57.602142450417276,25.0,3.75,42.84,21.59
2025-06-25 17:00:00,84.47,35.84031563510642,17.085,52.92531563510642,25.0,3.75,109.47,88.22
2025-06-25 18:00:00,105.8,37.452764785998404,17.085,54.537764785998405,25.0,3.75,130.8,109.55
2025-06-25 19:00:00,134.19,33.196121992168635,17.085,50.281121992168636,25.0,3.75,159.19,137.94
2025-06-25 20:00:00,200.0,32.01993516866732,17.085,49.10493516866732,25.0,3.75,225.0,203.75
2025-06-25 21:00:00,247.02,38.49339632885677,17.085,55.57839632885677,25.0,3.75,272.02,250.77
2025-06-25 22:00:00,173.62,36.79272698999723,17.085,53.87772698999723,25.0,3.75,198.62,177.37
2025-06-25 23:00:00,126.84,39.160872956890216,17.085,56.24587295689022,25.0,3.75,151.84,130.59
2025-06-26 00:00:00,119.95,34.05704179935387,17.085,51.14204179935387,25.0,3.75,144.95,123.7
2025-06-26 01:00:00,107.63,37.843651856350874,17.085,54.928651856350875,25.0,3.75,132.63,111.38
2025-06-26 02:00:00,102.83,40.54148325838108,17.085,57.62648325838108,25.0,3.75,127.83,106.58
2025-06-26 03:00:00,98.62,37.6432587940079,17.085,54.7282587940079,25.0,3.75,123.62,102.37
2025-06-26 04:00:00,98.79,37.35701058847547,17.085,54.44201058847547,25.0,3.75,123.79,102.54
2025-06-26 05:00:00,102.91,36.820959738942065,17.085,53.905959738942066,25.0,3.75,127.91,106.66
2025-06-26 06:00:00,119.9,33.66208466304154,17.085,50.74708466304154,25.0,3.75,144.9,123.65
2025-06-26 07:00:00,120.91,39.514993448714065,17.085,56.599993448714066,25.0,3.75,145.91,124.66
2025-06-26 08:00:00,106.79,35.58213229768324,17.085,52.66713229768324,25.0,3.75,131.79000000000002,110.54
2025-06-26 09:00:00,96.45,37.812814090059405,17.085,54.897814090059406,25.0,3.75,121.45,100.2
2025-06-26 10:00:00,88.95,33.67777896415086,17.085,50.76277896415086,25.0,3.75,113.95,92.7
2025-06-26 11:00:00,77.88,34.444928248277805,17.085,51.529928248277805,25.0,3.75,102.88,81.63
2025-06-26 12:00:00,70.25,39.67402237573784,17.085,56.75902237573784,25.0,3.75,95.25,74.0
2025-06-26 13:00:00,59.25,36.109242999377685,17.085,53.194242999377686,25.0,3.75,84.25,63.0
2025-06-26 14:00:00,51.12,39.71039852937846,17.085,56.79539852937846,25.0,3.75,76.12,54.87
2025-06-26 15:00:00,48.99,36.64738625917633,17.085,53.73238625917633,25.0,3.75,73.99000000000001,52.74
2025-06-26 16:00:00,63.04,33.120052031377654,17.085,50.205052031377654,25.0,3.75,88.03999999999999,66.78999999999999
2025-06-26 17:00:00,70.3,38.58798277675681,17.085,55.67298277675681,25.0,3.75,95.3,74.05
2025-06-26 18:00:00,89.23,35.62406294178215,17.085,52.70906294178215,25.0,3.75,114.23,92.98
2025-06-26 19:00:00,93.95,38.20122520432746,17.085,55.28622520432746,25.0,3.75,118.95,97.7
2025-06-26 20:00:00,99.14,36.85426931237353,17.085,53.93926931237353,25.0,3.75,124.14,102.89
2025-06-26 21:00:00,100.0,33.71761112140763,17.085,50.80261112140763,25.0,3.75,125.0,103.75
2025-06-26 22:00:00,108.64,37.13243710803451,17.085,54.21743710803451,25.0,3.75,133.64,112.39
2025-06-26 23:00:00,97.23,41.19629386159897,17.085,58.28129386159897,25.0,3.75,122.23,100.98
2025-06-27 00:00:00,84.5,37.789820494322285,17.085,54.874820494322286,25.0,3.75,109.5,88.25
2025-06-27 01:00:00,78.83,36.68881207128244,17.085,53.77381207128244,25.0,3.75,103.83,82.58
2025-06-27 02:00:00,75.67,38.95453438120716,17.085,56.03953438120716,25.0,3.75,100.67,79.42
2025-06-27 03:00:00,80.41,37.22518450769959,17.085,54.31018450769959,25.0,3.75,105.41,84.16
2025-06-27 04:00:00,82.39,37.222916037818955,17.085,54.307916037818956,25.0,3.75,107.39,86.14
2025-06-27 05:00:00,88.9,34.620597232975165,17.085,51.705597232975165,25.0,3.75,113.9,92.65
2025-06-27 06:00:00,105.58,37.271543628872564,17.085,54.356543628872565,25.0,3.75,130.57999999999998,109.33
2025-06-27 07:00:00,113.2,38.87473441012726,17.085,55.95973441012726,25.0,3.75,138.2,116.95
2025-06-27 08:00:00,107.7,35.13172327309332,17.085,52.21672327309332,25.0,3.75,132.7,111.45
2025-06-27 09:00:00,90.94,39.65283921978727,17.085,56.73783921978727,25.0,3.75,115.94,94.69
2025-06-27 10:00:00,79.12,36.62043552900312,17.085,53.70543552900312,25.0,3.75,104.12,82.87
2025-06-27 11:00:00,67.45,35.02830855421629,17.085,52.11330855421629,25.0,3.75,92.45,71.2
2025-06-27 12:00:00,54.53,38.799111731133856,17.085,55.884111731133856,25.0,3.75,79.53,58.28
2025-06-27 13:00:00,28.3,36.23025910581683,17.085,53.31525910581683,25.0,3.75,53.3,32.05
2025-06-27 14:00:00,7.87,38.322877352265586,17.085,55.40787735226559,25.0,3.75,32.87,11.620000000000001
2025-06-27 15:00:00,9.88,36.22033031277629,17.085,53.30533031277629,25.0,3.75,34.88,13.63
2025-06-27 16:00:00,29.92,36.68419529023356,17.085,53.76919529023356,25.0,3.75,54.92,33.67
2025-06-27 17:00:00,70.68,37.79096798596195,17.085,54.87596798596195,25.0,3.75,95.68,74.43
2025-06-27 18:00:00,91.73,37.38564169247338,17.085,54.47064169247338,25.0,3.75,116.73,95.48
2025-06-27 19:00:00,107.15,32.81278401638989,17.085,49.89778401638989,25.0,3.75,132.15,110.9
2025-06-27 20:00:00,124.86,34.56136009710458,17.085,51.64636009710458,25.0,3.75,149.86,128.61
2025-06-27 21:00:00,134.94,38.662667546875,17.085,55.747667546875,25.0,3.75,159.94,138.69
2025-06-27 22:00:00,126.24,36.53957439949027,17.085,53.62457439949027,25.0,3.75,151.24,129.99
2025-06-27 23:00:00,107.7,35.75638497175053,17.085,52.84138497175053,25.0,3.75,132.7,111.45
2025-06-28 00:00:00,94.7,34.08669954677842,17.085,51.17169954677842,25.0,3.75,119.7,98.45
2025-06-28 01:00:00,89.61,34.64437493474167,17.085,51.72937493474167,25.0,3.75,114.61,93.36
2025-06-28 02:00:00,82.02,32.760250297369474,17.085,49.845250297369475,25.0,3.75,107.02,85.77
2025-06-28 03:00:00,76.59,36.601286139890306,17.085,53.686286139890306,25.0,3.75,101.59,80.34
2025-06-28 04:00:00,70.27,35.60697241613127,17.085,52.69197241613127,25.0,3.75,95.27,74.02
2025-06-28 05:00:00,75.4,34.870671795322735,17.085,51.955671795322736,25.0,3.75,100.4,79.15
2025-06-28 06:00:00,74.0,36.66760072695746,17.085,53.75260072695746,25.0,3.75,99.0,77.75
2025-06-28 07:00:00,58.84,37.53178883899884,17.085,54.61678883899884,25.0,3.75,83.84,62.59
2025-06-28 08:00:00,27.8,40.99024344171326,17.085,58.07524344171326,25.0,3.75,52.8,31.55
2025-06-28 09:00:00,2.34,33.780080738166944,17.085,50.865080738166945,25.0,3.75,27.34,6.09
2025-06-28 10:00:00,0.01,39.12260966389441,17.085,56.20760966389441,25.0,3.75,25.01,3.76
2025-06-28 11:00:00,-0.04,38.75005069932351,17.085,55.83505069932351,25.0,3.75,24.96,3.71
2025-06-28 12:00:00,-1.0,35.24566209853997,17.085,52.33066209853997,25.0,3.75,24.0,2.75
2025-06-28 13:00:00,-2.01,37.21031948646543,17.085,54.29531948646543,25.0,3.75,22.990000000000002,1.7400000000000002
2025-06-28 14:00:00,-3.09,35.88858107861814,17.085,52.97358107861814,25.0,3.75,21.91,0.6600000000000001
2025-06-28 15:00:00,-1.01,37.175224738130844,17.085,54.260224738130844,25.0,3.75,23.99,2.74
2025-06-28 16:00:00,-1.0,39.82210960410247,17.085,56.90710960410247,25.0,3.75,24.0,2.75
2025-06-28 17:00:00,2.97,38.015060042555994,17.085,55.100060042555995,25.0,3.75,27.97,6.720000000000001
2025-06-28 18:00:00,62.73,37.821064323760254,17.085,54.906064323760255,25.0,3.75,87.72999999999999,66.47999999999999
2025-06-28 19:00:00,95.03,35.943228937384085,17.085,53.028228937384085,25.0,3.75,120.03,98.78
2025-06-28 20:00:00,108.99,33.8357342474447,17.085,50.9207342474447,25.0,3.75,133.99,112.74
2025-06-28 21:00:00,123.86,36.386911156212555,17.085,53.471911156212556,25.0,3.75,148.86,127.61
2025-06-28 22:00:00,119.84,39.2170638870212,17.085,56.3020638870212,25.0,3.75,144.84,123.59
2025-06-28 23:00:00,103.5,33.74951186411407,17.085,50.83451186411407,25.0,3.75,128.5,107.25
2025-06-29 00:00:00,95.07,34.69366884093998,17.085,51.77866884093998,25.0,3.75,120.07,98.82
2025-06-29 01:00:00,89.42,37.05638304976151,17.085,54.14138304976151,25.0,3.75,114.42,93.17
2025-06-29 02:00:00,89.66,34.834538007598844,17.085,51.919538007598845,25.0,3.75,114.66,93.41
2025-06-29 03:00:00,86.82,35.218800683062945,17.085,52.303800683062946,25.0,3.75,111.82,90.57
2025-06-29 04:00:00,85.31,35.95665041383701,17.085,53.04165041383701,25.0,3.75,110.31,89.06
2025-06-29 05:00:00,85.3,34.07261276891307,17.085,51.15761276891307,25.0,3.75,110.3,89.05
2025-06-29 06:00:00,86.39,34.85560388486063,17.085,51.94060388486063,25.0,3.75,111.39,90.14
2025-06-29 07:00:00,74.92,38.210703410867985,17.085,55.295703410867986,25.0,3.75,99.92,78.67
2025-06-29 08:00:00,47.52,34.18910801283144,17.085,51.27410801283144,25.0,3.75,72.52000000000001,51.27
2025-06-29 09:00:00,1.99,33.60810330830369,17.085,50.69310330830369,25.0,3.75,26.99,5.74
2025-06-29 10:00:00,0.0,35.54379761822558,17.085,52.62879761822558,25.0,3.75,25.0,3.75
2025-06-29 11:00:00,-0.26,38.26775858231306,17.085,55.35275858231306,25.0,3.75,24.74,3.49
2025-06-29 12:00:00,-5.4,36.41000396129959,17.085,53.49500396129959,25.0,3.75,19.6,-1.6500000000000004
2025-06-29 13:00:00,-20.1,35.87468542106213,17.085,52.95968542106213,25.0,3.75,4.899999999999999,-16.35
2025-06-29 14:00:00,-24.01,36.89256517232458,17.085,53.97756517232458,25.0,3.75,0.9899999999999984,-20.26
2025-06-29 15:00:00,-15.45,33.31243271157406,17.085,50.39743271157406,25.0,3.75,9.55,-11.7
2025-06-29 16:00:00,-2.69,37.79325888484343,17.085,54.87825888484343,25.0,3.75,22.31,1.06
2025-06-29 17:00:00,0.01,37.57071764010065,17.085,54.655717640100654,25.0,3.75,25.01,3.76
2025-06-29 18:00:00,77.44,35.98523062910193,17.085,53.07023062910193,25.0,3.75,102.44,81.19
2025-06-29 19:00:00,102.14,38.8156966008862,17.085,55.9006966008862,25.0,3.75,127.14,105.89
2025-06-29 20:00:00,111.98,34.54885537938729,17.085,51.63385537938729,25.0,3.75,136.98000000000002,115.73
2025-06-29 21:00:00,118.07,39.05966556380051,17.085,56.14466556380051,25.0,3.75,143.07,121.82
2025-06-29 22:00:00,113.73,37.11283490848387,17.085,54.19783490848387,25.0,3.75,138.73000000000002,117.48
2025-06-29 23:00:00,101.0,36.13074239753702,17.085,53.21574239753702,25.0,3.75,126.0,104.75
2025-06-30 00:00:00,98.73,36.76410030655674,17.085,53.84910030655674,25.0,3.75,123.73,102.48
2025-06-30 01:00:00,89.03,36.58931804567148,17.085,53.674318045671484,25.0,3.75,114.03,92.78
2025-06-30 02:00:00,85.03,39.244413370128804,17.085,56.329413370128805,25.0,3.75,110.03,88.78
2025-06-30 03:00:00,84.13,34.65048932235134,17.085,51.73548932235134,25.0,3.75,109.13,87.88
2025-06-30 04:00:00,86.51,35.27880909900017,17.085,52.36380909900017,25.0,3.75,111.51,90.26
2025-06-30 05:00:00,97.41,38.87645336143833,17.085,55.96145336143833,25.0,3.75,122.41,101.16
2025-06-30 06:00:00,114.9,35.61277770692565,17.085,52.69777770692565,25.0,3.75,139.9,118.65
2025-06-30 07:00:00,111.7,38.60491373195655,17.085,55.68991373195655,25.0,3.75,136.7,115.45
2025-06-30 08:00:00,108.52,40.202719543310785,17.085,57.287719543310786,25.0,3.75,133.51999999999998,112.27
2025-06-30 09:00:00,91.77,36.0002575234101,17.085,53.0852575234101,25.0,3.75,116.77,95.52
2025-06-30 10:00:00,74.65,38.166572230443975,17.085,55.251572230443976,25.0,3.75,99.65,78.4
2025-06-30 11:00:00,43.73,34.49646301461365,17.085,51.581463014613654,25.0,3.75,68.72999999999999,47.48
2025-06-30 12:00:00,19.05,38.313314173428985,17.085,55.398314173428986,25.0,3.75,44.05,22.8
2025-06-30 13:00:00,9.96,37.2026955492669,17.085,54.2876955492669,25.0,3.75,34.96,13.71
2025-06-30 14:00:00,19.65,37.749924141613796,17.085,54.8349241416138,25.0,3.75,44.65,23.4
2025-06-30 15:00:00,60.0,35.512703433222576,17.085,52.59770343322258,25.0,3.75,85.0,63.75
2025-06-30 16:00:00,80.5,33.48168074615902,17.085,50.56668074615902,25.0,3.75,105.5,84.25
2025-06-30 17:00:00,91.98,37.810351706792375,17.085,54.895351706792376,25.0,3.75,116.98,95.73
2025-06-30 18:00:00,110.01,32.677041272334456,17.085,49.76204127233446,25.0,3.75,135.01,113.76
2025-06-30 19:00:00,178.94,36.169146592808296,17.085,53.2541465928083,25.0,3.75,203.94,182.69
2025-06-30 20:00:00,288.97,38.68621131013331,17.085,55.77121131013331,25.0,3.75,313.97,292.72
2025-06-30 21:00:00,233.35,37.18764304903944,17.085,54.27264304903944,25.0,3.75,258.35,237.1
2025-06-30 22:00:00,157.0,40.70053286687299,17.085,57.78553286687299,25.0,3.75,182.0,160.75
2025-06-30 23:00:00,122.65,38.854065882456915,17.085,55.939065882456916,25.0,3.75,147.65,126.4
2025-07-01 00:00:00,111.28,34.69220322334885,17.085,51.77720322334885,25.0,3.75,136.28,115.03
2025-07-01 01:00:00,95.29,36.05462675970288,17.085,53.13962675970288,25.0,3.75,120.29,99.04
2025-07-01 02:00:00,89.1,35.905258594911125,17.085,52.990258594911126,25.0,3.75,114.1,92.85
2025-07-01 03:00:00,88.08,32.83564647330775,17.085,49.92064647330775,25.0,3.75,113.08,91.83
2025-07-01 04:00:00,90.01,34.1192021670313,17.085,51.2042021670313,25.0,3.75,115.01,93.76
2025-07-01 05:00:00,96.5,34.87847818604028,17.085,51.963478186040284,25.0,3.75,121.5,100.25
2025-07-01 06:00:00,114.97,31.927558994288127,17.085,49.01255899428813,25.0,3.75,139.97,118.72
2025-07-01 07:00:00,120.11,36.09498693650328,17.085,53.17998693650328,25.0,3.75,145.11,123.86
2025-07-01 08:00:00,114.72,35.50185631069392,17.085,52.58685631069392,25.0,3.75,139.72,118.47
2025-07-01 09:00:00,91.19,32.65421219737685,17.085,49.73921219737685,25.0,3.75,116.19,94.94
2025-07-01 10:00:00,84.31,36.80842573055467,17.085,53.89342573055467,25.0,3.75,109.31,88.06
2025-07-01 11:00:00,69.56,37.43174548938192,17.085,54.51674548938192,25.0,3.75,94.56,73.31
2025-07-01 12:00:00,44.54,36.45406895772978,17.085,53.53906895772978,25.0,3.75,69.53999999999999,48.29
2025-07-01 13:00:00,42.47,35.35186364958206,17.085,52.43686364958206,25.0,3.75,67.47,46.22
2025-07-01 14:00:00,57.65,37.18288430350371,17.085,54.26788430350371,25.0,3.75,82.65,61.4
2025-07-01 15:00:00,78.14,37.360440720953385,17.085,54.445440720953385,25.0,3.75,103.14,81.89
2025-07-01 16:00:00,90.8,36.61480713943938,17.085,53.69980713943938,25.0,3.75,115.8,94.55
2025-07-01 17:00:00,102.02,34.35077549913048,17.085,51.43577549913048,25.0,3.75,127.02,105.77
2025-07-01 18:00:00,152.08,36.55320153102236,17.085,53.63820153102236,25.0,3.75,177.08,155.83
2025-07-01 19:00:00,307.27,38.39096130165096,17.085,55.47596130165096,25.0,3.75,332.27,311.02
2025-07-01 20:00:00,476.19,34.80674188277654,17.085,51.89174188277654,25.0,3.75,501.19,479.94
2025-07-01 21:00:00,406.81,40.19587867826486,17.085,57.28087867826486,25.0,3.75,431.81,410.56
2025-07-01 22:00:00,250.01,34.948738132029234,17.085,52.033738132029235,25.0,3.75,275.01,253.76
2025-07-01 23:00:00,147.65,36.064814026680274,17.085,53.149814026680275,25.0,3.75,172.65,151.4
2025-07-02 00:00:00,119.29,34.65502880798733,17.085,51.74002880798733,25.0,3.75,144.29000000000002,123.04
2025-07-02 01:00:00,102.7,36.44654167184052,17.085,53.53154167184052,25.0,3.75,127.7,106.45
2025-07-02 02:00:00,92.54,32.51555661472945,17.085,49.60055661472945,25.0,3.75,117.54,96.29
2025-07-02 03:00:00,92.08,34.90791640236656,17.085,51.99291640236656,25.0,3.75,117.08,95.83
2025-07-02 04:00:00,91.71,33.81575759930286,17.085,50.900757599302864,25.0,3.75,116.71,95.46
2025-07-02 05:00:00,100.55,36.27067669578458,17.085,53.35567669578458,25.0,3.75,125.55,104.3
2025-07-02 06:00:00,116.43,37.98889475101782,17.085,55.07389475101782,25.0,3.75,141.43,120.18
2025-07-02 07:00:00,110.42,37.2920123742291,17.085,54.3770123742291,25.0,3.75,135.42000000000002,114.17
2025-07-02 08:00:00,104.52,31.256681278282215,17.085,48.341681278282216,25.0,3.75,129.51999999999998,108.27
2025-07-02 09:00:00,92.62,40.08413930585576,17.085,57.16913930585576,25.0,3.75,117.62,96.37
2025-07-02 10:00:00,81.06,36.59055988124174,17.085,53.67555988124174,25.0,3.75,106.06,84.81
2025-07-02 11:00:00,69.93,34.447001719014,17.085,51.532001719014,25.0,3.75,94.93,73.68
2025-07-02 12:00:00,36.12,36.31425583798188,17.085,53.39925583798188,25.0,3.75,61.12,39.87
2025-07-02 13:00:00,32.59,36.352379645005385,17.085,53.437379645005386,25.0,3.75,57.59,36.34
2025-07-02 14:00:00,46.61,34.666302566096874,17.085,51.751302566096875,25.0,3.75,71.61,50.36
2025-07-02 15:00:00,71.49,36.39583333468415,17.085,53.48083333468415,25.0,3.75,96.49,75.24
2025-07-02 16:00:00,79.6,34.785055424759385,17.085,51.870055424759386,25.0,3.75,104.6,83.35
2025-07-02 17:00:00,89.27,35.19127601461995,17.085,52.27627601461995,25.0,3.75,114.27,93.02
2025-07-02 18:00:00,113.99,34.62744172848983,17.085,51.71244172848983,25.0,3.75,138.99,117.74
2025-07-02 19:00:00,186.01,33.134657420520696,17.085,50.2196574205207,25.0,3.75,211.01,189.76
2025-07-02 20:00:00,240.07,36.291672940430765,17.085,53.376672940430765,25.0,3.75,265.07,243.82
2025-07-02 21:00:00,180.21,37.170598873032674,17.085,54.255598873032675,25.0,3.75,205.21,183.96
2025-07-02 22:00:00,134.93,37.02976719215275,17.085,54.11476719215275,25.0,3.75,159.93,138.68
2025-07-02 23:00:00,108.5,37.639850505270466,17.085,54.72485050527047,25.0,3.75,133.5,112.25
2025-07-03 00:00:00,83.49,36.648680420029734,17.085,53.733680420029735,25.0,3.75,108.49,87.24
2025-07-03 01:00:00,81.15,34.93454900356619,17.085,52.01954900356619,25.0,3.75,106.15,84.9
2025-07-03 02:00:00,79.0,37.679327728862376,17.085,54.764327728862376,25.0,3.75,104.0,82.75
2025-07-03 03:00:00,78.93,33.28496492031613,17.085,50.36996492031613,25.0,3.75,103.93,82.68
2025-07-03 04:00:00,80.88,34.19865723497504,17.085,51.28365723497504,25.0,3.75,105.88,84.63
2025-07-03 05:00:00,86.45,34.07159985715351,17.085,51.15659985715351,25.0,3.75,111.45,90.2
2025-07-03 06:00:00,104.92,38.16011211827862,17.085,55.24511211827862,25.0,3.75,129.92000000000002,108.67
2025-07-03 07:00:00,108.03,37.88557702828015,17.085,54.970577028280154,25.0,3.75,133.03,111.78
2025-07-03 08:00:00,104.9,36.97461047408999,17.085,54.05961047408999,25.0,3.75,129.9,108.65
2025-07-03 09:00:00,90.45,38.14385973042359,17.085,55.22885973042359,25.0,3.75,115.45,94.2
2025-07-03 10:00:00,75.06,34.241434435176025,17.085,51.326434435176026,25.0,3.75,100.06,78.81
2025-07-03 11:00:00,57.35,36.69719023972196,17.085,53.78219023972196,25.0,3.75,82.35,61.1
2025-07-03 12:00:00,42.16,35.74965114323367,17.085,52.83465114323367,25.0,3.75,67.16,45.91
2025-07-03 13:00:00,33.91,37.69376420776983,17.085,54.77876420776983,25.0,3.75,58.91,37.66
2025-07-03 14:00:00,24.72,35.769551534895605,17.085,52.854551534895606,25.0,3.75,49.72,28.47
2025-07-03 15:00:00,37.86,35.23011422317984,17.085,52.31511422317984,25.0,3.75,62.86,41.61
2025-07-03 16:00:00,58.57,37.08181703712198,17.085,54.16681703712198,25.0,3.75,83.57,62.32
2025-07-03 17:00:00,81.0,37.752338334382465,17.085,54.837338334382466,25.0,3.75,106.0,84.75
2025-07-03 18:00:00,95.19,34.6633096103064,17.085,51.7483096103064,25.0,3.75,120.19,98.94
2025-07-03 19:00:00,107.2,35.877848657295246,17.085,52.96284865729525,25.0,3.75,132.2,110.95
2025-07-03 20:00:00,146.96,33.883118732716696,17.085,50.9681187327167,25.0,3.75,171.96,150.71
2025-07-03 21:00:00,166.67,31.00387796501412,17.085,48.08887796501412,25.0,3.75,191.67,170.42
2025-07-03 22:00:00,133.3,36.40091926282746,17.085,53.48591926282746,25.0,3.75,158.3,137.05
2025-07-03 23:00:00,117.03,37.21781071250926,17.085,54.30281071250926,25.0,3.75,142.03,120.78
2025-07-04 00:00:00,111.01,36.52413361817345,17.085,53.60913361817345,25.0,3.75,136.01,114.76
2025-07-04 01:00:00,105.45,32.100876564491266,17.085,49.18587656449127,25.0,3.75,130.45,109.2
2025-07-04 02:00:00,101.31,35.29830113984705,17.085,52.38330113984705,25.0,3.75,126.31,105.06
2025-07-04 03:00:00,98.44,31.563304479897837,17.085,48.64830447989784,25.0,3.75,123.44,102.19
2025-07-04 04:00:00,103.2,38.73940221530837,17.085,55.82440221530837,25.0,3.75,128.2,106.95
2025-07-04 05:00:00,106.63,33.827890835763824,17.085,50.912890835763825,25.0,3.75,131.63,110.38
2025-07-04 06:00:00,122.38,38.510807218919794,17.085,55.595807218919795,25.0,3.75,147.38,126.13
2025-07-04 07:00:00,116.46,37.89173928736829,17.085,54.97673928736829,25.0,3.75,141.45999999999998,120.21
2025-07-04 08:00:00,100.0,34.19881929492787,17.085,51.28381929492787,25.0,3.75,125.0,103.75
2025-07-04 09:00:00,91.15,33.73443009746451,17.085,50.81943009746451,25.0,3.75,116.15,94.9
2025-07-04 10:00:00,70.01,36.700740432772676,17.085,53.78574043277268,25.0,3.75,95.01,73.76
2025-07-04 11:00:00,6.69,34.31135192563386,17.085,51.39635192563386,25.0,3.75,31.69,10.440000000000001
2025-07-04 12:00:00,-0.05,36.20496928431641,17.085,53.28996928431641,25.0,3.75,24.95,3.7
2025-07-04 13:00:00,-1.56,35.03434481838617,17.085,52.11934481838617,25.0,3.75,23.44,2.19
2025-07-04 14:00:00,-1.37,32.437683171068734,17.085,49.522683171068735,25.0,3.75,23.63,2.38
2025-07-04 15:00:00,-0.61,31.539063961751083,17.085,48.624063961751084,25.0,3.75,24.39,3.14
2025-07-04 16:00:00,2.39,36.45336849698919,17.085,53.53836849698919,25.0,3.75,27.39,6.140000000000001
2025-07-04 17:00:00,62.04,34.87688450733875,17.085,51.96188450733875,25.0,3.75,87.03999999999999,65.78999999999999
2025-07-04 18:00:00,88.68,34.89382036617174,17.085,51.97882036617174,25.0,3.75,113.68,92.43
2025-07-04 19:00:00,110.0,37.39172767818757,17.085,54.47672767818757,25.0,3.75,135.0,113.75
2025-07-04 20:00:00,130.74,38.34688455326489,17.085,55.431884553264894,25.0,3.75,155.74,134.49
2025-07-04 21:00:00,150.1,35.454910557276385,17.085,52.539910557276386,25.0,3.75,175.1,153.85
2025-07-04 22:00:00,129.68,35.318802586180276,17.085,52.40380258618028,25.0,3.75,154.68,133.43
2025-07-04 23:00:00,107.99,37.000286066227766,17.085,54.085286066227766,25.0,3.75,132.99,111.74
2025-07-05 00:00:00,104.2,33.28612886060085,17.085,50.37112886060085,25.0,3.75,129.2,107.95
2025-07-05 01:00:00,94.98,36.446306109495396,17.085,53.5313061094954,25.0,3.75,119.98,98.73
2025-07-05 02:00:00,96.5,37.10377194364431,17.085,54.18877194364431,25.0,3.75,121.5,100.25
2025-07-05 03:00:00,93.4,37.36046041683526,17.085,54.44546041683526,25.0,3.75,118.4,97.15
2025-07-05 04:00:00,94.5,32.12649459499507,17.085,49.211494594995074,25.0,3.75,119.5,98.25
2025-07-05 05:00:00,83.49,34.47728946038212,17.085,51.56228946038212,25.0,3.75,108.49,87.24
2025-07-05 06:00:00,84.47,34.24347349435307,17.085,51.32847349435307,25.0,3.75,109.47,88.22
2025-07-05 07:00:00,43.77,36.19977390881843,17.085,53.28477390881843,25.0,3.75,68.77000000000001,47.52
2025-07-05 08:00:00,17.86,36.961489159535965,17.085,54.046489159535966,25.0,3.75,42.86,21.61
2025-07-05 09:00:00,3.34,38.99342081489196,17.085,56.07842081489196,25.0,3.75,28.34,7.09
2025-07-05 10:00:00,0.0,35.010069039263854,17.085,52.095069039263855,25.0,3.75,25.0,3.75
2025-07-05 11:00:00,-0.08,35.00485500338157,17.085,52.08985500338157,25.0,3.75,24.92,3.67
2025-07-05 12:00:00,-1.01,38.29934403775749,17.085,55.384344037757494,25.0,3.75,23.99,2.74
2025-07-05 13:00:00,-2.05,36.59315387706061,17.085,53.67815387706061,25.0,3.75,22.95,1.7000000000000002
2025-07-05 14:00:00,-2.11,38.53530302237595,17.085,55.62030302237595,25.0,3.75,22.89,1.6400000000000001
2025-07-05 15:00:00,-2.01,36.57745600601967,17.085,53.662456006019674,25.0,3.75,22.990000000000002,1.7400000000000002
2025-07-05 16:00:00,-2.26,33.68576676257346,17.085,50.77076676257346,25.0,3.75,22.740000000000002,1.4900000000000002
2025-07-05 17:00:00,0.0,33.33374329044439,17.085,50.41874329044439,25.0,3.75,25.0,3.75
2025-07-05 18:00:00,41.25,32.89697550188214,17.085,49.98197550188214,25.0,3.75,66.25,45.0
2025-07-05 19:00:00,85.0,37.324103669516944,17.085,54.409103669516945,25.0,3.75,110.0,88.75
2025-07-05 20:00:00,111.01,38.377193646174014,17.085,55.462193646174015,25.0,3.75,136.01,114.76
2025-07-05 21:00:00,122.96,39.69872428277276,17.085,56.78372428277276,25.0,3.75,147.95999999999998,126.71
2025-07-05 22:00:00,117.14,37.68621066464648,17.085,54.77121066464648,25.0,3.75,142.14,120.89
2025-07-05 23:00:00,108.21,38.32567715506997,17.085,55.41067715506997,25.0,3.75,133.20999999999998,111.96
2025-07-06 00:00:00,95.15,34.83996733469263,17.085,51.92496733469263,25.0,3.75,120.15,98.9
2025-07-06 01:00:00,89.5,33.68716836651229,17.085,50.77216836651229,25.0,3.75,114.5,93.25
2025-07-06 02:00:00,85.94,37.70015866483511,17.085,54.78515866483511,25.0,3.75,110.94,89.69
2025-07-06 03:00:00,83.95,36.835361504478804,17.085,53.920361504478805,25.0,3.75,108.95,87.7
2025-07-06 04:00:00,82.6,36.21488874868179,17.085,53.29988874868179,25.0,3.75,107.6,86.35
2025-07-06 05:00:00,82.0,36.77474296126598,17.085,53.85974296126598,25.0,3.75,107.0,85.75
2025-07-06 06:00:00,78.46,36.646370964916414,17.085,53.731370964916415,25.0,3.75,103.46,82.21
2025-07-06 07:00:00,77.57,38.567633719707125,17.085,55.652633719707126,25.0,3.75,102.57,81.32
2025-07-06 08:00:00,70.57,38.58997116963391,17.085,55.67497116963391,25.0,3.75,95.57,74.32
2025-07-06 09:00:00,38.81,37.08844070468069,17.085,54.173440704680694,25.0,3.75,63.81,42.56
2025-07-06 10:00:00,19.21,37.691605745125855,17.085,54.776605745125856,25.0,3.75,44.21,22.96
2025-07-06 11:00:00,13.19,37.02812510484955,17.085,54.11312510484955,25.0,3.75,38.19,16.939999999999998
2025-07-06 12:00:00,10.26,35.07766053593076,17.085,52.16266053593076,25.0,3.75,35.26,14.01
2025-07-06 13:00:00,5.85,37.51312934982628,17.085,54.59812934982628,25.0,3.75,30.85,9.6
2025-07-06 14:00:00,11.2,33.21100986228148,17.085,50.29600986228148,25.0,3.75,36.2,14.95
2025-07-06 15:00:00,50.57,38.10778310459177,17.085,55.19278310459177,25.0,3.75,75.57,54.32
2025-07-06 16:00:00,70.77,33.61095412046793,17.085,50.69595412046793,25.0,3.75,95.77,74.52
2025-07-06 17:00:00,100.29,36.57160657358946,17.085,53.656606573589464,25.0,3.75,125.29,104.04
2025-07-06 18:00:00,107.37,34.30969208314768,17.085,51.39469208314768,25.0,3.75,132.37,111.12
2025-07-06 19:00:00,112.16,37.106777966148854,17.085,54.191777966148855,25.0,3.75,137.16,115.91
2025-07-06 20:00:00,120.32,35.93214954814418,17.085,53.01714954814418,25.0,3.75,145.32,124.07
2025-07-06 21:00:00,125.04,32.810488083673334,17.085,49.895488083673335,25.0,3.75,150.04000000000002,128.79000000000002
2025-07-06 22:00:00,122.21,36.84139926203696,17.085,53.92639926203696,25.0,3.75,147.20999999999998,125.96
2025-07-06 23:00:00,110.78,34.84415844633458,17.085,51.92915844633458,25.0,3.75,135.78,114.53
2025-07-07 00:00:00,118.84,37.76229344162674,17.085,54.84729344162674,25.0,3.75,143.84,122.59
2025-07-07 01:00:00,107.42,36.002651377468815,17.085,53.087651377468816,25.0,3.75,132.42000000000002,111.17
2025-07-07 02:00:00,101.92,36.79084197077608,17.085,53.87584197077608,25.0,3.75,126.92,105.67
2025-07-07 03:00:00,99.12,34.084862089969576,17.085,51.16986208996958,25.0,3.75,124.12,102.87
2025-07-07 04:00:00,101.0,34.82133553714527,17.085,51.906335537145274,25.0,3.75,126.0,104.75
2025-07-07 05:00:00,108.22,35.08272272779783,17.085,52.16772272779783,25.0,3.75,133.22,111.97
2025-07-07 06:00:00,134.2,37.713404960485114,17.085,54.798404960485115,25.0,3.75,159.2,137.95
2025-07-07 07:00:00,143.67,39.35475417561098,17.085,56.43975417561098,25.0,3.75,168.67,147.42
2025-07-07 08:00:00,152.29,34.38965649651425,17.085,51.47465649651425,25.0,3.75,177.29,156.04
2025-07-07 09:00:00,131.99,38.15369628931536,17.085,55.238696289315364,25.0,3.75,156.99,135.74
2025-07-07 10:00:00,108.64,31.660645164548598,17.085,48.7456451645486,25.0,3.75,133.64,112.39
2025-07-07 11:00:00,108.98,33.611621197815424,17.085,50.696621197815425,25.0,3.75,133.98000000000002,112.73
2025-07-07 12:00:00,90.24,34.08244308762645,17.085,51.16744308762645,25.0,3.75,115.24,93.99
2025-07-07 13:00:00,71.0,33.29498262111856,17.085,50.37998262111856,25.0,3.75,96.0,74.75
2025-07-07 14:00:00,53.02,32.83282322042484,17.085,49.91782322042484,25.0,3.75,78.02000000000001,56.77
2025-07-07 15:00:00,50.67,36.825997824275596,17.085,53.9109978242756,25.0,3.75,75.67,54.42
2025-07-07 16:00:00,52.51,35.571864604544274,17.085,52.656864604544275,25.0,3.75,77.50999999999999,56.26
2025-07-07 17:00:00,72.3,36.758810795210216,17.085,53.84381079521022,25.0,3.75,97.3,76.05
2025-07-07 18:00:00,87.95,37.380945372243026,17.085,54.46594537224303,25.0,3.75,112.95,91.7
2025-07-07 19:00:00,92.27,36.531233986345065,17.085,53.616233986345065,25.0,3.75,117.27,96.02
2025-07-07 20:00:00,97.28,37.31552635230075,17.085,54.40052635230075,25.0,3.75,122.28,101.03
2025-07-07 21:00:00,109.92,35.860935427515464,17.085,52.945935427515465,25.0,3.75,134.92000000000002,113.67
2025-07-07 22:00:00,110.09,33.62601322338851,17.085,50.71101322338851,25.0,3.75,135.09,113.84
2025-07-07 23:00:00,95.82,38.11562836164159,17.085,55.20062836164159,25.0,3.75,120.82,99.57
2025-07-08 00:00:00,103.83,34.82177573443774,17.085,51.906775734437744,25.0,3.75,128.82999999999998,107.58
2025-07-08 01:00:00,92.9,34.12880740247515,17.085,51.21380740247515,25.0,3.75,117.9,96.65
2025-07-08 02:00:00,86.13,35.644164248391206,17.085,52.72916424839121,25.0,3.75,111.13,89.88
2025-07-08 03:00:00,84.78,34.17437816140698,17.085,51.25937816140698,25.0,3.75,109.78,88.53
2025-07-08 04:00:00,85.37,35.16513923602113,17.085,52.250139236021134,25.0,3.75,110.37,89.12
2025-07-08 05:00:00,91.14,36.688107843126936,17.085,53.77310784312694,25.0,3.75,116.14,94.89
2025-07-08 06:00:00,107.99,36.696683478492254,17.085,53.781683478492255,25.0,3.75,132.99,111.74
2025-07-08 07:00:00,118.65,34.20433986714874,17.085,51.28933986714874,25.0,3.75,143.65,122.4
2025-07-08 08:00:00,117.76,35.02458925410251,17.085,52.10958925410251,25.0,3.75,142.76,121.51
2025-07-08 09:00:00,94.06,38.148666009540484,17.085,55.233666009540485,25.0,3.75,119.06,97.81
2025-07-08 10:00:00,81.78,36.99280023546788,17.085,54.07780023546788,25.0,3.75,106.78,85.53
2025-07-08 11:00:00,78.44,40.15013007869708,17.085,57.23513007869708,25.0,3.75,103.44,82.19
2025-07-08 12:00:00,60.15,38.36025634748306,17.085,55.44525634748306,25.0,3.75,85.15,63.9
2025-07-08 13:00:00,54.72,38.28858613711988,17.085,55.37358613711988,25.0,3.75,79.72,58.47
2025-07-08 14:00:00,53.04,33.224262899088394,17.085,50.309262899088395,25.0,3.75,78.03999999999999,56.79
2025-07-08 15:00:00,54.65,37.527720703266844,17.085,54.612720703266845,25.0,3.75,79.65,58.4
2025-07-08 16:00:00,65.2,35.89378639660618,17.085,52.97878639660618,25.0,3.75,90.2,68.95
2025-07-08 17:00:00,79.98,34.8980363929235,17.085,51.9830363929235,25.0,3.75,104.98,83.73
2025-07-08 18:00:00,83.92,36.336030681065054,17.085,53.421030681065055,25.0,3.75,108.92,87.67
2025-07-08 19:00:00,102.1,37.89042306922297,17.085,54.97542306922297,25.0,3.75,127.1,105.85
2025-07-08 20:00:00,122.77,37.00166318200842,17.085,54.08666318200842,25.0,3.75,147.76999999999998,126.52
2025-07-08 21:00:00,123.34,34.24305239731588,17.085,51.32805239731588,25.0,3.75,148.34,127.09
2025-07-08 22:00:00,116.65,37.48491782718524,17.085,54.56991782718524,25.0,3.75,141.65,120.4
2025-07-08 23:00:00,100.95,34.724824915848075,17.085,51.809824915848075,25.0,3.75,125.95,104.7
2025-07-09 00:00:00,97.15,36.433366237928574,17.085,53.518366237928575,25.0,3.75,122.15,100.9
2025-07-09 01:00:00,86.85,35.393299865045734,17.085,52.478299865045734,25.0,3.75,111.85,90.6
2025-07-09 02:00:00,83.86,35.56226749652875,17.085,52.64726749652875,25.0,3.75,108.86,87.61
2025-07-09 03:00:00,84.65,37.53248595008102,17.085,54.61748595008102,25.0,3.75,109.65,88.4
2025-07-09 04:00:00,85.1,33.91961256036821,17.085,51.00461256036821,25.0,3.75,110.1,88.85
2025-07-09 05:00:00,96.15,39.89039014855386,17.085,56.97539014855386,25.0,3.75,121.15,99.9
2025-07-09 06:00:00,113.66,32.35782786141101,17.085,49.44282786141101,25.0,3.75,138.66,117.41
2025-07-09 07:00:00,116.46,34.80466463349028,17.085,51.889664633490284,25.0,3.75,141.45999999999998,120.21
2025-07-09 08:00:00,113.59,36.74042377988348,17.085,53.82542377988348,25.0,3.75,138.59,117.34
2025-07-09 09:00:00,95.66,37.16862833287062,17.085,54.25362833287062,25.0,3.75,120.66,99.41
2025-07-09 10:00:00,84.68,35.79904855885659,17.085,52.88404855885659,25.0,3.75,109.68,88.43
2025-07-09 11:00:00,77.77,35.88521859399692,17.085,52.97021859399692,25.0,3.75,102.77,81.52
2025-07-09 12:00:00,65.67,36.821100170655235,17.085,53.906100170655236,25.0,3.75,90.67,69.42
2025-07-09 13:00:00,46.69,35.53786104508464,17.085,52.62286104508464,25.0,3.75,71.69,50.44
2025-07-09 14:00:00,37.78,38.78636251586981,17.085,55.87136251586981,25.0,3.75,62.78,41.53
2025-07-09 15:00:00,48.32,37.678698228463205,17.085,54.763698228463205,25.0,3.75,73.32,52.07
2025-07-09 16:00:00,71.13,37.745648702011266,17.085,54.83064870201127,25.0,3.75,96.13,74.88
2025-07-09 17:00:00,84.73,34.067686553259165,17.085,51.152686553259166,25.0,3.75,109.73,88.48
2025-07-09 18:00:00,99.01,35.84122315118859,17.085,52.926223151188594,25.0,3.75,124.01,102.76
2025-07-09 19:00:00,115.98,35.399068102558594,17.085,52.484068102558595,25.0,3.75,140.98000000000002,119.73
2025-07-09 20:00:00,135.34,33.98879724862107,17.085,51.07379724862107,25.0,3.75,160.34,139.09
2025-07-09 21:00:00,138.24,36.72032836789153,17.085,53.80532836789153,25.0,3.75,163.24,141.99
2025-07-09 22:00:00,119.79,34.924708484440366,17.085,52.00970848444037,25.0,3.75,144.79000000000002,123.54
2025-07-09 23:00:00,104.9,37.31080765970047,17.085,54.39580765970047,25.0,3.75,129.9,108.65
2025-07-10 00:00:00,100.91,33.85961687421133,17.085,50.944616874211334,25.0,3.75,125.91,104.66
2025-07-10 01:00:00,95.73,39.43808122568364,17.085,56.52308122568364,25.0,3.75,120.73,99.48
2025-07-10 02:00:00,89.1,34.207334682815876,17.085,51.29233468281588,25.0,3.75,114.1,92.85
2025-07-10 03:00:00,86.45,36.43860467440087,17.085,53.52360467440087,25.0,3.75,111.45,90.2
2025-07-10 04:00:00,87.97,37.58371862077613,17.085,54.66871862077613,25.0,3.75,112.97,91.72
2025-07-10 05:00:00,98.62,34.85871913959978,17.085,51.94371913959978,25.0,3.75,123.62,102.37
2025-07-10 06:00:00,107.61,37.7049372868659,17.085,54.7899372868659,25.0,3.75,132.61,111.36
2025-07-10 07:00:00,107.23,33.54163280439917,17.085,50.62663280439917,25.0,3.75,132.23000000000002,110.98
2025-07-10 08:00:00,105.35,38.904235398365124,17.085,55.989235398365125,25.0,3.75,130.35,109.1
2025-07-10 09:00:00,88.9,36.02829852993152,17.085,53.11329852993152,25.0,3.75,113.9,92.65
2025-07-10 10:00:00,82.0,34.80717718406224,17.085,51.89217718406224,25.0,3.75,107.0,85.75
2025-07-10 11:00:00,65.33,35.40163645514513,17.085,52.48663645514513,25.0,3.75,90.33,69.08
2025-07-10 12:00:00,45.22,37.61783853878544,17.085,54.70283853878544,25.0,3.75,70.22,48.97
2025-07-10 13:00:00,39.51,34.83108941629912,17.085,51.91608941629912,25.0,3.75,64.50999999999999,43.26
2025-07-10 14:00:00,39.55,34.50128462115445,17.085,51.58628462115445,25.0,3.75,64.55,43.3
2025-07-10 15:00:00,56.71,35.55692680483252,17.085,52.64192680483252,25.0,3.75,81.71000000000001,60.46
2025-07-10 16:00:00,76.8,33.646075774460066,17.085,50.731075774460066,25.0,3.75,101.8,80.55
2025-07-10 17:00:00,86.4,39.64108781588363,17.085,56.72608781588363,25.0,3.75,111.4,90.15
2025-07-10 18:00:00,100.2,34.86721081757055,17.085,51.95221081757055,25.0,3.75,125.2,103.95
2025-07-10 19:00:00,114.39,37.66323357236081,17.085,54.74823357236081,25.0,3.75,139.39,118.14
2025-07-10 20:00:00,134.67,36.418940167295546,17.085,53.503940167295546,25.0,3.75,159.67,138.42
2025-07-10 21:00:00,132.7,34.03093189903606,17.085,51.11593189903606,25.0,3.75,157.7,136.45
2025-07-10 22:00:00,120.88,35.98809058157454,17.085,53.07309058157454,25.0,3.75,145.88,124.63
2025-07-10 23:00:00,107.69,37.56800555862149,17.085,54.653005558621494,25.0,3.75,132.69,111.44
2025-07-11 00:00:00,104.75,35.62347732982739,17.085,52.70847732982739,25.0,3.75,129.75,108.5
2025-07-11 01:00:00,99.57,38.386225891702054,17.085,55.471225891702055,25.0,3.75,124.57,103.32
2025-07-11 02:00:00,95.0,38.04303078556373,17.085,55.12803078556373,25.0,3.75,120.0,98.75
2025-07-11 03:00:00,90.69,37.83782970931666,17.085,54.92282970931666,25.0,3.75,115.69,94.44
2025-07-11 04:00:00,91.53,35.08068645545401,17.085,52.16568645545401,25.0,3.75,116.53,95.28
2025-07-11 05:00:00,99.4,33.840315104437025,17.085,50.925315104437026,25.0,3.75,124.4,103.15
2025-07-11 06:00:00,107.41,34.77282478927441,17.085,51.85782478927441,25.0,3.75,132.41,111.16
2025-07-11 07:00:00,105.92,36.39248188133344,17.085,53.47748188133344,25.0,3.75,130.92000000000002,109.67
2025-07-11 08:00:00,105.18,37.09157342706471,17.085,54.17657342706471,25.0,3.75,130.18,108.93
2025-07-11 09:00:00,93.3,31.656857190479105,17.085,48.74185719047911,25.0,3.75,118.3,97.05
2025-07-11 10:00:00,82.9,35.9837735967765,17.085,53.0687735967765,25.0,3.75,107.9,86.65
2025-07-11 11:00:00,73.15,36.31617845064637,17.085,53.40117845064637,25.0,3.75,98.15,76.9
2025-07-11 12:00:00,63.82,35.4449114873689,17.085,52.5299114873689,25.0,3.75,88.82,67.57
2025-07-11 13:00:00,42.16,38.58254767803176,17.085,55.66754767803176,25.0,3.75,67.16,45.91
2025-07-11 14:00:00,32.04,36.843560148501744,17.085,53.928560148501745,25.0,3.75,57.04,35.79
2025-07-11 15:00:00,38.1,38.62038381616179,17.085,55.70538381616179,25.0,3.75,63.1,41.85
2025-07-11 16:00:00,59.55,35.568078959299534,17.085,52.653078959299535,25.0,3.75,84.55,63.3
2025-07-11 17:00:00,83.15,37.87495498501385,17.085,54.95995498501385,25.0,3.75,108.15,86.9
2025-07-11 18:00:00,86.44,39.27013278905504,17.085,56.35513278905504,25.0,3.75,111.44,90.19
2025-07-11 19:00:00,101.93,38.62338689854532,17.085,55.70838689854532,25.0,3.75,126.93,105.68
2025-07-11 20:00:00,117.5,33.81571681314254,17.085,50.90071681314254,25.0,3.75,142.5,121.25
2025-07-11 21:00:00,118.08,35.49264784491524,17.085,52.57764784491524,25.0,3.75,143.07999999999998,121.83
2025-07-11 22:00:00,113.8,35.309670589100406,17.085,52.39467058910041,25.0,3.75,138.8,117.55
2025-07-11 23:00:00,103.82,36.978509070152654,17.085,54.063509070152655,25.0,3.75,128.82,107.57
2025-07-12 00:00:00,112.23,37.37270711002907,17.085,54.45770711002907,25.0,3.75,137.23000000000002,115.98
2025-07-12 01:00:00,104.57,34.32221465194853,17.085,51.40721465194853,25.0,3.75,129.57,108.32
2025-07-12 02:00:00,103.68,36.13567702783388,17.085,53.22067702783388,25.0,3.75,128.68,107.43
2025-07-12 03:00:00,97.4,31.960145335687727,17.085,49.04514533568773,25.0,3.75,122.4,101.15
2025-07-12 04:00:00,93.33,38.88389001160378,17.085,55.96889001160378,25.0,3.75,118.33,97.08
2025-07-12 05:00:00,89.94,34.975251518646616,17.085,52.060251518646616,25.0,3.75,114.94,93.69
2025-07-12 06:00:00,85.27,36.11172787968899,17.085,53.19672787968899,25.0,3.75,110.27,89.02
2025-07-12 07:00:00,87.98,35.380700572023876,17.085,52.46570057202388,25.0,3.75,112.98,91.73
2025-07-12 08:00:00,83.8,38.29205515002683,17.085,55.377055150026834,25.0,3.75,108.8,87.55
2025-07-12 09:00:00,59.86,30.324987117205243,17.085,47.40998711720525,25.0,3.75,84.86,63.61
2025-07-12 10:00:00,18.19,35.966779315348184,17.085,53.051779315348185,25.0,3.75,43.19,21.94
2025-07-12 11:00:00,3.0,35.788362485004605,17.085,52.873362485004606,25.0,3.75,28.0,6.75
2025-07-12 12:00:00,0.22,35.092727224816635,17.085,52.177727224816635,25.0,3.75,25.22,3.97
2025-07-12 13:00:00,0.0,39.452453091271266,17.085,56.53745309127127,25.0,3.75,25.0,3.75
2025-07-12 14:00:00,0.0,34.22534108228846,17.085,51.31034108228846,25.0,3.75,25.0,3.75
2025-07-12 15:00:00,0.22,37.54359235447132,17.085,54.62859235447132,25.0,3.75,25.22,3.97
2025-07-12 16:00:00,19.73,36.712505577412166,17.085,53.79750557741217,25.0,3.75,44.730000000000004,23.48
2025-07-12 17:00:00,73.89,38.52303850507103,17.085,55.60803850507103,25.0,3.75,98.89,77.64
2025-07-12 18:00:00,106.2,34.66562183044499,17.085,51.75062183044499,25.0,3.75,131.2,109.95
2025-07-12 19:00:00,109.2,34.534062201752484,17.085,51.619062201752484,25.0,3.75,134.2,112.95
2025-07-12 20:00:00,120.0,38.1921398149548,17.085,55.2771398149548,25.0,3.75,145.0,123.75
2025-07-12 21:00:00,125.02,36.850642616660224,17.085,53.935642616660225,25.0,3.75,150.01999999999998,128.76999999999998
2025-07-12 22:00:00,125.0,32.910125306646485,17.085,49.995125306646486,25.0,3.75,150.0,128.75
2025-07-12 23:00:00,115.42,34.92138997107346,17.085,52.00638997107346,25.0,3.75,140.42000000000002,119.17
2025-07-13 00:00:00,115.35,36.77276530769612,17.085,53.85776530769612,25.0,3.75,140.35,119.1
2025-07-13 01:00:00,109.14,37.67552844309318,17.085,54.76052844309318,25.0,3.75,134.14,112.89
2025-07-13 02:00:00,108.42,34.64153869361409,17.085,51.72653869361409,25.0,3.75,133.42000000000002,112.17
2025-07-13 03:00:00,107.35,30.17148802036612,17.085,47.25648802036612,25.0,3.75,132.35,111.1
2025-07-13 04:00:00,104.64,37.04644637147407,17.085,54.13144637147407,25.0,3.75,129.64,108.39
2025-07-13 05:00:00,100.85,33.55935862011205,17.085,50.64435862011205,25.0,3.75,125.85,104.6
2025-07-13 06:00:00,95.8,31.965322403755177,17.085,49.050322403755175,25.0,3.75,120.8,99.55
2025-07-13 07:00:00,92.18,30.33534815003172,17.085,47.42034815003172,25.0,3.75,117.18,95.93
2025-07-13 08:00:00,87.94,37.62796172039548,17.085,54.712961720395484,25.0,3.75,112.94,91.69
2025-07-13 09:00:00,57.62,36.257234900809934,17.085,53.342234900809935,25.0,3.75,82.62,61.37
2025-07-13 10:00:00,4.28,35.548687238575496,17.085,52.6336872385755,25.0,3.75,29.28,8.030000000000001
2025-07-13 11:00:00,0.05,38.77804872592552,17.085,55.86304872592552,25.0,3.75,25.05,3.8
2025-07-13 12:00:00,0.0,37.27464936604615,17.085,54.35964936604615,25.0,3.75,25.0,3.75
2025-07-13 13:00:00,0.0,39.232600085443835,17.085,56.317600085443836,25.0,3.75,25.0,3.75
2025-07-13 14:00:00,0.0,33.214529055666006,17.085,50.29952905566601,25.0,3.75,25.0,3.75
2025-07-13 15:00:00,0.0,35.93089875209207,17.085,53.01589875209207,25.0,3.75,25.0,3.75
2025-07-13 16:00:00,2.36,32.766573250103974,17.085,49.851573250103975,25.0,3.75,27.36,6.109999999999999
2025-07-13 17:00:00,73.4,35.54123533628906,17.085,52.626235336289064,25.0,3.75,98.4,77.15
2025-07-13 18:00:00,100.61,35.50276829246665,17.085,52.58776829246665,25.0,3.75,125.61,104.36
2025-07-13 19:00:00,113.74,37.25322727452614,17.085,54.33822727452614,25.0,3.75,138.74,117.49
2025-07-13 20:00:00,120.0,36.0911277622838,17.085,53.1761277622838,25.0,3.75,145.0,123.75
2025-07-13 21:00:00,127.7,37.24681427655983,17.085,54.33181427655983,25.0,3.75,152.7,131.45
2025-07-13 22:00:00,126.94,37.40688026627779,17.085,54.49188026627779,25.0,3.75,151.94,130.69
2025-07-13 23:00:00,115.41,40.30985735476629,17.085,57.39485735476629,25.0,3.75,140.41,119.16
2025-07-14 00:00:00,114.02,35.36940668942775,17.085,52.45440668942775,25.0,3.75,139.01999999999998,117.77
2025-07-14 01:00:00,104.01,34.11795459866724,17.085,51.20295459866724,25.0,3.75,129.01,107.76
2025-07-14 02:00:00,98.17,36.492167230632816,17.085,53.57716723063282,25.0,3.75,123.17,101.92
2025-07-14 03:00:00,94.94,34.395439945720916,17.085,51.48043994572092,25.0,3.75,119.94,98.69
2025-07-14 04:00:00,99.32,38.96392153687307,17.085,56.048921536873074,25.0,3.75,124.32,103.07
2025-07-14 05:00:00,108.93,35.433563922109535,17.085,52.518563922109536,25.0,3.75,133.93,112.68
2025-07-14 06:00:00,117.87,34.86884726425202,17.085,51.95384726425202,25.0,3.75,142.87,121.62
2025-07-14 07:00:00,121.62,35.057368557697764,17.085,52.142368557697765,25.0,3.75,146.62,125.37
2025-07-14 08:00:00,112.06,37.436834846943285,17.085,54.521834846943285,25.0,3.75,137.06,115.81
2025-07-14 09:00:00,92.43,35.684506033537026,17.085,52.76950603353703,25.0,3.75,117.43,96.18
2025-07-14 10:00:00,84.58,34.716666359739236,17.085,51.80166635973924,25.0,3.75,109.58,88.33
2025-07-14 11:00:00,79.67,39.330703835247064,17.085,56.415703835247065,25.0,3.75,104.67,83.42
2025-07-14 12:00:00,70.98,34.2876603186765,17.085,51.3726603186765,25.0,3.75,95.98,74.73
2025-07-14 13:00:00,64.17,36.071132148065985,17.085,53.156132148065986,25.0,3.75,89.17,67.92
2025-07-14 14:00:00,57.15,37.30461230322046,17.085,54.38961230322046,25.0,3.75,82.15,60.9
2025-07-14 15:00:00,55.82,32.737329779165854,17.085,49.822329779165855,25.0,3.75,80.82,59.57
2025-07-14 16:00:00,71.1,36.96052100281185,17.085,54.04552100281185,25.0,3.75,96.1,74.85
2025-07-14 17:00:00,84.58,33.8897846490391,17.085,50.9747846490391,25.0,3.75,109.58,88.33
2025-07-14 18:00:00,98.94,37.64556556166801,17.085,54.73056556166801,25.0,3.75,123.94,102.69
2025-07-14 19:00:00,110.11,34.07469797616205,17.085,51.15969797616205,25.0,3.75,135.11,113.86
2025-07-14 20:00:00,139.99,37.38553806369772,17.085,54.470538063697724,25.0,3.75,164.99,143.74
2025-07-14 21:00:00,141.57,38.21166613258943,17.085,55.29666613258943,25.0,3.75,166.57,145.32
2025-07-14 22:00:00,126.14,37.72287305126561,17.085,54.80787305126561,25.0,3.75,151.14,129.89
2025-07-14 23:00:00,115.15,36.502633296476205,17.085,53.587633296476206,25.0,3.75,140.15,118.9
2025-07-15 00:00:00,106.1,35.5373981141406,17.085,52.6223981141406,25.0,3.75,131.1,109.85
2025-07-15 01:00:00,103.06,34.847160847330315,17.085,51.932160847330316,25.0,3.75,128.06,106.81
2025-07-15 02:00:00,93.86,38.942069381634205,17.085,56.027069381634206,25.0,3.75,118.86,97.61
2025-07-15 03:00:00,88.28,34.60100955966471,17.085,51.68600955966471,25.0,3.75,113.28,92.03
2025-07-15 04:00:00,87.12,33.92586785286001,17.085,51.01086785286001,25.0,3.75,112.12,90.87
2025-07-15 05:00:00,93.0,37.33073787006566,17.085,54.41573787006566,25.0,3.75,118.0,96.75
2025-07-15 06:00:00,110.33,34.40772639362701,17.085,51.49272639362701,25.0,3.75,135.32999999999998,114.08
2025-07-15 07:00:00,113.41,34.09987300506774,17.085,51.18487300506774,25.0,3.75,138.41,117.16
2025-07-15 08:00:00,106.86,33.11279147566047,17.085,50.19779147566047,25.0,3.75,131.86,110.61
2025-07-15 09:00:00,90.82,35.03418032107896,17.085,52.119180321078964,25.0,3.75,115.82,94.57
2025-07-15 10:00:00,77.67,35.83456995220701,17.085,52.91956995220701,25.0,3.75,102.67,81.42
2025-07-15 11:00:00,65.0,36.486183455321395,17.085,53.571183455321396,25.0,3.75,90.0,68.75
2025-07-15 12:00:00,59.19,37.90261248859897,17.085,54.98761248859897,25.0,3.75,84.19,62.94
2025-07-15 13:00:00,47.26,37.053795847331585,17.085,54.138795847331586,25.0,3.75,72.25999999999999,51.01
2025-07-15 14:00:00,40.2,35.618255560893644,17.085,52.703255560893645,25.0,3.75,65.2,43.95
2025-07-15 15:00:00,42.57,35.60360864724056,17.085,52.688608647240564,25.0,3.75,67.57,46.32
2025-07-15 16:00:00,65.0,37.02031493783036,17.085,54.105314937830364,25.0,3.75,90.0,68.75
2025-07-15 17:00:00,84.87,38.54514032585714,17.085,55.63014032585714,25.0,3.75,109.87,88.62
2025-07-15 18:00:00,101.54,36.2526283989664,17.085,53.3376283989664,25.0,3.75,126.54,105.29
2025-07-15 19:00:00,108.15,35.06173829157918,17.085,52.14673829157918,25.0,3.75,133.15,111.9
2025-07-15 20:00:00,119.78,34.01426799782891,17.085,51.09926799782891,25.0,3.75,144.78,123.53
2025-07-15 21:00:00,141.99,33.109589471175546,17.085,50.19458947117555,25.0,3.75,166.99,145.74
2025-07-15 22:00:00,121.28,37.332539344087046,17.085,54.41753934408705,25.0,3.75,146.28,125.03
2025-07-15 23:00:00,112.45,37.15595704727912,17.085,54.24095704727912,25.0,3.75,137.45,116.2
2025-07-16 00:00:00,97.63,37.154727050213324,17.085,54.239727050213325,25.0,3.75,122.63,101.38
2025-07-16 01:00:00,93.99,35.74268110729589,17.085,52.82768110729589,25.0,3.75,118.99,97.74
2025-07-16 02:00:00,86.67,38.8138694917835,17.085,55.8988694917835,25.0,3.75,111.67,90.42
2025-07-16 03:00:00,83.43,35.03176301083037,17.085,52.11676301083037,25.0,3.75,108.43,87.18
2025-07-16 04:00:00,84.26,37.91053847441441,17.085,54.99553847441441,25.0,3.75,109.26,88.01
2025-07-16 05:00:00,90.41,35.922514210020914,17.085,53.007514210020915,25.0,3.75,115.41,94.16
2025-07-16 06:00:00,105.74,34.78329847064133,17.085,51.86829847064133,25.0,3.75,130.74,109.49
2025-07-16 07:00:00,112.63,37.185060614635525,17.085,54.270060614635526,25.0,3.75,137.63,116.38
2025-07-16 08:00:00,111.92,36.81927223736799,17.085,53.90427223736799,25.0,3.75,136.92000000000002,115.67
2025-07-16 09:00:00,104.21,36.713945518533855,17.085,53.798945518533856,25.0,3.75,129.20999999999998,107.96
2025-07-16 10:00:00,89.8,36.162556844112395,17.085,53.247556844112395,25.0,3.75,114.8,93.55
2025-07-16 11:00:00,85.65,35.92421383656634,17.085,53.00921383656634,25.0,3.75,110.65,89.4
2025-07-16 12:00:00,81.96,40.77674398574088,17.085,57.86174398574088,25.0,3.75,106.96,85.71
2025-07-16 13:00:00,78.62,38.36851329039234,17.085,55.453513290392344,25.0,3.75,103.62,82.37
2025-07-16 14:00:00,68.06,37.445653789971026,17.085,54.530653789971026,25.0,3.75,93.06,71.81
2025-07-16 15:00:00,69.2,36.22359831640678,17.085,53.30859831640678,25.0,3.75,94.2,72.95
2025-07-16 16:00:00,80.86,38.01431440119334,17.085,55.09931440119334,25.0,3.75,105.86,84.61
2025-07-16 17:00:00,89.09,37.0359895527829,17.085,54.1209895527829,25.0,3.75,114.09,92.84
2025-07-16 18:00:00,95.49,36.05240950554807,17.085,53.13740950554807,25.0,3.75,120.49,99.24
2025-07-16 19:00:00,108.37,35.39287134946817,17.085,52.477871349468174,25.0,3.75,133.37,112.12
2025-07-16 20:00:00,119.72,35.83816532467463,17.085,52.92316532467463,25.0,3.75,144.72,123.47
2025-07-16 21:00:00,129.04,29.65914852824389,17.085,46.74414852824389,25.0,3.75,154.04,132.79
2025-07-16 22:00:00,120.71,36.42120167859528,17.085,53.50620167859528,25.0,3.75,145.70999999999998,124.46
2025-07-16 23:00:00,110.55,35.02304783977928,17.085,52.10804783977928,25.0,3.75,135.55,114.3
2025-07-17 00:00:00,103.76,39.185339996565766,17.085,56.27033999656577,25.0,3.75,128.76,107.51
2025-07-17 01:00:00,98.33,36.03868814162351,17.085,53.12368814162351,25.0,3.75,123.33,102.08
2025-07-17 02:00:00,89.96,33.62207316093008,17.085,50.70707316093008,25.0,3.75,114.96,93.71
2025-07-17 03:00:00,84.81,35.900239691743764,17.085,52.985239691743764,25.0,3.75,109.81,88.56
2025-07-17 04:00:00,85.76,33.90775782987499,17.085,50.99275782987499,25.0,3.75,110.76,89.51
2025-07-17 05:00:00,89.0,36.94681483142493,17.085,54.03181483142493,25.0,3.75,114.0,92.75
2025-07-17 06:00:00,104.05,36.58189472867897,17.085,53.66689472867897,25.0,3.75,129.05,107.8
2025-07-17 07:00:00,110.33,37.915679262216536,17.085,55.000679262216536,25.0,3.75,135.32999999999998,114.08
2025-07-17 08:00:00,105.92,34.41823641661087,17.085,51.50323641661087,25.0,3.75,130.92000000000002,109.67
2025-07-17 09:00:00,93.1,36.06801619245629,17.085,53.15301619245629,25.0,3.75,118.1,96.85
2025-07-17 10:00:00,85.0,33.26995640914673,17.085,50.35495640914673,25.0,3.75,110.0,88.75
2025-07-17 11:00:00,77.07,37.40298956384943,17.085,54.48798956384943,25.0,3.75,102.07,80.82
2025-07-17 12:00:00,70.17,37.037742360880245,17.085,54.122742360880245,25.0,3.75,95.17,73.92
2025-07-17 13:00:00,55.26,36.99161004205514,17.085,54.076610042055144,25.0,3.75,80.25999999999999,59.01
2025-07-17 14:00:00,49.78,36.00323806271388,17.085,53.088238062713884,25.0,3.75,74.78,53.53
2025-07-17 15:00:00,66.18,36.82954578157758,17.085,53.91454578157758,25.0,3.75,91.18,69.93
2025-07-17 16:00:00,74.79,39.208678216617194,17.085,56.293678216617195,25.0,3.75,99.79,78.54
2025-07-17 17:00:00,82.71,35.42981148591597,17.085,52.51481148591597,25.0,3.75,107.71,86.46
2025-07-17 18:00:00,94.98,36.27729036742017,17.085,53.36229036742017,25.0,3.75,119.98,98.73
2025-07-17 19:00:00,109.73,33.82774740163718,17.085,50.91274740163718,25.0,3.75,134.73000000000002,113.48
2025-07-17 20:00:00,120.75,34.26347807680334,17.085,51.34847807680334,25.0,3.75,145.75,124.5
2025-07-17 21:00:00,132.0,36.19562658618661,17.085,53.280626586186614,25.0,3.75,157.0,135.75
2025-07-17 22:00:00,125.07,38.20786709340381,17.085,55.292867093403814,25.0,3.75,150.07,128.82
2025-07-17 23:00:00,114.18,35.487438351496856,17.085,52.57243835149686,25.0,3.75,139.18,117.93
2025-07-18 00:00:00,106.8,35.52816694137575,17.085,52.61316694137575,25.0,3.75,131.8,110.55
2025-07-18 01:00:00,99.15,35.186229510991254,17.085,52.271229510991255,25.0,3.75,124.15,102.9
2025-07-18 02:00:00,95.36,34.93048665831135,17.085,52.01548665831135,25.0,3.75,120.36,99.11
2025-07-18 03:00:00,96.37,36.589942911417644,17.085,53.674942911417645,25.0,3.75,121.37,100.12
2025-07-18 04:00:00,98.66,33.00548470964271,17.085,50.09048470964271,25.0,3.75,123.66,102.41
2025-07-18 05:00:00,108.23,38.56187915333346,17.085,55.64687915333346,25.0,3.75,133.23000000000002,111.98
2025-07-18 06:00:00,115.92,34.66915540374108,17.085,51.75415540374108,25.0,3.75,140.92000000000002,119.67
2025-07-18 07:00:00,116.17,37.44380697087628,17.085,54.52880697087628,25.0,3.75,141.17000000000002,119.92
2025-07-18 08:00:00,109.39,33.46000280521225,17.085,50.54500280521225,25.0,3.75,134.39,113.14
2025-07-18 09:00:00,98.13,37.33768026109244,17.085,54.42268026109244,25.0,3.75,123.13,101.88
2025-07-18 10:00:00,84.98,37.343889215629,17.085,54.428889215629,25.0,3.75,109.98,88.73
2025-07-18 11:00:00,82.02,36.7684041440118,17.085,53.8534041440118,25.0,3.75,107.02,85.77
2025-07-18 12:00:00,80.0,34.01114295640041,17.085,51.09614295640041,25.0,3.75,105.0,83.75
2025-07-18 13:00:00,73.02,36.49909637919615,17.085,53.584096379196154,25.0,3.75,98.02,76.77
2025-07-18 14:00:00,71.2,33.63388763053122,17.085,50.71888763053122,25.0,3.75,96.2,74.95
2025-07-18 15:00:00,72.68,35.49447348980763,17.085,52.57947348980763,25.0,3.75,97.68,76.43
2025-07-18 16:00:00,79.99,38.058826201910655,17.085,55.143826201910656,25.0,3.75,104.99,83.74
2025-07-18 17:00:00,84.07,37.593403854141485,17.085,54.678403854141486,25.0,3.75,109.07,87.82
2025-07-18 18:00:00,99.92,36.03036588508087,17.085,53.11536588508087,25.0,3.75,124.92,103.67
2025-07-18 19:00:00,120.0,34.05038684815432,17.085,51.13538684815432,25.0,3.75,145.0,123.75
2025-07-18 20:00:00,146.55,37.29117542434839,17.085,54.37617542434839,25.0,3.75,171.55,150.3
2025-07-18 21:00:00,144.44,36.03876247539605,17.085,53.12376247539605,25.0,3.75,169.44,148.19
2025-07-18 22:00:00,125.88,31.359368803539155,17.085,48.444368803539156,25.0,3.75,150.88,129.63
2025-07-18 23:00:00,113.48,37.56525965263304,17.085,54.65025965263304,25.0,3.75,138.48000000000002,117.23
2025-07-19 00:00:00,107.6,35.951534332260614,17.085,53.036534332260615,25.0,3.75,132.6,111.35
2025-07-19 01:00:00,105.35,38.40490249596614,17.085,55.48990249596614,25.0,3.75,130.35,109.1
2025-07-19 02:00:00,103.19,33.80945896231439,17.085,50.89445896231439,25.0,3.75,128.19,106.94
2025-07-19 03:00:00,101.63,29.646592373607998,17.085,46.731592373607995,25.0,3.75,126.63,105.38
2025-07-19 04:00:00,98.38,36.55816771669037,17.085,53.64316771669037,25.0,3.75,123.38,102.13
2025-07-19 05:00:00,93.69,36.58312735336394,17.085,53.66812735336394,25.0,3.75,118.69,97.44
2025-07-19 06:00:00,98.39,32.618656744787096,17.085,49.7036567447871,25.0,3.75,123.39,102.14
2025-07-19 07:00:00,86.89,34.04300090826679,17.085,51.12800090826679,25.0,3.75,111.89,90.64
2025-07-19 08:00:00,78.89,41.51043548743981,17.085,58.59543548743981,25.0,3.75,103.89,82.64
2025-07-19 09:00:00,52.98,35.388778771692394,17.085,52.473778771692395,25.0,3.75,77.97999999999999,56.73
2025-07-19 10:00:00,10.0,37.46191795275243,17.085,54.54691795275243,25.0,3.75,35.0,13.75
2025-07-19 11:00:00,0.65,34.698680345263234,17.085,51.783680345263235,25.0,3.75,25.65,4.4
2025-07-19 12:00:00,0.0,31.819394202293687,17.085,48.90439420229369,25.0,3.75,25.0,3.75
2025-07-19 13:00:00,-0.01,35.659483506408186,17.085,52.74448350640819,25.0,3.75,24.99,3.74
2025-07-19 14:00:00,0.0,35.46879087942779,17.085,52.553790879427794,25.0,3.75,25.0,3.75
2025-07-19 15:00:00,2.08,35.20024352266326,17.085,52.28524352266326,25.0,3.75,27.08,5.83
2025-07-19 16:00:00,29.33,35.770718328987215,17.085,52.855718328987216,25.0,3.75,54.33,33.08
2025-07-19 17:00:00,76.85,36.528536543291274,17.085,53.613536543291275,25.0,3.75,101.85,80.6
2025-07-19 18:00:00,98.4,35.699766097492386,17.085,52.78476609749239,25.0,3.75,123.4,102.15
2025-07-19 19:00:00,114.47,33.47198766410527,17.085,50.55698766410527,25.0,3.75,139.47,118.22
2025-07-19 20:00:00,112.87,36.97236958312388,17.085,54.05736958312388,25.0,3.75,137.87,116.62
2025-07-19 21:00:00,108.08,32.10125648935515,17.085,49.18625648935515,25.0,3.75,133.07999999999998,111.83
2025-07-19 22:00:00,105.63,31.8992850854316,17.085,48.9842850854316,25.0,3.75,130.63,109.38
2025-07-19 23:00:00,98.07,37.478360989403136,17.085,54.56336098940314,25.0,3.75,123.07,101.82
2025-07-20 00:00:00,91.29,37.01404054427071,17.085,54.099040544270714,25.0,3.75,116.29,95.04
2025-07-20 01:00:00,88.94,35.88520926985193,17.085,52.97020926985193,25.0,3.75,113.94,92.69
2025-07-20 02:00:00,89.27,33.20910299048985,17.085,50.294102990489854,25.0,3.75,114.27,93.02
2025-07-20 03:00:00,100.41,34.58417811865185,17.085,51.66917811865185,25.0,3.75,125.41,104.16
2025-07-20 04:00:00,101.7,35.474506504626994,17.085,52.559506504626995,25.0,3.75,126.7,105.45
2025-07-20 05:00:00,98.27,32.80821206285177,17.085,49.893212062851774,25.0,3.75,123.27,102.02
2025-07-20 06:00:00,97.2,34.52194268395353,17.085,51.606942683953534,25.0,3.75,122.2,100.95
2025-07-20 07:00:00,80.59,37.30466067635336,17.085,54.38966067635336,25.0,3.75,105.59,84.34
2025-07-20 08:00:00,77.86,38.854610728578436,17.085,55.93961072857844,25.0,3.75,102.86,81.61
2025-07-20 09:00:00,44.58,35.1611304946829,17.085,52.2461304946829,25.0,3.75,69.58,48.33
2025-07-20 10:00:00,9.04,37.512976708632195,17.085,54.597976708632196,25.0,3.75,34.04,12.79
2025-07-20 11:00:00,2.07,32.171879858825065,17.085,49.256879858825066,25.0,3.75,27.07,5.82
2025-07-20 12:00:00,0.0,37.31890248222722,17.085,54.403902482227224,25.0,3.75,25.0,3.75
2025-07-20 13:00:00,-0.01,34.392103170545035,17.085,51.477103170545035,25.0,3.75,24.99,3.74
2025-07-20 14:00:00,0.0,36.61469123341594,17.085,53.69969123341594,25.0,3.75,25.0,3.75
2025-07-20 15:00:00,9.09,35.50449516352058,17.085,52.58949516352058,25.0,3.75,34.09,12.84
2025-07-20 16:00:00,69.33,38.64082801956767,17.085,55.72582801956767,25.0,3.75,94.33,73.08
2025-07-20 17:00:00,92.74,34.25112870332016,17.085,51.33612870332016,25.0,3.75,117.74,96.49
2025-07-20 18:00:00,100.26,37.25521259512366,17.085,54.34021259512366,25.0,3.75,125.26,104.01
2025-07-20 19:00:00,112.0,35.440985073406935,17.085,52.525985073406936,25.0,3.75,137.0,115.75
2025-07-20 20:00:00,116.0,35.683389043980675,17.085,52.768389043980676,25.0,3.75,141.0,119.75
2025-07-20 21:00:00,115.01,35.63229221368158,17.085,52.71729221368158,25.0,3.75,140.01,118.76
2025-07-20 22:00:00,114.85,34.30865379101177,17.085,51.39365379101177,25.0,3.75,139.85,118.6
2025-07-20 23:00:00,105.05,35.971802068186655,17.085,53.056802068186656,25.0,3.75,130.05,108.8
2025-07-21 00:00:00,87.08,35.874703555756355,17.085,52.959703555756356,25.0,3.75,112.08,90.83
2025-07-21 01:00:00,79.73,36.48248049681346,17.085,53.56748049681346,25.0,3.75,104.73,83.48
2025-07-21 02:00:00,83.48,36.169010291385725,17.085,53.254010291385725,25.0,3.75,108.48,87.23
2025-07-21 03:00:00,83.3,37.595989099224475,17.085,54.680989099224476,25.0,3.75,108.3,87.05
2025-07-21 04:00:00,83.49,37.847017232094736,17.085,54.932017232094736,25.0,3.75,108.49,87.24
2025-07-21 05:00:00,96.22,33.8987533563444,17.085,50.9837533563444,25.0,3.75,121.22,99.97
2025-07-21 06:00:00,113.96,37.737545001181545,17.085,54.822545001181545,25.0,3.75,138.95999999999998,117.71
2025-07-21 07:00:00,126.56,33.62732714578029,17.085,50.71232714578029,25.0,3.75,151.56,130.31
2025-07-21 08:00:00,123.91,37.17571177627547,17.085,54.26071177627547,25.0,3.75,148.91,127.66
2025-07-21 09:00:00,109.64,37.239477569405736,17.085,54.32447756940574,25.0,3.75,134.64,113.39
2025-07-21 10:00:00,105.99,32.17736621667499,17.085,49.26236621667499,25.0,3.75,130.99,109.74
2025-07-21 11:00:00,98.88,36.18595849305882,17.085,53.27095849305882,25.0,3.75,123.88,102.63
2025-07-21 12:00:00,84.9,35.06300777327937,17.085,52.14800777327937,25.0,3.75,109.9,88.65
2025-07-21 13:00:00,81.73,34.48246948412925,17.085,51.56746948412925,25.0,3.75,106.73,85.48
2025-07-21 14:00:00,85.79,38.70170466139801,17.085,55.78670466139801,25.0,3.75,110.79,89.54
2025-07-21 15:00:00,87.96,34.69264171872516,17.085,51.777641718725164,25.0,3.75,112.96,91.71
2025-07-21 16:00:00,90.95,34.3872461417639,17.085,51.472246141763904,25.0,3.75,115.95,94.7
2025-07-21 17:00:00,104.3,36.151389880010186,17.085,53.23638988001019,25.0,3.75,129.3,108.05
2025-07-21 18:00:00,105.82,37.37117949259683,17.085,54.45617949259683,25.0,3.75,130.82,109.57
2025-07-21 19:00:00,119.69,35.716702827979745,17.085,52.801702827979746,25.0,3.75,144.69,123.44
2025-07-21 20:00:00,123.25,38.332741091338505,17.085,55.417741091338506,25.0,3.75,148.25,127.0
2025-07-21 21:00:00,120.09,37.061951323928184,17.085,54.146951323928185,25.0,3.75,145.09,123.84
2025-07-21 22:00:00,108.76,31.64357736053714,17.085,48.728577360537145,25.0,3.75,133.76,112.51
2025-07-21 23:00:00,100.04,34.94106607298598,17.085,52.026066072985984,25.0,3.75,125.04,103.79
2025-07-22 00:00:00,92.79,34.8763158012966,17.085,51.9613158012966,25.0,3.75,117.79,96.54
2025-07-22 01:00:00,87.2,36.95872190685884,17.085,54.04372190685884,25.0,3.75,112.2,90.95
2025-07-22 02:00:00,85.48,30.750365887251775,17.085,47.835365887251776,25.0,3.75,110.48,89.23
2025-07-22 03:00:00,82.0,41.098019417435445,17.085,58.183019417435446,25.0,3.75,107.0,85.75
2025-07-22 04:00:00,81.0,37.06205218978842,17.085,54.14705218978842,25.0,3.75,106.0,84.75
2025-07-22 05:00:00,89.28,36.29775360783538,17.085,53.38275360783538,25.0,3.75,114.28,93.03
2025-07-22 06:00:00,108.8,38.36313543283829,17.085,55.44813543283829,25.0,3.75,133.8,112.55
2025-07-22 07:00:00,109.28,40.68730810562525,17.085,57.77230810562525,25.0,3.75,134.28,113.03
2025-07-22 08:00:00,102.49,37.74149328917681,17.085,54.82649328917681,25.0,3.75,127.49,106.24
2025-07-22 09:00:00,91.29,37.89762619294324,17.085,54.98262619294324,25.0,3.75,116.29,95.04
2025-07-22 10:00:00,81.73,36.261380048928764,17.085,53.346380048928765,25.0,3.75,106.73,85.48
2025-07-22 11:00:00,68.41,35.7169484932661,17.085,52.8019484932661,25.0,3.75,93.41,72.16
2025-07-22 12:00:00,39.63,35.048409111990196,17.085,52.1334091119902,25.0,3.75,64.63,43.38
2025-07-22 13:00:00,10.0,34.34777601657092,17.085,51.43277601657092,25.0,3.75,35.0,13.75
2025-07-22 14:00:00,0.17,34.62597180060101,17.085,51.71097180060101,25.0,3.75,25.17,3.92
2025-07-22 15:00:00,4.16,33.29888807131403,17.085,50.38388807131403,25.0,3.75,29.16,7.91
2025-07-22 16:00:00,36.9,35.84825709862995,17.085,52.93325709862995,25.0,3.75,61.9,40.65
2025-07-22 17:00:00,75.79,32.63066484554723,17.085,49.71566484554723,25.0,3.75,100.79,79.54
2025-07-22 18:00:00,88.98,36.38183304828742,17.085,53.46683304828742,25.0,3.75,113.98,92.73
2025-07-22 19:00:00,108.57,35.92733878391532,17.085,53.01233878391532,25.0,3.75,133.57,112.32
2025-07-22 20:00:00,112.56,36.293870596773374,17.085,53.378870596773375,25.0,3.75,137.56,116.31
2025-07-22 21:00:00,113.22,34.95573685996001,17.085,52.04073685996001,25.0,3.75,138.22,116.97
2025-07-22 22:00:00,108.48,42.15372074036101,17.085,59.23872074036101,25.0,3.75,133.48000000000002,112.23
2025-07-22 23:00:00,102.93,38.72023180036062,17.085,55.80523180036062,25.0,3.75,127.93,106.68
2025-07-23 00:00:00,87.65,33.510914999830554,17.085,50.595914999830555,25.0,3.75,112.65,91.4
2025-07-23 01:00:00,79.47,36.465736174853795,17.085,53.550736174853796,25.0,3.75,104.47,83.22
2025-07-23 02:00:00,78.5,34.78398771412535,17.085,51.86898771412535,25.0,3.75,103.5,82.25
2025-07-23 03:00:00,76.04,33.97104054658517,17.085,51.05604054658517,25.0,3.75,101.04,79.79
2025-07-23 04:00:00,77.69,33.31985585775213,17.085,50.40485585775213,25.0,3.75,102.69,81.44
2025-07-23 05:00:00,80.64,36.86443338151851,17.085,53.94943338151851,25.0,3.75,105.64,84.39
2025-07-23 06:00:00,91.35,34.63723952986085,17.085,51.72223952986085,25.0,3.75,116.35,95.1
2025-07-23 07:00:00,99.87,37.93565204805041,17.085,55.02065204805041,25.0,3.75,124.87,103.62
2025-07-23 08:00:00,96.5,37.987564429060875,17.085,55.072564429060876,25.0,3.75,121.5,100.25
2025-07-23 09:00:00,81.69,38.7478287704229,17.085,55.8328287704229,25.0,3.75,106.69,85.44
2025-07-23 10:00:00,67.3,34.29522646785179,17.085,51.38022646785179,25.0,3.75,92.3,71.05
2025-07-23 11:00:00,53.5,36.95073122138402,17.085,54.03573122138402,25.0,3.75,78.5,57.25
2025-07-23 12:00:00,33.72,37.2649084332846,17.085,54.349908433284604,25.0,3.75,58.72,37.47
2025-07-23 13:00:00,23.73,35.05164364979207,17.085,52.13664364979207,25.0,3.75,48.730000000000004,27.48
2025-07-23 14:00:00,26.82,34.45645608521425,17.085,51.54145608521425,25.0,3.75,51.82,30.57
2025-07-23 15:00:00,40.3,39.21904133155195,17.085,56.30404133155195,25.0,3.75,65.3,44.05
2025-07-23 16:00:00,67.81,36.45499175146411,17.085,53.53999175146411,25.0,3.75,92.81,71.56
2025-07-23 17:00:00,78.05,37.27193550142348,17.085,54.35693550142348,25.0,3.75,103.05,81.8
2025-07-23 18:00:00,86.07,34.355847976344144,17.085,51.440847976344145,25.0,3.75,111.07,89.82
2025-07-23 19:00:00,105.0,33.56143106695561,17.085,50.646431066955614,25.0,3.75,130.0,108.75
2025-07-23 20:00:00,112.98,34.86110045101578,17.085,51.94610045101578,25.0,3.75,137.98000000000002,116.73
2025-07-23 21:00:00,119.74,35.75195722522,17.085,52.836957225220004,25.0,3.75,144.74,123.49
2025-07-23 22:00:00,110.54,33.871559986365305,17.085,50.956559986365306,25.0,3.75,135.54000000000002,114.29
2025-07-23 23:00:00,103.06,35.98031038269924,17.085,53.06531038269924,25.0,3.75,128.06,106.81
2025-07-24 00:00:00,97.82,32.622989623863,17.085,49.707989623863,25.0,3.75,122.82,101.57
2025-07-24 01:00:00,94.08,33.75990515506025,17.085,50.84490515506025,25.0,3.75,119.08,97.83
2025-07-24 02:00:00,89.29,37.34182249655375,17.085,54.426822496553754,25.0,3.75,114.29,93.04
2025-07-24 03:00:00,89.29,37.20758104055579,17.085,54.29258104055579,25.0,3.75,114.29,93.04
2025-07-24 04:00:00,93.45,35.21624646922627,17.085,52.30124646922627,25.0,3.75,118.45,97.2
2025-07-24 05:00:00,102.65,33.964471381846096,17.085,51.0494713818461,25.0,3.75,127.65,106.4
2025-07-24 06:00:00,112.05,33.94519289694798,17.085,51.03019289694798,25.0,3.75,137.05,115.8
2025-07-24 07:00:00,117.22,35.25346350811737,17.085,52.33846350811737,25.0,3.75,142.22,120.97
2025-07-24 08:00:00,110.4,37.289036983290586,17.085,54.37403698329059,25.0,3.75,135.4,114.15
2025-07-24 09:00:00,96.22,37.85649138268865,17.085,54.94149138268865,25.0,3.75,121.22,99.97
2025-07-24 10:00:00,89.17,35.00693652903606,17.085,52.09193652903606,25.0,3.75,114.17,92.92
2025-07-24 11:00:00,84.39,33.69301514803043,17.085,50.778015148030434,25.0,3.75,109.39,88.14
2025-07-24 12:00:00,82.17,36.53568727573267,17.085,53.62068727573267,25.0,3.75,107.17,85.92
2025-07-24 13:00:00,80.43,34.3529300587483,17.085,51.4379300587483,25.0,3.75,105.43,84.18
2025-07-24 14:00:00,82.05,34.963494722277595,17.085,52.048494722277596,25.0,3.75,107.05,85.8
2025-07-24 15:00:00,84.77,38.65055218087407,17.085,55.73555218087407,25.0,3.75,109.77,88.52
2025-07-24 16:00:00,93.34,37.65423085713154,17.085,54.73923085713154,25.0,3.75,118.34,97.09
2025-07-24 17:00:00,100.6,36.3159486245029,17.085,53.4009486245029,25.0,3.75,125.6,104.35
2025-07-24 18:00:00,109.2,33.45616199777456,17.085,50.54116199777456,25.0,3.75,134.2,112.95
2025-07-24 19:00:00,130.0,36.422793134941315,17.085,53.507793134941316,25.0,3.75,155.0,133.75
2025-07-24 20:00:00,154.16,38.125314581575054,17.085,55.210314581575055,25.0,3.75,179.16,157.91
2025-07-24 21:00:00,140.64,35.24873266846893,17.085,52.33373266846893,25.0,3.75,165.64,144.39
2025-07-24 22:00:00,118.38,38.70222817997343,17.085,55.78722817997343,25.0,3.75,143.38,122.13
2025-07-24 23:00:00,109.39,38.58549057903642,17.085,55.67049057903642,25.0,3.75,134.39,113.14
2025-07-25 00:00:00,111.27,39.32746566428695,17.085,56.41246566428695,25.0,3.75,136.26999999999998,115.02
2025-07-25 01:00:00,103.67,36.6104862530627,17.085,53.695486253062704,25.0,3.75,128.67000000000002,107.42
2025-07-25 02:00:00,97.05,37.174783399612025,17.085,54.259783399612026,25.0,3.75,122.05,100.8
2025-07-25 03:00:00,92.94,38.82837457666218,17.085,55.91337457666218,25.0,3.75,117.94,96.69
2025-07-25 04:00:00,96.97,36.894787874137954,17.085,53.979787874137955,25.0,3.75,121.97,100.72
2025-07-25 05:00:00,98.2,34.99753178441957,17.085,52.08253178441957,25.0,3.75,123.2,101.95
2025-07-25 06:00:00,108.87,35.10291432694428,17.085,52.18791432694428,25.0,3.75,133.87,112.62
2025-07-25 07:00:00,112.95,36.47710990754748,17.085,53.56210990754748,25.0,3.75,137.95,116.7
2025-07-25 08:00:00,110.85,33.41887715610756,17.085,50.50387715610756,25.0,3.75,135.85,114.6
2025-07-25 09:00:00,98.2,35.713482169271614,17.085,52.798482169271615,25.0,3.75,123.2,101.95
2025-07-25 10:00:00,94.08,38.19309423646051,17.085,55.27809423646051,25.0,3.75,119.08,97.83
2025-07-25 11:00:00,85.15,31.617492297669436,17.085,48.70249229766944,25.0,3.75,110.15,88.9
2025-07-25 12:00:00,83.09,39.06896420358903,17.085,56.153964203589034,25.0,3.75,108.09,86.84
2025-07-25 13:00:00,78.7,38.24474843740632,17.085,55.32974843740632,25.0,3.75,103.7,82.45
2025-07-25 14:00:00,76.31,35.08047076833905,17.085,52.16547076833905,25.0,3.75,101.31,80.06
2025-07-25 15:00:00,79.27,37.08678165574362,17.085,54.17178165574362,25.0,3.75,104.27,83.02
2025-07-25 16:00:00,81.09,36.006295453812655,17.085,53.091295453812656,25.0,3.75,106.09,84.84
2025-07-25 17:00:00,84.02,38.45998073687737,17.085,55.54498073687737,25.0,3.75,109.02,87.77
2025-07-25 18:00:00,90.45,37.96536628553988,17.085,55.05036628553988,25.0,3.75,115.45,94.2
2025-07-25 19:00:00,101.81,33.19985855363398,17.085,50.28485855363398,25.0,3.75,126.81,105.56
2025-07-25 20:00:00,109.28,37.174524826928355,17.085,54.259524826928356,25.0,3.75,134.28,113.03
2025-07-25 21:00:00,121.21,35.58874429271351,17.085,52.67374429271351,25.0,3.75,146.20999999999998,124.96
2025-07-25 22:00:00,112.6,36.1656651410362,17.085,53.2506651410362,25.0,3.75,137.6,116.35
2025-07-25 23:00:00,110.25,34.54365619806037,17.085,51.62865619806037,25.0,3.75,135.25,114.0
2025-07-26 00:00:00,106.76,39.496274138241674,17.085,56.581274138241675,25.0,3.75,131.76,110.51
2025-07-26 01:00:00,100.7,38.08012363980515,17.085,55.16512363980515,25.0,3.75,125.7,104.45
2025-07-26 02:00:00,97.73,34.520457672054064,17.085,51.605457672054065,25.0,3.75,122.73,101.48
2025-07-26 03:00:00,96.65,33.330778786179536,17.085,50.41577878617954,25.0,3.75,121.65,100.4
2025-07-26 04:00:00,96.45,35.228654738044305,17.085,52.313654738044306,25.0,3.75,121.45,100.2
2025-07-26 05:00:00,94.89,36.869005292182614,17.085,53.954005292182615,25.0,3.75,119.89,98.64
2025-07-26 06:00:00,97.13,36.48041168789245,17.085,53.56541168789245,25.0,3.75,122.13,100.88
2025-07-26 07:00:00,96.1,38.50626564953649,17.085,55.59126564953649,25.0,3.75,121.1,99.85
2025-07-26 08:00:00,87.96,37.5798394443617,17.085,54.664839444361704,25.0,3.75,112.96,91.71
2025-07-26 09:00:00,85.85,37.939138051505815,17.085,55.024138051505815,25.0,3.75,110.85,89.6
2025-07-26 10:00:00,79.59,36.653710801220875,17.085,53.738710801220876,25.0,3.75,104.59,83.34
2025-07-26 11:00:00,75.2,33.22140253957802,17.085,50.30640253957802,25.0,3.75,100.2,78.95
2025-07-26 12:00:00,66.42,35.608602937706195,17.085,52.693602937706196,25.0,3.75,91.42,70.17
2025-07-26 13:00:00,49.87,38.12017947981733,17.085,55.20517947981733,25.0,3.75,74.87,53.62
2025-07-26 14:00:00,50.09,35.896954142950705,17.085,52.981954142950705,25.0,3.75,75.09,53.84
2025-07-26 15:00:00,68.07,37.00618073724749,17.085,54.09118073724749,25.0,3.75,93.07,71.82
2025-07-26 16:00:00,74.81,35.362503369507735,17.085,52.447503369507736,25.0,3.75,99.81,78.56
2025-07-26 17:00:00,84.2,33.94037630291631,17.085,51.025376302916314,25.0,3.75,109.2,87.95
2025-07-26 18:00:00,98.2,35.753311871907776,17.085,52.83831187190778,25.0,3.75,123.2,101.95
2025-07-26 19:00:00,106.6,36.61809488606531,17.085,53.70309488606531,25.0,3.75,131.6,110.35
2025-07-26 20:00:00,121.95,34.68862456107711,17.085,51.77362456107711,25.0,3.75,146.95,125.7
2025-07-26 21:00:00,127.07,35.52857751028667,17.085,52.61357751028667,25.0,3.75,152.07,130.82
2025-07-26 22:00:00,116.72,34.121073516028034,17.085,51.206073516028034,25.0,3.75,141.72,120.47
2025-07-26 23:00:00,108.8,38.23848983512819,17.085,55.32348983512819,25.0,3.75,133.8,112.55
2025-07-27 00:00:00,104.64,35.411088484823935,17.085,52.496088484823936,25.0,3.75,129.64,108.39
2025-07-27 01:00:00,99.47,38.90551109025237,17.085,55.99051109025237,25.0,3.75,124.47,103.22
2025-07-27 02:00:00,95.01,39.05749570108182,17.085,56.14249570108182,25.0,3.75,120.01,98.76
2025-07-27 03:00:00,92.07,35.837908070556516,17.085,52.92290807055652,25.0,3.75,117.07,95.82
2025-07-27 04:00:00,91.99,33.9831025349053,17.085,51.0681025349053,25.0,3.75,116.99,95.74
2025-07-27 05:00:00,89.88,31.828204244533325,17.085,48.913204244533325,25.0,3.75,114.88,93.63
2025-07-27 06:00:00,88.79,33.05592585394642,17.085,50.14092585394642,25.0,3.75,113.79,92.54
2025-07-27 07:00:00,86.58,33.25233035020268,17.085,50.337330350202684,25.0,3.75,111.58,90.33
2025-07-27 08:00:00,83.76,38.75693925492301,17.085,55.84193925492301,25.0,3.75,108.76,87.51
2025-07-27 09:00:00,81.71,36.23164917445389,17.085,53.31664917445389,25.0,3.75,106.71,85.46
2025-07-27 10:00:00,75.91,36.77920904818397,17.085,53.86420904818397,25.0,3.75,100.91,79.66
2025-07-27 11:00:00,70.52,31.559157982129747,17.085,48.64415798212975,25.0,3.75,95.52,74.27
2025-07-27 12:00:00,45.93,33.60406714156548,17.085,50.68906714156548,25.0,3.75,70.93,49.68
2025-07-27 13:00:00,15.04,37.77415955289258,17.085,54.85915955289258,25.0,3.75,40.04,18.79
2025-07-27 14:00:00,8.85,36.573548224765176,17.085,53.65854822476518,25.0,3.75,33.85,12.6
2025-07-27 15:00:00,17.3,35.705589442628806,17.085,52.79058944262881,25.0,3.75,42.3,21.05
2025-07-27 16:00:00,45.74,37.12968471720025,17.085,54.21468471720025,25.0,3.75,70.74000000000001,49.49
2025-07-27 17:00:00,82.36,39.27159561227163,17.085,56.35659561227163,25.0,3.75,107.36,86.11
2025-07-27 18:00:00,95.66,35.5579150729259,17.085,52.6429150729259,25.0,3.75,120.66,99.41
2025-07-27 19:00:00,102.47,36.13873960531614,17.085,53.22373960531614,25.0,3.75,127.47,106.22
2025-07-27 20:00:00,107.95,36.38519383746261,17.085,53.47019383746261,25.0,3.75,132.95,111.7
2025-07-27 21:00:00,114.71,40.784219270547986,17.085,57.86921927054799,25.0,3.75,139.70999999999998,118.46
2025-07-27 22:00:00,107.33,31.80128747116195,17.085,48.88628747116195,25.0,3.75,132.32999999999998,111.08
2025-07-27 23:00:00,102.69,37.36644602957762,17.085,54.45144602957762,25.0,3.75,127.69,106.44
2025-07-28 00:00:00,100.0,35.770395502481875,17.085,52.855395502481876,25.0,3.75,125.0,103.75
2025-07-28 01:00:00,88.77,37.13354345236836,17.085,54.21854345236836,25.0,3.75,113.77,92.52
2025-07-28 02:00:00,83.5,34.68525489201055,17.085,51.77025489201055,25.0,3.75,108.5,87.25
2025-07-28 03:00:00,79.67,35.9020699382831,17.085,52.9870699382831,25.0,3.75,104.67,83.42
2025-07-28 04:00:00,79.51,37.422821158930994,17.085,54.507821158930994,25.0,3.75,104.51,83.26
2025-07-28 05:00:00,89.52,42.225820402087685,17.085,59.310820402087685,25.0,3.75,114.52,93.27
2025-07-28 06:00:00,108.88,37.61607237880414,17.085,54.70107237880414,25.0,3.75,133.88,112.63
2025-07-28 07:00:00,121.97,34.30386880393898,17.085,51.38886880393898,25.0,3.75,146.97,125.72
2025-07-28 08:00:00,118.37,35.152480635954596,17.085,52.2374806359546,25.0,3.75,143.37,122.12
2025-07-28 09:00:00,105.45,35.09317178323229,17.085,52.178171783232294,25.0,3.75,130.45,109.2
2025-07-28 10:00:00,97.25,32.40871365473997,17.085,49.49371365473997,25.0,3.75,122.25,101.0
2025-07-28 11:00:00,90.96,35.339819616597126,17.085,52.42481961659713,25.0,3.75,115.96,94.71
2025-07-28 12:00:00,81.79,37.46565816364349,17.085,54.55065816364349,25.0,3.75,106.79,85.54
2025-07-28 13:00:00,77.52,33.45153576184641,17.085,50.53653576184641,25.0,3.75,102.52,81.27
2025-07-28 14:00:00,68.33,38.09696530210118,17.085,55.18196530210118,25.0,3.75,93.33,72.08
2025-07-28 15:00:00,73.97,36.97554964216867,17.085,54.060549642168674,25.0,3.75,98.97,77.72
2025-07-28 16:00:00,77.28,34.53153335605793,17.085,51.61653335605793,25.0,3.75,102.28,81.03
2025-07-28 17:00:00,88.12,35.71694072532431,17.085,52.80194072532431,25.0,3.75,113.12,91.87
2025-07-28 18:00:00,97.2,39.19664361528206,17.085,56.281643615282064,25.0,3.75,122.2,100.95
2025-07-28 19:00:00,103.59,37.46709562701173,17.085,54.55209562701173,25.0,3.75,128.59,107.34
2025-07-28 20:00:00,114.14,36.0175673097963,17.085,53.1025673097963,25.0,3.75,139.14,117.89
2025-07-28 21:00:00,114.34,35.52463336607803,17.085,52.60963336607803,25.0,3.75,139.34,118.09
2025-07-28 22:00:00,105.26,36.15321814090332,17.085,53.23821814090332,25.0,3.75,130.26,109.01
2025-07-28 23:00:00,92.43,34.976472884115395,17.085,52.061472884115396,25.0,3.75,117.43,96.18
2025-07-29 00:00:00,87.51,31.79050098856197,17.085,48.87550098856197,25.0,3.75,112.51,91.26
2025-07-29 01:00:00,84.1,40.084355821069465,17.085,57.169355821069466,25.0,3.75,109.1,87.85
2025-07-29 02:00:00,82.9,36.3106499983988,17.085,53.3956499983988,25.0,3.75,107.9,86.65
2025-07-29 03:00:00,82.1,36.79629453024508,17.085,53.88129453024508,25.0,3.75,107.1,85.85
2025-07-29 04:00:00,83.89,35.884184500246185,17.085,52.969184500246186,25.0,3.75,108.89,87.64
2025-07-29 05:00:00,92.88,34.52976639855083,17.085,51.61476639855083,25.0,3.75,117.88,96.63
2025-07-29 06:00:00,101.07,35.62815103810246,17.085,52.71315103810246,25.0,3.75,126.07,104.82
2025-07-29 07:00:00,109.25,32.80121047561138,17.085,49.88621047561138,25.0,3.75,134.25,113.0
2025-07-29 08:00:00,99.02,40.55417299610661,17.085,57.63917299610661,25.0,3.75,124.02,102.77
2025-07-29 09:00:00,80.2,33.53097600315521,17.085,50.61597600315521,25.0,3.75,105.2,83.95
2025-07-29 10:00:00,66.37,33.93606743230564,17.085,51.02106743230564,25.0,3.75,91.37,70.12
2025-07-29 11:00:00,54.0,35.1194815912272,17.085,52.2044815912272,25.0,3.75,79.0,57.75
2025-07-29 12:00:00,25.6,38.57615144970475,17.085,55.661151449704754,25.0,3.75,50.6,29.35
2025-07-29 13:00:00,4.34,36.029017998525305,17.085,53.114017998525306,25.0,3.75,29.34,8.09
2025-07-29 14:00:00,1.07,33.52772840793907,17.085,50.61272840793907,25.0,3.75,26.07,4.82
2025-07-29 15:00:00,6.2,38.50867672151468,17.085,55.59367672151468,25.0,3.75,31.2,9.95
2025-07-29 16:00:00,44.41,37.46200125357096,17.085,54.54700125357096,25.0,3.75,69.41,48.16
2025-07-29 17:00:00,78.24,37.076869914432905,17.085,54.161869914432906,25.0,3.75,103.24,81.99
2025-07-29 18:00:00,94.81,37.43146848234168,17.085,54.51646848234168,25.0,3.75,119.81,98.56
2025-07-29 19:00:00,105.32,40.7887238011649,17.085,57.8737238011649,25.0,3.75,130.32,109.07
2025-07-29 20:00:00,123.56,40.370189790072224,17.085,57.455189790072225,25.0,3.75,148.56,127.31
2025-07-29 21:00:00,126.01,34.62656931399341,17.085,51.71156931399341,25.0,3.75,151.01,129.76
2025-07-29 22:00:00,111.94,39.247769985622305,17.085,56.332769985622306,25.0,3.75,136.94,115.69
2025-07-29 23:00:00,102.07,36.7663363795178,17.085,53.851336379517804,25.0,3.75,127.07,105.82
2025-07-30 00:00:00,94.92,36.9981916322755,17.085,54.0831916322755,25.0,3.75,119.92,98.67
2025-07-30 01:00:00,90.88,32.615458336713345,17.085,49.700458336713346,25.0,3.75,115.88,94.63
2025-07-30 02:00:00,86.93,35.659228469223606,17.085,52.74422846922361,25.0,3.75,111.93,90.68
2025-07-30 03:00:00,83.24,34.37435281932687,17.085,51.459352819326874,25.0,3.75,108.24,86.99
2025-07-30 04:00:00,84.89,37.65611762978662,17.085,54.74111762978662,25.0,3.75,109.89,88.64
2025-07-30 05:00:00,94.72,38.14216100080561,17.085,55.22716100080561,25.0,3.75,119.72,98.47
2025-07-30 06:00:00,100.38,31.851027297967377,17.085,48.93602729796738,25.0,3.75,125.38,104.13
2025-07-30 07:00:00,97.47,35.95593027199146,17.085,53.04093027199146,25.0,3.75,122.47,101.22
2025-07-30 08:00:00,93.88,38.24372300958851,17.085,55.32872300958851,25.0,3.75,118.88,97.63
2025-07-30 09:00:00,79.02,35.62664207537311,17.085,52.71164207537311,25.0,3.75,104.02,82.77
2025-07-30 10:00:00,63.29,37.458127290004725,17.085,54.543127290004726,25.0,3.75,88.28999999999999,67.03999999999999
2025-07-30 11:00:00,40.43,36.70233093525417,17.085,53.78733093525417,25.0,3.75,65.43,44.18
2025-07-30 12:00:00,24.79,36.683320463905254,17.085,53.768320463905255,25.0,3.75,49.79,28.54
2025-07-30 13:00:00,17.69,35.457370043863406,17.085,52.54237004386341,25.0,3.75,42.69,21.44
2025-07-30 14:00:00,10.7,33.56683839172858,17.085,50.65183839172858,25.0,3.75,35.7,14.45
2025-07-30 15:00:00,28.03,33.75693970514995,17.085,50.84193970514995,25.0,3.75,53.03,31.78
2025-07-30 16:00:00,45.61,37.41870502891064,17.085,54.50370502891064,25.0,3.75,70.61,49.36
2025-07-30 17:00:00,75.68,36.03891651103777,17.085,53.12391651103777,25.0,3.75,100.68,79.43
2025-07-30 18:00:00,93.97,35.72297551078555,17.085,52.80797551078555,25.0,3.75,118.97,97.72
2025-07-30 19:00:00,101.86,35.152219915355296,17.085,52.2372199153553,25.0,3.75,126.86,105.61
2025-07-30 20:00:00,109.07,35.389622309038494,17.085,52.474622309038494,25.0,3.75,134.07,112.82
2025-07-30 21:00:00,109.0,38.09382358897628,17.085,55.17882358897628,25.0,3.75,134.0,112.75
2025-07-30 22:00:00,104.0,35.32951183626395,17.085,52.41451183626395,25.0,3.75,129.0,107.75
2025-07-30 23:00:00,92.41,33.31787057339686,17.085,50.40287057339686,25.0,3.75,117.41,96.16
2025-07-31 00:00:00,88.93,37.487303551080345,17.085,54.572303551080346,25.0,3.75,113.93,92.68
2025-07-31 01:00:00,82.11,35.59024667227057,17.085,52.67524667227057,25.0,3.75,107.11,85.86
2025-07-31 02:00:00,79.0,36.06279173106555,17.085,53.14779173106555,25.0,3.75,104.0,82.75
2025-07-31 03:00:00,77.27,39.21515661279902,17.085,56.30015661279902,25.0,3.75,102.27,81.02
2025-07-31 04:00:00,78.51,35.95887888529899,17.085,53.04387888529899,25.0,3.75,103.51,82.26
2025-07-31 05:00:00,85.43,36.57836734623745,17.085,53.66336734623745,25.0,3.75,110.43,89.18
2025-07-31 06:00:00,98.14,33.64215301740335,17.085,50.72715301740335,25.0,3.75,123.14,101.89
2025-07-31 07:00:00,100.46,35.56066109529808,17.085,52.64566109529808,25.0,3.75,125.46,104.21
2025-07-31 08:00:00,94.09,37.2190520904172,17.085,54.3040520904172,25.0,3.75,119.09,97.84
2025-07-31 09:00:00,88.91,32.889252532317514,17.085,49.974252532317514,25.0,3.75,113.91,92.66
2025-07-31 10:00:00,74.17,36.40169018623142,17.085,53.48669018623142,25.0,3.75,99.17,77.92
2025-07-31 11:00:00,70.04,36.20158214528961,17.085,53.286582145289614,25.0,3.75,95.04,73.79
2025-07-31 12:00:00,61.15,36.08257491117488,17.085,53.16757491117488,25.0,3.75,86.15,64.9
2025-07-31 13:00:00,48.05,38.07431779731649,17.085,55.15931779731649,25.0,3.75,73.05,51.8
2025-07-31 14:00:00,35.06,36.66887702969704,17.085,53.753877029697044,25.0,3.75,60.06,38.81
2025-07-31 15:00:00,55.07,38.95614379671289,17.085,56.04114379671289,25.0,3.75,80.07,58.82
2025-07-31 16:00:00,72.43,34.01282096881193,17.085,51.09782096881193,25.0,3.75,97.43,76.18
2025-07-31 17:00:00,84.56,36.27184913443669,17.085,53.35684913443669,25.0,3.75,109.56,88.31
2025-07-31 18:00:00,96.9,36.16893357277989,17.085,53.25393357277989,25.0,3.75,121.9,100.65
2025-07-31 19:00:00,111.92,33.86149101248984,17.085,50.946491012489844,25.0,3.75,136.92000000000002,115.67
2025-07-31 20:00:00,128.27,37.91259000418269,17.085,54.99759000418269,25.0,3.75,153.27,132.02
2025-07-31 21:00:00,125.11,40.64934661170564,17.085,57.73434661170564,25.0,3.75,150.11,128.86
2025-07-31 22:00:00,114.16,35.96598785103234,17.085,53.05098785103234,25.0,3.75,139.16,117.91
2025-07-31 23:00:00,102.79,37.010042176547536,17.085,54.09504217654754,25.0,3.75,127.79,106.54
2025-08-01 00:00:00,105.31,36.97288452892402,17.085,54.05788452892402,25.0,3.75,130.31,109.06
2025-08-01 01:00:00,98.54,35.37667823747902,17.085,52.46167823747902,25.0,3.75,123.54,102.29
2025-08-01 02:00:00,92.15,33.162327021689336,17.085,50.24732702168934,25.0,3.75,117.15,95.9
2025-08-01 03:00:00,89.17,35.39230061110264,17.085,52.47730061110264,25.0,3.75,114.17,92.92
2025-08-01 04:00:00,94.21,34.019930815389905,17.085,51.104930815389906,25.0,3.75,119.21,97.96
2025-08-01 05:00:00,100.58,40.212051733411606,17.085,57.29705173341161,25.0,3.75,125.58,104.33
2025-08-01 06:00:00,106.69,36.57362818944689,17.085,53.658628189446894,25.0,3.75,131.69,110.44
2025-08-01 07:00:00,110.71,36.11200891919903,17.085,53.19700891919903,25.0,3.75,135.70999999999998,114.46
2025-08-01 08:00:00,106.64,38.58215522686898,17.085,55.66715522686898,25.0,3.75,131.64,110.39
2025-08-01 09:00:00,103.67,34.56034537158159,17.085,51.64534537158159,25.0,3.75,128.67000000000002,107.42
2025-08-01 10:00:00,97.95,35.27011950128426,17.085,52.355119501284264,25.0,3.75,122.95,101.7
2025-08-01 11:00:00,84.1,36.93999211579061,17.085,54.02499211579061,25.0,3.75,109.1,87.85
2025-08-01 12:00:00,77.05,38.86138556014033,17.085,55.94638556014033,25.0,3.75,102.05,80.8
2025-08-01 13:00:00,61.97,37.807217667630944,17.085,54.892217667630945,25.0,3.75,86.97,65.72
2025-08-01 14:00:00,49.06,37.30049786232513,17.085,54.38549786232513,25.0,3.75,74.06,52.81
2025-08-01 15:00:00,49.1,36.9600830477654,17.085,54.0450830477654,25.0,3.75,74.1,52.85
2025-08-01 16:00:00,69.93,37.60431928834692,17.085,54.68931928834692,25.0,3.75,94.93,73.68
2025-08-01 17:00:00,83.59,37.20715338755188,17.085,54.29215338755188,25.0,3.75,108.59,87.34
2025-08-01 18:00:00,96.45,34.7439030277395,17.085,51.8289030277395,25.0,3.75,121.45,100.2
2025-08-01 19:00:00,109.51,36.89600602055967,17.085,53.98100602055967,25.0,3.75,134.51,113.26
2025-08-01 20:00:00,119.23,34.65647025945786,17.085,51.74147025945786,25.0,3.75,144.23000000000002,122.98
2025-08-01 21:00:00,117.51,36.966012663095015,17.085,54.051012663095015,25.0,3.75,142.51,121.26
2025-08-01 22:00:00,110.72,35.84255169431688,17.085,52.92755169431688,25.0,3.75,135.72,114.47
2025-08-01 23:00:00,102.73,41.88261082285909,17.085,58.96761082285909,25.0,3.75,127.73,106.48
2025-08-02 00:00:00,104.47,36.724058809789945,17.085,53.809058809789946,25.0,3.75,129.47,108.22
2025-08-02 01:00:00,100.32,33.99536844477019,17.085,51.080368444770194,25.0,3.75,125.32,104.07
2025-08-02 02:00:00,97.79,36.53548715593952,17.085,53.62048715593952,25.0,3.75,122.79,101.54
2025-08-02 03:00:00,92.16,37.842565068569144,17.085,54.927565068569145,25.0,3.75,117.16,95.91
2025-08-02 04:00:00,91.29,40.150575469598415,17.085,57.235575469598416,25.0,3.75,116.29,95.04
2025-08-02 05:00:00,90.77,35.62494277741593,17.085,52.70994277741593,25.0,3.75,115.77,94.52
2025-08-02 06:00:00,89.67,33.638991629246085,17.085,50.723991629246086,25.0,3.75,114.67,93.42
2025-08-02 07:00:00,84.7,38.43752160015533,17.085,55.52252160015533,25.0,3.75,109.7,88.45
2025-08-02 08:00:00,78.4,34.04265016549407,17.085,51.12765016549407,25.0,3.75,103.4,82.15
2025-08-02 09:00:00,65.68,35.9315366942784,17.085,53.0165366942784,25.0,3.75,90.68,69.43
2025-08-02 10:00:00,31.09,36.28860660627138,17.085,53.37360660627138,25.0,3.75,56.09,34.84
2025-08-02 11:00:00,5.68,36.664580670693155,17.085,53.749580670693156,25.0,3.75,30.68,9.43
2025-08-02 12:00:00,2.95,38.182176491442036,17.085,55.26717649144204,25.0,3.75,27.95,6.7
2025-08-02 13:00:00,0.0,35.43657901272059,17.085,52.52157901272059,25.0,3.75,25.0,3.75
2025-08-02 14:00:00,0.0,36.25638907295985,17.085,53.34138907295985,25.0,3.75,25.0,3.75
2025-08-02 15:00:00,0.0,36.77530687139459,17.085,53.86030687139459,25.0,3.75,25.0,3.75
2025-08-02 16:00:00,5.3,37.10304349233095,17.085,54.18804349233095,25.0,3.75,30.3,9.05
2025-08-02 17:00:00,60.69,36.999501926709215,17.085,54.084501926709216,25.0,3.75,85.69,64.44
2025-08-02 18:00:00,91.32,37.675859127738526,17.085,54.76085912773853,25.0,3.75,116.32,95.07
2025-08-02 19:00:00,102.0,38.49152659657684,17.085,55.57652659657684,25.0,3.75,127.0,105.75
2025-08-02 20:00:00,109.49,37.5891158085953,17.085,54.6741158085953,25.0,3.75,134.49,113.24
2025-08-02 21:00:00,108.42,37.711018624311805,17.085,54.796018624311806,25.0,3.75,133.42000000000002,112.17
2025-08-02 22:00:00,104.34,33.639401243800414,17.085,50.724401243800415,25.0,3.75,129.34,108.09
2025-08-02 23:00:00,95.0,36.90430297562473,17.085,53.98930297562473,25.0,3.75,120.0,98.75
2025-08-03 00:00:00,85.09,37.76286267329659,17.085,54.84786267329659,25.0,3.75,110.09,88.84
2025-08-03 01:00:00,77.52,38.26172996643427,17.085,55.34672996643427,25.0,3.75,102.52,81.27
2025-08-03 02:00:00,71.95,35.41914602882578,17.085,52.50414602882578,25.0,3.75,96.95,75.7
2025-08-03 03:00:00,68.14,35.48576902751608,17.085,52.57076902751608,25.0,3.75,93.14,71.89
2025-08-03 04:00:00,65.77,35.65564622672617,17.085,52.74064622672617,25.0,3.75,90.77,69.52
2025-08-03 05:00:00,59.98,37.876675377076054,17.085,54.961675377076055,25.0,3.75,84.97999999999999,63.73
2025-08-03 06:00:00,46.8,38.871609687141785,17.085,55.956609687141786,25.0,3.75,71.8,50.55
2025-08-03 07:00:00,26.0,35.988927362710164,17.085,53.073927362710165,25.0,3.75,51.0,29.75
2025-08-03 08:00:00,6.16,38.619772204547466,17.085,55.70477220454747,25.0,3.75,31.16,9.91
2025-08-03 09:00:00,0.0,37.05080719562255,17.085,54.135807195622554,25.0,3.75,25.0,3.75
2025-08-03 10:00:00,-1.01,36.55527602296849,17.085,53.64027602296849,25.0,3.75,23.99,2.74
2025-08-03 11:00:00,-2.1,36.38107911765743,17.085,53.46607911765743,25.0,3.75,22.9,1.65
2025-08-03 12:00:00,-3.0,38.29707030649768,17.085,55.38207030649768,25.0,3.75,22.0,0.75
2025-08-03 13:00:00,-9.9,37.45500321086751,17.085,54.54000321086751,25.0,3.75,15.1,-6.15
2025-08-03 14:00:00,-10.08,41.35549843258865,17.085,58.44049843258865,25.0,3.75,14.92,-6.33
2025-08-03 15:00:00,-4.98,35.09939829129872,17.085,52.18439829129872,25.0,3.75,20.02,-1.2300000000000004
2025-08-03 16:00:00,-1.5,37.84005098135332,17.085,54.92505098135332,25.0,3.75,23.5,2.25
2025-08-03 17:00:00,3.61,35.745445557670344,17.085,52.830445557670345,25.0,3.75,28.61,7.359999999999999
2025-08-03 18:00:00,71.13,35.06527360331608,17.085,52.15027360331608,25.0,3.75,96.13,74.88
2025-08-03 19:00:00,88.13,36.782113303223426,17.085,53.86711330322343,25.0,3.75,113.13,91.88
2025-08-03 20:00:00,97.87,37.07855253610744,17.085,54.16355253610744,25.0,3.75,122.87,101.62
2025-08-03 21:00:00,95.99,42.640194687413555,17.085,59.725194687413556,25.0,3.75,120.99,99.74
2025-08-03 22:00:00,97.3,36.435555945926964,17.085,53.520555945926965,25.0,3.75,122.3,101.05
2025-08-03 23:00:00,85.09,34.543490118324,17.085,51.628490118324,25.0,3.75,110.09,88.84
2025-08-04 00:00:00,81.05,37.34986901228214,17.085,54.43486901228214,25.0,3.75,106.05,84.8
2025-08-04 01:00:00,70.07,32.654567502200635,17.085,49.739567502200636,25.0,3.75,95.07,73.82
2025-08-04 02:00:00,69.97,36.61993401208483,17.085,53.704934012084834,25.0,3.75,94.97,73.72
2025-08-04 03:00:00,70.62,36.83589814188369,17.085,53.92089814188369,25.0,3.75,95.62,74.37
2025-08-04 04:00:00,74.03,38.39304834318379,17.085,55.478048343183794,25.0,3.75,99.03,77.78
2025-08-04 05:00:00,82.94,38.751092076149064,17.085,55.836092076149065,25.0,3.75,107.94,86.69
2025-08-04 06:00:00,95.12,35.79670833947793,17.085,52.88170833947793,25.0,3.75,120.12,98.87
2025-08-04 07:00:00,102.72,36.5026195480335,17.085,53.5876195480335,25.0,3.75,127.72,106.47
2025-08-04 08:00:00,101.44,35.271605916072026,17.085,52.35660591607203,25.0,3.75,126.44,105.19
2025-08-04 09:00:00,97.05,34.54772246767798,17.085,51.63272246767798,25.0,3.75,122.05,100.8
2025-08-04 10:00:00,80.05,37.42363713605464,17.085,54.50863713605464,25.0,3.75,105.05,83.8
2025-08-04 11:00:00,56.33,34.25667648010017,17.085,51.34167648010017,25.0,3.75,81.33,60.08
2025-08-04 12:00:00,14.84,35.97459377614964,17.085,53.05959377614964,25.0,3.75,39.84,18.59
2025-08-04 13:00:00,4.05,34.813499657494894,17.085,51.898499657494895,25.0,3.75,29.05,7.8
2025-08-04 14:00:00,0.66,37.90321394987389,17.085,54.98821394987389,25.0,3.75,25.66,4.41
2025-08-04 15:00:00,0.02,40.40670777582634,17.085,57.49170777582634,25.0,3.75,25.02,3.77
2025-08-04 16:00:00,22.09,34.20067161168671,17.085,51.28567161168671,25.0,3.75,47.09,25.84
2025-08-04 17:00:00,67.24,33.09781061149823,17.085,50.18281061149823,25.0,3.75,92.24,70.99
2025-08-04 18:00:00,80.91,36.55407380659323,17.085,53.63907380659323,25.0,3.75,105.91,84.66
2025-08-04 19:00:00,84.54,36.83524316920889,17.085,53.92024316920889,25.0,3.75,109.54,88.29
2025-08-04 20:00:00,80.21,37.24116619080797,17.085,54.32616619080797,25.0,3.75,105.21,83.96
2025-08-04 21:00:00,72.7,35.91120654682468,17.085,52.99620654682468,25.0,3.75,97.7,76.45
2025-08-04 22:00:00,66.63,36.4025689796425,17.085,53.487568979642504,25.0,3.75,91.63,70.38
2025-08-04 23:00:00,47.69,37.538868398374575,17.085,54.623868398374576,25.0,3.75,72.69,51.44
2025-08-05 00:00:00,21.52,38.884709362583045,17.085,55.969709362583046,25.0,3.75,46.519999999999996,25.27
2025-08-05 01:00:00,15.34,32.893750036656805,17.085,49.978750036656805,25.0,3.75,40.34,19.09
2025-08-05 02:00:00,15.9,36.065968699230446,17.085,53.15096869923045,25.0,3.75,40.9,19.65
2025-08-05 03:00:00,23.96,37.23146516517549,17.085,54.316465165175494,25.0,3.75,48.96,27.71
2025-08-05 04:00:00,54.47,34.96789536807189,17.085,52.052895368071894,25.0,3.75,79.47,58.22
2025-08-05 05:00:00,76.19,40.26618684082797,17.085,57.35118684082797,25.0,3.75,101.19,79.94
2025-08-05 06:00:00,92.25,35.5330278168359,17.085,52.6180278168359,25.0,3.75,117.25,96.0
2025-08-05 07:00:00,92.08,36.721262203278805,17.085,53.806262203278806,25.0,3.75,117.08,95.83
2025-08-05 08:00:00,74.74,37.91589177097795,17.085,55.00089177097795,25.0,3.75,99.74,78.49
2025-08-05 09:00:00,3.89,35.62127799968958,17.085,52.70627799968958,25.0,3.75,28.89,7.640000000000001
2025-08-05 10:00:00,-0.21,33.110701481684536,17.085,50.19570148168454,25.0,3.75,24.79,3.54
2025-08-05 11:00:00,-2.01,35.946538523460305,17.085,53.031538523460306,25.0,3.75,22.990000000000002,1.7400000000000002
2025-08-05 12:00:00,-4.94,38.862728689147445,17.085,55.947728689147446,25.0,3.75,20.06,-1.1900000000000004
2025-08-05 13:00:00,-9.5,36.13005732372309,17.085,53.215057323723094,25.0,3.75,15.5,-5.75
2025-08-05 14:00:00,-11.83,35.11097897437541,17.085,52.195978974375414,25.0,3.75,13.17,-8.08
2025-08-05 15:00:00,-9.92,38.65519199629881,17.085,55.74019199629881,25.0,3.75,15.08,-6.17
2025-08-05 16:00:00,-5.07,36.142297785247266,17.085,53.227297785247266,25.0,3.75,19.93,-1.3200000000000003
2025-08-05 17:00:00,-0.52,35.783525949992935,17.085,52.868525949992936,25.0,3.75,24.48,3.23
2025-08-05 18:00:00,1.07,37.10275975661999,17.085,54.18775975661999,25.0,3.75,26.07,4.82
2025-08-05 19:00:00,72.48,38.34534799653094,17.085,55.43034799653094,25.0,3.75,97.48,76.23
2025-08-05 20:00:00,89.97,41.56727464075846,17.085,58.65227464075846,25.0,3.75,114.97,93.72
2025-08-05 21:00:00,107.15,38.458319792608215,17.085,55.543319792608216,25.0,3.75,132.15,110.9
2025-08-05 22:00:00,87.18,39.123527510070055,17.085,56.208527510070056,25.0,3.75,112.18,90.93
2025-08-05 23:00:00,81.0,35.791915179317655,17.085,52.876915179317656,25.0,3.75,106.0,84.75
2025-08-06 00:00:00,75.13,34.752111365354416,17.085,51.83711136535442,25.0,3.75,100.13,78.88
2025-08-06 01:00:00,59.89,36.92851027653161,17.085,54.01351027653161,25.0,3.75,84.89,63.64
2025-08-06 02:00:00,60.76,37.01818740781256,17.085,54.10318740781256,25.0,3.75,85.75999999999999,64.50999999999999
2025-08-06 03:00:00,61.01,34.64682209456417,17.085,51.73182209456417,25.0,3.75,86.00999999999999,64.75999999999999
2025-08-06 04:00:00,60.35,36.453258517485345,17.085,53.538258517485346,25.0,3.75,85.35,64.1
2025-08-06 05:00:00,81.7,37.60248278073163,17.085,54.68748278073163,25.0,3.75,106.7,85.45
2025-08-06 06:00:00,103.77,37.524634367329526,17.085,54.60963436732953,25.0,3.75,128.76999999999998,107.52
2025-08-06 07:00:00,102.94,37.812423284061914,17.085,54.897423284061915,25.0,3.75,127.94,106.69
2025-08-06 08:00:00,83.94,37.38577703756825,17.085,54.470777037568254,25.0,3.75,108.94,87.69
2025-08-06 09:00:00,27.74,35.789830258753256,17.085,52.874830258753256,25.0,3.75,52.739999999999995,31.49
2025-08-06 10:00:00,-0.01,35.77604632399568,17.085,52.86104632399568,25.0,3.75,24.99,3.74
2025-08-06 11:00:00,-2.05,34.405944781305614,17.085,51.490944781305615,25.0,3.75,22.95,1.7000000000000002
2025-08-06 12:00:00,-8.47,40.37339765566356,17.085,57.45839765566356,25.0,3.75,16.53,-4.720000000000001
2025-08-06 13:00:00,-11.79,36.83074830653195,17.085,53.91574830653195,25.0,3.75,13.21,-8.04
2025-08-06 14:00:00,-6.0,36.35414146570366,17.085,53.43914146570366,25.0,3.75,19.0,-2.25
2025-08-06 15:00:00,-3.11,34.94626341438845,17.085,52.03126341438845,25.0,3.75,21.89,0.6400000000000001
2025-08-06 16:00:00,-1.01,42.67516338194893,17.085,59.76016338194893,25.0,3.75,23.99,2.74
2025-08-06 17:00:00,52.15,34.657191512847575,17.085,51.742191512847576,25.0,3.75,77.15,55.9
2025-08-06 18:00:00,97.19,35.94615172608122,17.085,53.03115172608122,25.0,3.75,122.19,100.94
2025-08-06 19:00:00,113.7,37.63552124986549,17.085,54.72052124986549,25.0,3.75,138.7,117.45
2025-08-06 20:00:00,170.16,38.00427350878192,17.085,55.08927350878192,25.0,3.75,195.16,173.91
2025-08-06 21:00:00,157.08,38.71971168772474,17.085,55.80471168772474,25.0,3.75,182.08,160.83
2025-08-06 22:00:00,110.0,40.419064592831894,17.085,57.504064592831895,25.0,3.75,135.0,113.75
2025-08-06 23:00:00,101.6,37.81616288821479,17.085,54.90116288821479,25.0,3.75,126.6,105.35
2025-08-07 00:00:00,97.58,34.691785977360034,17.085,51.776785977360035,25.0,3.75,122.58,101.33
2025-08-07 01:00:00,97.04,36.289957327049805,17.085,53.374957327049806,25.0,3.75,122.04,100.79
2025-08-07 02:00:00,91.44,37.41951232232114,17.085,54.50451232232114,25.0,3.75,116.44,95.19
2025-08-07 03:00:00,88.79,40.940299660305016,17.085,58.025299660305016,25.0,3.75,113.79,92.54
2025-08-07 04:00:00,88.93,34.00823662044478,17.085,51.09323662044478,25.0,3.75,113.93,92.68
2025-08-07 05:00:00,92.85,39.20900058774382,17.085,56.294000587743824,25.0,3.75,117.85,96.6
2025-08-07 06:00:00,107.46,37.1636763163862,17.085,54.2486763163862,25.0,3.75,132.45999999999998,111.21
2025-08-07 07:00:00,106.5,38.47950864775233,17.085,55.564508647752334,25.0,3.75,131.5,110.25
2025-08-07 08:00:00,100.48,36.5998581440215,17.085,53.684858144021504,25.0,3.75,125.48,104.23
2025-08-07 09:00:00,77.63,35.11898231704072,17.085,52.20398231704072,25.0,3.75,102.63,81.38
2025-08-07 10:00:00,22.23,38.30559313609603,17.085,55.39059313609603,25.0,3.75,47.230000000000004,25.98
2025-08-07 11:00:00,0.0,38.11270963150461,17.085,55.19770963150461,25.0,3.75,25.0,3.75
2025-08-07 12:00:00,-0.12,38.74796150877281,17.085,55.83296150877281,25.0,3.75,24.88,3.63
2025-08-07 13:00:00,-1.99,36.7772383065361,17.085,53.8622383065361,25.0,3.75,23.01,1.76
2025-08-07 14:00:00,-0.29,35.60420353065367,17.085,52.68920353065367,25.0,3.75,24.71,3.46
2025-08-07 15:00:00,-0.01,33.68627358724569,17.085,50.77127358724569,25.0,3.75,24.99,3.74
2025-08-07 16:00:00,2.0,38.442594113572184,17.085,55.527594113572185,25.0,3.75,27.0,5.75
2025-08-07 17:00:00,65.59,37.65162654218134,17.085,54.73662654218134,25.0,3.75,90.59,69.34
2025-08-07 18:00:00,94.23,34.87228231156545,17.085,51.95728231156545,25.0,3.75,119.23,97.98
2025-08-07 19:00:00,111.95,35.72670023070012,17.085,52.81170023070012,25.0,3.75,136.95,115.7
2025-08-07 20:00:00,141.94,35.87032995339049,17.085,52.95532995339049,25.0,3.75,166.94,145.69
2025-08-07 21:00:00,127.5,33.837878713328536,17.085,50.92287871332854,25.0,3.75,152.5,131.25
2025-08-07 22:00:00,110.0,35.1684827840831,17.085,52.253482784083104,25.0,3.75,135.0,113.75
2025-08-07 23:00:00,101.28,34.53618686368066,17.085,51.62118686368066,25.0,3.75,126.28,105.03
2025-08-08 00:00:00,93.9,35.9788895535175,17.085,53.0638895535175,25.0,3.75,118.9,97.65
2025-08-08 01:00:00,89.49,35.32645258063424,17.085,52.41145258063424,25.0,3.75,114.49,93.24
2025-08-08 02:00:00,86.13,33.54983773555987,17.085,50.63483773555987,25.0,3.75,111.13,89.88
2025-08-08 03:00:00,82.66,40.84902803843233,17.085,57.93402803843233,25.0,3.75,107.66,86.41
2025-08-08 04:00:00,81.45,39.30892903935183,17.085,56.39392903935183,25.0,3.75,106.45,85.2
2025-08-08 05:00:00,91.14,35.245808734253394,17.085,52.330808734253395,25.0,3.75,116.14,94.89
2025-08-08 06:00:00,100.43,37.348690370600586,17.085,54.43369037060059,25.0,3.75,125.43,104.18
2025-08-08 07:00:00,103.05,37.63877775693596,17.085,54.72377775693596,25.0,3.75,128.05,106.8
2025-08-08 08:00:00,109.14,39.18601928684032,17.085,56.27101928684032,25.0,3.75,134.14,112.89
2025-08-08 09:00:00,89.9,35.16663752397321,17.085,52.25163752397321,25.0,3.75,114.9,93.65
2025-08-08 10:00:00,66.0,38.98806114525822,17.085,56.07306114525822,25.0,3.75,91.0,69.75
2025-08-08 11:00:00,8.39,35.7080369688795,17.085,52.7930369688795,25.0,3.75,33.39,12.14
2025-08-08 12:00:00,0.0,34.132122768956144,17.085,51.217122768956145,25.0,3.75,25.0,3.75
2025-08-08 13:00:00,-0.01,38.252120695922365,17.085,55.337120695922366,25.0,3.75,24.99,3.74
2025-08-08 14:00:00,-0.02,39.38536442553823,17.085,56.47036442553823,25.0,3.75,24.98,3.73
2025-08-08 15:00:00,-0.01,41.979665524354736,17.085,59.06466552435474,25.0,3.75,24.99,3.74
2025-08-08 16:00:00,10.49,34.404397047112944,17.085,51.489397047112945,25.0,3.75,35.49,14.24
2025-08-08 17:00:00,71.74,38.201686947454945,17.085,55.286686947454946,25.0,3.75,96.74,75.49
2025-08-08 18:00:00,103.86,35.9842450897063,17.085,53.0692450897063,25.0,3.75,128.86,107.61
2025-08-08 19:00:00,113.97,38.37056499834143,17.085,55.45556499834143,25.0,3.75,138.97,117.72
2025-08-08 20:00:00,144.62,33.86286847483087,17.085,50.94786847483087,25.0,3.75,169.62,148.37
2025-08-08 21:00:00,151.51,34.27830802589624,17.085,51.36330802589624,25.0,3.75,176.51,155.26
2025-08-08 22:00:00,121.59,35.2520979309604,17.085,52.337097930960404,25.0,3.75,146.59,125.34
2025-08-08 23:00:00,108.46,36.961775668629535,17.085,54.046775668629536,25.0,3.75,133.45999999999998,112.21
2025-08-09 00:00:00,101.93,35.52168504421666,17.085,52.60668504421666,25.0,3.75,126.93,105.68
2025-08-09 01:00:00,100.43,38.121956265120204,17.085,55.206956265120205,25.0,3.75,125.43,104.18
2025-08-09 02:00:00,99.94,38.857636813809194,17.085,55.942636813809195,25.0,3.75,124.94,103.69
2025-08-09 03:00:00,97.8,38.00300265978408,17.085,55.08800265978408,25.0,3.75,122.8,101.55
2025-08-09 04:00:00,96.87,40.04142285661511,17.085,57.12642285661511,25.0,3.75,121.87,100.62
2025-08-09 05:00:00,97.01,37.63550083620405,17.085,54.72050083620405,25.0,3.75,122.01,100.76
2025-08-09 06:00:00,97.26,34.37005415661304,17.085,51.45505415661304,25.0,3.75,122.26,101.01
2025-08-09 07:00:00,93.45,39.53060060437005,17.085,56.61560060437005,25.0,3.75,118.45,97.2
2025-08-09 08:00:00,70.19,35.593535106081376,17.085,52.67853510608138,25.0,3.75,95.19,73.94
2025-08-09 09:00:00,15.34,38.62468457666451,17.085,55.70968457666451,25.0,3.75,40.34,19.09
2025-08-09 10:00:00,-0.02,39.95131601040358,17.085,57.03631601040358,25.0,3.75,24.98,3.73
2025-08-09 11:00:00,-1.0,37.71722359875417,17.085,54.80222359875417,25.0,3.75,24.0,2.75
2025-08-09 12:00:00,-6.63,33.81152995096407,17.085,50.89652995096407,25.0,3.75,18.37,-2.88
2025-08-09 13:00:00,-15.14,34.96742324427378,17.085,52.05242324427378,25.0,3.75,9.86,-11.39
2025-08-09 14:00:00,-15.37,39.44933651106364,17.085,56.53433651106364,25.0,3.75,9.63,-11.62
2025-08-09 15:00:00,-4.1,36.46560220600774,17.085,53.55060220600774,25.0,3.75,20.9,-0.34999999999999964
2025-08-09 16:00:00,-0.04,36.9629946471777,17.085,54.0479946471777,25.0,3.75,24.96,3.71
2025-08-09 17:00:00,6.29,38.321496409620586,17.085,55.40649640962059,25.0,3.75,31.29,10.04
2025-08-09 18:00:00,85.9,38.19649330145401,17.085,55.28149330145401,25.0,3.75,110.9,89.65
2025-08-09 19:00:00,104.2,37.36144720206429,17.085,54.44644720206429,25.0,3.75,129.2,107.95
2025-08-09 20:00:00,127.62,36.38651083485244,17.085,53.47151083485244,25.0,3.75,152.62,131.37
2025-08-09 21:00:00,119.31,36.178510685828655,17.085,53.263510685828656,25.0,3.75,144.31,123.06
2025-08-09 22:00:00,107.89,38.519645227876055,17.085,55.604645227876055,25.0,3.75,132.89,111.64
2025-08-09 23:00:00,94.97,37.910986639428955,17.085,54.995986639428956,25.0,3.75,119.97,98.72
2025-08-10 00:00:00,84.79,36.28924757605779,17.085,53.37424757605779,25.0,3.75,109.79,88.54
2025-08-10 01:00:00,83.23,38.96807220327965,17.085,56.05307220327965,25.0,3.75,108.23,86.98
2025-08-10 02:00:00,83.1,36.5457793470338,17.085,53.6307793470338,25.0,3.75,108.1,86.85
2025-08-10 03:00:00,77.95,35.10052322862458,17.085,52.18552322862458,25.0,3.75,102.95,81.7
2025-08-10 04:00:00,80.68,35.28590617948668,17.085,52.37090617948668,25.0,3.75,105.68,84.43
2025-08-10 05:00:00,83.69,34.84636590467384,17.085,51.93136590467384,25.0,3.75,108.69,87.44
2025-08-10 06:00:00,82.27,36.259027544085995,17.085,53.344027544085996,25.0,3.75,107.27,86.02
2025-08-10 07:00:00,74.7,39.271296133965755,17.085,56.356296133965756,25.0,3.75,99.7,78.45
2025-08-10 08:00:00,26.36,35.19365721523235,17.085,52.27865721523235,25.0,3.75,51.36,30.11
2025-08-10 09:00:00,-0.01,37.180799099329576,17.085,54.26579909932958,25.0,3.75,24.99,3.74
2025-08-10 10:00:00,-3.11,35.49046888603854,17.085,52.57546888603854,25.0,3.75,21.89,0.6400000000000001
2025-08-10 11:00:00,-15.6,36.28322949475049,17.085,53.368229494750494,25.0,3.75,9.4,-11.85
2025-08-10 12:00:00,-40.03,33.78376515332286,17.085,50.86876515332286,25.0,3.75,-15.030000000000001,-36.28
2025-08-10 13:00:00,-61.08,36.36277111898029,17.085,53.44777111898029,25.0,3.75,-36.08,-57.33
2025-08-10 14:00:00,-50.94,36.41643681768345,17.085,53.50143681768345,25.0,3.75,-25.939999999999998,-47.19
2025-08-10 15:00:00,-22.12,37.88442346536476,17.085,54.96942346536476,25.0,3.75,2.879999999999999,-18.37
2025-08-10 16:00:00,-1.21,37.250409403804106,17.085,54.33540940380411,25.0,3.75,23.79,2.54
2025-08-10 17:00:00,2.13,34.40706332738928,17.085,51.49206332738928,25.0,3.75,27.13,5.88
2025-08-10 18:00:00,82.64,38.97224406538045,17.085,56.05724406538045,25.0,3.75,107.64,86.39
2025-08-10 19:00:00,108.55,37.22445365773736,17.085,54.30945365773736,25.0,3.75,133.55,112.3
2025-08-10 20:00:00,118.95,37.20063461164834,17.085,54.28563461164834,25.0,3.75,143.95,122.7
2025-08-10 21:00:00,122.45,36.78548287052309,17.085,53.87048287052309,25.0,3.75,147.45,126.2
2025-08-10 22:00:00,106.98,35.76833268284893,17.085,52.85333268284893,25.0,3.75,131.98000000000002,110.73
2025-08-10 23:00:00,98.9,37.23945225679082,17.085,54.32445225679082,25.0,3.75,123.9,102.65
2025-08-11 00:00:00,99.82,37.75502444915053,17.085,54.84002444915053,25.0,3.75,124.82,103.57
2025-08-11 01:00:00,91.97,33.31005619460226,17.085,50.39505619460226,25.0,3.75,116.97,95.72
2025-08-11 02:00:00,87.44,35.726325902601175,17.085,52.811325902601176,25.0,3.75,112.44,91.19
2025-08-11 03:00:00,85.19,36.29395363648619,17.085,53.37895363648619,25.0,3.75,110.19,88.94
2025-08-11 04:00:00,92.85,37.31618878868193,17.085,54.40118878868193,25.0,3.75,117.85,96.6
2025-08-11 05:00:00,103.51,39.19046958914762,17.085,56.27546958914762,25.0,3.75,128.51,107.26
2025-08-11 06:00:00,129.22,35.2603659480998,17.085,52.345365948099804,25.0,3.75,154.22,132.97
2025-08-11 07:00:00,133.49,35.807923883657686,17.085,52.89292388365769,25.0,3.75,158.49,137.24
2025-08-11 08:00:00,105.35,35.77877935600027,17.085,52.86377935600027,25.0,3.75,130.35,109.1
2025-08-11 09:00:00,90.75,35.200792397084285,17.085,52.285792397084286,25.0,3.75,115.75,94.5
2025-08-11 10:00:00,50.0,36.109474587068846,17.085,53.19447458706885,25.0,3.75,75.0,53.75
2025-08-11 11:00:00,2.54,38.34545201726931,17.085,55.43045201726931,25.0,3.75,27.54,6.29
2025-08-11 12:00:00,0.0,34.696176586564675,17.085,51.781176586564676,25.0,3.75,25.0,3.75
2025-08-11 13:00:00,0.0,37.659476367599176,17.085,54.74447636759918,25.0,3.75,25.0,3.75
2025-08-11 14:00:00,0.0,33.4000431172567,17.085,50.4850431172567,25.0,3.75,25.0,3.75
2025-08-11 15:00:00,9.0,35.68117158440896,17.085,52.76617158440896,25.0,3.75,34.0,12.75
2025-08-11 16:00:00,56.14,36.144868976857396,17.085,53.2298689768574,25.0,3.75,81.14,59.89
2025-08-11 17:00:00,92.25,40.153566923121495,17.085,57.238566923121496,25.0,3.75,117.25,96.0
2025-08-11 18:00:00,108.26,36.254242967787995,17.085,53.339242967787996,25.0,3.75,133.26,112.01
2025-08-11 19:00:00,154.0,32.40136063039153,17.085,49.48636063039153,25.0,3.75,179.0,157.75
2025-08-11 20:00:00,191.95,32.80606976357087,17.085,49.89106976357087,25.0,3.75,216.95,195.7
2025-08-11 21:00:00,138.88,36.87190674998673,17.085,53.95690674998673,25.0,3.75,163.88,142.63
2025-08-11 22:00:00,108.87,38.031389288873186,17.085,55.11638928887319,25.0,3.75,133.87,112.62
2025-08-11 23:00:00,96.0,37.55475929254787,17.085,54.63975929254787,25.0,3.75,121.0,99.75
2025-08-12 00:00:00,93.0,37.13898778889535,17.085,54.22398778889535,25.0,3.75,118.0,96.75
2025-08-12 01:00:00,89.67,39.1283667723047,17.085,56.2133667723047,25.0,3.75,114.67,93.42
2025-08-12 02:00:00,85.41,35.7246651358191,17.085,52.8096651358191,25.0,3.75,110.41,89.16
2025-08-12 03:00:00,85.13,38.59366868934702,17.085,55.67866868934702,25.0,3.75,110.13,88.88
2025-08-12 04:00:00,86.48,33.53981780724053,17.085,50.62481780724053,25.0,3.75,111.48,90.23
2025-08-12 05:00:00,93.97,34.993951911417234,17.085,52.078951911417235,25.0,3.75,118.97,97.72
2025-08-12 06:00:00,106.91,33.18976478742974,17.085,50.27476478742974,25.0,3.75,131.91,110.66
2025-08-12 07:00:00,104.63,36.254156975953784,17.085,53.339156975953784,25.0,3.75,129.63,108.38
2025-08-12 08:00:00,98.71,36.711325142760685,17.085,53.796325142760686,25.0,3.75,123.71,102.46
2025-08-12 09:00:00,92.49,37.03205056174641,17.085,54.11705056174641,25.0,3.75,117.49,96.24
2025-08-12 10:00:00,79.53,36.92761428306764,17.085,54.01261428306764,25.0,3.75,104.53,83.28
2025-08-12 11:00:00,40.41,34.94874091566991,17.085,52.03374091566991,25.0,3.75,65.41,44.16
2025-08-12 12:00:00,8.38,36.42336588846694,17.085,53.50836588846694,25.0,3.75,33.38,12.13
2025-08-12 13:00:00,3.0,33.808954240081874,17.085,50.893954240081875,25.0,3.75,28.0,6.75
2025-08-12 14:00:00,5.15,39.53030552755787,17.085,56.61530552755787,25.0,3.75,30.15,8.9
2025-08-12 15:00:00,35.05,36.196595431497364,17.085,53.281595431497365,25.0,3.75,60.05,38.8
2025-08-12 16:00:00,73.12,35.826075339205985,17.085,52.911075339205986,25.0,3.75,98.12,76.87
2025-08-12 17:00:00,94.06,39.98172823418153,17.085,57.06672823418153,25.0,3.75,119.06,97.81
2025-08-12 18:00:00,106.1,34.31935451019491,17.085,51.40435451019491,25.0,3.75,131.1,109.85
2025-08-12 19:00:00,149.31,34.55267334922943,17.085,51.63767334922943,25.0,3.75,174.31,153.06
2025-08-12 20:00:00,156.16,34.61140692755624,17.085,51.69640692755624,25.0,3.75,181.16,159.91
2025-08-12 21:00:00,140.4,36.6681048138944,17.085,53.7531048138944,25.0,3.75,165.4,144.15
2025-08-12 22:00:00,114.07,37.66711083656856,17.085,54.75211083656856,25.0,3.75,139.07,117.82
2025-08-12 23:00:00,97.73,38.28319851352904,17.085,55.36819851352904,25.0,3.75,122.73,101.48
2025-08-13 00:00:00,95.72,41.94783821228331,17.085,59.03283821228331,25.0,3.75,120.72,99.47
2025-08-13 01:00:00,90.0,32.30498266889184,17.085,49.38998266889184,25.0,3.75,115.0,93.75
2025-08-13 02:00:00,86.89,38.021318755542204,17.085,55.106318755542205,25.0,3.75,111.89,90.64
2025-08-13 03:00:00,84.71,35.68958643214891,17.085,52.77458643214891,25.0,3.75,109.71,88.46
2025-08-13 04:00:00,87.07,35.631017279515824,17.085,52.716017279515825,25.0,3.75,112.07,90.82
2025-08-13 05:00:00,93.3,35.56430332078561,17.085,52.64930332078561,25.0,3.75,118.3,97.05
2025-08-13 06:00:00,108.87,34.98630823567742,17.085,52.07130823567742,25.0,3.75,133.87,112.62
2025-08-13 07:00:00,107.52,40.17289724650027,17.085,57.25789724650027,25.0,3.75,132.51999999999998,111.27
2025-08-13 08:00:00,105.87,38.48844223132117,17.085,55.573442231321174,25.0,3.75,130.87,109.62
2025-08-13 09:00:00,93.6,36.85023953440812,17.085,53.93523953440812,25.0,3.75,118.6,97.35
2025-08-13 10:00:00,89.26,39.50587908226737,17.085,56.59087908226737,25.0,3.75,114.26,93.01
2025-08-13 11:00:00,68.2,33.778789646695614,17.085,50.863789646695615,25.0,3.75,93.2,71.95
2025-08-13 12:00:00,44.29,34.142437314631515,17.085,51.227437314631516,25.0,3.75,69.28999999999999,48.04
2025-08-13 13:00:00,27.89,32.44791211290399,17.085,49.53291211290399,25.0,3.75,52.89,31.64
2025-08-13 14:00:00,41.66,35.40501849704679,17.085,52.49001849704679,25.0,3.75,66.66,45.41
2025-08-13 15:00:00,70.9,37.127244630702876,17.085,54.21224463070288,25.0,3.75,95.9,74.65
2025-08-13 16:00:00,84.3,37.00956473315804,17.085,54.09456473315804,25.0,3.75,109.3,88.05
2025-08-13 17:00:00,96.64,37.10253139941313,17.085,54.18753139941313,25.0,3.75,121.64,100.39
2025-08-13 18:00:00,115.34,33.98173391516121,17.085,51.06673391516121,25.0,3.75,140.34,119.09
2025-08-13 19:00:00,193.3,38.410157062521414,17.085,55.495157062521415,25.0,3.75,218.3,197.05
2025-08-13 20:00:00,226.64,37.28310261377136,17.085,54.36810261377136,25.0,3.75,251.64,230.39
2025-08-13 21:00:00,154.52,38.26995614022537,17.085,55.35495614022537,25.0,3.75,179.52,158.27
2025-08-13 22:00:00,123.21,33.01832322211327,17.085,50.10332322211327,25.0,3.75,148.20999999999998,126.96
2025-08-13 23:00:00,106.27,37.42682929488895,17.085,54.51182929488895,25.0,3.75,131.26999999999998,110.02
2025-08-14 00:00:00,98.1,34.42831709745831,17.085,51.51331709745831,25.0,3.75,123.1,101.85
2025-08-14 01:00:00,92.0,36.00920107219064,17.085,53.09420107219064,25.0,3.75,117.0,95.75
2025-08-14 02:00:00,88.45,37.872577374566134,17.085,54.957577374566135,25.0,3.75,113.45,92.2
2025-08-14 03:00:00,88.2,36.986034789805196,17.085,54.071034789805196,25.0,3.75,113.2,91.95
2025-08-14 04:00:00,88.53,35.10076761773473,17.085,52.18576761773473,25.0,3.75,113.53,92.28
2025-08-14 05:00:00,97.52,36.8163938896622,17.085,53.9013938896622,25.0,3.75,122.52,101.27
2025-08-14 06:00:00,107.94,33.74077694680608,17.085,50.82577694680608,25.0,3.75,132.94,111.69
2025-08-14 07:00:00,109.92,39.10438236908996,17.085,56.18938236908996,25.0,3.75,134.92000000000002,113.67
2025-08-14 08:00:00,99.51,36.39327953830087,17.085,53.47827953830087,25.0,3.75,124.51,103.26
2025-08-14 09:00:00,91.1,39.040947465804024,17.085,56.125947465804025,25.0,3.75,116.1,94.85
2025-08-14 10:00:00,81.26,35.75078420310128,17.085,52.835784203101284,25.0,3.75,106.26,85.01
2025-08-14 11:00:00,67.57,35.7566956004802,17.085,52.8416956004802,25.0,3.75,92.57,71.32
2025-08-14 12:00:00,54.09,35.275474004017674,17.085,52.360474004017675,25.0,3.75,79.09,57.84
2025-08-14 13:00:00,41.02,38.55619544067952,17.085,55.64119544067952,25.0,3.75,66.02000000000001,44.77
2025-08-14 14:00:00,54.9,35.38498526263641,17.085,52.46998526263641,25.0,3.75,79.9,58.65
2025-08-14 15:00:00,69.43,38.09303844212372,17.085,55.17803844212372,25.0,3.75,94.43,73.18
2025-08-14 16:00:00,78.99,36.03894278195479,17.085,53.12394278195479,25.0,3.75,103.99,82.74
2025-08-14 17:00:00,97.22,32.851920977510126,17.085,49.93692097751013,25.0,3.75,122.22,100.97
2025-08-14 18:00:00,115.54,35.663219441720436,17.085,52.74821944172044,25.0,3.75,140.54000000000002,119.29
2025-08-14 19:00:00,233.8,34.44563114856767,17.085,51.53063114856767,25.0,3.75,258.8,237.55
2025-08-14 20:00:00,283.89,36.871653024658045,17.085,53.956653024658046,25.0,3.75,308.89,287.64
2025-08-14 21:00:00,155.84,34.42303210594439,17.085,51.50803210594439,25.0,3.75,180.84,159.59
2025-08-14 22:00:00,120.71,38.6557977787226,17.085,55.7407977787226,25.0,3.75,145.70999999999998,124.46
2025-08-14 23:00:00,105.95,36.621695856587316,17.085,53.70669585658732,25.0,3.75,130.95,109.7
2025-08-15 00:00:00,99.59,36.44865558777589,17.085,53.53365558777589,25.0,3.75,124.59,103.34
2025-08-15 01:00:00,98.97,38.11563185286853,17.085,55.20063185286853,25.0,3.75,123.97,102.72
2025-08-15 02:00:00,93.9,38.73166144544509,17.085,55.81666144544509,25.0,3.75,118.9,97.65
2025-08-15 03:00:00,90.33,36.763650073754064,17.085,53.848650073754065,25.0,3.75,115.33,94.08
2025-08-15 04:00:00,92.0,35.26144697819478,17.085,52.346446978194784,25.0,3.75,117.0,95.75
2025-08-15 05:00:00,96.91,33.25590834506911,17.085,50.34090834506911,25.0,3.75,121.91,100.66
2025-08-15 06:00:00,101.66,35.43174806322301,17.085,52.51674806322301,25.0,3.75,126.66,105.41
2025-08-15 07:00:00,101.31,35.56942308399744,17.085,52.65442308399744,25.0,3.75,126.31,105.06
2025-08-15 08:00:00,96.6,37.01796248327796,17.085,54.10296248327796,25.0,3.75,121.6,100.35
2025-08-15 09:00:00,83.47,36.11355381501731,17.085,53.19855381501731,25.0,3.75,108.47,87.22
2025-08-15 10:00:00,43.9,38.17971352139622,17.085,55.264713521396224,25.0,3.75,68.9,47.65
2025-08-15 11:00:00,3.0,35.57788103475199,17.085,52.66288103475199,25.0,3.75,28.0,6.75
2025-08-15 12:00:00,0.08,36.68976524358749,17.085,53.77476524358749,25.0,3.75,25.08,3.83
2025-08-15 13:00:00,0.0,39.17182246368715,17.085,56.25682246368715,25.0,3.75,25.0,3.75
2025-08-15 14:00:00,0.0,37.4874980052033,17.085,54.5724980052033,25.0,3.75,25.0,3.75
2025-08-15 15:00:00,1.72,36.68377249391624,17.085,53.76877249391624,25.0,3.75,26.72,5.47
2025-08-15 16:00:00,27.66,35.59995869342301,17.085,52.68495869342301,25.0,3.75,52.66,31.41
2025-08-15 17:00:00,77.96,35.537384783863416,17.085,52.62238478386342,25.0,3.75,102.96,81.71
2025-08-15 18:00:00,105.89,35.10262107138947,17.085,52.18762107138947,25.0,3.75,130.89,109.64
2025-08-15 19:00:00,114.38,35.721833845727566,17.085,52.80683384572757,25.0,3.75,139.38,118.13
2025-08-15 20:00:00,124.01,38.315179254781995,17.085,55.400179254781996,25.0,3.75,149.01,127.76
2025-08-15 21:00:00,111.5,36.36007103470883,17.085,53.44507103470883,25.0,3.75,136.5,115.25
2025-08-15 22:00:00,105.94,34.104301438530904,17.085,51.189301438530904,25.0,3.75,130.94,109.69
2025-08-15 23:00:00,95.96,40.34018616341294,17.085,57.42518616341294,25.0,3.75,120.96,99.71
2025-08-16 00:00:00,96.11,37.44377795958369,17.085,54.52877795958369,25.0,3.75,121.11,99.86
2025-08-16 01:00:00,90.92,33.989960776267026,17.085,51.07496077626703,25.0,3.75,115.92,94.67
2025-08-16 02:00:00,89.78,35.92014972281172,17.085,53.00514972281172,25.0,3.75,114.78,93.53
2025-08-16 03:00:00,85.35,37.025620342950205,17.085,54.110620342950206,25.0,3.75,110.35,89.1
2025-08-16 04:00:00,84.05,40.213031763888125,17.085,57.298031763888126,25.0,3.75,109.05,87.8
2025-08-16 05:00:00,87.09,34.58762266077563,17.085,51.67262266077563,25.0,3.75,112.09,90.84
2025-08-16 06:00:00,91.01,38.75592901600526,17.085,55.84092901600526,25.0,3.75,116.01,94.76
2025-08-16 07:00:00,90.02,39.60282043123805,17.085,56.68782043123805,25.0,3.75,115.02,93.77
2025-08-16 08:00:00,80.99,35.54653896714423,17.085,52.63153896714423,25.0,3.75,105.99,84.74
2025-08-16 09:00:00,67.94,36.2488203395729,17.085,53.3338203395729,25.0,3.75,92.94,71.69
2025-08-16 10:00:00,25.12,34.73122908254583,17.085,51.81622908254583,25.0,3.75,50.120000000000005,28.87
2025-08-16 11:00:00,3.8,36.39692529513276,17.085,53.48192529513276,25.0,3.75,28.8,7.55
2025-08-16 12:00:00,0.17,36.730667628607506,17.085,53.81566762860751,25.0,3.75,25.17,3.92
2025-08-16 13:00:00,-0.01,38.12314757345811,17.085,55.20814757345811,25.0,3.75,24.99,3.74
2025-08-16 14:00:00,-0.01,38.98421451933426,17.085,56.06921451933426,25.0,3.75,24.99,3.74
2025-08-16 15:00:00,-0.01,35.30765544805007,17.085,52.39265544805007,25.0,3.75,24.99,3.74
2025-08-16 16:00:00,0.71,32.869197448841376,17.085,49.95419744884138,25.0,3.75,25.71,4.46
2025-08-16 17:00:00,16.21,36.761358018740886,17.085,53.84635801874089,25.0,3.75,41.21,19.96
2025-08-16 18:00:00,69.92,37.39092263723065,17.085,54.47592263723065,25.0,3.75,94.92,73.67
2025-08-16 19:00:00,95.0,37.30268295266345,17.085,54.387682952663454,25.0,3.75,120.0,98.75
2025-08-16 20:00:00,102.62,36.15050108227528,17.085,53.23550108227528,25.0,3.75,127.62,106.37
2025-08-16 21:00:00,100.61,37.053351776621234,17.085,54.138351776621235,25.0,3.75,125.61,104.36
2025-08-16 22:00:00,95.0,39.83473719399786,17.085,56.91973719399786,25.0,3.75,120.0,98.75
2025-08-16 23:00:00,90.0,37.56731591521839,17.085,54.65231591521839,25.0,3.75,115.0,93.75
2025-08-17 00:00:00,91.28,36.0571107272872,17.085,53.1421107272872,25.0,3.75,116.28,95.03
2025-08-17 01:00:00,85.34,35.80345194310138,17.085,52.88845194310138,25.0,3.75,110.34,89.09
2025-08-17 02:00:00,86.86,36.46414286193791,17.085,53.54914286193791,25.0,3.75,111.86,90.61
2025-08-17 03:00:00,86.63,40.077327500954645,17.085,57.162327500954646,25.0,3.75,111.63,90.38
2025-08-17 04:00:00,87.73,36.437246158240974,17.085,53.522246158240975,25.0,3.75,112.73,91.48
2025-08-17 05:00:00,89.93,36.76425888825195,17.085,53.84925888825195,25.0,3.75,114.93,93.68
2025-08-17 06:00:00,89.89,35.83922043542076,17.085,52.924220435420764,25.0,3.75,114.89,93.64
2025-08-17 07:00:00,81.03,39.0018142921773,17.085,56.0868142921773,25.0,3.75,106.03,84.78
2025-08-17 08:00:00,76.24,40.723522086782715,17.085,57.808522086782716,25.0,3.75,101.24,79.99
2025-08-17 09:00:00,32.59,37.70507367615615,17.085,54.79007367615615,25.0,3.75,57.59,36.34
2025-08-17 10:00:00,9.96,36.96939338486422,17.085,54.05439338486422,25.0,3.75,34.96,13.71
2025-08-17 11:00:00,0.1,36.87741324364184,17.085,53.96241324364184,25.0,3.75,25.1,3.85
2025-08-17 12:00:00,-0.2,32.035233999721875,17.085,49.120233999721876,25.0,3.75,24.8,3.55
2025-08-17 13:00:00,-0.93,38.294149305863,17.085,55.379149305863,25.0,3.75,24.07,2.82
2025-08-17 14:00:00,-1.25,37.07218040928505,17.085,54.157180409285054,25.0,3.75,23.75,2.5
2025-08-17 15:00:00,0.65,37.66053167861482,17.085,54.74553167861482,25.0,3.75,25.65,4.4
2025-08-17 16:00:00,13.81,35.38092318912596,17.085,52.46592318912596,25.0,3.75,38.81,17.560000000000002
2025-08-17 17:00:00,72.4,36.03493381933919,17.085,53.11993381933919,25.0,3.75,97.4,76.15
2025-08-17 18:00:00,96.69,35.981797704287025,17.085,53.066797704287026,25.0,3.75,121.69,100.44
2025-08-17 19:00:00,110.0,38.84709354543945,17.085,55.93209354543945,25.0,3.75,135.0,113.75
2025-08-17 20:00:00,110.66,36.04632790408718,17.085,53.13132790408718,25.0,3.75,135.66,114.41
2025-08-17 21:00:00,110.14,40.969168221512966,17.085,58.05416822151297,25.0,3.75,135.14,113.89
2025-08-17 22:00:00,105.1,37.665572415323446,17.085,54.75057241532345,25.0,3.75,130.1,108.85
2025-08-17 23:00:00,102.54,34.25248225730191,17.085,51.33748225730191,25.0,3.75,127.54,106.29
2025-08-18 00:00:00,91.99,36.54675499078945,17.085,53.63175499078945,25.0,3.75,116.99,95.74
2025-08-18 01:00:00,87.13,35.50049733298054,17.085,52.58549733298054,25.0,3.75,112.13,90.88
2025-08-18 02:00:00,84.33,32.41508263765332,17.085,49.50008263765332,25.0,3.75,109.33,88.08
2025-08-18 03:00:00,83.85,40.00278945752095,17.085,57.08778945752095,25.0,3.75,108.85,87.6
2025-08-18 04:00:00,89.46,38.210132661733375,17.085,55.295132661733376,25.0,3.75,114.46,93.21
2025-08-18 05:00:00,99.27,37.87026221309199,17.085,54.95526221309199,25.0,3.75,124.27,103.02
2025-08-18 06:00:00,118.51,37.13465489789278,17.085,54.21965489789278,25.0,3.75,143.51,122.26
2025-08-18 07:00:00,130.13,34.039812439908495,17.085,51.124812439908496,25.0,3.75,155.13,133.88
2025-08-18 08:00:00,109.87,35.83661329818249,17.085,52.92161329818249,25.0,3.75,134.87,113.62
2025-08-18 09:00:00,88.84,38.487409126861394,17.085,55.572409126861395,25.0,3.75,113.84,92.59
2025-08-18 10:00:00,72.06,34.70140751772836,17.085,51.786407517728364,25.0,3.75,97.06,75.81
2025-08-18 11:00:00,45.93,31.740308944791742,17.085,48.82530894479174,25.0,3.75,70.93,49.68
2025-08-18 12:00:00,20.04,36.34963556173152,17.085,53.43463556173152,25.0,3.75,45.04,23.79
2025-08-18 13:00:00,14.23,36.52033246923829,17.085,53.60533246923829,25.0,3.75,39.230000000000004,17.98
2025-08-18 14:00:00,18.34,37.074974410122785,17.085,54.159974410122786,25.0,3.75,43.34,22.09
2025-08-18 15:00:00,54.56,38.26088486432244,17.085,55.34588486432244,25.0,3.75,79.56,58.31
2025-08-18 16:00:00,70.94,38.07905920175578,17.085,55.164059201755784,25.0,3.75,95.94,74.69
2025-08-18 17:00:00,90.32,37.32138718778121,17.085,54.40638718778121,25.0,3.75,115.32,94.07
2025-08-18 18:00:00,109.87,39.19491035346679,17.085,56.27991035346679,25.0,3.75,134.87,113.62
2025-08-18 19:00:00,185.5,33.76590801566674,17.085,50.85090801566674,25.0,3.75,210.5,189.25
2025-08-18 20:00:00,197.42,37.81301120624815,17.085,54.89801120624815,25.0,3.75,222.42,201.17
2025-08-18 21:00:00,124.67,38.05692430396725,17.085,55.14192430396725,25.0,3.75,149.67000000000002,128.42000000000002
2025-08-18 22:00:00,107.49,34.32472300513289,17.085,51.40972300513289,25.0,3.75,132.49,111.24
2025-08-18 23:00:00,102.0,33.79810635992859,17.085,50.88310635992859,25.0,3.75,127.0,105.75
2025-08-19 00:00:00,101.01,35.311963324342166,17.085,52.39696332434217,25.0,3.75,126.01,104.76
2025-08-19 01:00:00,94.82,35.48076469226278,17.085,52.56576469226278,25.0,3.75,119.82,98.57
2025-08-19 02:00:00,88.2,38.31068650429823,17.085,55.39568650429823,25.0,3.75,113.2,91.95
2025-08-19 03:00:00,86.37,35.57477000991118,17.085,52.65977000991118,25.0,3.75,111.37,90.12
2025-08-19 04:00:00,90.09,35.09115054073096,17.085,52.17615054073096,25.0,3.75,115.09,93.84
2025-08-19 05:00:00,102.5,35.580580103904246,17.085,52.66558010390425,25.0,3.75,127.5,106.25
2025-08-19 06:00:00,111.1,39.041112245601795,17.085,56.126112245601796,25.0,3.75,136.1,114.85
2025-08-19 07:00:00,109.95,36.82993432604727,17.085,53.91493432604727,25.0,3.75,134.95,113.7
2025-08-19 08:00:00,98.05,36.445345526579544,17.085,53.530345526579545,25.0,3.75,123.05,101.8
2025-08-19 09:00:00,88.57,36.58383657989126,17.085,53.66883657989126,25.0,3.75,113.57,92.32
2025-08-19 10:00:00,69.64,39.38796824594641,17.085,56.47296824594641,25.0,3.75,94.64,73.39
2025-08-19 11:00:00,43.23,35.30550412408689,17.085,52.39050412408689,25.0,3.75,68.22999999999999,46.98
2025-08-19 12:00:00,22.85,39.43486415917358,17.085,56.51986415917358,25.0,3.75,47.85,26.6
2025-08-19 13:00:00,8.97,37.22484017513638,17.085,54.30984017513638,25.0,3.75,33.97,12.72
2025-08-19 14:00:00,15.26,36.48300881334267,17.085,53.56800881334267,25.0,3.75,40.26,19.009999999999998
2025-08-19 15:00:00,30.89,41.80564857316193,17.085,58.89064857316193,25.0,3.75,55.89,34.64
2025-08-19 16:00:00,60.6,34.69256859769617,17.085,51.777568597696174,25.0,3.75,85.6,64.35
2025-08-19 17:00:00,91.48,36.096476058159354,17.085,53.181476058159355,25.0,3.75,116.48,95.23
2025-08-19 18:00:00,101.91,34.33898509896537,17.085,51.42398509896537,25.0,3.75,126.91,105.66
2025-08-19 19:00:00,120.51,38.70877151836571,17.085,55.79377151836571,25.0,3.75,145.51,124.26
2025-08-19 20:00:00,128.62,40.182225444596725,17.085,57.267225444596725,25.0,3.75,153.62,132.37
2025-08-19 21:00:00,111.06,40.14369314010265,17.085,57.22869314010265,25.0,3.75,136.06,114.81
2025-08-19 22:00:00,104.41,39.25174508358538,17.085,56.33674508358538,25.0,3.75,129.41,108.16
2025-08-19 23:00:00,97.2,36.40860664170144,17.085,53.49360664170144,25.0,3.75,122.2,100.95
2025-08-20 00:00:00,97.7,36.07336562231367,17.085,53.158365622313674,25.0,3.75,122.7,101.45
2025-08-20 01:00:00,93.18,33.46150803230524,17.085,50.54650803230524,25.0,3.75,118.18,96.93
2025-08-20 02:00:00,87.64,40.87559464765695,17.085,57.960594647656954,25.0,3.75,112.64,91.39
2025-08-20 03:00:00,85.78,37.7418037335903,17.085,54.8268037335903,25.0,3.75,110.78,89.53
2025-08-20 04:00:00,89.66,35.8199337675544,17.085,52.904933767554404,25.0,3.75,114.66,93.41
2025-08-20 05:00:00,98.8,39.4599613552673,17.085,56.544961355267304,25.0,3.75,123.8,102.55
2025-08-20 06:00:00,108.84,34.858318543773365,17.085,51.943318543773366,25.0,3.75,133.84,112.59
2025-08-20 07:00:00,110.12,37.61709164573872,17.085,54.70209164573872,25.0,3.75,135.12,113.87
2025-08-20 08:00:00,103.91,36.4585893087117,17.085,53.5435893087117,25.0,3.75,128.91,107.66
2025-08-20 09:00:00,90.05,38.08120185705397,17.085,55.16620185705397,25.0,3.75,115.05,93.8
2025-08-20 10:00:00,80.98,36.67670049892112,17.085,53.76170049892112,25.0,3.75,105.98,84.73
2025-08-20 11:00:00,69.06,33.90199179507092,17.085,50.98699179507092,25.0,3.75,94.06,72.81
2025-08-20 12:00:00,49.07,36.955000322633445,17.085,54.040000322633446,25.0,3.75,74.07,52.82
2025-08-20 13:00:00,35.0,38.901575861044094,17.085,55.986575861044095,25.0,3.75,60.0,38.75
2025-08-20 14:00:00,42.03,36.745414765585394,17.085,53.830414765585395,25.0,3.75,67.03,45.78
2025-08-20 15:00:00,73.02,38.35407782047154,17.085,55.43907782047154,25.0,3.75,98.02,76.77
2025-08-20 16:00:00,81.45,34.71278860594526,17.085,51.797788605945264,25.0,3.75,106.45,85.2
2025-08-20 17:00:00,101.69,36.751325990753664,17.085,53.836325990753664,25.0,3.75,126.69,105.44
2025-08-20 18:00:00,109.16,35.55482666711622,17.085,52.63982666711622,25.0,3.75,134.16,112.91
2025-08-20 19:00:00,135.15,38.297809257502784,17.085,55.382809257502785,25.0,3.75,160.15,138.9
2025-08-20 20:00:00,126.11,36.866830701817356,17.085,53.95183070181736,25.0,3.75,151.11,129.86
2025-08-20 21:00:00,114.95,38.183994929966595,17.085,55.268994929966595,25.0,3.75,139.95,118.7
2025-08-20 22:00:00,103.49,38.9792684296091,17.085,56.0642684296091,25.0,3.75,128.49,107.24
2025-08-20 23:00:00,97.34,38.187084727536146,17.085,55.272084727536146,25.0,3.75,122.34,101.09
2025-08-21 00:00:00,96.11,37.350084445880654,17.085,54.435084445880655,25.0,3.75,121.11,99.86
2025-08-21 01:00:00,90.73,34.80742306027056,17.085,51.89242306027056,25.0,3.75,115.73,94.48
2025-08-21 02:00:00,87.52,36.79827535595957,17.085,53.88327535595957,25.0,3.75,112.52,91.27
2025-08-21 03:00:00,90.88,35.7376667732617,17.085,52.8226667732617,25.0,3.75,115.88,94.63
2025-08-21 04:00:00,92.37,36.11571966388492,17.085,53.20071966388492,25.0,3.75,117.37,96.12
2025-08-21 05:00:00,108.59,36.05477927579287,17.085,53.13977927579287,25.0,3.75,133.59,112.34
2025-08-21 06:00:00,115.6,34.84399642772888,17.085,51.92899642772888,25.0,3.75,140.6,119.35
2025-08-21 07:00:00,116.89,32.88917039902539,17.085,49.97417039902539,25.0,3.75,141.89,120.64
2025-08-21 08:00:00,107.79,35.46756148063783,17.085,52.552561480637834,25.0,3.75,132.79000000000002,111.54
2025-08-21 09:00:00,97.32,37.190606481141685,17.085,54.275606481141686,25.0,3.75,122.32,101.07
2025-08-21 10:00:00,85.85,34.107493486438386,17.085,51.19249348643839,25.0,3.75,110.85,89.6
2025-08-21 11:00:00,77.64,36.83521205023661,17.085,53.920212050236614,25.0,3.75,102.64,81.39
2025-08-21 12:00:00,69.49,40.6043844259153,17.085,57.6893844259153,25.0,3.75,94.49,73.24
2025-08-21 13:00:00,66.09,38.84996068779785,17.085,55.93496068779785,25.0,3.75,91.09,69.84
2025-08-21 14:00:00,56.26,40.090930595534424,17.085,57.175930595534425,25.0,3.75,81.25999999999999,60.01
2025-08-21 15:00:00,68.2,37.58610333115882,17.085,54.67110333115882,25.0,3.75,93.2,71.95
2025-08-21 16:00:00,72.39,39.13886722326626,17.085,56.22386722326626,25.0,3.75,97.39,76.14
2025-08-21 17:00:00,92.88,35.35591811635779,17.085,52.44091811635779,25.0,3.75,117.88,96.63
2025-08-21 18:00:00,103.2,35.5151670432494,17.085,52.6001670432494,25.0,3.75,128.2,106.95
2025-08-21 19:00:00,106.39,31.325567165018423,17.085,48.41056716501842,25.0,3.75,131.39,110.14
2025-08-21 20:00:00,110.73,39.176138525377965,17.085,56.261138525377966,25.0,3.75,135.73000000000002,114.48
2025-08-21 21:00:00,110.73,39.88449553693314,17.085,56.96949553693314,25.0,3.75,135.73000000000002,114.48
2025-08-21 22:00:00,105.0,35.697493086598826,17.085,52.782493086598826,25.0,3.75,130.0,108.75
2025-08-21 23:00:00,95.78,36.2959441644989,17.085,53.3809441644989,25.0,3.75,120.78,99.53
2025-08-22 00:00:00,89.27,35.29612334991145,17.085,52.38112334991145,25.0,3.75,114.27,93.02
2025-08-22 01:00:00,81.99,37.56915468024835,17.085,54.654154680248354,25.0,3.75,106.99,85.74
2025-08-22 02:00:00,78.59,39.05371266789985,17.085,56.13871266789985,25.0,3.75,103.59,82.34
2025-08-22 03:00:00,77.52,33.318303629531286,17.085,50.40330362953129,25.0,3.75,102.52,81.27
2025-08-22 04:00:00,77.65,37.62272463857787,17.085,54.70772463857787,25.0,3.75,102.65,81.4
2025-08-22 05:00:00,87.9,36.25050403385508,17.085,53.33550403385508,25.0,3.75,112.9,91.65
2025-08-22 06:00:00,105.76,37.03063636122675,17.085,54.11563636122675,25.0,3.75,130.76,109.51
2025-08-22 07:00:00,107.45,37.72183558064195,17.085,54.80683558064195,25.0,3.75,132.45,111.2
2025-08-22 08:00:00,102.32,36.42744269974773,17.085,53.51244269974773,25.0,3.75,127.32,106.07
2025-08-22 09:00:00,90.02,36.59667387048181,17.085,53.68167387048181,25.0,3.75,115.02,93.77
2025-08-22 10:00:00,72.44,36.37609724218409,17.085,53.46109724218409,25.0,3.75,97.44,76.19
2025-08-22 11:00:00,42.5,38.74447998086993,17.085,55.829479980869934,25.0,3.75,67.5,46.25
2025-08-22 12:00:00,14.07,37.64136749754836,17.085,54.72636749754836,25.0,3.75,39.07,17.82
2025-08-22 13:00:00,3.84,37.24501465276809,17.085,54.33001465276809,25.0,3.75,28.84,7.59
2025-08-22 14:00:00,0.02,34.261944135108806,17.085,51.34694413510881,25.0,3.75,25.02,3.77
2025-08-22 15:00:00,4.01,36.04668809086706,17.085,53.13168809086706,25.0,3.75,29.009999999999998,7.76
2025-08-22 16:00:00,40.64,38.60118589797172,17.085,55.68618589797172,25.0,3.75,65.64,44.39
2025-08-22 17:00:00,73.14,36.879240723541216,17.085,53.96424072354122,25.0,3.75,98.14,76.89
2025-08-22 18:00:00,95.17,38.12291051647164,17.085,55.20791051647164,25.0,3.75,120.17,98.92
2025-08-22 19:00:00,106.07,40.33687117794864,17.085,57.42187117794864,25.0,3.75,131.07,109.82
2025-08-22 20:00:00,113.0,38.881059715711004,17.085,55.966059715711005,25.0,3.75,138.0,116.75
2025-08-22 21:00:00,107.63,36.99016425269285,17.085,54.07516425269285,25.0,3.75,132.63,111.38
2025-08-22 22:00:00,103.09,35.78186923690191,17.085,52.86686923690191,25.0,3.75,128.09,106.84
2025-08-22 23:00:00,94.37,31.69674838518157,17.085,48.78174838518157,25.0,3.75,119.37,98.12
2025-08-23 00:00:00,95.33,36.46707773234766,17.085,53.55207773234766,25.0,3.75,120.33,99.08
2025-08-23 01:00:00,89.32,36.15182258565967,17.085,53.236822585659674,25.0,3.75,114.32,93.07
2025-08-23 02:00:00,87.76,37.58457996608412,17.085,54.66957996608412,25.0,3.75,112.76,91.51
2025-08-23 03:00:00,85.21,36.496037123343996,17.085,53.581037123344,25.0,3.75,110.21,88.96
2025-08-23 04:00:00,85.56,36.16307745841978,17.085,53.24807745841978,25.0,3.75,110.56,89.31
2025-08-23 05:00:00,85.6,33.24504971627893,17.085,50.33004971627893,25.0,3.75,110.6,89.35
2025-08-23 06:00:00,86.67,34.923911918993234,17.085,52.008911918993235,25.0,3.75,111.67,90.42
2025-08-23 07:00:00,86.78,37.757149658894484,17.085,54.842149658894485,25.0,3.75,111.78,90.53
2025-08-23 08:00:00,83.57,40.235662839558756,17.085,57.32066283955876,25.0,3.75,108.57,87.32
2025-08-23 09:00:00,62.9,36.60879680980212,17.085,53.69379680980212,25.0,3.75,87.9,66.65
2025-08-23 10:00:00,14.69,37.45946972444162,17.085,54.54446972444162,25.0,3.75,39.69,18.439999999999998
2025-08-23 11:00:00,3.29,38.708803891198976,17.085,55.793803891198976,25.0,3.75,28.29,7.04
2025-08-23 12:00:00,1.32,35.18205970489287,17.085,52.26705970489287,25.0,3.75,26.32,5.07
2025-08-23 13:00:00,0.06,37.53747566386425,17.085,54.62247566386425,25.0,3.75,25.06,3.81
2025-08-23 14:00:00,0.07,35.32286736462905,17.085,52.40786736462905,25.0,3.75,25.07,3.82
2025-08-23 15:00:00,3.52,38.533496454275394,17.085,55.618496454275395,25.0,3.75,28.52,7.27
2025-08-23 16:00:00,12.1,37.10665367319683,17.085,54.19165367319683,25.0,3.75,37.1,15.85
2025-08-23 17:00:00,72.19,37.40075120525625,17.085,54.48575120525625,25.0,3.75,97.19,75.94
2025-08-23 18:00:00,100.31,35.23865038245619,17.085,52.323650382456194,25.0,3.75,125.31,104.06
2025-08-23 19:00:00,112.22,38.21791229651494,17.085,55.30291229651494,25.0,3.75,137.22,115.97
2025-08-23 20:00:00,123.67,40.9732734197554,17.085,58.0582734197554,25.0,3.75,148.67000000000002,127.42
2025-08-23 21:00:00,120.43,34.78802418643696,17.085,51.87302418643696,25.0,3.75,145.43,124.18
2025-08-23 22:00:00,111.16,36.12432956199832,17.085,53.209329561998324,25.0,3.75,136.16,114.91
2025-08-23 23:00:00,105.28,37.267062525629555,17.085,54.352062525629556,25.0,3.75,130.28,109.03
2025-08-24 00:00:00,100.5,38.376660001285,17.085,55.461660001285004,25.0,3.75,125.5,104.25
2025-08-24 01:00:00,95.13,35.68475500671443,17.085,52.76975500671443,25.0,3.75,120.13,98.88
2025-08-24 02:00:00,94.41,31.137786997007886,17.085,48.22278699700789,25.0,3.75,119.41,98.16
2025-08-24 03:00:00,92.13,39.522226565621416,17.085,56.60722656562142,25.0,3.75,117.13,95.88
2025-08-24 04:00:00,91.2,38.324859816461654,17.085,55.409859816461655,25.0,3.75,116.2,94.95
2025-08-24 05:00:00,90.97,33.317952516320034,17.085,50.402952516320035,25.0,3.75,115.97,94.72
2025-08-24 06:00:00,90.0,35.588709993734255,17.085,52.673709993734256,25.0,3.75,115.0,93.75
2025-08-24 07:00:00,85.01,39.94021243634802,17.085,57.02521243634802,25.0,3.75,110.01,88.76
2025-08-24 08:00:00,72.84,39.6994404142091,17.085,56.7844404142091,25.0,3.75,97.84,76.59
2025-08-24 09:00:00,4.8,38.68112762265126,17.085,55.76612762265126,25.0,3.75,29.8,8.55
2025-08-24 10:00:00,-0.01,36.451622709373645,17.085,53.536622709373646,25.0,3.75,24.99,3.74
2025-08-24 11:00:00,-0.07,36.96982241491839,17.085,54.05482241491839,25.0,3.75,24.93,3.68
2025-08-24 12:00:00,-1.98,36.54199596704112,17.085,53.62699596704112,25.0,3.75,23.02,1.77
2025-08-24 13:00:00,-7.45,39.060327143831046,17.085,56.14532714383105,25.0,3.75,17.55,-3.7
2025-08-24 14:00:00,-7.4,35.05216276430315,17.085,52.13716276430315,25.0,3.75,17.6,-3.6500000000000004
2025-08-24 15:00:00,-0.1,35.19224826752496,17.085,52.27724826752496,25.0,3.75,24.9,3.65
2025-08-24 16:00:00,0.0,38.8243967509654,17.085,55.9093967509654,25.0,3.75,25.0,3.75
2025-08-24 17:00:00,63.36,36.71512466627024,17.085,53.80012466627024,25.0,3.75,88.36,67.11
2025-08-24 18:00:00,99.81,39.56078228820098,17.085,56.645782288200984,25.0,3.75,124.81,103.56
2025-08-24 19:00:00,110.5,35.46082316333228,17.085,52.54582316333228,25.0,3.75,135.5,114.25
2025-08-24 20:00:00,117.31,36.694290856615716,17.085,53.77929085661572,25.0,3.75,142.31,121.06
2025-08-24 21:00:00,114.32,34.959021607605465,17.085,52.044021607605465,25.0,3.75,139.32,118.07
2025-08-24 22:00:00,107.5,36.818572940140506,17.085,53.903572940140506,25.0,3.75,132.5,111.25
2025-08-24 23:00:00,100.52,33.84675370329577,17.085,50.93175370329577,25.0,3.75,125.52,104.27
2025-08-25 00:00:00,95.28,35.82858073538344,17.085,52.91358073538344,25.0,3.75,120.28,99.03
2025-08-25 01:00:00,87.03,33.93133984743713,17.085,51.01633984743713,25.0,3.75,112.03,90.78
2025-08-25 02:00:00,84.02,38.19169404367589,17.085,55.27669404367589,25.0,3.75,109.02,87.77
2025-08-25 03:00:00,82.9,38.23702625681267,17.085,55.32202625681267,25.0,3.75,107.9,86.65
2025-08-25 04:00:00,83.46,33.34332211632468,17.085,50.42832211632468,25.0,3.75,108.46,87.21
2025-08-25 05:00:00,102.46,39.471619068294515,17.085,56.556619068294516,25.0,3.75,127.46,106.21
2025-08-25 06:00:00,115.38,41.79867783013307,17.085,58.883677830133074,25.0,3.75,140.38,119.13
2025-08-25 07:00:00,125.0,36.89586035076605,17.085,53.98086035076605,25.0,3.75,150.0,128.75
2025-08-25 08:00:00,110.04,35.52161905684408,17.085,52.60661905684408,25.0,3.75,135.04000000000002,113.79
2025-08-25 09:00:00,91.97,42.45250875929946,17.085,59.53750875929946,25.0,3.75,116.97,95.72
2025-08-25 10:00:00,72.98,34.16591058068835,17.085,51.25091058068835,25.0,3.75,97.98,76.73
2025-08-25 11:00:00,35.02,36.844060511031564,17.085,53.929060511031565,25.0,3.75,60.02,38.77
2025-08-25 12:00:00,10.0,37.16309212255722,17.085,54.24809212255722,25.0,3.75,35.0,13.75
2025-08-25 13:00:00,5.93,39.4941428181982,17.085,56.5791428181982,25.0,3.75,30.93,9.68
2025-08-25 14:00:00,6.78,37.523325527546945,17.085,54.608325527546945,25.0,3.75,31.78,10.530000000000001
2025-08-25 15:00:00,25.2,35.806579785716465,17.085,52.891579785716466,25.0,3.75,50.2,28.95
2025-08-25 16:00:00,56.43,34.901478836517455,17.085,51.986478836517456,25.0,3.75,81.43,60.18
2025-08-25 17:00:00,86.67,36.1202039368011,17.085,53.2052039368011,25.0,3.75,111.67,90.42
2025-08-25 18:00:00,111.54,34.78999285540308,17.085,51.87499285540308,25.0,3.75,136.54000000000002,115.29
2025-08-25 19:00:00,159.03,36.89949821686273,17.085,53.98449821686273,25.0,3.75,184.03,162.78
2025-08-25 20:00:00,232.82,35.67545521757239,17.085,52.76045521757239,25.0,3.75,257.82,236.57
2025-08-25 21:00:00,138.04,33.81577199071387,17.085,50.90077199071387,25.0,3.75,163.04,141.79
2025-08-25 22:00:00,115.04,39.314139154043175,17.085,56.399139154043176,25.0,3.75,140.04000000000002,118.79
2025-08-25 23:00:00,105.15,35.80850253043529,17.085,52.89350253043529,25.0,3.75,130.15,108.9
2025-08-26 00:00:00,105.8,34.26757396734274,17.085,51.35257396734274,25.0,3.75,130.8,109.55
2025-08-26 01:00:00,100.44,36.467329308318284,17.085,53.552329308318285,25.0,3.75,125.44,104.19
2025-08-26 02:00:00,96.58,36.94059070922869,17.085,54.02559070922869,25.0,3.75,121.58,100.33
2025-08-26 03:00:00,94.79,33.3109141261353,17.085,50.3959141261353,25.0,3.75,119.79,98.54
2025-08-26 04:00:00,96.27,37.46714291154489,17.085,54.55214291154489,25.0,3.75,121.27,100.02
2025-08-26 05:00:00,106.6,34.70953243991284,17.085,51.79453243991284,25.0,3.75,131.6,110.35
2025-08-26 06:00:00,124.59,40.22590519567494,17.085,57.31090519567494,25.0,3.75,149.59,128.34
2025-08-26 07:00:00,123.45,37.851768601446835,17.085,54.936768601446836,25.0,3.75,148.45,127.2
2025-08-26 08:00:00,106.79,36.00404759707474,17.085,53.08904759707474,25.0,3.75,131.79000000000002,110.54
2025-08-26 09:00:00,90.0,35.313512036658665,17.085,52.398512036658666,25.0,3.75,115.0,93.75
2025-08-26 10:00:00,77.47,36.59391216216612,17.085,53.67891216216612,25.0,3.75,102.47,81.22
2025-08-26 11:00:00,61.6,38.02942906045995,17.085,55.11442906045995,25.0,3.75,86.6,65.35
2025-08-26 12:00:00,41.95,36.752859320122965,17.085,53.837859320122966,25.0,3.75,66.95,45.7
2025-08-26 13:00:00,26.28,36.36952996301965,17.085,53.45452996301965,25.0,3.75,51.28,30.03
2025-08-26 14:00:00,38.05,36.92058815892916,17.085,54.00558815892916,25.0,3.75,63.05,41.8
2025-08-26 15:00:00,72.39,35.59612971481946,17.085,52.68112971481946,25.0,3.75,97.39,76.14
2025-08-26 16:00:00,88.26,36.117435723607294,17.085,53.202435723607294,25.0,3.75,113.26,92.01
2025-08-26 17:00:00,105.05,32.63226269948336,17.085,49.71726269948336,25.0,3.75,130.05,108.8
2025-08-26 18:00:00,131.09,38.7513000389981,17.085,55.836300038998104,25.0,3.75,156.09,134.84
2025-08-26 19:00:00,196.88,37.401443137936894,17.085,54.486443137936895,25.0,3.75,221.88,200.63
2025-08-26 20:00:00,180.17,35.256935889226504,17.085,52.341935889226505,25.0,3.75,205.17,183.92
2025-08-26 21:00:00,123.3,40.60131754000385,17.085,57.68631754000385,25.0,3.75,148.3,127.05
2025-08-26 22:00:00,109.47,36.97788053807814,17.085,54.06288053807814,25.0,3.75,134.47,113.22
2025-08-26 23:00:00,97.67,34.73156043334298,17.085,51.81656043334298,25.0,3.75,122.67,101.42
2025-08-27 00:00:00,96.59,38.51732242023429,17.085,55.60232242023429,25.0,3.75,121.59,100.34
2025-08-27 01:00:00,89.98,37.599944010311894,17.085,54.684944010311895,25.0,3.75,114.98,93.73
2025-08-27 02:00:00,86.52,37.59300754826181,17.085,54.67800754826181,25.0,3.75,111.52,90.27
2025-08-27 03:00:00,87.25,35.952336367990185,17.085,53.037336367990186,25.0,3.75,112.25,91.0
2025-08-27 04:00:00,90.0,37.704839024849434,17.085,54.789839024849435,25.0,3.75,115.0,93.75
2025-08-27 05:00:00,97.73,36.28033099685118,17.085,53.36533099685118,25.0,3.75,122.73,101.48
2025-08-27 06:00:00,110.0,37.915730480585054,17.085,55.000730480585055,25.0,3.75,135.0,113.75
2025-08-27 07:00:00,115.19,32.99395866927209,17.085,50.07895866927209,25.0,3.75,140.19,118.94
2025-08-27 08:00:00,113.64,35.93610065133499,17.085,53.02110065133499,25.0,3.75,138.64,117.39
2025-08-27 09:00:00,101.63,40.24815777290976,17.085,57.33315777290976,25.0,3.75,126.63,105.38
2025-08-27 10:00:00,86.0,35.269712666492765,17.085,52.354712666492766,25.0,3.75,111.0,89.75
2025-08-27 11:00:00,79.29,35.596170982306994,17.085,52.681170982306995,25.0,3.75,104.29,83.04
2025-08-27 12:00:00,64.38,35.90792490039342,17.085,52.99292490039342,25.0,3.75,89.38,68.13
2025-08-27 13:00:00,50.68,34.37423530551608,17.085,51.45923530551608,25.0,3.75,75.68,54.43
2025-08-27 14:00:00,50.94,32.38728602483686,17.085,49.47228602483686,25.0,3.75,75.94,54.69
2025-08-27 15:00:00,76.18,36.34267478024614,17.085,53.42767478024614,25.0,3.75,101.18,79.93
2025-08-27 16:00:00,85.1,37.075566425456685,17.085,54.160566425456686,25.0,3.75,110.1,88.85
2025-08-27 17:00:00,104.94,36.69883744021606,17.085,53.78383744021606,25.0,3.75,129.94,108.69
2025-08-27 18:00:00,134.63,36.51409045339759,17.085,53.599090453397594,25.0,3.75,159.63,138.38
2025-08-27 19:00:00,222.07,36.88992931899414,17.085,53.97492931899414,25.0,3.75,247.07,225.82
2025-08-27 20:00:00,222.04,38.84953052039489,17.085,55.934530520394894,25.0,3.75,247.04,225.79
2025-08-27 21:00:00,128.87,36.42295520543493,17.085,53.50795520543493,25.0,3.75,153.87,132.62
2025-08-27 22:00:00,113.63,35.655682423118826,17.085,52.74068242311883,25.0,3.75,138.63,117.38
2025-08-27 23:00:00,103.57,36.241596607517195,17.085,53.326596607517196,25.0,3.75,128.57,107.32
2025-08-28 00:00:00,97.15,37.962541096806916,17.085,55.04754109680692,25.0,3.75,122.15,100.9
2025-08-28 01:00:00,91.92,39.627901334379864,17.085,56.712901334379865,25.0,3.75,116.92,95.67
2025-08-28 02:00:00,87.89,35.54756009895501,17.085,52.63256009895501,25.0,3.75,112.89,91.64
2025-08-28 03:00:00,87.09,37.001715151351135,17.085,54.086715151351136,25.0,3.75,112.09,90.84
2025-08-28 04:00:00,90.23,37.480562461165285,17.085,54.565562461165285,25.0,3.75,115.23,93.98
2025-08-28 05:00:00,98.72,34.81869156383572,17.085,51.90369156383572,25.0,3.75,123.72,102.47
2025-08-28 06:00:00,121.63,36.844681911719206,17.085,53.92968191171921,25.0,3.75,146.63,125.38
2025-08-28 07:00:00,143.79,33.872499862609175,17.085,50.957499862609176,25.0,3.75,168.79,147.54
2025-08-28 08:00:00,143.95,33.26574696981457,17.085,50.35074696981457,25.0,3.75,168.95,147.7
2025-08-28 09:00:00,121.84,37.53734039307788,17.085,54.622340393077884,25.0,3.75,146.84,125.59
2025-08-28 10:00:00,112.27,36.036098094631804,17.085,53.121098094631805,25.0,3.75,137.26999999999998,116.02
2025-08-28 11:00:00,108.13,37.20840839253581,17.085,54.29340839253581,25.0,3.75,133.13,111.88
2025-08-28 12:00:00,100.89,36.76805762327667,17.085,53.85305762327667,25.0,3.75,125.89,104.64
2025-08-28 13:00:00,100.96,34.85104747996577,17.085,51.93604747996577,25.0,3.75,125.96,104.71
2025-08-28 14:00:00,100.89,36.71333897336469,17.085,53.79833897336469,25.0,3.75,125.89,104.64
2025-08-28 15:00:00,100.66,34.33764496726366,17.085,51.42264496726366,25.0,3.75,125.66,104.41
2025-08-28 16:00:00,96.1,39.585792293296166,17.085,56.67079229329617,25.0,3.75,121.1,99.85
2025-08-28 17:00:00,129.84,34.091906887573444,17.085,51.176906887573445,25.0,3.75,154.84,133.59
2025-08-28 18:00:00,160.85,36.412277035356205,17.085,53.497277035356205,25.0,3.75,185.85,164.6
2025-08-28 19:00:00,210.0,34.71930440119887,17.085,51.80430440119887,25.0,3.75,235.0,213.75
2025-08-28 20:00:00,153.16,37.94468992401496,17.085,55.02968992401496,25.0,3.75,178.16,156.91
2025-08-28 21:00:00,124.18,36.14098483473036,17.085,53.22598483473036,25.0,3.75,149.18,127.93
2025-08-28 22:00:00,107.11,35.76651413805095,17.085,52.85151413805095,25.0,3.75,132.11,110.86
2025-08-28 23:00:00,92.15,38.51025066739648,17.085,55.59525066739648,25.0,3.75,117.15,95.9
2025-08-29 00:00:00,85.04,36.862708760648474,17.085,53.947708760648474,25.0,3.75,110.04,88.79
2025-08-29 01:00:00,83.27,37.8371364691653,17.085,54.9221364691653,25.0,3.75,108.27,87.02
2025-08-29 02:00:00,83.1,34.84119570425844,17.085,51.92619570425844,25.0,3.75,108.1,86.85
2025-08-29 03:00:00,81.59,33.994213689438354,17.085,51.079213689438355,25.0,3.75,106.59,85.34
2025-08-29 04:00:00,83.01,37.01826350137364,17.085,54.10326350137364,25.0,3.75,108.01,86.76
2025-08-29 05:00:00,91.0,36.166154866303906,17.085,53.25115486630391,25.0,3.75,116.0,94.75
2025-08-29 06:00:00,117.55,38.056716922201254,17.085,55.141716922201255,25.0,3.75,142.55,121.3
2025-08-29 07:00:00,121.39,36.64403067196827,17.085,53.72903067196827,25.0,3.75,146.39,125.14
2025-08-29 08:00:00,120.0,37.213998255762625,17.085,54.298998255762626,25.0,3.75,145.0,123.75
2025-08-29 09:00:00,110.36,33.55708251741088,17.085,50.642082517410884,25.0,3.75,135.36,114.11
2025-08-29 10:00:00,84.25,40.58072145652188,17.085,57.66572145652188,25.0,3.75,109.25,88.0
2025-08-29 11:00:00,78.08,36.475363607229305,17.085,53.560363607229306,25.0,3.75,103.08,81.83
2025-08-29 12:00:00,67.44,38.199021517971765,17.085,55.284021517971766,25.0,3.75,92.44,71.19
2025-08-29 13:00:00,53.96,35.131664236854114,17.085,52.216664236854115,25.0,3.75,78.96000000000001,57.71
2025-08-29 14:00:00,59.64,37.41986738172805,17.085,54.50486738172805,25.0,3.75,84.64,63.39
2025-08-29 15:00:00,73.06,34.198158050243876,17.085,51.28315805024388,25.0,3.75,98.06,76.81
2025-08-29 16:00:00,85.0,37.70798325381271,17.085,54.792983253812714,25.0,3.75,110.0,88.75
2025-08-29 17:00:00,104.82,36.091899408521705,17.085,53.176899408521706,25.0,3.75,129.82,108.57
2025-08-29 18:00:00,118.51,36.8622285851645,17.085,53.9472285851645,25.0,3.75,143.51,122.26
2025-08-29 19:00:00,147.68,38.199795637553564,17.085,55.284795637553565,25.0,3.75,172.68,151.43
2025-08-29 20:00:00,116.5,34.33876695485281,17.085,51.42376695485281,25.0,3.75,141.5,120.25
2025-08-29 21:00:00,111.96,35.43486411606777,17.085,52.51986411606777,25.0,3.75,136.95999999999998,115.71
2025-08-29 22:00:00,95.7,37.7184961394669,17.085,54.8034961394669,25.0,3.75,120.7,99.45
2025-08-29 23:00:00,86.07,41.00029052638686,17.085,58.08529052638686,25.0,3.75,111.07,89.82
2025-08-30 00:00:00,92.5,36.5276829079704,17.085,53.6126829079704,25.0,3.75,117.5,96.25
2025-08-30 01:00:00,86.56,37.98611981314123,17.085,55.07111981314123,25.0,3.75,111.56,90.31
2025-08-30 02:00:00,83.3,36.58990463757641,17.085,53.67490463757641,25.0,3.75,108.3,87.05
2025-08-30 03:00:00,81.51,40.68833876680597,17.085,57.77333876680597,25.0,3.75,106.51,85.26
2025-08-30 04:00:00,83.39,33.309404243362856,17.085,50.39440424336286,25.0,3.75,108.39,87.14
2025-08-30 05:00:00,87.72,36.99308966663208,17.085,54.07808966663208,25.0,3.75,112.72,91.47
2025-08-30 06:00:00,95.02,33.552759510169246,17.085,50.637759510169246,25.0,3.75,120.02,98.77
2025-08-30 07:00:00,98.09,31.790704436219933,17.085,48.875704436219934,25.0,3.75,123.09,101.84
2025-08-30 08:00:00,89.64,37.398771683529,17.085,54.483771683529,25.0,3.75,114.64,93.39
2025-08-30 09:00:00,78.6,37.08284316958829,17.085,54.16784316958829,25.0,3.75,103.6,82.35
2025-08-30 10:00:00,36.46,36.23417370180896,17.085,53.319173701808964,25.0,3.75,61.46,40.21
2025-08-30 11:00:00,5.23,36.59145939721386,17.085,53.67645939721386,25.0,3.75,30.23,8.98
2025-08-30 12:00:00,0.0,43.000446445435884,17.085,60.085446445435885,25.0,3.75,25.0,3.75
2025-08-30 13:00:00,-0.01,36.2874973012305,17.085,53.3724973012305,25.0,3.75,24.99,3.74
2025-08-30 14:00:00,-0.01,37.82409629979352,17.085,54.90909629979352,25.0,3.75,24.99,3.74
2025-08-30 15:00:00,-0.38,35.50511793806561,17.085,52.59011793806561,25.0,3.75,24.62,3.37
2025-08-30 16:00:00,9.48,37.394312727374576,17.085,54.47931272737458,25.0,3.75,34.480000000000004,13.23
2025-08-30 17:00:00,81.1,36.32738022718213,17.085,53.41238022718213,25.0,3.75,106.1,84.85
2025-08-30 18:00:00,103.9,35.982810611833905,17.085,53.067810611833906,25.0,3.75,128.9,107.65
2025-08-30 19:00:00,127.07,40.44164464169402,17.085,57.52664464169402,25.0,3.75,152.07,130.82
2025-08-30 20:00:00,129.98,39.158217503662044,17.085,56.243217503662045,25.0,3.75,154.98,133.73
2025-08-30 21:00:00,120.39,37.07734087209183,17.085,54.16234087209183,25.0,3.75,145.39,124.14
2025-08-30 22:00:00,104.94,32.19542370540543,17.085,49.28042370540543,25.0,3.75,129.94,108.69
2025-08-30 23:00:00,90.3,36.08182913078823,17.085,53.16682913078823,25.0,3.75,115.3,94.05
2025-08-31 00:00:00,88.74,42.209902706103534,17.085,59.294902706103535,25.0,3.75,113.74,92.49
2025-08-31 01:00:00,78.91,36.34252424401395,17.085,53.42752424401395,25.0,3.75,103.91,82.66
2025-08-31 02:00:00,70.53,39.010282721400685,17.085,56.095282721400686,25.0,3.75,95.53,74.28
2025-08-31 03:00:00,67.02,39.68773238119857,17.085,56.77273238119857,25.0,3.75,92.02,70.77
2025-08-31 04:00:00,63.79,37.24177540900532,17.085,54.32677540900532,25.0,3.75,88.78999999999999,67.53999999999999
2025-08-31 05:00:00,64.56,35.12020431355706,17.085,52.20520431355706,25.0,3.75,89.56,68.31
2025-08-31 06:00:00,65.0,31.93322291372759,17.085,49.01822291372759,25.0,3.75,90.0,68.75
2025-08-31 07:00:00,62.13,38.172173994511276,17.085,55.25717399451128,25.0,3.75,87.13,65.88
2025-08-31 08:00:00,22.3,35.174335571646274,17.085,52.259335571646275,25.0,3.75,47.3,26.05
2025-08-31 09:00:00,5.2,37.156148481068755,17.085,54.241148481068755,25.0,3.75,30.2,8.95
2025-08-31 10:00:00,-0.01,34.30420689811464,17.085,51.389206898114644,25.0,3.75,24.99,3.74
2025-08-31 11:00:00,-0.02,36.27337249635296,17.085,53.35837249635296,25.0,3.75,24.98,3.73
2025-08-31 12:00:00,-0.11,36.87128568709547,17.085,53.95628568709547,25.0,3.75,24.89,3.64
2025-08-31 13:00:00,-1.0,37.34103473938196,17.085,54.42603473938196,25.0,3.75,24.0,2.75
2025-08-31 14:00:00,-0.61,34.57420320258854,17.085,51.65920320258854,25.0,3.75,24.39,3.14
2025-08-31 15:00:00,0.0,39.197669474816074,17.085,56.282669474816075,25.0,3.75,25.0,3.75
2025-08-31 16:00:00,25.47,35.61005800782942,17.085,52.695058007829424,25.0,3.75,50.47,29.22
2025-08-31 17:00:00,79.74,33.45490865638688,17.085,50.53990865638688,25.0,3.75,104.74,83.49
2025-08-31 18:00:00,117.59,36.58580073736644,17.085,53.67080073736644,25.0,3.75,142.59,121.34
2025-08-31 19:00:00,135.1,36.872598195346285,17.085,53.957598195346286,25.0,3.75,160.1,138.85
2025-08-31 20:00:00,132.07,37.12502644363689,17.085,54.21002644363689,25.0,3.75,157.07,135.82
2025-08-31 21:00:00,114.15,39.52811238466353,17.085,56.61311238466353,25.0,3.75,139.15,117.9
2025-08-31 22:00:00,102.63,36.33094990382165,17.085,53.41594990382165,25.0,3.75,127.63,106.38
2025-08-31 23:00:00,89.76,36.56460832855583,17.085,53.64960832855583,25.0,3.75,114.76,93.51
2025-09-01 00:00:00,84.08,36.793631237533816,17.085,53.87863123753382,25.0,3.75,109.08,87.83
2025-09-01 01:00:00,81.43,40.641107005775794,17.085,57.726107005775795,25.0,3.75,106.43,85.18
2025-09-01 02:00:00,80.97,39.36861812815621,17.085,56.45361812815621,25.0,3.75,105.97,84.72
2025-09-01 03:00:00,80.03,38.159944545411676,17.085,55.24494454541168,25.0,3.75,105.03,83.78
2025-09-01 04:00:00,81.37,35.190650613069074,17.085,52.275650613069075,25.0,3.75,106.37,85.12
2025-09-01 05:00:00,92.58,41.88882439011017,17.085,58.973824390110174,25.0,3.75,117.58,96.33
2025-09-01 06:00:00,120.43,36.54464007108788,17.085,53.629640071087884,25.0,3.75,145.43,124.18
2025-09-01 07:00:00,125.67,37.81744398126059,17.085,54.90244398126059,25.0,3.75,150.67000000000002,129.42000000000002
2025-09-01 08:00:00,116.1,39.716689022152,17.085,56.801689022152004,25.0,3.75,141.1,119.85
2025-09-01 09:00:00,98.19,36.606884142766624,17.085,53.691884142766625,25.0,3.75,123.19,101.94
2025-09-01 10:00:00,82.0,36.01298044349371,17.085,53.09798044349371,25.0,3.75,107.0,85.75
2025-09-01 11:00:00,69.4,34.75210483459867,17.085,51.83710483459867,25.0,3.75,94.4,73.15
2025-09-01 12:00:00,38.27,40.44199390581127,17.085,57.526993905811274,25.0,3.75,63.27,42.02
2025-09-01 13:00:00,25.03,37.90962751054736,17.085,54.99462751054736,25.0,3.75,50.03,28.78
2025-09-01 14:00:00,42.73,44.85454018494666,17.085,61.93954018494666,25.0,3.75,67.72999999999999,46.48
2025-09-01 15:00:00,67.76,37.01128986873825,17.085,54.09628986873825,25.0,3.75,92.76,71.51
2025-09-01 16:00:00,84.67,37.157097953142156,17.085,54.24209795314216,25.0,3.75,109.67,88.42
2025-09-01 17:00:00,109.7,37.8692140594292,17.085,54.9542140594292,25.0,3.75,134.7,113.45
2025-09-01 18:00:00,155.32,39.48626931027698,17.085,56.57126931027698,25.0,3.75,180.32,159.07
2025-09-01 19:00:00,250.65,38.05959332242938,17.085,55.14459332242938,25.0,3.75,275.65,254.4
2025-09-01 20:00:00,210.56,40.22466442800503,17.085,57.30966442800503,25.0,3.75,235.56,214.31
2025-09-01 21:00:00,125.2,37.04282322002269,17.085,54.12782322002269,25.0,3.75,150.2,128.95
2025-09-01 22:00:00,112.4,36.236816563072836,17.085,53.32181656307284,25.0,3.75,137.4,116.15
2025-09-01 23:00:00,100.53,35.403570521181784,17.085,52.488570521181785,25.0,3.75,125.53,104.28
2025-09-02 00:00:00,95.01,34.552851664125605,17.085,51.637851664125606,25.0,3.75,120.01,98.76
2025-09-02 01:00:00,90.11,37.963861961049886,17.085,55.04886196104989,25.0,3.75,115.11,93.86
2025-09-02 02:00:00,90.84,38.39803937521356,17.085,55.48303937521356,25.0,3.75,115.84,94.59
2025-09-02 03:00:00,92.5,37.73712594503363,17.085,54.82212594503363,25.0,3.75,117.5,96.25
2025-09-02 04:00:00,94.8,41.48681159437432,17.085,58.571811594374324,25.0,3.75,119.8,98.55
2025-09-02 05:00:00,106.85,41.45606041921627,17.085,58.54106041921627,25.0,3.75,131.85,110.6
2025-09-02 06:00:00,134.39,38.330394025111,17.085,55.415394025111,25.0,3.75,159.39,138.14
2025-09-02 07:00:00,153.67,35.41215777361607,17.085,52.497157773616074,25.0,3.75,178.67,157.42
2025-09-02 08:00:00,147.48,37.86658978388989,17.085,54.951589783889894,25.0,3.75,172.48,151.23
2025-09-02 09:00:00,121.05,37.80035721216588,17.085,54.88535721216588,25.0,3.75,146.05,124.8
2025-09-02 10:00:00,102.14,37.685730075443885,17.085,54.770730075443886,25.0,3.75,127.14,105.89
2025-09-02 11:00:00,84.66,37.60456219220351,17.085,54.68956219220351,25.0,3.75,109.66,88.41
2025-09-02 12:00:00,78.94,37.693074208550385,17.085,54.778074208550386,25.0,3.75,103.94,82.69
2025-09-02 13:00:00,79.73,38.22691676820448,17.085,55.31191676820448,25.0,3.75,104.73,83.48
2025-09-02 14:00:00,78.54,37.72891780236888,17.085,54.813917802368884,25.0,3.75,103.54,82.29
2025-09-02 15:00:00,84.37,39.416645017251184,17.085,56.501645017251185,25.0,3.75,109.37,88.12
2025-09-02 16:00:00,95.0,39.720737431809724,17.085,56.805737431809725,25.0,3.75,120.0,98.75
2025-09-02 17:00:00,108.97,37.17870982563502,17.085,54.26370982563502,25.0,3.75,133.97,112.72
2025-09-02 18:00:00,173.16,41.542130652014066,17.085,58.62713065201407,25.0,3.75,198.16,176.91
2025-09-02 19:00:00,311.51,37.03987539631877,17.085,54.12487539631877,25.0,3.75,336.51,315.26
2025-09-02 20:00:00,263.79,35.764398772369326,17.085,52.84939877236933,25.0,3.75,288.79,267.54
2025-09-02 21:00:00,140.92,39.7615561427301,17.085,56.8465561427301,25.0,3.75,165.92,144.67
2025-09-02 22:00:00,110.47,37.36518373117132,17.085,54.45018373117132,25.0,3.75,135.47,114.22
2025-09-02 23:00:00,91.21,39.642582941514775,17.085,56.727582941514775,25.0,3.75,116.21,94.96
2025-09-03 00:00:00,97.25,34.19266279779894,17.085,51.27766279779894,25.0,3.75,122.25,101.0
2025-09-03 01:00:00,90.74,41.784911882966135,17.085,58.869911882966136,25.0,3.75,115.74,94.49
2025-09-03 02:00:00,85.95,40.344586816080806,17.085,57.42958681608081,25.0,3.75,110.95,89.7
2025-09-03 03:00:00,81.72,35.999046901674,17.085,53.084046901674,25.0,3.75,106.72,85.47
2025-09-03 04:00:00,81.23,36.04244575230743,17.085,53.12744575230743,25.0,3.75,106.23,84.98
2025-09-03 05:00:00,86.97,42.34453180819506,17.085,59.42953180819506,25.0,3.75,111.97,90.72
2025-09-03 06:00:00,103.2,37.52524019300408,17.085,54.61024019300408,25.0,3.75,128.2,106.95
2025-09-03 07:00:00,112.34,37.331630302534755,17.085,54.416630302534756,25.0,3.75,137.34,116.09
2025-09-03 08:00:00,109.13,34.46789581170143,17.085,51.55289581170143,25.0,3.75,134.13,112.88
2025-09-03 09:00:00,85.3,38.29844358879689,17.085,55.383443588796894,25.0,3.75,110.3,89.05
2025-09-03 10:00:00,29.04,38.544560770328495,17.085,55.629560770328496,25.0,3.75,54.04,32.79
2025-09-03 11:00:00,0.03,40.43098619353897,17.085,57.51598619353897,25.0,3.75,25.03,3.78
2025-09-03 12:00:00,-0.1,36.20184314363105,17.085,53.28684314363105,25.0,3.75,24.9,3.65
2025-09-03 13:00:00,-0.1,35.95942641551878,17.085,53.04442641551878,25.0,3.75,24.9,3.65
2025-09-03 14:00:00,-0.28,39.901925269552954,17.085,56.986925269552955,25.0,3.75,24.72,3.4699999999999998
2025-09-03 15:00:00,0.0,41.01346014245413,17.085,58.09846014245413,25.0,3.75,25.0,3.75
2025-09-03 16:00:00,3.89,35.85769529776423,17.085,52.94269529776423,25.0,3.75,28.89,7.640000000000001
2025-09-03 17:00:00,63.46,41.16302817259948,17.085,58.24802817259948,25.0,3.75,88.46000000000001,67.21000000000001
2025-09-03 18:00:00,102.35,39.07508368297364,17.085,56.16008368297364,25.0,3.75,127.35,106.1
2025-09-03 19:00:00,110.92,41.18361067814929,17.085,58.268610678149294,25.0,3.75,135.92000000000002,114.67
2025-09-03 20:00:00,104.0,38.85955927696477,17.085,55.94455927696477,25.0,3.75,129.0,107.75
2025-09-03 21:00:00,94.17,33.9554441650241,17.085,51.0404441650241,25.0,3.75,119.17,97.92
2025-09-03 22:00:00,80.68,38.696065235367925,17.085,55.781065235367926,25.0,3.75,105.68,84.43
2025-09-03 23:00:00,54.25,41.12028763734254,17.085,58.20528763734254,25.0,3.75,79.25,58.0
2025-09-04 00:00:00,21.65,37.21250796183257,17.085,54.29750796183257,25.0,3.75,46.65,25.4
2025-09-04 01:00:00,17.7,38.2240700621851,17.085,55.3090700621851,25.0,3.75,42.7,21.45
2025-09-04 02:00:00,17.87,38.64773299289804,17.085,55.73273299289804,25.0,3.75,42.870000000000005,21.62
2025-09-04 03:00:00,30.02,33.200972240263035,17.085,50.285972240263035,25.0,3.75,55.019999999999996,33.769999999999996
2025-09-04 04:00:00,59.92,42.34269515087495,17.085,59.42769515087495,25.0,3.75,84.92,63.67
2025-09-04 05:00:00,83.89,37.19724864020565,17.085,54.28224864020565,25.0,3.75,108.89,87.64
2025-09-04 06:00:00,107.87,40.0114708649456,17.085,57.0964708649456,25.0,3.75,132.87,111.62
2025-09-04 07:00:00,120.0,38.826597727703586,17.085,55.91159772770359,25.0,3.75,145.0,123.75
2025-09-04 08:00:00,108.09,41.51523811271872,17.085,58.60023811271872,25.0,3.75,133.09,111.84
2025-09-04 09:00:00,77.81,39.81211224485616,17.085,56.89711224485616,25.0,3.75,102.81,81.56
2025-09-04 10:00:00,41.45,38.53015145695805,17.085,55.61515145695805,25.0,3.75,66.45,45.2
2025-09-04 11:00:00,5.79,37.21296981496144,17.085,54.29796981496144,25.0,3.75,30.79,9.54
2025-09-04 12:00:00,3.2,40.59570140276428,17.085,57.68070140276428,25.0,3.75,28.2,6.95
2025-09-04 13:00:00,3.36,35.253117392090765,17.085,52.338117392090766,25.0,3.75,28.36,7.109999999999999
2025-09-04 14:00:00,34.89,40.29178084055179,17.085,57.37678084055179,25.0,3.75,59.89,38.64
2025-09-04 15:00:00,71.0,36.80191049689026,17.085,53.88691049689026,25.0,3.75,96.0,74.75
2025-09-04 16:00:00,90.05,41.50456732391328,17.085,58.58956732391328,25.0,3.75,115.05,93.8
2025-09-04 17:00:00,109.13,39.32259908532539,17.085,56.407599085325394,25.0,3.75,134.13,112.88
2025-09-04 18:00:00,191.8,40.288247535700215,17.085,57.373247535700216,25.0,3.75,216.8,195.55
2025-09-04 19:00:00,350.0,39.16397762764944,17.085,56.24897762764944,25.0,3.75,375.0,353.75
2025-09-04 20:00:00,218.82,35.49524580971801,17.085,52.58024580971801,25.0,3.75,243.82,222.57
2025-09-04 21:00:00,124.93,37.278541673209325,17.085,54.363541673209326,25.0,3.75,149.93,128.68
2025-09-04 22:00:00,112.14,40.34477867522276,17.085,57.429778675222764,25.0,3.75,137.14,115.89
2025-09-04 23:00:00,101.3,39.333311634719685,17.085,56.418311634719686,25.0,3.75,126.3,105.05
2025-09-05 00:00:00,95.25,41.361979810611345,17.085,58.446979810611346,25.0,3.75,120.25,99.0
2025-09-05 01:00:00,86.1,39.806549126074344,17.085,56.891549126074345,25.0,3.75,111.1,89.85
2025-09-05 02:00:00,85.26,37.06659621859468,17.085,54.15159621859468,25.0,3.75,110.26,89.01
2025-09-05 03:00:00,85.2,37.40787172455873,17.085,54.49287172455873,25.0,3.75,110.2,88.95
2025-09-05 04:00:00,85.6,39.20583478104648,17.085,56.29083478104648,25.0,3.75,110.6,89.35
2025-09-05 05:00:00,97.36,34.37191186799979,17.085,51.45691186799979,25.0,3.75,122.36,101.11
2025-09-05 06:00:00,119.16,42.34688377124597,17.085,59.43188377124597,25.0,3.75,144.16,122.91
2025-09-05 07:00:00,132.13,39.88349347275511,17.085,56.968493472755114,25.0,3.75,157.13,135.88
2025-09-05 08:00:00,125.75,41.45406919409774,17.085,58.53906919409774,25.0,3.75,150.75,129.5
2025-09-05 09:00:00,100.4,35.83879211838166,17.085,52.92379211838166,25.0,3.75,125.4,104.15
2025-09-05 10:00:00,87.83,41.48913032071051,17.085,58.57413032071051,25.0,3.75,112.83,91.58
2025-09-05 11:00:00,84.15,43.4629978220555,17.085,60.5479978220555,25.0,3.75,109.15,87.9
2025-09-05 12:00:00,78.25,36.358243289245365,17.085,53.443243289245366,25.0,3.75,103.25,82.0
2025-09-05 13:00:00,72.19,40.542803589807534,17.085,57.627803589807534,25.0,3.75,97.19,75.94
2025-09-05 14:00:00,70.17,39.00221988937459,17.085,56.08721988937459,25.0,3.75,95.17,73.92
2025-09-05 15:00:00,77.53,35.911132303503514,17.085,52.996132303503515,25.0,3.75,102.53,81.28
2025-09-05 16:00:00,85.0,39.98576794370374,17.085,57.07076794370374,25.0,3.75,110.0,88.75
2025-09-05 17:00:00,90.96,40.6672064096747,17.085,57.7522064096747,25.0,3.75,115.96,94.71
2025-09-05 18:00:00,108.95,37.7977468946623,17.085,54.882746894662304,25.0,3.75,133.95,112.7
2025-09-05 19:00:00,154.53,41.331833040510446,17.085,58.41683304051045,25.0,3.75,179.53,158.28
2025-09-05 20:00:00,150.75,35.666473186421605,17.085,52.751473186421606,25.0,3.75,175.75,154.5
2025-09-05 21:00:00,117.1,36.01048770710071,17.085,53.09548770710071,25.0,3.75,142.1,120.85
2025-09-05 22:00:00,107.71,39.2731947911775,17.085,56.3581947911775,25.0,3.75,132.70999999999998,111.46
2025-09-05 23:00:00,100.7,39.050770555944545,17.085,56.135770555944546,25.0,3.75,125.7,104.45
2025-09-06 00:00:00,101.21,37.566853023151786,17.085,54.65185302315179,25.0,3.75,126.21,104.96
2025-09-06 01:00:00,100.59,40.61918887194377,17.085,57.70418887194377,25.0,3.75,125.59,104.34
2025-09-06 02:00:00,99.57,40.0617886284319,17.085,57.1467886284319,25.0,3.75,124.57,103.32
2025-09-06 03:00:00,97.84,40.71627814186803,17.085,57.80127814186803,25.0,3.75,122.84,101.59
2025-09-06 04:00:00,96.96,38.75372712929546,17.085,55.838727129295464,25.0,3.75,121.96,100.71
2025-09-06 05:00:00,98.01,40.20516053595668,17.085,57.29016053595668,25.0,3.75,123.01,101.76
2025-09-06 06:00:00,102.6,38.10869939394001,17.085,55.19369939394001,25.0,3.75,127.6,106.35
2025-09-06 07:00:00,100.91,43.107637380173195,17.085,60.192637380173196,25.0,3.75,125.91,104.66
2025-09-06 08:00:00,95.98,37.37490845975603,17.085,54.45990845975603,25.0,3.75,120.98,99.73
2025-09-06 09:00:00,79.11,43.21059485891662,17.085,60.29559485891662,25.0,3.75,104.11,82.86
2025-09-06 10:00:00,11.35,39.06977589417882,17.085,56.15477589417882,25.0,3.75,36.35,15.1
2025-09-06 11:00:00,0.0,36.24897822086251,17.085,53.33397822086251,25.0,3.75,25.0,3.75
2025-09-06 12:00:00,-0.02,41.7361587009772,17.085,58.8211587009772,25.0,3.75,24.98,3.73
2025-09-06 13:00:00,-0.86,39.251802776789916,17.085,56.336802776789916,25.0,3.75,24.14,2.89
2025-09-06 14:00:00,-0.99,40.70224819676048,17.085,57.78724819676048,25.0,3.75,24.01,2.76
2025-09-06 15:00:00,-0.01,41.44771183708519,17.085,58.53271183708519,25.0,3.75,24.99,3.74
2025-09-06 16:00:00,40.99,39.67591110829005,17.085,56.76091110829005,25.0,3.75,65.99000000000001,44.74
2025-09-06 17:00:00,87.6,37.81551831037437,17.085,54.90051831037437,25.0,3.75,112.6,91.35
2025-09-06 18:00:00,116.47,40.9514267553385,17.085,58.0364267553385,25.0,3.75,141.47,120.22
2025-09-06 19:00:00,158.39,39.00151101490919,17.085,56.08651101490919,25.0,3.75,183.39,162.14
2025-09-06 20:00:00,139.54,40.37171563721684,17.085,57.45671563721684,25.0,3.75,164.54,143.29
2025-09-06 21:00:00,109.95,34.69253885241708,17.085,51.77753885241708,25.0,3.75,134.95,113.7
2025-09-06 22:00:00,92.95,39.8939634340197,17.085,56.978963434019704,25.0,3.75,117.95,96.7
2025-09-06 23:00:00,82.56,37.72282834970994,17.085,54.80782834970994,25.0,3.75,107.56,86.31
2025-09-07 00:00:00,89.72,42.30661927435706,17.085,59.39161927435706,25.0,3.75,114.72,93.47
2025-09-07 01:00:00,85.02,40.24617469577819,17.085,57.33117469577819,25.0,3.75,110.02,88.77
2025-09-07 02:00:00,80.77,39.47971549169859,17.085,56.56471549169859,25.0,3.75,105.77,84.52
2025-09-07 03:00:00,83.4,39.972619986700444,17.085,57.057619986700445,25.0,3.75,108.4,87.15
2025-09-07 04:00:00,82.92,37.00311829424656,17.085,54.08811829424656,25.0,3.75,107.92,86.67
2025-09-07 05:00:00,82.67,42.246513381056104,17.085,59.331513381056105,25.0,3.75,107.67,86.42
2025-09-07 06:00:00,81.5,42.98274083683381,17.085,60.06774083683381,25.0,3.75,106.5,85.25
2025-09-07 07:00:00,55.48,39.78582702109643,17.085,56.87082702109643,25.0,3.75,80.47999999999999,59.23
2025-09-07 08:00:00,0.0,42.180807137147276,17.085,59.26580713714728,25.0,3.75,25.0,3.75
2025-09-07 09:00:00,-0.09,37.861703602654934,17.085,54.946703602654935,25.0,3.75,24.91,3.66
2025-09-07 10:00:00,-4.0,37.40577286755004,17.085,54.49077286755004,25.0,3.75,21.0,-0.25
2025-09-07 11:00:00,-20.09,39.081849497457846,17.085,56.16684949745785,25.0,3.75,4.91,-16.34
2025-09-07 12:00:00,-40.02,39.8698820767358,17.085,56.9548820767358,25.0,3.75,-15.020000000000003,-36.27
2025-09-07 13:00:00,-53.4,38.21202663751376,17.085,55.29702663751376,25.0,3.75,-28.4,-49.65
2025-09-07 14:00:00,-49.99,40.07553638073697,17.085,57.16053638073697,25.0,3.75,-24.990000000000002,-46.24
2025-09-07 15:00:00,-21.21,39.61277896414683,17.085,56.69777896414683,25.0,3.75,3.789999999999999,-17.46
2025-09-07 16:00:00,-2.47,37.00338644941789,17.085,54.08838644941789,25.0,3.75,22.53,1.2799999999999998
2025-09-07 17:00:00,3.36,40.03758603490344,17.085,57.12258603490344,25.0,3.75,28.36,7.109999999999999
2025-09-07 18:00:00,95.91,40.72705648504304,17.085,57.812056485043044,25.0,3.75,120.91,99.66
2025-09-07 19:00:00,108.3,39.34293863518078,17.085,56.42793863518078,25.0,3.75,133.3,112.05
2025-09-07 20:00:00,96.25,41.30529620652339,17.085,58.39029620652339,25.0,3.75,121.25,100.0
2025-09-07 21:00:00,86.02,36.565192413006095,17.085,53.650192413006096,25.0,3.75,111.02,89.77
2025-09-07 22:00:00,85.01,39.935900844263706,17.085,57.02090084426371,25.0,3.75,110.01,88.76
2025-09-07 23:00:00,86.06,36.65943858720645,17.085,53.74443858720645,25.0,3.75,111.06,89.81
2025-09-08 00:00:00,79.66,36.77183728353383,17.085,53.85683728353383,25.0,3.75,104.66,83.41
2025-09-08 01:00:00,85.74,37.73813833252442,17.085,54.82313833252442,25.0,3.75,110.74,89.49
2025-09-08 02:00:00,84.7,37.11587963285151,17.085,54.20087963285151,25.0,3.75,109.7,88.45
2025-09-08 03:00:00,82.27,37.90400836251772,17.085,54.98900836251772,25.0,3.75,107.27,86.02
2025-09-08 04:00:00,83.79,38.57169937857762,17.085,55.65669937857762,25.0,3.75,108.79,87.54
2025-09-08 05:00:00,95.6,40.67430897266277,17.085,57.75930897266277,25.0,3.75,120.6,99.35
2025-09-08 06:00:00,109.9,38.3576819225886,17.085,55.4426819225886,25.0,3.75,134.9,113.65
2025-09-08 07:00:00,148.14,35.82874858646081,17.085,52.91374858646081,25.0,3.75,173.14,151.89
2025-09-08 08:00:00,125.53,41.28013569299032,17.085,58.36513569299032,25.0,3.75,150.53,129.28
2025-09-08 09:00:00,102.05,37.32581973276992,17.085,54.41081973276992,25.0,3.75,127.05,105.8
2025-09-08 10:00:00,85.83,38.882559145790744,17.085,55.967559145790744,25.0,3.75,110.83,89.58
2025-09-08 11:00:00,76.14,39.89307301388142,17.085,56.97807301388142,25.0,3.75,101.14,79.89
2025-09-08 12:00:00,65.35,39.39922083680557,17.085,56.48422083680557,25.0,3.75,90.35,69.1
2025-09-08 13:00:00,60.84,41.18835909504295,17.085,58.27335909504295,25.0,3.75,85.84,64.59
2025-09-08 14:00:00,69.65,39.95800628678552,17.085,57.04300628678552,25.0,3.75,94.65,73.4
2025-09-08 15:00:00,78.46,37.27738084060579,17.085,54.36238084060579,25.0,3.75,103.46,82.21
2025-09-08 16:00:00,99.72,43.35712434798332,17.085,60.442124347983324,25.0,3.75,124.72,103.47
2025-09-08 17:00:00,124.28,39.388666926676464,17.085,56.473666926676465,25.0,3.75,149.28,128.03
2025-09-08 18:00:00,196.61,38.70531954675699,17.085,55.79031954675699,25.0,3.75,221.61,200.36
2025-09-08 19:00:00,413.66,40.92785084611114,17.085,58.01285084611114,25.0,3.75,438.66,417.41
2025-09-08 20:00:00,308.52,39.49890189186014,17.085,56.583901891860144,25.0,3.75,333.52,312.27
2025-09-08 21:00:00,152.0,39.79845638587865,17.085,56.88345638587865,25.0,3.75,177.0,155.75
2025-09-08 22:00:00,123.93,43.984367997201375,17.085,61.069367997201375,25.0,3.75,148.93,127.68
2025-09-08 23:00:00,113.12,38.449757143489904,17.085,55.534757143489905,25.0,3.75,138.12,116.87
2025-09-09 00:00:00,114.52,38.364478211965206,17.085,55.44947821196521,25.0,3.75,139.51999999999998,118.27
2025-09-09 01:00:00,112.46,39.233157024024926,17.085,56.31815702402493,25.0,3.75,137.45999999999998,116.21
2025-09-09 02:00:00,110.35,41.14303187116208,17.085,58.22803187116208,25.0,3.75,135.35,114.1
2025-09-09 03:00:00,109.8,35.986931939619204,17.085,53.071931939619205,25.0,3.75,134.8,113.55
2025-09-09 04:00:00,110.86,35.06888821704699,17.085,52.15388821704699,25.0,3.75,135.86,114.61
2025-09-09 05:00:00,118.18,37.8257694587597,17.085,54.9107694587597,25.0,3.75,143.18,121.93
2025-09-09 06:00:00,182.39,35.732154081881426,17.085,52.81715408188143,25.0,3.75,207.39,186.14
2025-09-09 07:00:00,300.0,38.15033730494872,17.085,55.23533730494872,25.0,3.75,325.0,303.75
2025-09-09 08:00:00,196.98,40.00499939225858,17.085,57.089999392258584,25.0,3.75,221.98,200.73
2025-09-09 09:00:00,127.59,37.21850227289547,17.085,54.30350227289547,25.0,3.75,152.59,131.34
2025-09-09 10:00:00,101.73,36.14634684643732,17.085,53.23134684643732,25.0,3.75,126.73,105.48
2025-09-09 11:00:00,99.25,39.1386743234307,17.085,56.2236743234307,25.0,3.75,124.25,103.0
2025-09-09 12:00:00,87.18,40.72508696923034,17.085,57.81008696923034,25.0,3.75,112.18,90.93
2025-09-09 13:00:00,85.69,35.610053122966775,17.085,52.695053122966776,25.0,3.75,110.69,89.44
2025-09-09 14:00:00,85.51,40.640464796611965,17.085,57.725464796611966,25.0,3.75,110.51,89.26
2025-09-09 15:00:00,92.49,40.63461240747665,17.085,57.71961240747665,25.0,3.75,117.49,96.24
2025-09-09 16:00:00,103.35,40.90817020431326,17.085,57.99317020431326,25.0,3.75,128.35,107.1
2025-09-09 17:00:00,127.41,41.43696042974337,17.085,58.52196042974337,25.0,3.75,152.41,131.16
2025-09-09 18:00:00,192.68,43.404027849319235,17.085,60.489027849319235,25.0,3.75,217.68,196.43
2025-09-09 19:00:00,386.4,38.28781590276189,17.085,55.37281590276189,25.0,3.75,411.4,390.15
2025-09-09 20:00:00,215.59,39.21914316015572,17.085,56.30414316015572,25.0,3.75,240.59,219.34
2025-09-09 21:00:00,133.37,38.16712313350395,17.085,55.25212313350395,25.0,3.75,158.37,137.12
2025-09-09 22:00:00,115.79,39.00395368951162,17.085,56.08895368951162,25.0,3.75,140.79000000000002,119.54
2025-09-09 23:00:00,109.3,42.065746711272624,17.085,59.150746711272625,25.0,3.75,134.3,113.05
2025-09-10 00:00:00,106.93,36.30997103213866,17.085,53.39497103213866,25.0,3.75,131.93,110.68
2025-09-10 01:00:00,107.29,37.27790065566885,17.085,54.36290065566885,25.0,3.75,132.29000000000002,111.04
2025-09-10 02:00:00,103.73,41.754361873009124,17.085,58.839361873009125,25.0,3.75,128.73000000000002,107.48
2025-09-10 03:00:00,104.81,41.04007301380418,17.085,58.12507301380418,25.0,3.75,129.81,108.56
2025-09-10 04:00:00,104.55,38.273736706365845,17.085,55.358736706365846,25.0,3.75,129.55,108.3
2025-09-10 05:00:00,114.28,40.708804002241436,17.085,57.79380400224144,25.0,3.75,139.28,118.03
2025-09-10 06:00:00,133.35,39.68243168498407,17.085,56.76743168498407,25.0,3.75,158.35,137.1
2025-09-10 07:00:00,223.39,42.00054921800198,17.085,59.08554921800198,25.0,3.75,248.39,227.14
2025-09-10 08:00:00,171.94,39.14901918765354,17.085,56.234019187653544,25.0,3.75,196.94,175.69
2025-09-10 09:00:00,129.46,41.051264227745165,17.085,58.136264227745166,25.0,3.75,154.46,133.21
2025-09-10 10:00:00,107.33,44.28402382098524,17.085,61.36902382098524,25.0,3.75,132.32999999999998,111.08
2025-09-10 11:00:00,102.39,40.196198310094935,17.085,57.281198310094936,25.0,3.75,127.39,106.14
2025-09-10 12:00:00,88.85,39.09865633158969,17.085,56.18365633158969,25.0,3.75,113.85,92.6
2025-09-10 13:00:00,86.09,40.44489397044196,17.085,57.52989397044196,25.0,3.75,111.09,89.84
2025-09-10 14:00:00,87.8,38.26943828359223,17.085,55.35443828359223,25.0,3.75,112.8,91.55
2025-09-10 15:00:00,90.8,43.77593541104947,17.085,60.86093541104947,25.0,3.75,115.8,94.55
2025-09-10 16:00:00,105.07,39.36014207539196,17.085,56.44514207539196,25.0,3.75,130.07,108.82
2025-09-10 17:00:00,127.78,38.454133359548976,17.085,55.53913335954898,25.0,3.75,152.78,131.53
2025-09-10 18:00:00,170.59,37.32862198995993,17.085,54.41362198995993,25.0,3.75,195.59,174.34
2025-09-10 19:00:00,275.19,41.19444038321288,17.085,58.27944038321288,25.0,3.75,300.19,278.94
2025-09-10 20:00:00,169.07,40.73437482565548,17.085,57.81937482565548,25.0,3.75,194.07,172.82
2025-09-10 21:00:00,122.94,38.00529125717181,17.085,55.09029125717181,25.0,3.75,147.94,126.69
2025-09-10 22:00:00,101.58,40.152902690244844,17.085,57.237902690244844,25.0,3.75,126.58,105.33
2025-09-10 23:00:00,87.63,35.982888063574286,17.085,53.06788806357429,25.0,3.75,112.63,91.38
2025-09-11 00:00:00,88.21,39.36994115014631,17.085,56.45494115014631,25.0,3.75,113.21,91.96
2025-09-11 01:00:00,85.0,39.90551270415339,17.085,56.99051270415339,25.0,3.75,110.0,88.75
2025-09-11 02:00:00,77.13,42.414659619118446,17.085,59.49965961911845,25.0,3.75,102.13,80.88
2025-09-11 03:00:00,70.67,37.45836239454262,17.085,54.54336239454262,25.0,3.75,95.67,74.42
2025-09-11 04:00:00,70.67,36.44329474239535,17.085,53.52829474239535,25.0,3.75,95.67,74.42
2025-09-11 05:00:00,79.05,37.20914407814992,17.085,54.29414407814992,25.0,3.75,104.05,82.8
2025-09-11 06:00:00,111.18,36.326862999370164,17.085,53.411862999370165,25.0,3.75,136.18,114.93
2025-09-11 07:00:00,125.33,41.67331471551797,17.085,58.75831471551797,25.0,3.75,150.32999999999998,129.07999999999998
2025-09-11 08:00:00,120.36,42.09727859004807,17.085,59.18227859004807,25.0,3.75,145.36,124.11
2025-09-11 09:00:00,102.05,39.64043315589766,17.085,56.72543315589766,25.0,3.75,127.05,105.8
2025-09-11 10:00:00,73.64,41.4425898913703,17.085,58.5275898913703,25.0,3.75,98.64,77.39
2025-09-11 11:00:00,8.23,39.26791676116047,17.085,56.35291676116047,25.0,3.75,33.230000000000004,11.98
2025-09-11 12:00:00,-0.01,38.80977670459847,17.085,55.89477670459847,25.0,3.75,24.99,3.74
2025-09-11 13:00:00,-0.07,38.333924761892476,17.085,55.41892476189248,25.0,3.75,24.93,3.68
2025-09-11 14:00:00,-0.72,38.37921801724487,17.085,55.46421801724487,25.0,3.75,24.28,3.0300000000000002
2025-09-11 15:00:00,0.0,35.904396887381935,17.085,52.989396887381936,25.0,3.75,25.0,3.75
2025-09-11 16:00:00,8.96,39.52850952721468,17.085,56.61350952721468,25.0,3.75,33.96,12.71
2025-09-11 17:00:00,75.82,38.91933217957191,17.085,56.00433217957191,25.0,3.75,100.82,79.57
2025-09-11 18:00:00,118.57,40.49072144815575,17.085,57.575721448155754,25.0,3.75,143.57,122.32
2025-09-11 19:00:00,132.86,39.18704699287722,17.085,56.27204699287722,25.0,3.75,157.86,136.61
2025-09-11 20:00:00,125.25,38.674592596861814,17.085,55.759592596861815,25.0,3.75,150.25,129.0
2025-09-11 21:00:00,111.45,37.257613939984736,17.085,54.34261393998474,25.0,3.75,136.45,115.2
2025-09-11 22:00:00,84.81,39.144306473643525,17.085,56.229306473643526,25.0,3.75,109.81,88.56
2025-09-11 23:00:00,63.89,40.47647446163232,17.085,57.56147446163232,25.0,3.75,88.89,67.64
2025-09-12 00:00:00,32.83,36.713322017832276,17.085,53.79832201783228,25.0,3.75,57.83,36.58
2025-09-12 01:00:00,33.23,39.17494750736148,17.085,56.25994750736148,25.0,3.75,58.23,36.98
2025-09-12 02:00:00,20.94,39.46608590305897,17.085,56.55108590305897,25.0,3.75,45.94,24.69
2025-09-12 03:00:00,16.35,37.56387043276347,17.085,54.648870432763474,25.0,3.75,41.35,20.1
2025-09-12 04:00:00,29.15,37.824287390184,17.085,54.909287390184,25.0,3.75,54.15,32.9
2025-09-12 05:00:00,51.84,39.46122169753243,17.085,56.54622169753243,25.0,3.75,76.84,55.59
2025-09-12 06:00:00,95.29,36.733157963414754,17.085,53.818157963414755,25.0,3.75,120.29,99.04
2025-09-12 07:00:00,105.73,39.699847430498785,17.085,56.784847430498786,25.0,3.75,130.73000000000002,109.48
2025-09-12 08:00:00,102.01,37.2092912526816,17.085,54.2942912526816,25.0,3.75,127.01,105.76
2025-09-12 09:00:00,48.07,41.12570738606643,17.085,58.21070738606643,25.0,3.75,73.07,51.82
2025-09-12 10:00:00,1.85,43.6756554907766,17.085,60.7606554907766,25.0,3.75,26.85,5.6
2025-09-12 11:00:00,-1.66,37.278486396596364,17.085,54.363486396596365,25.0,3.75,23.34,2.09
2025-09-12 12:00:00,-5.11,40.06841572474935,17.085,57.15341572474935,25.0,3.75,19.89,-1.3600000000000003
2025-09-12 13:00:00,-8.66,37.54651619023596,17.085,54.63151619023596,25.0,3.75,16.34,-4.91
2025-09-12 14:00:00,-6.19,41.08190834759558,17.085,58.16690834759558,25.0,3.75,18.81,-2.4400000000000004
2025-09-12 15:00:00,-4.0,36.46948318182957,17.085,53.55448318182957,25.0,3.75,21.0,-0.25
2025-09-12 16:00:00,-0.01,39.961173516855425,17.085,57.046173516855426,25.0,3.75,24.99,3.74
2025-09-12 17:00:00,57.69,37.254022066221296,17.085,54.3390220662213,25.0,3.75,82.69,61.44
2025-09-12 18:00:00,108.71,38.58603082180326,17.085,55.671030821803264,25.0,3.75,133.70999999999998,112.46
2025-09-12 19:00:00,155.36,36.937949449705386,17.085,54.022949449705386,25.0,3.75,180.36,159.11
2025-09-12 20:00:00,152.24,40.644700941791505,17.085,57.729700941791506,25.0,3.75,177.24,155.99
2025-09-12 21:00:00,113.96,37.32603929112083,17.085,54.41103929112083,25.0,3.75,138.95999999999998,117.71
2025-09-12 22:00:00,102.85,40.10392851866366,17.085,57.18892851866366,25.0,3.75,127.85,106.6
2025-09-12 23:00:00,96.66,38.31180394347533,17.085,55.396803943475334,25.0,3.75,121.66,100.41
2025-09-13 00:00:00,85.89,38.77105525640228,17.085,55.85605525640228,25.0,3.75,110.89,89.64
2025-09-13 01:00:00,72.75,39.29551181480026,17.085,56.38051181480026,25.0,3.75,97.75,76.5
2025-09-13 02:00:00,72.45,37.4763506566823,17.085,54.5613506566823,25.0,3.75,97.45,76.2
2025-09-13 03:00:00,72.45,39.42073422708177,17.085,56.505734227081774,25.0,3.75,97.45,76.2
2025-09-13 04:00:00,69.79,42.060669128708824,17.085,59.145669128708825,25.0,3.75,94.79,73.54
2025-09-13 05:00:00,72.75,37.44381042833457,17.085,54.52881042833457,25.0,3.75,97.75,76.5
2025-09-13 06:00:00,74.71,41.34362028654769,17.085,58.42862028654769,25.0,3.75,99.71,78.46
2025-09-13 07:00:00,74.11,41.99619526697557,17.085,59.08119526697557,25.0,3.75,99.11,77.86
2025-09-13 08:00:00,72.45,37.367690021943915,17.085,54.452690021943916,25.0,3.75,97.45,76.2
2025-09-13 09:00:00,53.85,36.089890789818895,17.085,53.174890789818896,25.0,3.75,78.85,57.6
2025-09-13 10:00:00,14.3,39.60392180034353,17.085,56.68892180034353,25.0,3.75,39.3,18.05
2025-09-13 11:00:00,2.37,37.90518495446626,17.085,54.99018495446626,25.0,3.75,27.37,6.12
2025-09-13 12:00:00,0.0,42.737206438326005,17.085,59.822206438326006,25.0,3.75,25.0,3.75
2025-09-13 13:00:00,-0.01,39.06961508099966,17.085,56.15461508099966,25.0,3.75,24.99,3.74
2025-09-13 14:00:00,-0.01,37.39560118392964,17.085,54.48060118392964,25.0,3.75,24.99,3.74
2025-09-13 15:00:00,-0.01,36.70568097797658,17.085,53.79068097797658,25.0,3.75,24.99,3.74
2025-09-13 16:00:00,3.88,41.17980991818166,17.085,58.26480991818166,25.0,3.75,28.88,7.63
2025-09-13 17:00:00,74.11,37.85763205183163,17.085,54.94263205183163,25.0,3.75,99.11,77.86
2025-09-13 18:00:00,108.1,39.087657598920856,17.085,56.17265759892086,25.0,3.75,133.1,111.85
2025-09-13 19:00:00,121.9,40.911605490224964,17.085,57.996605490224965,25.0,3.75,146.9,125.65
2025-09-13 20:00:00,118.77,38.03148329613834,17.085,55.11648329613834,25.0,3.75,143.76999999999998,122.52
2025-09-13 21:00:00,111.17,38.90814234251968,17.085,55.99314234251968,25.0,3.75,136.17000000000002,114.92
2025-09-13 22:00:00,100.0,38.96686318035496,17.085,56.051863180354964,25.0,3.75,125.0,103.75
2025-09-13 23:00:00,87.18,40.36664902303218,17.085,57.45164902303218,25.0,3.75,112.18,90.93
2025-09-14 00:00:00,85.69,40.18148867102065,17.085,57.26648867102065,25.0,3.75,110.69,89.44
2025-09-14 01:00:00,77.57,38.559772537490346,17.085,55.64477253749035,25.0,3.75,102.57,81.32
2025-09-14 02:00:00,80.61,39.12729812299303,17.085,56.21229812299303,25.0,3.75,105.61,84.36
2025-09-14 03:00:00,85.93,38.25644197695302,17.085,55.34144197695302,25.0,3.75,110.93,89.68
2025-09-14 04:00:00,93.77,36.04477518616111,17.085,53.12977518616111,25.0,3.75,118.77,97.52
2025-09-14 05:00:00,99.82,39.515201714796255,17.085,56.600201714796256,25.0,3.75,124.82,103.57
2025-09-14 06:00:00,100.75,42.784383521666136,17.085,59.86938352166614,25.0,3.75,125.75,104.5
2025-09-14 07:00:00,105.36,37.23256171861787,17.085,54.317561718617874,25.0,3.75,130.36,109.11
2025-09-14 08:00:00,108.48,37.453940580794594,17.085,54.538940580794595,25.0,3.75,133.48000000000002,112.23
2025-09-14 09:00:00,87.78,37.258544456712514,17.085,54.343544456712515,25.0,3.75,112.78,91.53
2025-09-14 10:00:00,61.68,40.44918355744625,17.085,57.53418355744625,25.0,3.75,86.68,65.43
2025-09-14 11:00:00,17.58,39.89697090839288,17.085,56.98197090839288,25.0,3.75,42.58,21.33
2025-09-14 12:00:00,6.52,38.68292461516709,17.085,55.76792461516709,25.0,3.75,31.52,10.27
2025-09-14 13:00:00,0.0,37.16396187672207,17.085,54.24896187672207,25.0,3.75,25.0,3.75
2025-09-14 14:00:00,-0.01,39.18475358327985,17.085,56.26975358327985,25.0,3.75,24.99,3.74
2025-09-14 15:00:00,0.0,35.87075574532839,17.085,52.95575574532839,25.0,3.75,25.0,3.75
2025-09-14 16:00:00,19.33,39.286853133714985,17.085,56.371853133714986,25.0,3.75,44.33,23.08
2025-09-14 17:00:00,98.2,40.74304877217587,17.085,57.82804877217587,25.0,3.75,123.2,101.95
2025-09-14 18:00:00,124.34,36.49760172673265,17.085,53.58260172673265,25.0,3.75,149.34,128.09
2025-09-14 19:00:00,153.29,35.934963446340674,17.085,53.019963446340675,25.0,3.75,178.29,157.04
2025-09-14 20:00:00,126.01,42.15887578338972,17.085,59.24387578338972,25.0,3.75,151.01,129.76
2025-09-14 21:00:00,97.37,37.77648072099083,17.085,54.86148072099083,25.0,3.75,122.37,101.12
2025-09-14 22:00:00,77.02,41.27189569188764,17.085,58.356895691887644,25.0,3.75,102.02,80.77
2025-09-14 23:00:00,14.27,38.69200466960434,17.085,55.77700466960434,25.0,3.75,39.269999999999996,18.02
2025-09-15 00:00:00,20.0,38.67609036611734,17.085,55.761090366117344,25.0,3.75,45.0,23.75
2025-09-15 01:00:00,3.87,39.87682539899329,17.085,56.96182539899329,25.0,3.75,28.87,7.62
2025-09-15 02:00:00,1.39,37.23200228650712,17.085,54.31700228650712,25.0,3.75,26.39,5.14
2025-09-15 03:00:00,0.01,39.26499428699129,17.085,56.34999428699129,25.0,3.75,25.01,3.76
2025-09-15 04:00:00,0.0,38.23702117035182,17.085,55.32202117035182,25.0,3.75,25.0,3.75
2025-09-15 05:00:00,0.9,36.35901311318994,17.085,53.44401311318994,25.0,3.75,25.9,4.65
2025-09-15 06:00:00,20.27,39.6749641494528,17.085,56.7599641494528,25.0,3.75,45.269999999999996,24.02
2025-09-15 07:00:00,54.31,38.47338438624417,17.085,55.55838438624417,25.0,3.75,79.31,58.06
2025-09-15 08:00:00,40.4,38.685950343110584,17.085,55.770950343110584,25.0,3.75,65.4,44.15
2025-09-15 09:00:00,0.9,36.57967811317168,17.085,53.66467811317168,25.0,3.75,25.9,4.65
2025-09-15 10:00:00,-0.47,42.18280073552561,17.085,59.26780073552561,25.0,3.75,24.53,3.2800000000000002
2025-09-15 11:00:00,-2.61,40.753428372772234,17.085,57.838428372772235,25.0,3.75,22.39,1.1400000000000001
2025-09-15 12:00:00,-8.0,40.92831176834396,17.085,58.01331176834396,25.0,3.75,17.0,-4.25
2025-09-15 13:00:00,-14.27,38.389110595116634,17.085,55.474110595116635,25.0,3.75,10.73,-10.52
2025-09-15 14:00:00,-13.7,35.54163422099316,17.085,52.62663422099316,25.0,3.75,11.3,-9.95
2025-09-15 15:00:00,-8.9,42.90583476497902,17.085,59.99083476497902,25.0,3.75,16.1,-5.15
2025-09-15 16:00:00,-5.24,38.87780498398826,17.085,55.96280498398826,25.0,3.75,19.759999999999998,-1.4900000000000002
2025-09-15 17:00:00,-0.53,37.50240040795989,17.085,54.58740040795989,25.0,3.75,24.47,3.2199999999999998
2025-09-15 18:00:00,14.01,39.833603148966226,17.085,56.91860314896623,25.0,3.75,39.01,17.759999999999998
2025-09-15 19:00:00,53.93,41.3342415760066,17.085,58.4192415760066,25.0,3.75,78.93,57.68
2025-09-15 20:00:00,47.37,38.95389888782907,17.085,56.03889888782907,25.0,3.75,72.37,51.12
2025-09-15 21:00:00,5.33,41.55715033587875,17.085,58.64215033587875,25.0,3.75,30.33,9.08
2025-09-15 22:00:00,2.91,41.16599987703374,17.085,58.25099987703374,25.0,3.75,27.91,6.66
2025-09-15 23:00:00,0.06,36.84723762519588,17.085,53.93223762519588,25.0,3.75,25.06,3.81
2025-09-16 00:00:00,-0.01,37.652419788681044,17.085,54.737419788681045,25.0,3.75,24.99,3.74
2025-09-16 01:00:00,-0.09,40.915074326559534,17.085,58.000074326559535,25.0,3.75,24.91,3.66
2025-09-16 02:00:00,-0.23,33.57477487237912,17.085,50.659774872379124,25.0,3.75,24.77,3.52
2025-09-16 03:00:00,-1.05,38.701088613670024,17.085,55.786088613670024,25.0,3.75,23.95,2.7
2025-09-16 04:00:00,-1.33,36.13833759675066,17.085,53.22333759675066,25.0,3.75,23.67,2.42
2025-09-16 05:00:00,-0.01,38.04689239713295,17.085,55.13189239713295,25.0,3.75,24.99,3.74
2025-09-16 06:00:00,2.32,38.402359821941594,17.085,55.487359821941595,25.0,3.75,27.32,6.07
2025-09-16 07:00:00,16.21,38.283511244184986,17.085,55.36851124418499,25.0,3.75,41.21,19.96
2025-09-16 08:00:00,3.81,37.895477495774784,17.085,54.980477495774785,25.0,3.75,28.81,7.5600000000000005
2025-09-16 09:00:00,-1.01,36.80571270074237,17.085,53.89071270074237,25.0,3.75,23.99,2.74
2025-09-16 10:00:00,-5.11,43.583822533637374,17.085,60.668822533637375,25.0,3.75,19.89,-1.3600000000000003
2025-09-16 11:00:00,-10.38,42.7349240083227,17.085,59.8199240083227,25.0,3.75,14.62,-6.630000000000001
2025-09-16 12:00:00,-20.05,36.67586835948743,17.085,53.76086835948743,25.0,3.75,4.949999999999999,-16.3
2025-09-16 13:00:00,-18.03,42.16423350260713,17.085,59.24923350260713,25.0,3.75,6.969999999999999,-14.280000000000001
2025-09-16 14:00:00,-11.17,38.201069019054295,17.085,55.286069019054295,25.0,3.75,13.83,-7.42
2025-09-16 15:00:00,-9.99,39.25837494666342,17.085,56.343374946663424,25.0,3.75,15.01,-6.24
2025-09-16 16:00:00,-3.24,38.87345208020617,17.085,55.95845208020617,25.0,3.75,21.759999999999998,0.5099999999999998
2025-09-16 17:00:00,0.0,37.68050271749207,17.085,54.76550271749207,25.0,3.75,25.0,3.75
2025-09-16 18:00:00,72.64,40.96770468721229,17.085,58.05270468721229,25.0,3.75,97.64,76.39
2025-09-16 19:00:00,103.33,39.251773061153315,17.085,56.336773061153316,25.0,3.75,128.32999999999998,107.08
2025-09-16 20:00:00,112.97,38.04689715356152,17.085,55.13189715356152,25.0,3.75,137.97,116.72
2025-09-16 21:00:00,92.97,36.39082111239905,17.085,53.47582111239905,25.0,3.75,117.97,96.72
2025-09-16 22:00:00,80.55,37.21280997256176,17.085,54.29780997256176,25.0,3.75,105.55,84.3
2025-09-16 23:00:00,65.44,35.71723976879581,17.085,52.80223976879581,25.0,3.75,90.44,69.19
2025-09-17 00:00:00,70.8,39.024447096830336,17.085,56.10944709683034,25.0,3.75,95.8,74.55
2025-09-17 01:00:00,63.47,36.606668815431206,17.085,53.69166881543121,25.0,3.75,88.47,67.22
2025-09-17 02:00:00,50.95,38.46887897496292,17.085,55.55387897496292,25.0,3.75,75.95,54.7
2025-09-17 03:00:00,48.53,41.74020370722074,17.085,58.825203707220744,25.0,3.75,73.53,52.28
2025-09-17 04:00:00,60.01,41.39859914584317,17.085,58.48359914584317,25.0,3.75,85.00999999999999,63.76
2025-09-17 05:00:00,73.82,38.93544621179476,17.085,56.02044621179476,25.0,3.75,98.82,77.57
2025-09-17 06:00:00,98.85,38.8258305477137,17.085,55.9108305477137,25.0,3.75,123.85,102.6
2025-09-17 07:00:00,117.34,42.759749098842015,17.085,59.844749098842016,25.0,3.75,142.34,121.09
2025-09-17 08:00:00,112.74,40.041512240717424,17.085,57.126512240717425,25.0,3.75,137.74,116.49
2025-09-17 09:00:00,95.14,38.34438708024695,17.085,55.429387080246954,25.0,3.75,120.14,98.89
2025-09-17 10:00:00,69.14,36.147963765759094,17.085,53.232963765759095,25.0,3.75,94.14,72.89
2025-09-17 11:00:00,41.38,39.787746436329485,17.085,56.872746436329486,25.0,3.75,66.38,45.13
2025-09-17 12:00:00,10.5,40.65864754516573,17.085,57.74364754516573,25.0,3.75,35.5,14.25
2025-09-17 13:00:00,7.88,37.736696950972714,17.085,54.821696950972715,25.0,3.75,32.88,11.629999999999999
2025-09-17 14:00:00,10.59,39.58240551027607,17.085,56.66740551027607,25.0,3.75,35.59,14.34
2025-09-17 15:00:00,43.09,38.272853410169944,17.085,55.357853410169945,25.0,3.75,68.09,46.84
2025-09-17 16:00:00,81.17,38.631935201602,17.085,55.716935201602,25.0,3.75,106.17,84.92
2025-09-17 17:00:00,110.0,34.024355884875334,17.085,51.109355884875335,25.0,3.75,135.0,113.75
2025-09-17 18:00:00,123.31,38.55643719256773,17.085,55.64143719256773,25.0,3.75,148.31,127.06
2025-09-17 19:00:00,142.58,40.93873860481611,17.085,58.02373860481611,25.0,3.75,167.58,146.33
2025-09-17 20:00:00,123.52,37.73719488886688,17.085,54.82219488886688,25.0,3.75,148.51999999999998,127.27
2025-09-17 21:00:00,94.2,39.10505273643063,17.085,56.19005273643063,25.0,3.75,119.2,97.95
2025-09-17 22:00:00,86.1,37.48809858661616,17.085,54.57309858661616,25.0,3.75,111.1,89.85
2025-09-17 23:00:00,73.07,39.720883352585545,17.085,56.805883352585546,25.0,3.75,98.07,76.82
2025-09-18 00:00:00,53.12,38.566953604927654,17.085,55.651953604927655,25.0,3.75,78.12,56.87
2025-09-18 01:00:00,48.29,37.12151691863598,17.085,54.206516918635984,25.0,3.75,73.28999999999999,52.04
2025-09-18 02:00:00,38.47,41.66510293533025,17.085,58.750102935330254,25.0,3.75,63.47,42.22
2025-09-18 03:00:00,37.96,40.85786402706443,17.085,57.94286402706443,25.0,3.75,62.96,41.71
2025-09-18 04:00:00,48.12,37.79018647214365,17.085,54.87518647214365,25.0,3.75,73.12,51.87
2025-09-18 05:00:00,74.15,39.99557661883556,17.085,57.08057661883556,25.0,3.75,99.15,77.9
2025-09-18 06:00:00,105.81,40.074824005640764,17.085,57.159824005640765,25.0,3.75,130.81,109.56
2025-09-18 07:00:00,117.21,40.28460247002235,17.085,57.36960247002235,25.0,3.75,142.20999999999998,120.96
2025-09-18 08:00:00,111.28,35.611488208009845,17.085,52.696488208009846,25.0,3.75,136.28,115.03
2025-09-18 09:00:00,90.8,41.013213082065256,17.085,58.09821308206526,25.0,3.75,115.8,94.55
2025-09-18 10:00:00,65.1,37.86060207414854,17.085,54.94560207414854,25.0,3.75,90.1,68.85
2025-09-18 11:00:00,5.89,38.284344133117465,17.085,55.369344133117465,25.0,3.75,30.89,9.64
2025-09-18 12:00:00,0.2,44.2757635045204,17.085,61.3607635045204,25.0,3.75,25.2,3.95
2025-09-18 13:00:00,0.0,39.603746761442025,17.085,56.688746761442026,25.0,3.75,25.0,3.75
2025-09-18 14:00:00,0.0,38.22735504910565,17.085,55.31235504910565,25.0,3.75,25.0,3.75
2025-09-18 15:00:00,0.52,34.58941125448819,17.085,51.67441125448819,25.0,3.75,25.52,4.27
2025-09-18 16:00:00,15.31,41.77952826789271,17.085,58.86452826789271,25.0,3.75,40.31,19.060000000000002
2025-09-18 17:00:00,89.79,36.30958065838279,17.085,53.39458065838279,25.0,3.75,114.79,93.54
2025-09-18 18:00:00,115.45,36.99312219300099,17.085,54.07812219300099,25.0,3.75,140.45,119.2
2025-09-18 19:00:00,134.23,38.3372954018243,17.085,55.4222954018243,25.0,3.75,159.23,137.98
2025-09-18 20:00:00,128.68,41.83282358340058,17.085,58.91782358340058,25.0,3.75,153.68,132.43
2025-09-18 21:00:00,110.0,40.54647997333152,17.085,57.63147997333152,25.0,3.75,135.0,113.75
2025-09-18 22:00:00,98.94,38.68432498031948,17.085,55.76932498031948,25.0,3.75,123.94,102.69
2025-09-18 23:00:00,88.2,39.61658412727764,17.085,56.70158412727764,25.0,3.75,113.2,91.95
2025-09-19 00:00:00,74.09,37.799228614257785,17.085,54.884228614257786,25.0,3.75,99.09,77.84
2025-09-19 01:00:00,72.47,39.2793073791307,17.085,56.3643073791307,25.0,3.75,97.47,76.22
2025-09-19 02:00:00,73.45,39.14667348955627,17.085,56.23167348955627,25.0,3.75,98.45,77.2
2025-09-19 03:00:00,73.7,40.9375397913627,17.085,58.0225397913627,25.0,3.75,98.7,77.45
2025-09-19 04:00:00,74.02,40.9343562448779,17.085,58.0193562448779,25.0,3.75,99.02,77.77
2025-09-19 05:00:00,89.59,39.98795476441129,17.085,57.07295476441129,25.0,3.75,114.59,93.34
2025-09-19 06:00:00,118.92,38.2753048849078,17.085,55.3603048849078,25.0,3.75,143.92000000000002,122.67
2025-09-19 07:00:00,143.42,40.48364458878025,17.085,57.56864458878025,25.0,3.75,168.42,147.17
2025-09-19 08:00:00,118.29,38.81606306759391,17.085,55.90106306759391,25.0,3.75,143.29000000000002,122.04
2025-09-19 09:00:00,95.18,36.836171262573735,17.085,53.921171262573736,25.0,3.75,120.18,98.93
2025-09-19 10:00:00,53.7,38.193424416178125,17.085,55.278424416178126,25.0,3.75,78.7,57.45
2025-09-19 11:00:00,13.03,39.16905396756865,17.085,56.25405396756865,25.0,3.75,38.03,16.78
2025-09-19 12:00:00,0.99,40.82043156732949,17.085,57.905431567329494,25.0,3.75,25.99,4.74
2025-09-19 13:00:00,0.0,38.63294365568569,17.085,55.717943655685694,25.0,3.75,25.0,3.75
2025-09-19 14:00:00,0.0,36.58160257752079,17.085,53.66660257752079,25.0,3.75,25.0,3.75
2025-09-19 15:00:00,11.97,39.11348336659364,17.085,56.19848336659364,25.0,3.75,36.97,15.72
2025-09-19 16:00:00,74.46,39.2269120801131,17.085,56.3119120801131,25.0,3.75,99.46,78.21
2025-09-19 17:00:00,119.44,39.37167525780551,17.085,56.45667525780551,25.0,3.75,144.44,123.19
2025-09-19 18:00:00,255.21,40.83974303190886,17.085,57.92474303190886,25.0,3.75,280.21000000000004,258.96000000000004
2025-09-19 19:00:00,409.24,41.037846480179795,17.085,58.122846480179795,25.0,3.75,434.24,412.99
2025-09-19 20:00:00,167.59,37.81157825523667,17.085,54.89657825523667,25.0,3.75,192.59,171.34
2025-09-19 21:00:00,111.82,37.767713083902116,17.085,54.85271308390212,25.0,3.75,136.82,115.57
2025-09-19 22:00:00,86.04,36.919602578089055,17.085,54.004602578089056,25.0,3.75,111.04,89.79
2025-09-19 23:00:00,78.93,40.397631340560956,17.085,57.48263134056096,25.0,3.75,103.93,82.68
2025-09-20 00:00:00,87.24,41.897640216675434,17.085,58.982640216675435,25.0,3.75,112.24,90.99
2025-09-20 01:00:00,77.91,38.36983614418215,17.085,55.45483614418215,25.0,3.75,102.91,81.66
2025-09-20 02:00:00,74.99,38.51713887055001,17.085,55.602138870550014,25.0,3.75,99.99,78.74
2025-09-20 03:00:00,74.8,41.933565113797954,17.085,59.018565113797955,25.0,3.75,99.8,78.55
2025-09-20 04:00:00,74.79,40.01111570643002,17.085,57.09611570643002,25.0,3.75,99.79,78.54
2025-09-20 05:00:00,80.21,39.87247140960211,17.085,56.957471409602114,25.0,3.75,105.21,83.96
2025-09-20 06:00:00,88.51,36.61816698805254,17.085,53.703166988052544,25.0,3.75,113.51,92.26
2025-09-20 07:00:00,86.97,40.35745613855884,17.085,57.44245613855884,25.0,3.75,111.97,90.72
2025-09-20 08:00:00,75.29,37.141727318980486,17.085,54.22672731898049,25.0,3.75,100.29,79.04
2025-09-20 09:00:00,24.9,36.731959628130085,17.085,53.816959628130085,25.0,3.75,49.9,28.65
2025-09-20 10:00:00,3.02,38.306456846466574,17.085,55.391456846466575,25.0,3.75,28.02,6.77
2025-09-20 11:00:00,-0.28,37.82841455310262,17.085,54.91341455310262,25.0,3.75,24.72,3.4699999999999998
2025-09-20 12:00:00,-6.1,38.556800611229924,17.085,55.641800611229925,25.0,3.75,18.9,-2.3499999999999996
2025-09-20 13:00:00,-10.86,36.11803673095016,17.085,53.20303673095016,25.0,3.75,14.14,-7.109999999999999
2025-09-20 14:00:00,-5.1,40.91763261293534,17.085,58.002632612935344,25.0,3.75,19.9,-1.3499999999999996
2025-09-20 15:00:00,-0.04,41.25537258903286,17.085,58.34037258903286,25.0,3.75,24.96,3.71
2025-09-20 16:00:00,26.36,35.10531505171837,17.085,52.19031505171837,25.0,3.75,51.36,30.11
2025-09-20 17:00:00,93.84,40.9569156113331,17.085,58.0419156113331,25.0,3.75,118.84,97.59
2025-09-20 18:00:00,124.58,37.37894274035675,17.085,54.46394274035675,25.0,3.75,149.57999999999998,128.32999999999998
2025-09-20 19:00:00,134.1,40.713951073965575,17.085,57.798951073965576,25.0,3.75,159.1,137.85
2025-09-20 20:00:00,99.08,38.86310701466717,17.085,55.94810701466717,25.0,3.75,124.08,102.83
2025-09-20 21:00:00,81.95,39.057551128162,17.085,56.142551128162,25.0,3.75,106.95,85.7
2025-09-20 22:00:00,74.5,38.62980470115756,17.085,55.71480470115756,25.0,3.75,99.5,78.25
2025-09-20 23:00:00,48.3,41.42425840846697,17.085,58.50925840846697,25.0,3.75,73.3,52.05
2025-09-21 00:00:00,8.07,36.52082397494994,17.085,53.60582397494994,25.0,3.75,33.07,11.82
2025-09-21 01:00:00,3.7,40.21568067747002,17.085,57.30068067747002,25.0,3.75,28.7,7.45
2025-09-21 02:00:00,3.46,41.2026603297791,17.085,58.2876603297791,25.0,3.75,28.46,7.21
2025-09-21 03:00:00,1.65,40.432680161080825,17.085,57.517680161080825,25.0,3.75,26.65,5.4
2025-09-21 04:00:00,2.08,43.64939782864683,17.085,60.734397828646834,25.0,3.75,27.08,5.83
2025-09-21 05:00:00,3.23,37.9421064745506,17.085,55.0271064745506,25.0,3.75,28.23,6.98
2025-09-21 06:00:00,4.41,40.91460964518706,17.085,57.999609645187064,25.0,3.75,29.41,8.16
2025-09-21 07:00:00,5.23,38.78781872931716,17.085,55.87281872931716,25.0,3.75,30.23,8.98
2025-09-21 08:00:00,3.01,41.46681215270534,17.085,58.55181215270534,25.0,3.75,28.009999999999998,6.76
2025-09-21 09:00:00,1.31,38.98462200855726,17.085,56.06962200855726,25.0,3.75,26.31,5.0600000000000005
2025-09-21 10:00:00,0.0,38.22424843627506,17.085,55.30924843627506,25.0,3.75,25.0,3.75
2025-09-21 11:00:00,-0.09,41.61214440774326,17.085,58.69714440774326,25.0,3.75,24.91,3.66
2025-09-21 12:00:00,-1.2,38.01687612196214,17.085,55.10187612196214,25.0,3.75,23.8,2.55
2025-09-21 13:00:00,-2.02,36.17454848219889,17.085,53.25954848219889,25.0,3.75,22.98,1.73
2025-09-21 14:00:00,-1.31,37.96630623365235,17.085,55.05130623365235,25.0,3.75,23.69,2.44
2025-09-21 15:00:00,-0.01,40.238065893177065,17.085,57.323065893177066,25.0,3.75,24.99,3.74
2025-09-21 16:00:00,9.47,41.78407750317418,17.085,58.86907750317418,25.0,3.75,34.47,13.22
2025-09-21 17:00:00,85.18,39.22225875059302,17.085,56.30725875059302,25.0,3.75,110.18,88.93
2025-09-21 18:00:00,113.96,41.63639413446805,17.085,58.72139413446805,25.0,3.75,138.95999999999998,117.71
2025-09-21 19:00:00,120.57,36.28365015704481,17.085,53.36865015704481,25.0,3.75,145.57,124.32
2025-09-21 20:00:00,118.84,38.11347307036419,17.085,55.198473070364194,25.0,3.75,143.84,122.59
2025-09-21 21:00:00,104.68,38.4228497656918,17.085,55.5078497656918,25.0,3.75,129.68,108.43
2025-09-21 22:00:00,96.35,38.77088114505496,17.085,55.85588114505496,25.0,3.75,121.35,100.1
2025-09-21 23:00:00,91.68,39.16818877650039,17.085,56.253188776500394,25.0,3.75,116.68,95.43
2025-09-22 00:00:00,87.33,40.38182191478438,17.085,57.46682191478438,25.0,3.75,112.33,91.08
2025-09-22 01:00:00,83.57,38.11038632365902,17.085,55.19538632365902,25.0,3.75,108.57,87.32
2025-09-22 02:00:00,79.21,39.27805737390625,17.085,56.36305737390625,25.0,3.75,104.21,82.96
2025-09-22 03:00:00,79.21,38.909754219351896,17.085,55.9947542193519,25.0,3.75,104.21,82.96
2025-09-22 04:00:00,80.35,37.1482201922177,17.085,54.2332201922177,25.0,3.75,105.35,84.1
2025-09-22 05:00:00,93.59,38.77266662183713,17.085,55.85766662183713,25.0,3.75,118.59,97.34
2025-09-22 06:00:00,118.69,38.712680940205765,17.085,55.797680940205765,25.0,3.75,143.69,122.44
2025-09-22 07:00:00,130.0,38.66983886999391,17.085,55.75483886999391,25.0,3.75,155.0,133.75
2025-09-22 08:00:00,130.0,39.0635189131629,17.085,56.1485189131629,25.0,3.75,155.0,133.75
2025-09-22 09:00:00,108.57,39.151347081226774,17.085,56.236347081226775,25.0,3.75,133.57,112.32
2025-09-22 10:00:00,91.82,38.13540964178534,17.085,55.22040964178534,25.0,3.75,116.82,95.57
2025-09-22 11:00:00,77.86,41.545429467942526,17.085,58.63042946794253,25.0,3.75,102.86,81.61
2025-09-22 12:00:00,74.04,36.66103874159397,17.085,53.74603874159397,25.0,3.75,99.04,77.79
2025-09-22 13:00:00,71.17,37.55805978306021,17.085,54.64305978306021,25.0,3.75,96.17,74.92
2025-09-22 14:00:00,70.23,44.55992724844711,17.085,61.64492724844711,25.0,3.75,95.23,73.98
2025-09-22 15:00:00,78.39,36.92401729002154,17.085,54.00901729002154,25.0,3.75,103.39,82.14
2025-09-22 16:00:00,84.79,36.29249065058048,17.085,53.377490650580484,25.0,3.75,109.79,88.54
2025-09-22 17:00:00,100.13,40.468953490002434,17.085,57.553953490002435,25.0,3.75,125.13,103.88
2025-09-22 18:00:00,128.08,34.845760292452255,17.085,51.930760292452256,25.0,3.75,153.08,131.83
2025-09-22 19:00:00,140.92,38.529452180055124,17.085,55.614452180055125,25.0,3.75,165.92,144.67
2025-09-22 20:00:00,130.0,43.29164985015298,17.085,60.37664985015298,25.0,3.75,155.0,133.75
2025-09-22 21:00:00,114.24,35.9101281556932,17.085,52.9951281556932,25.0,3.75,139.24,117.99
2025-09-22 22:00:00,97.72,35.03607102852257,17.085,52.12107102852257,25.0,3.75,122.72,101.47
2025-09-22 23:00:00,89.99,36.001637596084606,17.085,53.08663759608461,25.0,3.75,114.99,93.74
2025-09-23 00:00:00,88.6,40.79671913669397,17.085,57.881719136693974,25.0,3.75,113.6,92.35
2025-09-23 01:00:00,90.0,41.24955343997163,17.085,58.33455343997163,25.0,3.75,115.0,93.75
2025-09-23 02:00:00,89.73,37.97482240604298,17.085,55.05982240604298,25.0,3.75,114.73,93.48
2025-09-23 03:00:00,89.93,40.36642480800214,17.085,57.45142480800214,25.0,3.75,114.93,93.68
2025-09-23 04:00:00,91.34,41.78051065502398,17.085,58.86551065502398,25.0,3.75,116.34,95.09
2025-09-23 05:00:00,98.11,42.574692828859654,17.085,59.659692828859654,25.0,3.75,123.11,101.86
2025-09-23 06:00:00,122.01,38.5073294376403,17.085,55.5923294376403,25.0,3.75,147.01,125.76
2025-09-23 07:00:00,172.36,34.397056564660026,17.085,51.48205656466003,25.0,3.75,197.36,176.11
2025-09-23 08:00:00,162.8,37.358242155180626,17.085,54.44324215518063,25.0,3.75,187.8,166.55
2025-09-23 09:00:00,125.76,38.146391610129484,17.085,55.231391610129485,25.0,3.75,150.76,129.51
2025-09-23 10:00:00,93.92,38.48212240684322,17.085,55.56712240684322,25.0,3.75,118.92,97.67
2025-09-23 11:00:00,85.51,38.62428119798256,17.085,55.70928119798256,25.0,3.75,110.51,89.26
2025-09-23 12:00:00,77.54,41.23778919586134,17.085,58.32278919586134,25.0,3.75,102.54,81.29
2025-09-23 13:00:00,74.24,41.54885685337516,17.085,58.633856853375164,25.0,3.75,99.24,77.99
2025-09-23 14:00:00,74.25,38.65665269215043,17.085,55.74165269215043,25.0,3.75,99.25,78.0
2025-09-23 15:00:00,84.11,41.19696975210364,17.085,58.28196975210364,25.0,3.75,109.11,87.86
2025-09-23 16:00:00,85.76,39.71532273326218,17.085,56.80032273326218,25.0,3.75,110.76,89.51
2025-09-23 17:00:00,102.9,39.129011945725146,17.085,56.21401194572515,25.0,3.75,127.9,106.65
2025-09-23 18:00:00,136.83,40.813088314219925,17.085,57.898088314219926,25.0,3.75,161.83,140.58
2025-09-23 19:00:00,149.58,39.144504096475835,17.085,56.229504096475836,25.0,3.75,174.58,153.33
2025-09-23 20:00:00,115.81,43.11562235419552,17.085,60.200622354195524,25.0,3.75,140.81,119.56
2025-09-23 21:00:00,94.0,36.12317766641088,17.085,53.20817766641088,25.0,3.75,119.0,97.75
2025-09-23 22:00:00,84.91,37.96965820181597,17.085,55.05465820181597,25.0,3.75,109.91,88.66
2025-09-23 23:00:00,84.1,38.7469622060921,17.085,55.8319622060921,25.0,3.75,109.1,87.85
2025-09-24 00:00:00,82.67,39.87890538091598,17.085,56.96390538091598,25.0,3.75,107.67,86.42
2025-09-24 01:00:00,82.32,41.53592097420618,17.085,58.62092097420618,25.0,3.75,107.32,86.07
2025-09-24 02:00:00,81.61,38.951202865527684,17.085,56.036202865527684,25.0,3.75,106.61,85.36
2025-09-24 03:00:00,77.95,36.155540700987586,17.085,53.24054070098759,25.0,3.75,102.95,81.7
2025-09-24 04:00:00,78.59,40.685027792910006,17.085,57.77002779291001,25.0,3.75,103.59,82.34
2025-09-24 05:00:00,82.67,40.50991753228393,17.085,57.59491753228393,25.0,3.75,107.67,86.42
2025-09-24 06:00:00,109.76,35.11628268124119,17.085,52.20128268124119,25.0,3.75,134.76,113.51
2025-09-24 07:00:00,118.01,38.992391732658405,17.085,56.077391732658405,25.0,3.75,143.01,121.76
2025-09-24 08:00:00,120.45,35.8197163386394,17.085,52.9047163386394,25.0,3.75,145.45,124.2
2025-09-24 09:00:00,107.0,37.670697804995875,17.085,54.755697804995876,25.0,3.75,132.0,110.75
2025-09-24 10:00:00,85.54,37.1943821460744,17.085,54.279382146074404,25.0,3.75,110.54,89.29
2025-09-24 11:00:00,70.09,40.61852939648397,17.085,57.70352939648397,25.0,3.75,95.09,73.84
2025-09-24 12:00:00,27.1,39.233660348344365,17.085,56.318660348344366,25.0,3.75,52.1,30.85
2025-09-24 13:00:00,10.66,36.42881799848794,17.085,53.513817998487944,25.0,3.75,35.66,14.41
2025-09-24 14:00:00,9.9,40.760131925914685,17.085,57.845131925914686,25.0,3.75,34.9,13.65
2025-09-24 15:00:00,15.0,36.132388352143174,17.085,53.217388352143175,25.0,3.75,40.0,18.75
2025-09-24 16:00:00,66.1,39.660227580941886,17.085,56.74522758094189,25.0,3.75,91.1,69.85
2025-09-24 17:00:00,85.69,37.37197866141689,17.085,54.45697866141689,25.0,3.75,110.69,89.44
2025-09-24 18:00:00,113.08,38.26864583493896,17.085,55.35364583493896,25.0,3.75,138.07999999999998,116.83
2025-09-24 19:00:00,115.93,40.00854149607677,17.085,57.09354149607677,25.0,3.75,140.93,119.68
2025-09-24 20:00:00,113.95,40.042898798119055,17.085,57.127898798119055,25.0,3.75,138.95,117.7
2025-09-24 21:00:00,91.29,41.67393814711192,17.085,58.75893814711192,25.0,3.75,116.29,95.04
2025-09-24 22:00:00,85.5,38.83549260065709,17.085,55.92049260065709,25.0,3.75,110.5,89.25
2025-09-24 23:00:00,69.68,39.61290172592668,17.085,56.697901725926684,25.0,3.75,94.68,73.43
2025-09-25 00:00:00,73.3,38.12452535519135,17.085,55.20952535519135,25.0,3.75,98.3,77.05
2025-09-25 01:00:00,69.69,39.363979765245595,17.085,56.448979765245596,25.0,3.75,94.69,73.44
2025-09-25 02:00:00,67.81,39.87897209601702,17.085,56.963972096017024,25.0,3.75,92.81,71.56
2025-09-25 03:00:00,68.09,38.803380305091245,17.085,55.888380305091246,25.0,3.75,93.09,71.84
2025-09-25 04:00:00,71.69,35.39249903181501,17.085,52.47749903181501,25.0,3.75,96.69,75.44
2025-09-25 05:00:00,77.33,39.66294179266179,17.085,56.74794179266179,25.0,3.75,102.33,81.08
2025-09-25 06:00:00,108.55,39.72912295471092,17.085,56.81412295471092,25.0,3.75,133.55,112.3
2025-09-25 07:00:00,124.26,37.6396530473041,17.085,54.7246530473041,25.0,3.75,149.26,128.01
2025-09-25 08:00:00,124.99,36.431225927854975,17.085,53.516225927854975,25.0,3.75,149.99,128.74
2025-09-25 09:00:00,104.88,41.95175830100793,17.085,59.03675830100793,25.0,3.75,129.88,108.63
2025-09-25 10:00:00,77.95,39.9828910217888,17.085,57.0678910217888,25.0,3.75,102.95,81.7
2025-09-25 11:00:00,69.24,38.54183793815658,17.085,55.626837938156584,25.0,3.75,94.24,72.99
2025-09-25 12:00:00,38.18,36.725934233705026,17.085,53.81093423370503,25.0,3.75,63.18,41.93
2025-09-25 13:00:00,16.03,37.35637034315731,17.085,54.44137034315731,25.0,3.75,41.03,19.78
2025-09-25 14:00:00,20.1,41.605180793572465,17.085,58.690180793572466,25.0,3.75,45.1,23.85
2025-09-25 15:00:00,43.66,39.27532388173609,17.085,56.36032388173609,25.0,3.75,68.66,47.41
2025-09-25 16:00:00,75.0,37.89882586599859,17.085,54.98382586599859,25.0,3.75,100.0,78.75
2025-09-25 17:00:00,88.79,40.01937846244931,17.085,57.10437846244931,25.0,3.75,113.79,92.54
2025-09-25 18:00:00,117.04,37.371203625107356,17.085,54.45620362510736,25.0,3.75,142.04000000000002,120.79
2025-09-25 19:00:00,121.47,42.00168606056076,17.085,59.08668606056076,25.0,3.75,146.47,125.22
2025-09-25 20:00:00,123.75,41.70560106979345,17.085,58.79060106979345,25.0,3.75,148.75,127.5
2025-09-25 21:00:00,105.83,38.06685185759444,17.085,55.151851857594444,25.0,3.75,130.82999999999998,109.58
2025-09-25 22:00:00,94.77,37.74265950593828,17.085,54.82765950593828,25.0,3.75,119.77,98.52
2025-09-25 23:00:00,81.09,33.763733602615446,17.085,50.84873360261545,25.0,3.75,106.09,84.84
2025-09-26 00:00:00,78.48,36.036838456897264,17.085,53.121838456897265,25.0,3.75,103.48,82.23
2025-09-26 01:00:00,75.0,36.32106045008449,17.085,53.40606045008449,25.0,3.75,100.0,78.75
2025-09-26 02:00:00,73.17,39.27038068197477,17.085,56.35538068197477,25.0,3.75,98.17,76.92
2025-09-26 03:00:00,73.18,38.34753259111728,17.085,55.43253259111728,25.0,3.75,98.18,76.93
2025-09-26 04:00:00,74.93,36.30932902516952,17.085,53.39432902516952,25.0,3.75,99.93,78.68
2025-09-26 05:00:00,82.0,38.43767191507089,17.085,55.52267191507089,25.0,3.75,107.0,85.75
2025-09-26 06:00:00,107.74,40.0106742952947,17.085,57.0956742952947,25.0,3.75,132.74,111.49
2025-09-26 07:00:00,120.33,40.05567869983118,17.085,57.14067869983118,25.0,3.75,145.32999999999998,124.08
2025-09-26 08:00:00,123.56,35.20065943828224,17.085,52.28565943828224,25.0,3.75,148.56,127.31
2025-09-26 09:00:00,110.41,38.74347303903234,17.085,55.82847303903234,25.0,3.75,135.41,114.16
2025-09-26 10:00:00,89.84,36.23331844605678,17.085,53.31831844605678,25.0,3.75,114.84,93.59
2025-09-26 11:00:00,85.36,40.80345739428055,17.085,57.88845739428055,25.0,3.75,110.36,89.11
2025-09-26 12:00:00,78.96,40.568292832706994,17.085,57.653292832706995,25.0,3.75,103.96,82.71
2025-09-26 13:00:00,73.16,37.20394554735108,17.085,54.288945547351084,25.0,3.75,98.16,76.91
2025-09-26 14:00:00,75.05,37.4679095951992,17.085,54.5529095951992,25.0,3.75,100.05,78.8
2025-09-26 15:00:00,79.99,38.077465899003386,17.085,55.16246589900339,25.0,3.75,104.99,83.74
2025-09-26 16:00:00,98.81,34.494413210537324,17.085,51.579413210537325,25.0,3.75,123.81,102.56
2025-09-26 17:00:00,109.8,39.671936346881154,17.085,56.756936346881155,25.0,3.75,134.8,113.55
2025-09-26 18:00:00,123.65,38.45431090731974,17.085,55.53931090731974,25.0,3.75,148.65,127.4
2025-09-26 19:00:00,133.02,40.94035016513572,17.085,58.02535016513572,25.0,3.75,158.02,136.77
2025-09-26 20:00:00,119.61,36.8031815640749,17.085,53.8881815640749,25.0,3.75,144.61,123.36
2025-09-26 21:00:00,106.21,37.76175410350014,17.085,54.84675410350014,25.0,3.75,131.20999999999998,109.96
2025-09-26 22:00:00,96.9,35.98694948392177,17.085,53.07194948392177,25.0,3.75,121.9,100.65
2025-09-26 23:00:00,89.9,36.9914188730115,17.085,54.0764188730115,25.0,3.75,114.9,93.65
2025-09-27 00:00:00,84.99,36.63603600786357,17.085,53.72103600786357,25.0,3.75,109.99,88.74
2025-09-27 01:00:00,83.26,40.991947357692894,17.085,58.076947357692895,25.0,3.75,108.26,87.01
2025-09-27 02:00:00,82.7,37.603476302497214,17.085,54.688476302497214,25.0,3.75,107.7,86.45
2025-09-27 03:00:00,82.51,39.24835136948923,17.085,56.33335136948923,25.0,3.75,107.51,86.26
2025-09-27 04:00:00,85.28,38.23847319227639,17.085,55.32347319227639,25.0,3.75,110.28,89.03
2025-09-27 05:00:00,89.19,36.461069467974376,17.085,53.54606946797438,25.0,3.75,114.19,92.94
2025-09-27 06:00:00,90.57,38.66339915365671,17.085,55.74839915365671,25.0,3.75,115.57,94.32
2025-09-27 07:00:00,105.45,40.19820666372719,17.085,57.28320666372719,25.0,3.75,130.45,109.2
2025-09-27 08:00:00,109.71,36.584481214913296,17.085,53.6694812149133,25.0,3.75,134.70999999999998,113.46
2025-09-27 09:00:00,96.92,40.61822558146276,17.085,57.70322558146276,25.0,3.75,121.92,100.67
2025-09-27 10:00:00,87.86,37.300558157044605,17.085,54.385558157044606,25.0,3.75,112.86,91.61
2025-09-27 11:00:00,75.0,38.03403214785432,17.085,55.11903214785432,25.0,3.75,100.0,78.75
2025-09-27 12:00:00,59.77,40.06136624602009,17.085,57.146366246020094,25.0,3.75,84.77000000000001,63.52
2025-09-27 13:00:00,36.11,37.67312768556103,17.085,54.75812768556103,25.0,3.75,61.11,39.86
2025-09-27 14:00:00,48.54,39.07514971867173,17.085,56.16014971867173,25.0,3.75,73.53999999999999,52.29
2025-09-27 15:00:00,78.22,38.37061834242382,17.085,55.45561834242382,25.0,3.75,103.22,81.97
2025-09-27 16:00:00,93.1,39.258736013407635,17.085,56.343736013407636,25.0,3.75,118.1,96.85
2025-09-27 17:00:00,112.01,34.23852178895301,17.085,51.32352178895301,25.0,3.75,137.01,115.76
2025-09-27 18:00:00,133.35,35.340636369583834,17.085,52.425636369583835,25.0,3.75,158.35,137.1
2025-09-27 19:00:00,148.61,40.231934012093674,17.085,57.316934012093675,25.0,3.75,173.61,152.36
2025-09-27 20:00:00,122.53,41.0743628112981,17.085,58.1593628112981,25.0,3.75,147.53,126.28
2025-09-27 21:00:00,114.4,37.17902659293696,17.085,54.26402659293696,25.0,3.75,139.4,118.15
2025-09-27 22:00:00,107.56,38.51194329565773,17.085,55.59694329565773,25.0,3.75,132.56,111.31
2025-09-27 23:00:00,99.54,39.5894385058046,17.085,56.6744385058046,25.0,3.75,124.54,103.29
2025-09-28 00:00:00,97.56,40.38643520331741,17.085,57.47143520331741,25.0,3.75,122.56,101.31
2025-09-28 01:00:00,95.31,34.9446454566583,17.085,52.0296454566583,25.0,3.75,120.31,99.06
2025-09-28 02:00:00,94.32,37.22791950604324,17.085,54.312919506043244,25.0,3.75,119.32,98.07
2025-09-28 03:00:00,91.47,38.33484124030025,17.085,55.41984124030025,25.0,3.75,116.47,95.22
2025-09-28 04:00:00,97.77,40.4062803944721,17.085,57.4912803944721,25.0,3.75,122.77,101.52
2025-09-28 05:00:00,97.58,43.99686096744299,17.085,61.08186096744299,25.0,3.75,122.58,101.33
2025-09-28 06:00:00,100.91,38.54398854638056,17.085,55.62898854638056,25.0,3.75,125.91,104.66
2025-09-28 07:00:00,105.79,36.18604507579202,17.085,53.271045075792024,25.0,3.75,130.79000000000002,109.54
2025-09-28 08:00:00,98.77,39.8045361544026,17.085,56.8895361544026,25.0,3.75,123.77,102.52
2025-09-28 09:00:00,95.04,41.64199157908142,17.085,58.72699157908142,25.0,3.75,120.04,98.79
2025-09-28 10:00:00,82.08,39.216028241959,17.085,56.301028241959,25.0,3.75,107.08,85.83
2025-09-28 11:00:00,37.47,37.18670290969141,17.085,54.27170290969141,25.0,3.75,62.47,41.22
2025-09-28 12:00:00,17.11,40.91598788296004,17.085,58.00098788296004,25.0,3.75,42.11,20.86
2025-09-28 13:00:00,8.53,40.32709123699687,17.085,57.41209123699687,25.0,3.75,33.53,12.28
2025-09-28 14:00:00,13.0,36.94783831160875,17.085,54.03283831160875,25.0,3.75,38.0,16.75
2025-09-28 15:00:00,61.33,39.76285123506868,17.085,56.84785123506868,25.0,3.75,86.33,65.08
2025-09-28 16:00:00,86.0,40.99453113531774,17.085,58.079531135317744,25.0,3.75,111.0,89.75
2025-09-28 17:00:00,105.89,41.36378008511779,17.085,58.44878008511779,25.0,3.75,130.89,109.64
2025-09-28 18:00:00,131.02,38.86710204938109,17.085,55.95210204938109,25.0,3.75,156.02,134.77
2025-09-28 19:00:00,137.97,38.283841107641365,17.085,55.368841107641366,25.0,3.75,162.97,141.72
2025-09-28 20:00:00,125.93,41.454547644162524,17.085,58.539547644162525,25.0,3.75,150.93,129.68
2025-09-28 21:00:00,113.51,36.57967899403823,17.085,53.66467899403823,25.0,3.75,138.51,117.26
2025-09-28 22:00:00,102.29,39.87715858184201,17.085,56.96215858184201,25.0,3.75,127.29,106.04
2025-09-28 23:00:00,95.74,36.259946745271144,17.085,53.344946745271145,25.0,3.75,120.74,99.49
2025-09-29 00:00:00,90.95,41.130752544519204,17.085,58.215752544519205,25.0,3.75,115.95,94.7
2025-09-29 01:00:00,88.76,38.483908968777676,17.085,55.56890896877768,25.0,3.75,113.76,92.51
2025-09-29 02:00:00,87.88,41.53716647129494,17.085,58.62216647129494,25.0,3.75,112.88,91.63
2025-09-29 03:00:00,87.94,39.98282551271105,17.085,57.06782551271105,25.0,3.75,112.94,91.69
2025-09-29 04:00:00,88.31,36.55355953987614,17.085,53.63855953987614,25.0,3.75,113.31,92.06
2025-09-29 05:00:00,98.37,41.84925546415449,17.085,58.93425546415449,25.0,3.75,123.37,102.12
2025-09-29 06:00:00,134.98,42.102490532855455,17.085,59.187490532855456,25.0,3.75,159.98,138.73
2025-09-29 07:00:00,222.1,40.764572985198434,17.085,57.849572985198435,25.0,3.75,247.1,225.85
2025-09-29 08:00:00,166.91,37.47682426992756,17.085,54.56182426992756,25.0,3.75,191.91,170.66
2025-09-29 09:00:00,122.06,38.387972091285185,17.085,55.472972091285186,25.0,3.75,147.06,125.81
2025-09-29 10:00:00,90.21,39.29085443481152,17.085,56.37585443481152,25.0,3.75,115.21,93.96
2025-09-29 11:00:00,84.95,37.59257920133713,17.085,54.67757920133713,25.0,3.75,109.95,88.7
2025-09-29 12:00:00,78.71,42.38469314492641,17.085,59.46969314492641,25.0,3.75,103.71,82.46
2025-09-29 13:00:00,77.08,39.28865294345207,17.085,56.37365294345207,25.0,3.75,102.08,80.83
2025-09-29 14:00:00,83.33,33.593303905785284,17.085,50.678303905785285,25.0,3.75,108.33,87.08
2025-09-29 15:00:00,87.4,39.67871162551244,17.085,56.76371162551244,25.0,3.75,112.4,91.15
2025-09-29 16:00:00,99.98,38.30368520636537,17.085,55.38868520636537,25.0,3.75,124.98,103.73
2025-09-29 17:00:00,140.79,38.8501468877631,17.085,55.9351468877631,25.0,3.75,165.79,144.54
2025-09-29 18:00:00,302.65,38.2627612684286,17.085,55.3477612684286,25.0,3.75,327.65,306.4
2025-09-29 19:00:00,406.78,40.61409283321338,17.085,57.69909283321338,25.0,3.75,431.78,410.53
2025-09-29 20:00:00,167.6,41.23937555710676,17.085,58.32437555710676,25.0,3.75,192.6,171.35
2025-09-29 21:00:00,123.85,39.56610632451731,17.085,56.65110632451731,25.0,3.75,148.85,127.6
2025-09-29 22:00:00,108.3,38.321377625723684,17.085,55.406377625723685,25.0,3.75,133.3,112.05
2025-09-29 23:00:00,93.68,38.91732559038166,17.085,56.00232559038166,25.0,3.75,118.68,97.43
2025-09-30 00:00:00,101.1,39.03919923315526,17.085,56.12419923315526,25.0,3.75,126.1,104.85
2025-09-30 01:00:00,98.43,37.395139920270324,17.085,54.480139920270325,25.0,3.75,123.43,102.18
2025-09-30 02:00:00,98.93,40.15785729714247,17.085,57.24285729714247,25.0,3.75,123.93,102.68
2025-09-30 03:00:00,94.99,39.920084647720934,17.085,57.005084647720935,25.0,3.75,119.99,98.74
2025-09-30 04:00:00,99.12,42.080882479553345,17.085,59.165882479553346,25.0,3.75,124.12,102.87
2025-09-30 05:00:00,112.08,41.51069956057695,17.085,58.59569956057695,25.0,3.75,137.07999999999998,115.83
2025-09-30 06:00:00,141.86,37.62865016481974,17.085,54.71365016481974,25.0,3.75,166.86,145.61
2025-09-30 07:00:00,244.0,40.64059674901793,17.085,57.72559674901793,25.0,3.75,269.0,247.75
2025-09-30 08:00:00,209.23,37.098093233811056,17.085,54.18309323381106,25.0,3.75,234.23,212.98
2025-09-30 09:00:00,141.85,40.3918642018817,17.085,57.4768642018817,25.0,3.75,166.85,145.6
2025-09-30 10:00:00,115.2,37.96677160247978,17.085,55.05177160247978,25.0,3.75,140.2,118.95
2025-09-30 11:00:00,96.72,36.95349355324883,17.085,54.038493553248834,25.0,3.75,121.72,100.47
2025-09-30 12:00:00,87.91,39.56009068539481,17.085,56.64509068539481,25.0,3.75,112.91,91.66
2025-09-30 13:00:00,86.04,33.65086574369172,17.085,50.73586574369172,25.0,3.75,111.04,89.79
2025-09-30 14:00:00,87.26,35.498048851189544,17.085,52.583048851189545,25.0,3.75,112.26,91.01
2025-09-30 15:00:00,96.8,38.64501623245143,17.085,55.73001623245143,25.0,3.75,121.8,100.55
2025-09-30 16:00:00,104.03,39.16488353326969,17.085,56.24988353326969,25.0,3.75,129.03,107.78
2025-09-30 17:00:00,142.64,38.261362459683625,17.085,55.346362459683625,25.0,3.75,167.64,146.39
2025-09-30 18:00:00,294.54,35.8411274025648,17.085,52.9261274025648,25.0,3.75,319.54,298.29
2025-09-30 19:00:00,357.77,37.36421631572299,17.085,54.44921631572299,25.0,3.75,382.77,361.52
2025-09-30 20:00:00,147.28,39.78241865447479,17.085,56.86741865447479,25.0,3.75,172.28,151.03
2025-09-30 21:00:00,116.04,40.16356354125673,17.085,57.24856354125673,25.0,3.75,141.04000000000002,119.79
2025-09-30 22:00:00,101.63,38.967553764808116,17.085,56.05255376480812,25.0,3.75,126.63,105.38
2025-09-30 23:00:00,92.54,41.31366756207398,17.085,58.39866756207398,25.0,3.75,117.54,96.29
2025-10-01 00:00:00,91.57,42.79479404691847,17.085,59.87979404691847,25.0,3.75,116.57,95.32
2025-10-01 01:00:00,86.29,40.505088692083575,17.085,57.590088692083576,25.0,3.75,111.29,90.04
2025-10-01 02:00:00,84.87,41.43899589317677,17.085,58.52399589317677,25.0,3.75,109.87,88.62
2025-10-01 03:00:00,88.33,39.19426768558429,17.085,56.279267685584294,25.0,3.75,113.33,92.08
2025-10-01 04:00:00,87.66,41.783722019217166,17.085,58.86872201921717,25.0,3.75,112.66,91.41
2025-10-01 05:00:00,95.33,44.224201238442674,17.085,61.309201238442675,25.0,3.75,120.33,99.08
2025-10-01 06:00:00,124.96,43.370580169421935,17.085,60.455580169421935,25.0,3.75,149.95999999999998,128.70999999999998
2025-10-01 07:00:00,173.3,44.80401865183824,17.085,61.88901865183824,25.0,3.75,198.3,177.05
2025-10-01 08:00:00,139.09,41.39422951240201,17.085,58.479229512402014,25.0,3.75,164.09,142.84
2025-10-01 09:00:00,105.25,44.69219958902852,17.085,61.77719958902852,25.0,3.75,130.25,109.0
2025-10-01 10:00:00,86.04,41.61339154710406,17.085,58.69839154710406,25.0,3.75,111.04,89.79
2025-10-01 11:00:00,70.57,44.94317016513979,17.085,62.02817016513979,25.0,3.75,95.57,74.32
2025-10-01 12:00:00,66.03,41.956286505115756,17.085,59.04128650511576,25.0,3.75,91.03,69.78
2025-10-01 13:00:00,68.4,43.41446274760855,17.085,60.499462747608554,25.0,3.75,93.4,72.15
2025-10-01 14:00:00,72.63,44.95022472861971,17.085,62.03522472861971,25.0,3.75,97.63,76.38
2025-10-01 15:00:00,81.72,41.61314474283759,17.085,58.69814474283759,25.0,3.75,106.72,85.47
2025-10-01 16:00:00,92.87,42.43677797508835,17.085,59.52177797508835,25.0,3.75,117.87,96.62
2025-10-01 17:00:00,135.4,44.5777268504126,17.085,61.662726850412604,25.0,3.75,160.4,139.15
2025-10-01 18:00:00,253.24,41.733993672139874,17.085,58.818993672139875,25.0,3.75,278.24,256.99
2025-10-01 19:00:00,339.99,39.35821543498768,17.085,56.44321543498768,25.0,3.75,364.99,343.74
2025-10-01 20:00:00,152.02,46.28601410916982,17.085,63.37101410916982,25.0,3.75,177.02,155.77
2025-10-01 21:00:00,113.04,41.06047107132573,17.085,58.14547107132573,25.0,3.75,138.04000000000002,116.79
2025-10-01 22:00:00,98.51,42.31751210187509,17.085,59.40251210187509,25.0,3.75,123.51,102.26
2025-10-01 23:00:00,90.65,44.312013338902254,17.085,61.397013338902255,25.0,3.75,115.65,94.4
2025-10-02 00:00:00,90.8,40.7830121925376,17.085,57.8680121925376,25.0,3.75,115.8,94.55
2025-10-02 01:00:00,88.0,39.98426417355574,17.085,57.06926417355574,25.0,3.75,113.0,91.75
2025-10-02 02:00:00,86.52,42.50747459354967,17.085,59.59247459354967,25.0,3.75,111.52,90.27
2025-10-02 03:00:00,88.56,38.41384720417522,17.085,55.49884720417522,25.0,3.75,113.56,92.31
2025-10-02 04:00:00,90.81,41.42418784626416,17.085,58.50918784626416,25.0,3.75,115.81,94.56
2025-10-02 05:00:00,95.97,42.49007732863081,17.085,59.57507732863081,25.0,3.75,120.97,99.72
2025-10-02 06:00:00,128.72,41.460096206349675,17.085,58.545096206349676,25.0,3.75,153.72,132.47
2025-10-02 07:00:00,181.09,38.91309811362851,17.085,55.99809811362851,25.0,3.75,206.09,184.84
2025-10-02 08:00:00,136.68,45.18835591240803,17.085,62.27335591240803,25.0,3.75,161.68,140.43
2025-10-02 09:00:00,100.51,42.20707630789835,17.085,59.29207630789835,25.0,3.75,125.51,104.26
2025-10-02 10:00:00,91.48,44.86230423552348,17.085,61.94730423552348,25.0,3.75,116.48,95.23
2025-10-02 11:00:00,78.29,41.47992749963911,17.085,58.56492749963911,25.0,3.75,103.29,82.04
2025-10-02 12:00:00,65.77,40.23997603661847,17.085,57.32497603661847,25.0,3.75,90.77,69.52
2025-10-02 13:00:00,60.5,42.53836184051032,17.085,59.62336184051032,25.0,3.75,85.5,64.25
2025-10-02 14:00:00,71.29,41.56842574734356,17.085,58.65342574734356,25.0,3.75,96.29,75.04
2025-10-02 15:00:00,80.66,39.64447708401728,17.085,56.72947708401728,25.0,3.75,105.66,84.41
2025-10-02 16:00:00,91.45,44.93956851757499,17.085,62.02456851757499,25.0,3.75,116.45,95.2
2025-10-02 17:00:00,113.32,40.75545955421201,17.085,57.84045955421201,25.0,3.75,138.32,117.07
2025-10-02 18:00:00,167.93,38.31946723040886,17.085,55.40446723040886,25.0,3.75,192.93,171.68
2025-10-02 19:00:00,176.84,44.656332107914665,17.085,61.741332107914666,25.0,3.75,201.84,180.59
2025-10-02 20:00:00,109.92,40.991403968374755,17.085,58.076403968374755,25.0,3.75,134.92000000000002,113.67
2025-10-02 21:00:00,90.85,40.78435221476875,17.085,57.86935221476875,25.0,3.75,115.85,94.6
2025-10-02 22:00:00,96.66,38.46922482594005,17.085,55.554224825940054,25.0,3.75,121.66,100.41
2025-10-02 23:00:00,82.09,45.48188297319398,17.085,62.566882973193984,25.0,3.75,107.09,85.84
2025-10-03 00:00:00,85.93,39.421038825580624,17.085,56.506038825580625,25.0,3.75,110.93,89.68
2025-10-03 01:00:00,77.14,42.1168989614113,17.085,59.2018989614113,25.0,3.75,102.14,80.89
2025-10-03 02:00:00,71.75,43.82524064508088,17.085,60.91024064508088,25.0,3.75,96.75,75.5
2025-10-03 03:00:00,73.91,42.843433866006194,17.085,59.928433866006195,25.0,3.75,98.91,77.66
2025-10-03 04:00:00,76.29,41.88069137601562,17.085,58.96569137601562,25.0,3.75,101.29,80.04
2025-10-03 05:00:00,77.98,38.59666828342517,17.085,55.68166828342517,25.0,3.75,102.98,81.73
2025-10-03 06:00:00,93.78,40.38055032846543,17.085,57.46555032846543,25.0,3.75,118.78,97.53
2025-10-03 07:00:00,100.42,42.37560067608504,17.085,59.46060067608504,25.0,3.75,125.42,104.17
2025-10-03 08:00:00,103.68,40.42565186002601,17.085,57.51065186002601,25.0,3.75,128.68,107.43
2025-10-03 09:00:00,83.9,42.40671891999754,17.085,59.49171891999754,25.0,3.75,108.9,87.65
2025-10-03 10:00:00,60.0,43.36348681763028,17.085,60.44848681763028,25.0,3.75,85.0,63.75
2025-10-03 11:00:00,40.5,43.925005771600205,17.085,61.010005771600206,25.0,3.75,65.5,44.25
2025-10-03 12:00:00,26.35,39.547641284374635,17.085,56.632641284374635,25.0,3.75,51.35,30.1
2025-10-03 13:00:00,16.5,46.39329210995791,17.085,63.47829210995791,25.0,3.75,41.5,20.25
2025-10-03 14:00:00,26.2,43.53495868910826,17.085,60.61995868910826,25.0,3.75,51.2,29.95
2025-10-03 15:00:00,49.88,41.996571692661874,17.085,59.081571692661875,25.0,3.75,74.88,53.63
2025-10-03 16:00:00,63.39,44.17907316615328,17.085,61.26407316615328,25.0,3.75,88.39,67.14
2025-10-03 17:00:00,89.9,46.730815543999945,17.085,63.815815543999946,25.0,3.75,114.9,93.65
2025-10-03 18:00:00,120.76,39.12255979788626,17.085,56.20755979788626,25.0,3.75,145.76,124.51
2025-10-03 19:00:00,109.01,41.54947471501729,17.085,58.63447471501729,25.0,3.75,134.01,112.76
2025-10-03 20:00:00,75.04,37.24313668025334,17.085,54.328136680253344,25.0,3.75,100.04,78.79
2025-10-03 21:00:00,43.44,42.38530306529605,17.085,59.47030306529605,25.0,3.75,68.44,47.19
2025-10-03 22:00:00,25.4,42.73078848385028,17.085,59.815788483850284,25.0,3.75,50.4,29.15
2025-10-03 23:00:00,11.11,41.92167576911448,17.085,59.00667576911448,25.0,3.75,36.11,14.86
2025-10-04 00:00:00,0.73,40.69093285800338,17.085,57.77593285800338,25.0,3.75,25.73,4.48
2025-10-04 01:00:00,-0.01,37.90097096762335,17.085,54.98597096762335,25.0,3.75,24.99,3.74
2025-10-04 02:00:00,-0.04,42.747067366823536,17.085,59.83206736682354,25.0,3.75,24.96,3.71
2025-10-04 03:00:00,-0.1,44.91086896783065,17.085,61.99586896783065,25.0,3.75,24.9,3.65
2025-10-04 04:00:00,-1.13,40.81796308853313,17.085,57.902963088533134,25.0,3.75,23.87,2.62
2025-10-04 05:00:00,-1.91,42.88011985804629,17.085,59.96511985804629,25.0,3.75,23.09,1.84
2025-10-04 06:00:00,-1.92,38.8637113731599,17.085,55.9487113731599,25.0,3.75,23.08,1.83
2025-10-04 07:00:00,-0.78,42.91442612738503,17.085,59.99942612738503,25.0,3.75,24.22,2.9699999999999998
2025-10-04 08:00:00,-0.3,41.213235404510684,17.085,58.298235404510685,25.0,3.75,24.7,3.45
2025-10-04 09:00:00,-0.16,40.475164098794174,17.085,57.560164098794175,25.0,3.75,24.84,3.59
2025-10-04 10:00:00,-0.09,40.47927271756774,17.085,57.56427271756774,25.0,3.75,24.91,3.66
2025-10-04 11:00:00,-0.1,41.21277683593398,17.085,58.29777683593398,25.0,3.75,24.9,3.65
2025-10-04 12:00:00,-0.08,42.76486663138507,17.085,59.84986663138507,25.0,3.75,24.92,3.67
2025-10-04 13:00:00,-0.44,39.375673597608966,17.085,56.46067359760897,25.0,3.75,24.56,3.31
2025-10-04 14:00:00,-2.05,41.20576933686429,17.085,58.290769336864294,25.0,3.75,22.95,1.7000000000000002
2025-10-04 15:00:00,-2.61,41.9170564440017,17.085,59.0020564440017,25.0,3.75,22.39,1.1400000000000001
2025-10-04 16:00:00,-0.1,39.801921550936285,17.085,56.886921550936286,25.0,3.75,24.9,3.65
2025-10-04 17:00:00,-0.09,45.59333040335004,17.085,62.67833040335004,25.0,3.75,24.91,3.66
2025-10-04 18:00:00,1.11,40.29300903987732,17.085,57.37800903987732,25.0,3.75,26.11,4.86
2025-10-04 19:00:00,3.23,40.66112617273302,17.085,57.74612617273302,25.0,3.75,28.23,6.98
2025-10-04 20:00:00,0.32,40.043384100355006,17.085,57.12838410035501,25.0,3.75,25.32,4.07
2025-10-04 21:00:00,-0.09,45.596960174276234,17.085,62.681960174276234,25.0,3.75,24.91,3.66
2025-10-04 22:00:00,-0.05,43.10581045719896,17.085,60.190810457198964,25.0,3.75,24.95,3.7
2025-10-04 23:00:00,-0.34,40.126815987512714,17.085,57.211815987512715,25.0,3.75,24.66,3.41
2025-10-05 00:00:00,-0.75,44.212463117719935,17.085,61.297463117719936,25.0,3.75,24.25,3.0
2025-10-05 01:00:00,-1.4,42.401397388577756,17.085,59.48639738857776,25.0,3.75,23.6,2.35
2025-10-05 02:00:00,-4.19,42.51450684222301,17.085,59.59950684222301,25.0,3.75,20.81,-0.4400000000000004
2025-10-05 03:00:00,-4.38,41.3110455824951,17.085,58.3960455824951,25.0,3.75,20.62,-0.6299999999999999
2025-10-05 04:00:00,-4.98,40.501168026086056,17.085,57.58616802608606,25.0,3.75,20.02,-1.2300000000000004
2025-10-05 05:00:00,-4.46,42.6755321981092,17.085,59.7605321981092,25.0,3.75,20.54,-0.71
2025-10-05 06:00:00,-3.76,40.90982554000882,17.085,57.99482554000882,25.0,3.75,21.240000000000002,-0.009999999999999787
2025-10-05 07:00:00,-1.51,45.63351125915021,17.085,62.71851125915021,25.0,3.75,23.49,2.24
2025-10-05 08:00:00,-0.09,39.46141778951379,17.085,56.54641778951379,25.0,3.75,24.91,3.66
2025-10-05 09:00:00,-1.39,45.07231354570989,17.085,62.15731354570989,25.0,3.75,23.61,2.3600000000000003
2025-10-05 10:00:00,-3.33,41.7773623024044,17.085,58.8623623024044,25.0,3.75,21.67,0.41999999999999993
2025-10-05 11:00:00,-2.02,42.59817146804221,17.085,59.68317146804221,25.0,3.75,22.98,1.73
2025-10-05 12:00:00,-3.42,43.66631553325887,17.085,60.75131553325887,25.0,3.75,21.58,0.33000000000000007
2025-10-05 13:00:00,-3.39,40.73950140999113,17.085,57.82450140999113,25.0,3.75,21.61,0.3599999999999999
2025-10-05 14:00:00,-2.94,43.728496769397275,17.085,60.813496769397275,25.0,3.75,22.06,0.81
2025-10-05 15:00:00,-2.39,36.58491228923765,17.085,53.66991228923765,25.0,3.75,22.61,1.3599999999999999
2025-10-05 16:00:00,-0.69,40.560020933556125,17.085,57.645020933556125,25.0,3.75,24.31,3.06
2025-10-05 17:00:00,0.85,40.15187438531787,17.085,57.23687438531787,25.0,3.75,25.85,4.6
2025-10-05 18:00:00,16.08,39.492987975256476,17.085,56.57798797525648,25.0,3.75,41.08,19.83
2025-10-05 19:00:00,35.05,41.570090323842095,17.085,58.655090323842096,25.0,3.75,60.05,38.8
2025-10-05 20:00:00,19.83,42.77149993636339,17.085,59.85649993636339,25.0,3.75,44.83,23.58
2025-10-05 21:00:00,5.48,43.405319996998614,17.085,60.490319996998615,25.0,3.75,30.48,9.23
2025-10-05 22:00:00,5.2,42.481753514400815,17.085,59.566753514400816,25.0,3.75,30.2,8.95
2025-10-05 23:00:00,4.08,40.668613070212906,17.085,57.75361307021291,25.0,3.75,29.08,7.83
2025-10-06 00:00:00,20.85,42.73803287565033,17.085,59.823032875650334,25.0,3.75,45.85,24.6
2025-10-06 01:00:00,10.05,42.2485713897017,17.085,59.3335713897017,25.0,3.75,35.05,13.8
2025-10-06 02:00:00,9.1,43.87211233587203,17.085,60.95711233587203,25.0,3.75,34.1,12.85
2025-10-06 03:00:00,10.73,43.55387340586303,17.085,60.63887340586303,25.0,3.75,35.730000000000004,14.48
2025-10-06 04:00:00,16.8,42.060952827841255,17.085,59.145952827841256,25.0,3.75,41.8,20.55
2025-10-06 05:00:00,22.6,40.205493987677485,17.085,57.290493987677486,25.0,3.75,47.6,26.35
2025-10-06 06:00:00,68.59,40.69409968833584,17.085,57.77909968833584,25.0,3.75,93.59,72.34
2025-10-06 07:00:00,105.05,40.90042128072393,17.085,57.98542128072393,25.0,3.75,130.05,108.8
2025-10-06 08:00:00,121.77,41.36946733216749,17.085,58.45446733216749,25.0,3.75,146.76999999999998,125.52
2025-10-06 09:00:00,121.12,42.536100855179505,17.085,59.621100855179506,25.0,3.75,146.12,124.87
2025-10-06 10:00:00,100.53,43.43034878025612,17.085,60.51534878025612,25.0,3.75,125.53,104.28
2025-10-06 11:00:00,89.3,41.89776261396924,17.085,58.98276261396924,25.0,3.75,114.3,93.05
2025-10-06 12:00:00,87.33,42.03224957580095,17.085,59.11724957580095,25.0,3.75,112.33,91.08
2025-10-06 13:00:00,84.6,42.286612610000006,17.085,59.37161261000001,25.0,3.75,109.6,88.35
2025-10-06 14:00:00,92.33,40.96818937373532,17.085,58.05318937373532,25.0,3.75,117.33,96.08
2025-10-06 15:00:00,94.55,40.14921548471409,17.085,57.23421548471409,25.0,3.75,119.55,98.3
2025-10-06 16:00:00,104.77,38.48912420537858,17.085,55.57412420537858,25.0,3.75,129.76999999999998,108.52
2025-10-06 17:00:00,120.29,40.609701283846256,17.085,57.69470128384626,25.0,3.75,145.29000000000002,124.04
2025-10-06 18:00:00,141.59,42.94629090653557,17.085,60.031290906535574,25.0,3.75,166.59,145.34
2025-10-06 19:00:00,168.32,40.594177123920865,17.085,57.679177123920866,25.0,3.75,193.32,172.07
2025-10-06 20:00:00,133.68,41.524385925148124,17.085,58.609385925148125,25.0,3.75,158.68,137.43
2025-10-06 21:00:00,120.2,42.93286257482463,17.085,60.01786257482463,25.0,3.75,145.2,123.95
2025-10-06 22:00:00,118.66,43.04137899284534,17.085,60.12637899284534,25.0,3.75,143.66,122.41
2025-10-06 23:00:00,105.5,39.84093429566792,17.085,56.92593429566792,25.0,3.75,130.5,109.25
2025-10-07 00:00:00,100.26,43.99411871290728,17.085,61.07911871290728,25.0,3.75,125.26,104.01
2025-10-07 01:00:00,93.99,44.25470017871097,17.085,61.33970017871097,25.0,3.75,118.99,97.74
2025-10-07 02:00:00,89.82,39.74030028556288,17.085,56.82530028556288,25.0,3.75,114.82,93.57
2025-10-07 03:00:00,89.55,40.35232626071769,17.085,57.43732626071769,25.0,3.75,114.55,93.3
2025-10-07 04:00:00,92.98,44.382181366292386,17.085,61.46718136629239,25.0,3.75,117.98,96.73
2025-10-07 05:00:00,96.74,41.706292957489396,17.085,58.7912929574894,25.0,3.75,121.74,100.49
2025-10-07 06:00:00,134.89,37.560444105096295,17.085,54.645444105096296,25.0,3.75,159.89,138.64
2025-10-07 07:00:00,228.56,39.200636990534626,17.085,56.28563699053463,25.0,3.75,253.56,232.31
2025-10-07 08:00:00,287.67,41.50126074965504,17.085,58.58626074965504,25.0,3.75,312.67,291.42
2025-10-07 09:00:00,212.18,39.673914699430796,17.085,56.7589146994308,25.0,3.75,237.18,215.93
2025-10-07 10:00:00,154.66,41.17315245872712,17.085,58.25815245872712,25.0,3.75,179.66,158.41
2025-10-07 11:00:00,129.91,42.06479242736716,17.085,59.14979242736716,25.0,3.75,154.91,133.66
2025-10-07 12:00:00,110.94,44.92450920806946,17.085,62.00950920806946,25.0,3.75,135.94,114.69
2025-10-07 13:00:00,106.18,41.41909216754442,17.085,58.50409216754442,25.0,3.75,131.18,109.93
2025-10-07 14:00:00,105.35,44.145083599145515,17.085,61.230083599145516,25.0,3.75,130.35,109.1
2025-10-07 15:00:00,113.16,44.85752032407354,17.085,61.94252032407354,25.0,3.75,138.16,116.91
2025-10-07 16:00:00,122.1,44.86861933870415,17.085,61.95361933870415,25.0,3.75,147.1,125.85
2025-10-07 17:00:00,151.84,42.569509186771135,17.085,59.654509186771136,25.0,3.75,176.84,155.59
2025-10-07 18:00:00,202.42,38.07342170432205,17.085,55.15842170432205,25.0,3.75,227.42,206.17
2025-10-07 19:00:00,213.28,42.92164973080773,17.085,60.00664973080773,25.0,3.75,238.28,217.03
2025-10-07 20:00:00,146.34,44.09679977562708,17.085,61.181799775627084,25.0,3.75,171.34,150.09
2025-10-07 21:00:00,123.24,41.83786578912917,17.085,58.92286578912917,25.0,3.75,148.24,126.99
2025-10-07 22:00:00,107.42,45.4891677401505,17.085,62.5741677401505,25.0,3.75,132.42000000000002,111.17
2025-10-07 23:00:00,97.48,43.719667122934915,17.085,60.804667122934916,25.0,3.75,122.48,101.23
2025-10-08 00:00:00,93.45,43.13654675430557,17.085,60.22154675430557,25.0,3.75,118.45,97.2
2025-10-08 01:00:00,88.44,44.172761422411675,17.085,61.257761422411676,25.0,3.75,113.44,92.19
2025-10-08 02:00:00,87.56,42.66673970252176,17.085,59.75173970252176,25.0,3.75,112.56,91.31
2025-10-08 03:00:00,86.98,37.01437900120929,17.085,54.09937900120929,25.0,3.75,111.98,90.73
2025-10-08 04:00:00,89.67,41.00172209705927,17.085,58.08672209705927,25.0,3.75,114.67,93.42
2025-10-08 05:00:00,97.39,44.39433605449571,17.085,61.47933605449571,25.0,3.75,122.39,101.14
2025-10-08 06:00:00,117.11,40.38481731980341,17.085,57.46981731980341,25.0,3.75,142.11,120.86
2025-10-08 07:00:00,155.58,41.553054989526125,17.085,58.638054989526125,25.0,3.75,180.58,159.33
2025-10-08 08:00:00,166.4,39.910327372193855,17.085,56.995327372193856,25.0,3.75,191.4,170.15
2025-10-08 09:00:00,135.18,45.56784519040354,17.085,62.65284519040354,25.0,3.75,160.18,138.93
2025-10-08 10:00:00,118.45,45.362984914836034,17.085,62.447984914836034,25.0,3.75,143.45,122.2
2025-10-08 11:00:00,103.33,40.23226220971854,17.085,57.31726220971854,25.0,3.75,128.32999999999998,107.08
2025-10-08 12:00:00,90.82,42.29459600077817,17.085,59.37959600077817,25.0,3.75,115.82,94.57
2025-10-08 13:00:00,89.34,40.63901190447191,17.085,57.72401190447191,25.0,3.75,114.34,93.09
2025-10-08 14:00:00,90.44,43.22988927806276,17.085,60.31488927806276,25.0,3.75,115.44,94.19
2025-10-08 15:00:00,99.43,43.01936615448466,17.085,60.10436615448466,25.0,3.75,124.43,103.18
2025-10-08 16:00:00,117.47,43.623411143226534,17.085,60.708411143226535,25.0,3.75,142.47,121.22
2025-10-08 17:00:00,149.48,42.66383689541578,17.085,59.74883689541578,25.0,3.75,174.48,153.23
2025-10-08 18:00:00,183.81,47.870812412776935,17.085,64.95581241277694,25.0,3.75,208.81,187.56
2025-10-08 19:00:00,199.0,39.94415246997852,17.085,57.02915246997852,25.0,3.75,224.0,202.75
2025-10-08 20:00:00,141.7,38.57879329112697,17.085,55.66379329112697,25.0,3.75,166.7,145.45
2025-10-08 21:00:00,114.74,41.21381959859708,17.085,58.29881959859708,25.0,3.75,139.74,118.49
2025-10-08 22:00:00,108.24,38.864023468879466,17.085,55.94902346887947,25.0,3.75,133.24,111.99
2025-10-08 23:00:00,97.83,39.01507545998801,17.085,56.10007545998801,25.0,3.75,122.83,101.58
2025-10-09 00:00:00,97.22,39.99737069160407,17.085,57.08237069160407,25.0,3.75,122.22,100.97
2025-10-09 01:00:00,92.58,40.15562218913674,17.085,57.240622189136744,25.0,3.75,117.58,96.33
2025-10-09 02:00:00,93.26,40.09076379609988,17.085,57.17576379609988,25.0,3.75,118.26,97.01
2025-10-09 03:00:00,90.82,43.036437900890824,17.085,60.121437900890825,25.0,3.75,115.82,94.57
2025-10-09 04:00:00,92.7,40.987621877829326,17.085,58.07262187782933,25.0,3.75,117.7,96.45
2025-10-09 05:00:00,101.15,41.64097085025504,17.085,58.72597085025504,25.0,3.75,126.15,104.9
2025-10-09 06:00:00,125.58,43.78846554900187,17.085,60.87346554900187,25.0,3.75,150.57999999999998,129.32999999999998
2025-10-09 07:00:00,145.0,40.46735495043715,17.085,57.55235495043715,25.0,3.75,170.0,148.75
2025-10-09 08:00:00,149.9,41.47090820259056,17.085,58.55590820259056,25.0,3.75,174.9,153.65
2025-10-09 09:00:00,132.49,42.73151997218583,17.085,59.81651997218583,25.0,3.75,157.49,136.24
2025-10-09 10:00:00,109.69,38.11686439875956,17.085,55.20186439875956,25.0,3.75,134.69,113.44
2025-10-09 11:00:00,96.96,37.23018898209884,17.085,54.31518898209884,25.0,3.75,121.96,100.71
2025-10-09 12:00:00,91.02,42.69223465759544,17.085,59.77723465759544,25.0,3.75,116.02,94.77
2025-10-09 13:00:00,83.35,42.9840285611338,17.085,60.0690285611338,25.0,3.75,108.35,87.1
2025-10-09 14:00:00,83.2,46.128440269704825,17.085,63.213440269704826,25.0,3.75,108.2,86.95
2025-10-09 15:00:00,88.83,42.31618975173362,17.085,59.40118975173362,25.0,3.75,113.83,92.58
2025-10-09 16:00:00,92.08,43.63947943451619,17.085,60.72447943451619,25.0,3.75,117.08,95.83
2025-10-09 17:00:00,110.01,41.609054712828055,17.085,58.694054712828056,25.0,3.75,135.01,113.76
2025-10-09 18:00:00,122.91,42.59445444317017,17.085,59.67945444317017,25.0,3.75,147.91,126.66
2025-10-09 19:00:00,123.11,45.33451368349907,17.085,62.41951368349907,25.0,3.75,148.11,126.86
2025-10-09 20:00:00,112.36,37.75201436374873,17.085,54.83701436374873,25.0,3.75,137.36,116.11
2025-10-09 21:00:00,98.09,42.82723251514336,17.085,59.91223251514336,25.0,3.75,123.09,101.84
2025-10-09 22:00:00,96.83,46.271173460154735,17.085,63.356173460154736,25.0,3.75,121.83,100.58
2025-10-09 23:00:00,88.7,42.56406843841869,17.085,59.64906843841869,25.0,3.75,113.7,92.45
2025-10-10 00:00:00,88.01,45.30114592646569,17.085,62.386145926465694,25.0,3.75,113.01,91.76
2025-10-10 01:00:00,84.97,40.74157570094111,17.085,57.82657570094111,25.0,3.75,109.97,88.72
2025-10-10 02:00:00,80.09,41.935905011672574,17.085,59.020905011672575,25.0,3.75,105.09,83.84
2025-10-10 03:00:00,78.29,42.06704940477717,17.085,59.15204940477717,25.0,3.75,103.29,82.04
2025-10-10 04:00:00,79.21,37.56481784128246,17.085,54.64981784128246,25.0,3.75,104.21,82.96
2025-10-10 05:00:00,86.07,39.6636443442996,17.085,56.7486443442996,25.0,3.75,111.07,89.82
2025-10-10 06:00:00,102.64,39.80624984123203,17.085,56.89124984123203,25.0,3.75,127.64,106.39
2025-10-10 07:00:00,119.33,43.644132156065055,17.085,60.729132156065056,25.0,3.75,144.32999999999998,123.08
2025-10-10 08:00:00,122.61,43.74430621136811,17.085,60.82930621136811,25.0,3.75,147.61,126.36
2025-10-10 09:00:00,107.77,42.648072885413065,17.085,59.733072885413065,25.0,3.75,132.76999999999998,111.52
2025-10-10 10:00:00,93.01,43.64820579371141,17.085,60.73320579371141,25.0,3.75,118.01,96.76
2025-10-10 11:00:00,82.12,41.67170117455645,17.085,58.756701174556454,25.0,3.75,107.12,85.87
2025-10-10 12:00:00,77.53,44.40386333907909,17.085,61.48886333907909,25.0,3.75,102.53,81.28
2025-10-10 13:00:00,75.69,42.01757688526414,17.085,59.10257688526414,25.0,3.75,100.69,79.44
2025-10-10 14:00:00,77.26,42.115728094853516,17.085,59.20072809485352,25.0,3.75,102.26,81.01
2025-10-10 15:00:00,88.9,41.46881473347518,17.085,58.55381473347518,25.0,3.75,113.9,92.65
2025-10-10 16:00:00,97.86,43.368900955272856,17.085,60.45390095527286,25.0,3.75,122.86,101.61
2025-10-10 17:00:00,118.2,41.15760236677417,17.085,58.24260236677417,25.0,3.75,143.2,121.95
2025-10-10 18:00:00,120.61,43.952862754396136,17.085,61.03786275439614,25.0,3.75,145.61,124.36
2025-10-10 19:00:00,123.29,39.73570171856799,17.085,56.82070171856799,25.0,3.75,148.29000000000002,127.04
2025-10-10 20:00:00,115.39,39.80216749054361,17.085,56.88716749054361,25.0,3.75,140.39,119.14
2025-10-10 21:00:00,103.92,43.37485351025301,17.085,60.45985351025301,25.0,3.75,128.92000000000002,107.67
2025-10-10 22:00:00,97.74,41.82291157083397,17.085,58.907911570833974,25.0,3.75,122.74,101.49
2025-10-10 23:00:00,93.35,41.09221716769375,17.085,58.17721716769375,25.0,3.75,118.35,97.1
2025-10-11 00:00:00,92.97,43.78011546495092,17.085,60.86511546495092,25.0,3.75,117.97,96.72
2025-10-11 01:00:00,88.84,40.78547717182783,17.085,57.87047717182783,25.0,3.75,113.84,92.59
2025-10-11 02:00:00,87.39,41.59959749139926,17.085,58.68459749139926,25.0,3.75,112.39,91.14
2025-10-11 03:00:00,84.18,44.798455900142315,17.085,61.883455900142316,25.0,3.75,109.18,87.93
2025-10-11 04:00:00,82.03,45.0782846916213,17.085,62.1632846916213,25.0,3.75,107.03,85.78
2025-10-11 05:00:00,84.76,45.14479642054066,17.085,62.22979642054066,25.0,3.75,109.76,88.51
2025-10-11 06:00:00,90.27,41.43574844613218,17.085,58.52074844613218,25.0,3.75,115.27,94.02
2025-10-11 07:00:00,96.75,44.46140580996894,17.085,61.54640580996894,25.0,3.75,121.75,100.5
2025-10-11 08:00:00,100.4,40.10209434446264,17.085,57.18709434446264,25.0,3.75,125.4,104.15
2025-10-11 09:00:00,92.96,40.18619425055588,17.085,57.27119425055588,25.0,3.75,117.96,96.71
2025-10-11 10:00:00,82.43,37.29908829475128,17.085,54.38408829475128,25.0,3.75,107.43,86.18
2025-10-11 11:00:00,74.02,45.34573640379706,17.085,62.43073640379706,25.0,3.75,99.02,77.77
2025-10-11 12:00:00,55.42,40.272040301847845,17.085,57.357040301847846,25.0,3.75,80.42,59.17
2025-10-11 13:00:00,46.77,41.74693484050588,17.085,58.83193484050588,25.0,3.75,71.77000000000001,50.52
2025-10-11 14:00:00,51.03,40.17935131614343,17.085,57.26435131614343,25.0,3.75,76.03,54.78
2025-10-11 15:00:00,76.94,43.39033049666028,17.085,60.475330496660284,25.0,3.75,101.94,80.69
2025-10-11 16:00:00,83.65,41.24873267856532,17.085,58.33373267856532,25.0,3.75,108.65,87.4
2025-10-11 17:00:00,114.01,39.3903662191341,17.085,56.4753662191341,25.0,3.75,139.01,117.76
2025-10-11 18:00:00,126.44,42.88332512837212,17.085,59.96832512837212,25.0,3.75,151.44,130.19
2025-10-11 19:00:00,130.17,39.132539950379545,17.085,56.217539950379546,25.0,3.75,155.17,133.92
2025-10-11 20:00:00,120.64,40.32518854936902,17.085,57.41018854936902,25.0,3.75,145.64,124.39
2025-10-11 21:00:00,112.54,37.78622177074784,17.085,54.87122177074784,25.0,3.75,137.54000000000002,116.29
2025-10-11 22:00:00,106.91,39.15208377560479,17.085,56.23708377560479,25.0,3.75,131.91,110.66
2025-10-11 23:00:00,95.1,42.357058339440954,17.085,59.442058339440955,25.0,3.75,120.1,98.85
2025-10-12 00:00:00,96.18,38.07092792379415,17.085,55.15592792379415,25.0,3.75,121.18,99.93
2025-10-12 01:00:00,92.17,39.03770855075657,17.085,56.12270855075657,25.0,3.75,117.17,95.92
2025-10-12 02:00:00,88.86,41.99526216773438,17.085,59.08026216773438,25.0,3.75,113.86,92.61
2025-10-12 03:00:00,85.13,40.912786207813895,17.085,57.997786207813895,25.0,3.75,110.13,88.88
2025-10-12 04:00:00,86.41,45.98407327191862,17.085,63.06907327191862,25.0,3.75,111.41,90.16
2025-10-12 05:00:00,86.66,45.667793092048754,17.085,62.752793092048755,25.0,3.75,111.66,90.41
2025-10-12 06:00:00,88.3,40.264155074497694,17.085,57.349155074497695,25.0,3.75,113.3,92.05
2025-10-12 07:00:00,89.17,43.11427523680696,17.085,60.19927523680696,25.0,3.75,114.17,92.92
2025-10-12 08:00:00,88.66,43.4985651137589,17.085,60.5835651137589,25.0,3.75,113.66,92.41
2025-10-12 09:00:00,83.06,40.805042283951195,17.085,57.890042283951196,25.0,3.75,108.06,86.81
2025-10-12 10:00:00,76.21,39.00891692700359,17.085,56.09391692700359,25.0,3.75,101.21,79.96
2025-10-12 11:00:00,71.9,41.97540310138388,17.085,59.06040310138388,25.0,3.75,96.9,75.65
2025-10-12 12:00:00,66.89,41.65430865037178,17.085,58.73930865037178,25.0,3.75,91.89,70.64
2025-10-12 13:00:00,52.16,41.12847100605876,17.085,58.21347100605876,25.0,3.75,77.16,55.91
2025-10-12 14:00:00,62.47,42.88463373632897,17.085,59.96963373632897,25.0,3.75,87.47,66.22
2025-10-12 15:00:00,79.99,40.4985407859888,17.085,57.5835407859888,25.0,3.75,104.99,83.74
2025-10-12 16:00:00,88.0,39.696004904841715,17.085,56.781004904841716,25.0,3.75,113.0,91.75
2025-10-12 17:00:00,105.55,42.21816594069966,17.085,59.303165940699664,25.0,3.75,130.55,109.3
2025-10-12 18:00:00,108.9,42.77194018513775,17.085,59.85694018513775,25.0,3.75,133.9,112.65
2025-10-12 19:00:00,116.64,39.64671011219989,17.085,56.73171011219989,25.0,3.75,141.64,120.39
2025-10-12 20:00:00,115.53,43.85618122198216,17.085,60.94118122198216,25.0,3.75,140.53,119.28
2025-10-12 21:00:00,110.45,38.459037724447846,17.085,55.54403772444785,25.0,3.75,135.45,114.2
2025-10-12 22:00:00,107.79,40.84377308256872,17.085,57.92877308256872,25.0,3.75,132.79000000000002,111.54
2025-10-12 23:00:00,93.45,41.483982927604785,17.085,58.568982927604786,25.0,3.75,118.45,97.2
2025-10-13 00:00:00,93.45,40.72755257469614,17.085,57.81255257469614,25.0,3.75,118.45,97.2
2025-10-13 01:00:00,90.26,40.869879052897616,17.085,57.95487905289762,25.0,3.75,115.26,94.01
2025-10-13 02:00:00,90.83,45.74214896461623,17.085,62.82714896461623,25.0,3.75,115.83,94.58
2025-10-13 03:00:00,89.12,40.2982318219222,17.085,57.3832318219222,25.0,3.75,114.12,92.87
2025-10-13 04:00:00,93.45,46.88244344494383,17.085,63.96744344494383,25.0,3.75,118.45,97.2
2025-10-13 05:00:00,98.1,42.874253559462105,17.085,59.959253559462105,25.0,3.75,123.1,101.85
2025-10-13 06:00:00,131.41,42.18411027462398,17.085,59.26911027462398,25.0,3.75,156.41,135.16
2025-10-13 07:00:00,218.64,42.95248070677533,17.085,60.037480706775334,25.0,3.75,243.64,222.39
2025-10-13 08:00:00,199.56,47.05985549850391,17.085,64.14485549850392,25.0,3.75,224.56,203.31
2025-10-13 09:00:00,150.19,40.012813992137104,17.085,57.097813992137105,25.0,3.75,175.19,153.94
2025-10-13 10:00:00,125.1,39.75916416212722,17.085,56.84416416212722,25.0,3.75,150.1,128.85
2025-10-13 11:00:00,110.0,40.49026760685616,17.085,57.57526760685616,25.0,3.75,135.0,113.75
2025-10-13 12:00:00,95.1,42.06428629392912,17.085,59.14928629392912,25.0,3.75,120.1,98.85
2025-10-13 13:00:00,89.86,38.54845775037485,17.085,55.63345775037485,25.0,3.75,114.86,93.61
2025-10-13 14:00:00,92.1,42.044678478637216,17.085,59.12967847863722,25.0,3.75,117.1,95.85
2025-10-13 15:00:00,101.84,45.38709426682735,17.085,62.47209426682735,25.0,3.75,126.84,105.59
2025-10-13 16:00:00,117.9,42.30281478124955,17.085,59.38781478124955,25.0,3.75,142.9,121.65
2025-10-13 17:00:00,180.6,41.414629082049444,17.085,58.499629082049445,25.0,3.75,205.6,184.35
2025-10-13 18:00:00,305.74,40.76367910263274,17.085,57.848679102632744,25.0,3.75,330.74,309.49
2025-10-13 19:00:00,306.58,43.797023409103126,17.085,60.88202340910313,25.0,3.75,331.58,310.33
2025-10-13 20:00:00,186.95,40.348334453523904,17.085,57.433334453523905,25.0,3.75,211.95,190.7
2025-10-13 21:00:00,137.18,45.69279184119849,17.085,62.77779184119849,25.0,3.75,162.18,140.93
2025-10-13 22:00:00,121.99,45.86671949542871,17.085,62.95171949542871,25.0,3.75,146.99,125.74
2025-10-13 23:00:00,111.28,42.513501597323575,17.085,59.598501597323576,25.0,3.75,136.28,115.03
2025-10-14 00:00:00,109.18,41.97696982384671,17.085,59.06196982384671,25.0,3.75,134.18,112.93
2025-10-14 01:00:00,103.01,44.06131961648312,17.085,61.14631961648312,25.0,3.75,128.01,106.76
2025-10-14 02:00:00,99.52,44.18959700445465,17.085,61.27459700445465,25.0,3.75,124.52,103.27
2025-10-14 03:00:00,98.87,40.38801653788117,17.085,57.47301653788117,25.0,3.75,123.87,102.62
2025-10-14 04:00:00,100.05,40.94688973372659,17.085,58.031889733726594,25.0,3.75,125.05,103.8
2025-10-14 05:00:00,101.45,39.35530513063341,17.085,56.44030513063341,25.0,3.75,126.45,105.2
2025-10-14 06:00:00,123.29,42.81812987666812,17.085,59.90312987666812,25.0,3.75,148.29000000000002,127.04
2025-10-14 07:00:00,160.2,43.33325576691378,17.085,60.41825576691378,25.0,3.75,185.2,163.95
2025-10-14 08:00:00,190.82,39.300148724277456,17.085,56.38514872427746,25.0,3.75,215.82,194.57
2025-10-14 09:00:00,156.45,41.089602190367685,17.085,58.174602190367686,25.0,3.75,181.45,160.2
2025-10-14 10:00:00,134.73,39.305492164837304,17.085,56.390492164837305,25.0,3.75,159.73,138.48
2025-10-14 11:00:00,119.85,40.202400379512326,17.085,57.28740037951233,25.0,3.75,144.85,123.6
2025-10-14 12:00:00,107.65,43.1020341204526,17.085,60.1870341204526,25.0,3.75,132.65,111.4
2025-10-14 13:00:00,103.0,40.53303586664344,17.085,57.61803586664344,25.0,3.75,128.0,106.75
2025-10-14 14:00:00,105.27,41.3983480879354,17.085,58.483348087935404,25.0,3.75,130.26999999999998,109.02
2025-10-14 15:00:00,122.28,38.74537654410537,17.085,55.83037654410537,25.0,3.75,147.28,126.03
2025-10-14 16:00:00,146.6,42.37398041944933,17.085,59.45898041944933,25.0,3.75,171.6,150.35
2025-10-14 17:00:00,219.2,41.9114533603107,17.085,58.9964533603107,25.0,3.75,244.2,222.95
2025-10-14 18:00:00,404.96,40.54208149993367,17.085,57.627081499933674,25.0,3.75,429.96,408.71
2025-10-14 19:00:00,407.21,41.621971404635055,17.085,58.706971404635055,25.0,3.75,432.21,410.96
2025-10-14 20:00:00,225.48,42.36058976100689,17.085,59.44558976100689,25.0,3.75,250.48,229.23
2025-10-14 21:00:00,163.04,40.37026370218131,17.085,57.45526370218131,25.0,3.75,188.04,166.79
2025-10-14 22:00:00,129.86,39.04747491199644,17.085,56.13247491199644,25.0,3.75,154.86,133.61
2025-10-14 23:00:00,115.36,45.61114886537363,17.085,62.69614886537363,25.0,3.75,140.36,119.11
2025-10-15 00:00:00,115.46,40.733454590579456,17.085,57.81845459057946,25.0,3.75,140.45999999999998,119.21
2025-10-15 01:00:00,111.87,41.806479793626224,17.085,58.891479793626225,25.0,3.75,136.87,115.62
2025-10-15 02:00:00,107.68,44.021679470040624,17.085,61.106679470040625,25.0,3.75,132.68,111.43
2025-10-15 03:00:00,103.62,49.05811037514097,17.085,66.14311037514096,25.0,3.75,128.62,107.37
2025-10-15 04:00:00,106.48,39.51102710022227,17.085,56.59602710022227,25.0,3.75,131.48000000000002,110.23
2025-10-15 05:00:00,114.4,42.89965442745302,17.085,59.98465442745302,25.0,3.75,139.4,118.15
2025-10-15 06:00:00,151.96,40.58489542941179,17.085,57.66989542941179,25.0,3.75,176.96,155.71
2025-10-15 07:00:00,278.74,40.92241939084658,17.085,58.00741939084658,25.0,3.75,303.74,282.49
2025-10-15 08:00:00,276.2,40.55957595798642,17.085,57.64457595798642,25.0,3.75,301.2,279.95
2025-10-15 09:00:00,181.05,39.74869006439883,17.085,56.83369006439883,25.0,3.75,206.05,184.8
2025-10-15 10:00:00,142.36,41.917417276430676,17.085,59.00241727643068,25.0,3.75,167.36,146.11
2025-10-15 11:00:00,126.1,39.05099462590353,17.085,56.13599462590353,25.0,3.75,151.1,129.85
2025-10-15 12:00:00,119.43,43.893615133023744,17.085,60.978615133023744,25.0,3.75,144.43,123.18
2025-10-15 13:00:00,112.88,42.11000587206675,17.085,59.19500587206675,25.0,3.75,137.88,116.63
2025-10-15 14:00:00,115.39,42.84486994580288,17.085,59.92986994580288,25.0,3.75,140.39,119.14
2025-10-15 15:00:00,122.64,41.067622776107555,17.085,58.152622776107556,25.0,3.75,147.64,126.39
2025-10-15 16:00:00,135.69,41.265592131576504,17.085,58.350592131576505,25.0,3.75,160.69,139.44
2025-10-15 17:00:00,170.0,42.575127810334656,17.085,59.66012781033466,25.0,3.75,195.0,173.75
2025-10-15 18:00:00,221.88,39.67189873518835,17.085,56.75689873518835,25.0,3.75,246.88,225.63
2025-10-15 19:00:00,220.0,41.28401913117333,17.085,58.36901913117333,25.0,3.75,245.0,223.75
2025-10-15 20:00:00,152.85,40.28077297224309,17.085,57.36577297224309,25.0,3.75,177.85,156.6
2025-10-15 21:00:00,124.34,40.218862378817974,17.085,57.303862378817975,25.0,3.75,149.34,128.09
2025-10-15 22:00:00,98.21,37.780323518748716,17.085,54.86532351874872,25.0,3.75,123.21,101.96
2025-10-15 23:00:00,88.17,44.67865317896,17.085,61.76365317896,25.0,3.75,113.17,91.92
2025-10-16 00:00:00,88.16,40.62692249369246,17.085,57.71192249369246,25.0,3.75,113.16,91.91
2025-10-16 01:00:00,85.81,44.3267521103271,17.085,61.4117521103271,25.0,3.75,110.81,89.56
2025-10-16 02:00:00,88.0,44.13758464278858,17.085,61.22258464278858,25.0,3.75,113.0,91.75
2025-10-16 03:00:00,86.66,39.428000586967016,17.085,56.51300058696702,25.0,3.75,111.66,90.41
2025-10-16 04:00:00,88.34,39.823177528654305,17.085,56.908177528654306,25.0,3.75,113.34,92.09
2025-10-16 05:00:00,85.05,47.12100591871137,17.085,64.20600591871137,25.0,3.75,110.05,88.8
2025-10-16 06:00:00,96.19,45.501851883854286,17.085,62.58685188385429,25.0,3.75,121.19,99.94
2025-10-16 07:00:00,116.12,41.93696297334379,17.085,59.02196297334379,25.0,3.75,141.12,119.87
2025-10-16 08:00:00,132.77,42.5147462128347,17.085,59.5997462128347,25.0,3.75,157.77,136.52
2025-10-16 09:00:00,119.93,40.73830719410562,17.085,57.823307194105624,25.0,3.75,144.93,123.68
2025-10-16 10:00:00,92.24,42.86470542840068,17.085,59.949705428400684,25.0,3.75,117.24,95.99
2025-10-16 11:00:00,88.31,40.565636198555055,17.085,57.650636198555056,25.0,3.75,113.31,92.06
2025-10-16 12:00:00,83.4,37.93529247140323,17.085,55.02029247140323,25.0,3.75,108.4,87.15
2025-10-16 13:00:00,81.48,39.356888426977896,17.085,56.4418884269779,25.0,3.75,106.48,85.23
2025-10-16 14:00:00,82.98,42.042185495701176,17.085,59.12718549570118,25.0,3.75,107.98,86.73
2025-10-16 15:00:00,83.03,39.737865528994824,17.085,56.822865528994825,25.0,3.75,108.03,86.78
2025-10-16 16:00:00,89.03,41.86544507017293,17.085,58.95044507017293,25.0,3.75,114.03,92.78
2025-10-16 17:00:00,120.92,39.85067792113428,17.085,56.93567792113428,25.0,3.75,145.92000000000002,124.67
2025-10-16 18:00:00,130.0,40.43529215499601,17.085,57.520292154996014,25.0,3.75,155.0,133.75
2025-10-16 19:00:00,140.59,43.706330612826385,17.085,60.791330612826386,25.0,3.75,165.59,144.34
2025-10-16 20:00:00,125.59,42.49496109528021,17.085,59.57996109528021,25.0,3.75,150.59,129.34
2025-10-16 21:00:00,102.23,41.98067115737331,17.085,59.06567115737331,25.0,3.75,127.23,105.98
2025-10-16 22:00:00,99.86,43.7579279461413,17.085,60.8429279461413,25.0,3.75,124.86,103.61
2025-10-16 23:00:00,93.36,42.9612171866947,17.085,60.0462171866947,25.0,3.75,118.36,97.11
2025-10-17 00:00:00,88.15,44.89312658250274,17.085,61.97812658250274,25.0,3.75,113.15,91.9
2025-10-17 01:00:00,88.31,41.080281475369716,17.085,58.16528147536972,25.0,3.75,113.31,92.06
2025-10-17 02:00:00,89.06,41.14073004294498,17.085,58.22573004294498,25.0,3.75,114.06,92.81
2025-10-17 03:00:00,88.46,39.39778146721731,17.085,56.48278146721731,25.0,3.75,113.46,92.21
2025-10-17 04:00:00,90.59,41.14203856525516,17.085,58.227038565255164,25.0,3.75,115.59,94.34
2025-10-17 05:00:00,94.51,43.92953978860489,17.085,61.01453978860489,25.0,3.75,119.51,98.26
2025-10-17 06:00:00,107.91,44.59997474452427,17.085,61.68497474452427,25.0,3.75,132.91,111.66
2025-10-17 07:00:00,129.49,43.92061033617333,17.085,61.00561033617333,25.0,3.75,154.49,133.24
2025-10-17 08:00:00,144.84,38.41161626690113,17.085,55.49661626690113,25.0,3.75,169.84,148.59
2025-10-17 09:00:00,129.02,44.16629042532147,17.085,61.25129042532147,25.0,3.75,154.02,132.77
2025-10-17 10:00:00,117.18,38.32296275345586,17.085,55.40796275345586,25.0,3.75,142.18,120.93
2025-10-17 11:00:00,99.04,43.79623464824469,17.085,60.88123464824469,25.0,3.75,124.04,102.79
2025-10-17 12:00:00,88.14,41.26443094685789,17.085,58.34943094685789,25.0,3.75,113.14,91.89
2025-10-17 13:00:00,86.72,43.40506662786771,17.085,60.49006662786771,25.0,3.75,111.72,90.47
2025-10-17 14:00:00,87.81,39.33510330421087,17.085,56.42010330421087,25.0,3.75,112.81,91.56
2025-10-17 15:00:00,88.64,44.342335265412295,17.085,61.427335265412296,25.0,3.75,113.64,92.39
2025-10-17 16:00:00,95.0,39.07005050779022,17.085,56.15505050779022,25.0,3.75,120.0,98.75
2025-10-17 17:00:00,117.17,40.66309017829364,17.085,57.748090178293644,25.0,3.75,142.17000000000002,120.92
2025-10-17 18:00:00,129.31,40.00381074446193,17.085,57.08881074446193,25.0,3.75,154.31,133.06
2025-10-17 19:00:00,130.69,38.491430294355,17.085,55.576430294355,25.0,3.75,155.69,134.44
2025-10-17 20:00:00,116.99,42.189055135176936,17.085,59.27405513517694,25.0,3.75,141.99,120.74
2025-10-17 21:00:00,104.05,45.61217823567392,17.085,62.697178235673924,25.0,3.75,129.05,107.8
2025-10-17 22:00:00,102.18,47.333810444640015,17.085,64.41881044464002,25.0,3.75,127.18,105.93
2025-10-17 23:00:00,92.5,42.194311574172495,17.085,59.279311574172496,25.0,3.75,117.5,96.25
2025-10-18 00:00:00,94.62,44.23336255013504,17.085,61.31836255013504,25.0,3.75,119.62,98.37
2025-10-18 01:00:00,89.86,42.46418927585707,17.085,59.549189275857074,25.0,3.75,114.86,93.61
2025-10-18 02:00:00,89.81,42.99776638953642,17.085,60.082766389536424,25.0,3.75,114.81,93.56
2025-10-18 03:00:00,88.34,41.31570269774552,17.085,58.40070269774552,25.0,3.75,113.34,92.09
2025-10-18 04:00:00,88.35,42.3901538508452,17.085,59.4751538508452,25.0,3.75,113.35,92.1
2025-10-18 05:00:00,88.32,43.07495740921286,17.085,60.15995740921286,25.0,3.75,113.32,92.07
2025-10-18 06:00:00,91.96,40.843080542247336,17.085,57.928080542247336,25.0,3.75,116.96,95.71
2025-10-18 07:00:00,109.47,41.84501140021403,17.085,58.93001140021403,25.0,3.75,134.47,113.22
2025-10-18 08:00:00,114.54,41.88313976200502,17.085,58.96813976200502,25.0,3.75,139.54000000000002,118.29
2025-10-18 09:00:00,102.24,43.65280663466105,17.085,60.73780663466105,25.0,3.75,127.24,105.99
2025-10-18 10:00:00,91.47,39.86793565674464,17.085,56.95293565674464,25.0,3.75,116.47,95.22
2025-10-18 11:00:00,80.79,41.8969155827847,17.085,58.9819155827847,25.0,3.75,105.79,84.54
2025-10-18 12:00:00,73.94,45.824010938105395,17.085,62.909010938105396,25.0,3.75,98.94,77.69
2025-10-18 13:00:00,67.53,44.32812030517187,17.085,61.41312030517187,25.0,3.75,92.53,71.28
2025-10-18 14:00:00,72.3,44.69835809777741,17.085,61.78335809777741,25.0,3.75,97.3,76.05
2025-10-18 15:00:00,83.5,42.04886368035607,17.085,59.13386368035607,25.0,3.75,108.5,87.25
2025-10-18 16:00:00,96.55,42.64199512737205,17.085,59.72699512737205,25.0,3.75,121.55,100.3
2025-10-18 17:00:00,120.64,44.00447233340585,17.085,61.08947233340585,25.0,3.75,145.64,124.39
2025-10-18 18:00:00,133.24,45.12051105906186,17.085,62.20551105906186,25.0,3.75,158.24,136.99
2025-10-18 19:00:00,124.82,38.096794174234226,17.085,55.18179417423423,25.0,3.75,149.82,128.57
2025-10-18 20:00:00,113.0,39.36911738590031,17.085,56.45411738590031,25.0,3.75,138.0,116.75
2025-10-18 21:00:00,92.55,44.618888202805294,17.085,61.703888202805295,25.0,3.75,117.55,96.3
2025-10-18 22:00:00,95.58,41.44622128846239,17.085,58.53122128846239,25.0,3.75,120.58,99.33
2025-10-18 23:00:00,94.35,40.656558421483844,17.085,57.741558421483845,25.0,3.75,119.35,98.1
2025-10-19 00:00:00,92.34,39.49167802600879,17.085,56.57667802600879,25.0,3.75,117.34,96.09
2025-10-19 01:00:00,87.59,40.88996659691178,17.085,57.974966596911784,25.0,3.75,112.59,91.34
2025-10-19 02:00:00,82.29,39.19526143315235,17.085,56.280261433152354,25.0,3.75,107.29,86.04
2025-10-19 03:00:00,82.14,46.18218854546495,17.085,63.267188545464954,25.0,3.75,107.14,85.89
2025-10-19 04:00:00,83.21,41.95512789603885,17.085,59.040127896038854,25.0,3.75,108.21,86.96
2025-10-19 05:00:00,83.5,41.884098916474564,17.085,58.969098916474564,25.0,3.75,108.5,87.25
2025-10-19 06:00:00,85.25,43.17615335033566,17.085,60.26115335033566,25.0,3.75,110.25,89.0
2025-10-19 07:00:00,85.26,43.92469033853314,17.085,61.00969033853314,25.0,3.75,110.26,89.01
2025-10-19 08:00:00,87.16,43.891776313109276,17.085,60.976776313109276,25.0,3.75,112.16,90.91
2025-10-19 09:00:00,78.43,44.147243887815144,17.085,61.232243887815144,25.0,3.75,103.43,82.18
2025-10-19 10:00:00,69.64,40.73830889841829,17.085,57.82330889841829,25.0,3.75,94.64,73.39
2025-10-19 11:00:00,60.3,41.40426639008628,17.085,58.48926639008628,25.0,3.75,85.3,64.05
2025-10-19 12:00:00,34.57,43.53806331088455,17.085,60.623063310884554,25.0,3.75,59.57,38.32
2025-10-19 13:00:00,20.3,40.94522187672076,17.085,58.03022187672076,25.0,3.75,45.3,24.05
2025-10-19 14:00:00,36.22,41.98978673594555,17.085,59.07478673594555,25.0,3.75,61.22,39.97
2025-10-19 15:00:00,66.77,42.79752752884963,17.085,59.88252752884963,25.0,3.75,91.77,70.52
2025-10-19 16:00:00,89.93,43.570370164620755,17.085,60.655370164620756,25.0,3.75,114.93,93.68
2025-10-19 17:00:00,106.07,38.4446380752596,17.085,55.5296380752596,25.0,3.75,131.07,109.82
2025-10-19 18:00:00,107.69,43.429491299777894,17.085,60.514491299777895,25.0,3.75,132.69,111.44
2025-10-19 19:00:00,85.62,41.53255188429655,17.085,58.61755188429655,25.0,3.75,110.62,89.37
2025-10-19 20:00:00,75.5,43.414915421728764,17.085,60.499915421728765,25.0,3.75,100.5,79.25
2025-10-19 21:00:00,73.15,43.55386338470966,17.085,60.63886338470966,25.0,3.75,98.15,76.9
2025-10-19 22:00:00,74.74,45.215830122238316,17.085,62.30083012223832,25.0,3.75,99.74,78.49
2025-10-19 23:00:00,60.86,44.70690729524241,17.085,61.79190729524241,25.0,3.75,85.86,64.61
2025-10-20 00:00:00,70.04,44.69314332522059,17.085,61.77814332522059,25.0,3.75,95.04,73.79
2025-10-20 01:00:00,63.98,44.887340638332475,17.085,61.972340638332476,25.0,3.75,88.97999999999999,67.72999999999999
2025-10-20 02:00:00,60.98,42.58275796963189,17.085,59.66775796963189,25.0,3.75,85.97999999999999,64.72999999999999
2025-10-20 03:00:00,60.0,42.06437017407368,17.085,59.14937017407368,25.0,3.75,85.0,63.75
2025-10-20 04:00:00,60.6,43.745634166356666,17.085,60.83063416635667,25.0,3.75,85.6,64.35
2025-10-20 05:00:00,74.81,43.464161902866046,17.085,60.54916190286605,25.0,3.75,99.81,78.56
2025-10-20 06:00:00,76.25,41.38186752652348,17.085,58.46686752652348,25.0,3.75,101.25,80.0
2025-10-20 07:00:00,91.87,42.80964681761654,17.085,59.89464681761654,25.0,3.75,116.87,95.62
2025-10-20 08:00:00,125.1,41.92980706643081,17.085,59.01480706643081,25.0,3.75,150.1,128.85
2025-10-20 09:00:00,92.19,40.29213418307989,17.085,57.37713418307989,25.0,3.75,117.19,95.94
2025-10-20 10:00:00,73.15,44.5809214827527,17.085,61.6659214827527,25.0,3.75,98.15,76.9
2025-10-20 11:00:00,69.94,42.11039848506018,17.085,59.19539848506018,25.0,3.75,94.94,73.69
2025-10-20 12:00:00,60.29,46.097416515397704,17.085,63.182416515397705,25.0,3.75,85.28999999999999,64.03999999999999
2025-10-20 13:00:00,65.27,38.749015459600336,17.085,55.83401545960034,25.0,3.75,90.27,69.02
2025-10-20 14:00:00,76.09,40.88644245431327,17.085,57.97144245431327,25.0,3.75,101.09,79.84
2025-10-20 15:00:00,97.14,42.06527767338174,17.085,59.150277673381744,25.0,3.75,122.14,100.89
2025-10-20 16:00:00,119.51,44.27476219525783,17.085,61.35976219525783,25.0,3.75,144.51,123.26
2025-10-20 17:00:00,131.12,42.79893874520437,17.085,59.88393874520437,25.0,3.75,156.12,134.87
2025-10-20 18:00:00,125.09,42.6209455083615,17.085,59.7059455083615,25.0,3.75,150.09,128.84
2025-10-20 19:00:00,103.0,39.74547241489171,17.085,56.83047241489171,25.0,3.75,128.0,106.75
2025-10-20 20:00:00,82.29,39.68611720554106,17.085,56.77111720554106,25.0,3.75,107.29,86.04
2025-10-20 21:00:00,76.25,42.64500932057981,17.085,59.73000932057981,25.0,3.75,101.25,80.0
2025-10-20 22:00:00,68.38,39.27178801236328,17.085,56.35678801236328,25.0,3.75,93.38,72.13
2025-10-20 23:00:00,51.0,40.93624449942134,17.085,58.02124449942134,25.0,3.75,76.0,54.75
2025-10-21 00:00:00,61.48,43.00183465817172,17.085,60.08683465817172,25.0,3.75,86.47999999999999,65.22999999999999
2025-10-21 01:00:00,43.83,40.035351455446445,17.085,57.120351455446446,25.0,3.75,68.83,47.58
2025-10-21 02:00:00,33.07,45.21071192472361,17.085,62.29571192472361,25.0,3.75,58.07,36.82
2025-10-21 03:00:00,22.28,44.44787268847578,17.085,61.532872688475784,25.0,3.75,47.28,26.03
2025-10-21 04:00:00,25.91,38.8571600033234,17.085,55.9421600033234,25.0,3.75,50.91,29.66
2025-10-21 05:00:00,47.46,40.13525751363603,17.085,57.22025751363603,25.0,3.75,72.46000000000001,51.21
2025-10-21 06:00:00,75.1,37.428445511010096,17.085,54.5134455110101,25.0,3.75,100.1,78.85
2025-10-21 07:00:00,88.12,40.434817274903736,17.085,57.51981727490374,25.0,3.75,113.12,91.87
2025-10-21 08:00:00,91.58,43.5327769531448,17.085,60.6177769531448,25.0,3.75,116.58,95.33
2025-10-21 09:00:00,84.72,41.172210115450284,17.085,58.257210115450285,25.0,3.75,109.72,88.47
2025-10-21 10:00:00,74.27,42.921594487231935,17.085,60.006594487231936,25.0,3.75,99.27,78.02
2025-10-21 11:00:00,65.11,38.955331363436514,17.085,56.040331363436515,25.0,3.75,90.11,68.86
2025-10-21 12:00:00,47.46,43.59595050916381,17.085,60.680950509163814,25.0,3.75,72.46000000000001,51.21
2025-10-21 13:00:00,31.58,40.889781544143304,17.085,57.974781544143305,25.0,3.75,56.58,35.33
2025-10-21 14:00:00,33.06,42.02433936456581,17.085,59.10933936456581,25.0,3.75,58.06,36.81
2025-10-21 15:00:00,60.23,41.8142509972139,17.085,58.8992509972139,25.0,3.75,85.22999999999999,63.98
2025-10-21 16:00:00,68.2,39.45690295821543,17.085,56.54190295821543,25.0,3.75,93.2,71.95
2025-10-21 17:00:00,100.0,39.69383133652043,17.085,56.77883133652043,25.0,3.75,125.0,103.75
2025-10-21 18:00:00,121.8,43.93558893800685,17.085,61.02058893800685,25.0,3.75,146.8,125.55
2025-10-21 19:00:00,115.38,42.79798431500339,17.085,59.88298431500339,25.0,3.75,140.38,119.13
2025-10-21 20:00:00,99.67,44.10009808310685,17.085,61.18509808310685,25.0,3.75,124.67,103.42
2025-10-21 21:00:00,81.06,42.64931647100504,17.085,59.73431647100504,25.0,3.75,106.06,84.81
2025-10-21 22:00:00,81.68,42.28598126961843,17.085,59.37098126961843,25.0,3.75,106.68,85.43
2025-10-21 23:00:00,74.33,38.54797876266647,17.085,55.63297876266647,25.0,3.75,99.33,78.08
2025-10-22 00:00:00,87.84,41.45926660647766,17.085,58.54426660647766,25.0,3.75,112.84,91.59
2025-10-22 01:00:00,87.49,41.94523135919251,17.085,59.03023135919251,25.0,3.75,112.49,91.24
2025-10-22 02:00:00,85.41,45.906214396545145,17.085,62.991214396545146,25.0,3.75,110.41,89.16
2025-10-22 03:00:00,89.35,43.373913264197355,17.085,60.458913264197356,25.0,3.75,114.35,93.1
2025-10-22 04:00:00,89.5,45.072122363419055,17.085,62.157122363419056,25.0,3.75,114.5,93.25
2025-10-22 05:00:00,90.18,43.19507541178945,17.085,60.280075411789454,25.0,3.75,115.18,93.93
2025-10-22 06:00:00,99.39,40.57739354610104,17.085,57.66239354610104,25.0,3.75,124.39,103.14
2025-10-22 07:00:00,100.18,42.2342484322997,17.085,59.3192484322997,25.0,3.75,125.18,103.93
2025-10-22 08:00:00,113.76,42.472447292528464,17.085,59.557447292528465,25.0,3.75,138.76,117.51
2025-10-22 09:00:00,125.72,40.12168886045863,17.085,57.206688860458634,25.0,3.75,150.72,129.47
2025-10-22 10:00:00,105.73,41.231225246814155,17.085,58.316225246814156,25.0,3.75,130.73000000000002,109.48
2025-10-22 11:00:00,91.21,41.588466012645654,17.085,58.673466012645655,25.0,3.75,116.21,94.96
2025-10-22 12:00:00,87.1,45.211239665130236,17.085,62.29623966513024,25.0,3.75,112.1,90.85
2025-10-22 13:00:00,86.0,37.83851894921804,17.085,54.92351894921804,25.0,3.75,111.0,89.75
2025-10-22 14:00:00,93.46,44.411636841432085,17.085,61.496636841432085,25.0,3.75,118.46,97.21
2025-10-22 15:00:00,110.66,40.12640953008123,17.085,57.211409530081234,25.0,3.75,135.66,114.41
2025-10-22 16:00:00,135.0,39.255841625460775,17.085,56.340841625460776,25.0,3.75,160.0,138.75
2025-10-22 17:00:00,198.05,44.359884260076925,17.085,61.444884260076925,25.0,3.75,223.05,201.8
2025-10-22 18:00:00,296.48,43.463796138468766,17.085,60.54879613846877,25.0,3.75,321.48,300.23
2025-10-22 19:00:00,279.76,44.50903740476238,17.085,61.59403740476238,25.0,3.75,304.76,283.51
2025-10-22 20:00:00,185.31,43.60140389509115,17.085,60.68640389509115,25.0,3.75,210.31,189.06
2025-10-22 21:00:00,133.95,46.1196900034748,17.085,63.2046900034748,25.0,3.75,158.95,137.7
2025-10-22 22:00:00,122.07,43.11744767388897,17.085,60.20244767388897,25.0,3.75,147.07,125.82
2025-10-22 23:00:00,108.09,41.68704524775368,17.085,58.77204524775368,25.0,3.75,133.09,111.84
2025-10-23 00:00:00,101.38,42.68585275464269,17.085,59.77085275464269,25.0,3.75,126.38,105.13
2025-10-23 01:00:00,98.74,44.48693825669193,17.085,61.57193825669193,25.0,3.75,123.74,102.49
2025-10-23 02:00:00,95.07,40.44124934947977,17.085,57.52624934947977,25.0,3.75,120.07,98.82
2025-10-23 03:00:00,79.92,40.69622283493724,17.085,57.78122283493724,25.0,3.75,104.92,83.67
2025-10-23 04:00:00,71.0,41.382079970804185,17.085,58.467079970804186,25.0,3.75,96.0,74.75
2025-10-23 05:00:00,67.52,37.790834402469336,17.085,54.87583440246934,25.0,3.75,92.52,71.27
2025-10-23 06:00:00,72.25,42.27615681683509,17.085,59.36115681683509,25.0,3.75,97.25,76.0
2025-10-23 07:00:00,82.28,38.22774259209795,17.085,55.31274259209795,25.0,3.75,107.28,86.03
2025-10-23 08:00:00,90.0,42.106118625865236,17.085,59.191118625865236,25.0,3.75,115.0,93.75
2025-10-23 09:00:00,83.02,43.7305795122705,17.085,60.8155795122705,25.0,3.75,108.02,86.77
2025-10-23 10:00:00,79.7,41.04624707871233,17.085,58.13124707871233,25.0,3.75,104.7,83.45
2025-10-23 11:00:00,69.6,45.35423174037374,17.085,62.43923174037374,25.0,3.75,94.6,73.35
2025-10-23 12:00:00,66.1,39.078998201163024,17.085,56.163998201163025,25.0,3.75,91.1,69.85
2025-10-23 13:00:00,64.11,44.38252136326366,17.085,61.467521363263664,25.0,3.75,89.11,67.86
2025-10-23 14:00:00,63.54,43.35027411281384,17.085,60.43527411281384,25.0,3.75,88.53999999999999,67.28999999999999
2025-10-23 15:00:00,75.61,38.567933503378626,17.085,55.65293350337863,25.0,3.75,100.61,79.36
2025-10-23 16:00:00,85.5,47.421588598081065,17.085,64.50658859808107,25.0,3.75,110.5,89.25
2025-10-23 17:00:00,98.12,41.87250942899207,17.085,58.95750942899207,25.0,3.75,123.12,101.87
2025-10-23 18:00:00,114.93,40.24503195568874,17.085,57.33003195568874,25.0,3.75,139.93,118.68
2025-10-23 19:00:00,107.91,39.18582561043197,17.085,56.27082561043197,25.0,3.75,132.91,111.66
2025-10-23 20:00:00,87.71,41.55996394468065,17.085,58.644963944680654,25.0,3.75,112.71,91.46
2025-10-23 21:00:00,82.81,41.745186255220084,17.085,58.830186255220084,25.0,3.75,107.81,86.56
2025-10-23 22:00:00,77.66,42.20529105707933,17.085,59.29029105707933,25.0,3.75,102.66,81.41
2025-10-23 23:00:00,60.08,41.40440768755208,17.085,58.48940768755208,25.0,3.75,85.08,63.83
2025-10-24 00:00:00,14.34,43.26645062023019,17.085,60.35145062023019,25.0,3.75,39.34,18.09
2025-10-24 01:00:00,9.84,41.224740334673506,17.085,58.309740334673506,25.0,3.75,34.84,13.59
2025-10-24 02:00:00,6.52,38.130071765519055,17.085,55.215071765519056,25.0,3.75,31.52,10.27
2025-10-24 03:00:00,1.03,41.701277008700714,17.085,58.786277008700715,25.0,3.75,26.03,4.78
2025-10-24 04:00:00,2.19,37.265044693253444,17.085,54.350044693253444,25.0,3.75,27.19,5.9399999999999995
2025-10-24 05:00:00,7.53,42.70754126178278,17.085,59.79254126178278,25.0,3.75,32.53,11.280000000000001
2025-10-24 06:00:00,23.28,40.04139953943473,17.085,57.12639953943473,25.0,3.75,48.28,27.03
2025-10-24 07:00:00,64.99,42.3267207098316,17.085,59.4117207098316,25.0,3.75,89.99,68.74
2025-10-24 08:00:00,84.87,44.62814996304921,17.085,61.71314996304921,25.0,3.75,109.87,88.62
2025-10-24 09:00:00,76.55,40.102502609464,17.085,57.187502609464,25.0,3.75,101.55,80.3
2025-10-24 10:00:00,58.3,44.122512517024234,17.085,61.207512517024234,25.0,3.75,83.3,62.05
2025-10-24 11:00:00,33.0,41.133220866627696,17.085,58.218220866627696,25.0,3.75,58.0,36.75
2025-10-24 12:00:00,1.25,45.50638960413117,17.085,62.59138960413117,25.0,3.75,26.25,5.0
2025-10-24 13:00:00,-0.01,41.269694773603575,17.085,58.354694773603576,25.0,3.75,24.99,3.74
2025-10-24 14:00:00,-0.01,40.319014028986615,17.085,57.404014028986616,25.0,3.75,24.99,3.74
2025-10-24 15:00:00,1.81,43.374476900790576,17.085,60.45947690079058,25.0,3.75,26.81,5.5600000000000005
2025-10-24 16:00:00,37.32,41.12842054075273,17.085,58.21342054075273,25.0,3.75,62.32,41.07
2025-10-24 17:00:00,66.26,40.317100971741986,17.085,57.40210097174199,25.0,3.75,91.26,70.01
2025-10-24 18:00:00,74.61,41.04432029859242,17.085,58.12932029859242,25.0,3.75,99.61,78.36
2025-10-24 19:00:00,74.61,41.910786935634,17.085,58.995786935634,25.0,3.75,99.61,78.36
2025-10-24 20:00:00,57.05,44.684360262489704,17.085,61.769360262489705,25.0,3.75,82.05,60.8
2025-10-24 21:00:00,41.51,38.13182450908084,17.085,55.216824509080844,25.0,3.75,66.50999999999999,45.26
2025-10-24 22:00:00,28.92,42.04616131790084,17.085,59.13116131790084,25.0,3.75,53.92,32.67
2025-10-24 23:00:00,9.97,43.249807189308086,17.085,60.33480718930809,25.0,3.75,34.97,13.72
2025-10-25 00:00:00,3.52,42.38689714998359,17.085,59.47189714998359,25.0,3.75,28.52,7.27
2025-10-25 01:00:00,1.32,44.61973033886707,17.085,61.70473033886707,25.0,3.75,26.32,5.07
2025-10-25 02:00:00,0.92,41.85130934048295,17.085,58.93630934048295,25.0,3.75,25.92,4.67
2025-10-25 03:00:00,0.0,41.63089711562811,17.085,58.71589711562811,25.0,3.75,25.0,3.75
2025-10-25 04:00:00,-0.01,43.184659094026685,17.085,60.269659094026686,25.0,3.75,24.99,3.74
2025-10-25 05:00:00,0.16,42.1986276299027,17.085,59.2836276299027,25.0,3.75,25.16,3.91
2025-10-25 06:00:00,0.52,41.21918252343906,17.085,58.30418252343906,25.0,3.75,25.52,4.27
2025-10-25 07:00:00,0.99,43.03228807917276,17.085,60.11728807917276,25.0,3.75,25.99,4.74
2025-10-25 08:00:00,4.0,40.69494341356671,17.085,57.77994341356671,25.0,3.75,29.0,7.75
2025-10-25 09:00:00,7.58,40.77764569596135,17.085,57.86264569596135,25.0,3.75,32.58,11.33
2025-10-25 10:00:00,6.73,40.94401195646877,17.085,58.02901195646877,25.0,3.75,31.73,10.48
2025-10-25 11:00:00,4.77,44.70613832033281,17.085,61.79113832033281,25.0,3.75,29.77,8.52
2025-10-25 12:00:00,6.1,35.55796728802857,17.085,52.64296728802857,25.0,3.75,31.1,9.85
2025-10-25 13:00:00,4.37,42.791197669525886,17.085,59.87619766952589,25.0,3.75,29.37,8.120000000000001
2025-10-25 14:00:00,4.03,42.06854362840044,17.085,59.15354362840044,25.0,3.75,29.03,7.78
2025-10-25 15:00:00,3.95,38.638259081523756,17.085,55.72325908152376,25.0,3.75,28.95,7.7
2025-10-25 16:00:00,5.56,42.619453558272006,17.085,59.70445355827201,25.0,3.75,30.56,9.309999999999999
2025-10-25 17:00:00,25.31,42.951503983663066,17.085,60.03650398366307,25.0,3.75,50.31,29.06
2025-10-25 18:00:00,55.25,43.1792784627148,17.085,60.2642784627148,25.0,3.75,80.25,59.0
2025-10-25 19:00:00,61.27,36.6963438739101,17.085,53.7813438739101,25.0,3.75,86.27000000000001,65.02000000000001
2025-10-25 20:00:00,34.0,44.73277882370888,17.085,61.81777882370888,25.0,3.75,59.0,37.75
2025-10-25 21:00:00,14.11,40.524526590630316,17.085,57.60952659063032,25.0,3.75,39.11,17.86
2025-10-25 22:00:00,16.68,43.373135493506354,17.085,60.458135493506354,25.0,3.75,41.68,20.43
2025-10-25 23:00:00,8.17,43.48214756136457,17.085,60.56714756136457,25.0,3.75,33.17,11.92
2025-10-26 00:00:00,5.57,40.24660582876142,17.085,57.33160582876142,25.0,3.75,30.57,9.32
2025-10-26 01:00:00,3.7,43.3209199047031,17.085,60.405919904703104,25.0,3.75,28.7,7.45
2025-10-26 02:00:00,3.19,41.229013518175286,17.085,58.31401351817529,25.0,3.75,28.19,6.9399999999999995
2025-10-26 03:00:00,0.34,37.857245641323686,17.085,54.94224564132369,25.0,3.75,25.34,4.09
2025-10-26 04:00:00,0.1,44.33548385105556,17.085,61.42048385105556,25.0,3.75,25.1,3.85
2025-10-26 05:00:00,0.11,40.44991007396752,17.085,57.534910073967524,25.0,3.75,25.11,3.86
2025-10-26 06:00:00,0.11,40.29101307452389,17.085,57.37601307452389,25.0,3.75,25.11,3.86
2025-10-26 07:00:00,0.1,41.193868263926554,17.085,58.278868263926555,25.0,3.75,25.1,3.85
2025-10-26 08:00:00,-0.01,42.54447345065478,17.085,59.62947345065478,25.0,3.75,24.99,3.74
2025-10-26 09:00:00,-0.31,41.885459178355795,17.085,58.970459178355796,25.0,3.75,24.69,3.44
2025-10-26 10:00:00,-0.07,43.09613384941434,17.085,60.181133849414344,25.0,3.75,24.93,3.68
2025-10-26 11:00:00,-0.08,39.32102126694268,17.085,56.40602126694268,25.0,3.75,24.92,3.67
2025-10-26 12:00:00,-0.07,40.515227259138534,17.085,57.600227259138535,25.0,3.75,24.93,3.68
2025-10-26 13:00:00,-0.54,41.76800585535693,17.085,58.85300585535693,25.0,3.75,24.46,3.21
2025-10-26 14:00:00,-0.73,45.79577458531741,17.085,62.88077458531741,25.0,3.75,24.27,3.02
2025-10-26 15:00:00,-0.01,41.772374923172485,17.085,58.857374923172486,25.0,3.75,24.99,3.74
2025-10-26 16:00:00,3.04,44.17044452732326,17.085,61.25544452732326,25.0,3.75,28.04,6.79
2025-10-26 17:00:00,30.0,42.077110337568634,17.085,59.162110337568635,25.0,3.75,55.0,33.75
2025-10-26 18:00:00,42.02,41.032682725124864,17.085,58.117682725124865,25.0,3.75,67.02000000000001,45.77
2025-10-26 19:00:00,34.73,41.50655115177112,17.085,58.59155115177112,25.0,3.75,59.73,38.48
2025-10-26 20:00:00,16.64,41.663160575942236,17.085,58.74816057594224,25.0,3.75,41.64,20.39
2025-10-26 21:00:00,3.07,43.20729147792148,17.085,60.29229147792148,25.0,3.75,28.07,6.82
2025-10-26 22:00:00,14.91,44.74922253515311,17.085,61.83422253515311,25.0,3.75,39.91,18.66
2025-10-26 23:00:00,5.06,42.71936169537264,17.085,59.80436169537264,25.0,3.75,30.06,8.809999999999999
2025-10-27 00:00:00,1.34,44.37415535748351,17.085,61.45915535748351,25.0,3.75,26.34,5.09
2025-10-27 01:00:00,1.83,40.070420524740626,17.085,57.15542052474063,25.0,3.75,26.83,5.58
2025-10-27 02:00:00,1.25,41.17073898237194,17.085,58.25573898237194,25.0,3.75,26.25,5.0
2025-10-27 03:00:00,0.0,40.55139493158467,17.085,57.63639493158467,25.0,3.75,25.0,3.75
2025-10-27 04:00:00,1.31,42.628889181749706,17.085,59.71388918174971,25.0,3.75,26.31,5.0600000000000005
2025-10-27 05:00:00,10.78,41.282083229641174,17.085,58.367083229641175,25.0,3.75,35.78,14.53
2025-10-27 06:00:00,55.0,43.45954587406839,17.085,60.54454587406839,25.0,3.75,80.0,58.75
2025-10-27 07:00:00,86.07,40.13799657673512,17.085,57.22299657673512,25.0,3.75,111.07,89.82
2025-10-27 08:00:00,100.15,42.086061946642566,17.085,59.17106194664257,25.0,3.75,125.15,103.9
2025-10-27 09:00:00,101.86,43.373715822024515,17.085,60.458715822024516,25.0,3.75,126.86,105.61
2025-10-27 10:00:00,96.74,37.86939444991878,17.085,54.95439444991878,25.0,3.75,121.74,100.49
2025-10-27 11:00:00,94.63,46.24326261466041,17.085,63.32826261466041,25.0,3.75,119.63,98.38
2025-10-27 12:00:00,82.7,41.43369623024025,17.085,58.51869623024025,25.0,3.75,107.7,86.45
2025-10-27 13:00:00,81.12,37.94992017264765,17.085,55.03492017264765,25.0,3.75,106.12,84.87
2025-10-27 14:00:00,83.35,42.316187797153574,17.085,59.401187797153575,25.0,3.75,108.35,87.1
2025-10-27 15:00:00,83.66,42.0668869359463,17.085,59.1518869359463,25.0,3.75,108.66,87.41
2025-10-27 16:00:00,99.23,41.836211240855015,17.085,58.921211240855015,25.0,3.75,124.23,102.98
2025-10-27 17:00:00,110.71,43.982382225853335,17.085,61.067382225853336,25.0,3.75,135.70999999999998,114.46
2025-10-27 18:00:00,126.54,43.49488994285411,17.085,60.57988994285411,25.0,3.75,151.54000000000002,130.29000000000002
2025-10-27 19:00:00,113.5,42.59575238204769,17.085,59.68075238204769,25.0,3.75,138.5,117.25
2025-10-27 20:00:00,95.04,42.900311267893294,17.085,59.985311267893294,25.0,3.75,120.04,98.79
2025-10-27 21:00:00,77.94,41.791283101123824,17.085,58.876283101123825,25.0,3.75,102.94,81.69
2025-10-27 22:00:00,74.48,45.55098169848009,17.085,62.635981698480094,25.0,3.75,99.48,78.23
2025-10-27 23:00:00,62.43,39.04160796328447,17.085,56.12660796328447,25.0,3.75,87.43,66.18
2025-10-28 00:00:00,44.11,42.279303348431796,17.085,59.3643033484318,25.0,3.75,69.11,47.86
2025-10-28 01:00:00,28.88,42.13004926237756,17.085,59.21504926237756,25.0,3.75,53.879999999999995,32.629999999999995
2025-10-28 02:00:00,18.54,43.626560812129185,17.085,60.711560812129186,25.0,3.75,43.54,22.29
2025-10-28 03:00:00,10.22,40.3122922451502,17.085,57.397292245150204,25.0,3.75,35.22,13.97
2025-10-28 04:00:00,10.95,38.51265479520693,17.085,55.59765479520693,25.0,3.75,35.95,14.7
2025-10-28 05:00:00,30.41,42.31364603219639,17.085,59.39864603219639,25.0,3.75,55.41,34.16
2025-10-28 06:00:00,59.52,42.56246098443721,17.085,59.64746098443721,25.0,3.75,84.52000000000001,63.27
2025-10-28 07:00:00,80.38,44.9791988188953,17.085,62.0641988188953,25.0,3.75,105.38,84.13
2025-10-28 08:00:00,89.4,39.45927590734983,17.085,56.54427590734983,25.0,3.75,114.4,93.15
2025-10-28 09:00:00,87.37,44.30938753343344,17.085,61.39438753343344,25.0,3.75,112.37,91.12
2025-10-28 10:00:00,81.0,46.73482872805424,17.085,63.81982872805424,25.0,3.75,106.0,84.75
2025-10-28 11:00:00,75.42,41.244470224955045,17.085,58.329470224955045,25.0,3.75,100.42,79.17
2025-10-28 12:00:00,67.56,39.41811556101355,17.085,56.50311556101355,25.0,3.75,92.56,71.31
2025-10-28 13:00:00,62.3,41.186051267253255,17.085,58.271051267253256,25.0,3.75,87.3,66.05
2025-10-28 14:00:00,64.42,42.02800993474276,17.085,59.11300993474276,25.0,3.75,89.42,68.17
2025-10-28 15:00:00,73.1,43.12757575001383,17.085,60.21257575001383,25.0,3.75,98.1,76.85
2025-10-28 16:00:00,80.07,40.817210540323906,17.085,57.90221054032391,25.0,3.75,105.07,83.82
2025-10-28 17:00:00,93.83,45.11039706829468,17.085,62.19539706829468,25.0,3.75,118.83,97.58
2025-10-28 18:00:00,110.23,39.770935369983874,17.085,56.855935369983875,25.0,3.75,135.23000000000002,113.98
2025-10-28 19:00:00,106.91,38.5215896956544,17.085,55.6065896956544,25.0,3.75,131.91,110.66
2025-10-28 20:00:00,91.92,44.213420848574636,17.085,61.29842084857464,25.0,3.75,116.92,95.67
2025-10-28 21:00:00,80.84,37.4507579375876,17.085,54.535757937587604,25.0,3.75,105.84,84.59
2025-10-28 22:00:00,79.58,41.59174046225457,17.085,58.67674046225457,25.0,3.75,104.58,83.33
2025-10-28 23:00:00,73.22,48.235362258416096,17.085,65.3203622584161,25.0,3.75,98.22,76.97
2025-10-29 00:00:00,58.8,41.97591289408014,17.085,59.06091289408014,25.0,3.75,83.8,62.55
2025-10-29 01:00:00,54.04,39.7584646986075,17.085,56.8434646986075,25.0,3.75,79.03999999999999,57.79
2025-10-29 02:00:00,54.16,41.885205072426416,17.085,58.97020507242642,25.0,3.75,79.16,57.91
2025-10-29 03:00:00,56.35,41.898398422760934,17.085,58.983398422760935,25.0,3.75,81.35,60.1
2025-10-29 04:00:00,54.73,42.321299880706235,17.085,59.406299880706236,25.0,3.75,79.72999999999999,58.48
2025-10-29 05:00:00,66.62,43.32452596431924,17.085,60.40952596431924,25.0,3.75,91.62,70.37
2025-10-29 06:00:00,95.43,39.92177766326452,17.085,57.00677766326452,25.0,3.75,120.43,99.18
2025-10-29 07:00:00,107.53,45.375096110473585,17.085,62.460096110473586,25.0,3.75,132.53,111.28
2025-10-29 08:00:00,100.27,42.49022856874524,17.085,59.57522856874524,25.0,3.75,125.27,104.02
2025-10-29 09:00:00,85.81,43.45358809280361,17.085,60.53858809280361,25.0,3.75,110.81,89.56
2025-10-29 10:00:00,71.95,40.743701200488715,17.085,57.828701200488716,25.0,3.75,96.95,75.7
2025-10-29 11:00:00,70.21,44.57276427399107,17.085,61.65776427399107,25.0,3.75,95.21,73.96
2025-10-29 12:00:00,70.84,41.48589518237387,17.085,58.570895182373874,25.0,3.75,95.84,74.59
2025-10-29 13:00:00,77.11,42.555105026987064,17.085,59.640105026987065,25.0,3.75,102.11,80.86
2025-10-29 14:00:00,88.85,40.13378784562578,17.085,57.21878784562578,25.0,3.75,113.85,92.6
2025-10-29 15:00:00,116.36,40.00613674719575,17.085,57.09113674719575,25.0,3.75,141.36,120.11
2025-10-29 16:00:00,126.23,43.376410612905765,17.085,60.461410612905766,25.0,3.75,151.23000000000002,129.98000000000002
2025-10-29 17:00:00,126.98,41.11278633958523,17.085,58.19778633958523,25.0,3.75,151.98000000000002,130.73000000000002
2025-10-29 18:00:00,128.74,40.292353824991245,17.085,57.377353824991246,25.0,3.75,153.74,132.49
2025-10-29 19:00:00,113.54,40.71363331594594,17.085,57.79863331594594,25.0,3.75,138.54000000000002,117.29
2025-10-29 20:00:00,102.65,43.397906143434845,17.085,60.482906143434846,25.0,3.75,127.65,106.4
2025-10-29 21:00:00,96.5,40.74192427759278,17.085,57.82692427759278,25.0,3.75,121.5,100.25
2025-10-29 22:00:00,94.42,41.76469013679567,17.085,58.84969013679567,25.0,3.75,119.42,98.17
2025-10-29 23:00:00,87.14,42.03005550057419,17.085,59.115055500574194,25.0,3.75,112.14,90.89
2025-10-30 00:00:00,75.25,38.1653022279794,17.085,55.250302227979404,25.0,3.75,100.25,79.0
2025-10-30 01:00:00,70.11,39.057747189252964,17.085,56.142747189252965,25.0,3.75,95.11,73.86
2025-10-30 02:00:00,65.53,42.67255577849512,17.085,59.757555778495124,25.0,3.75,90.53,69.28
2025-10-30 03:00:00,60.42,40.525941277694606,17.085,57.61094127769461,25.0,3.75,85.42,64.17
2025-10-30 04:00:00,57.15,44.11344982256084,17.085,61.19844982256084,25.0,3.75,82.15,60.9
2025-10-30 05:00:00,60.01,43.93361420850109,17.085,61.01861420850109,25.0,3.75,85.00999999999999,63.76
2025-10-30 06:00:00,69.18,43.43833733271087,17.085,60.523337332710874,25.0,3.75,94.18,72.93
2025-10-30 07:00:00,79.94,45.63954357462519,17.085,62.724543574625194,25.0,3.75,104.94,83.69
2025-10-30 08:00:00,85.3,41.83382134451363,17.085,58.91882134451363,25.0,3.75,110.3,89.05
2025-10-30 09:00:00,66.72,43.29776385180768,17.085,60.38276385180768,25.0,3.75,91.72,70.47
2025-10-30 10:00:00,42.9,40.83119804680794,17.085,57.91619804680794,25.0,3.75,67.9,46.65
2025-10-30 11:00:00,7.08,46.90473982573745,17.085,63.98973982573745,25.0,3.75,32.08,10.83
2025-10-30 12:00:00,0.0,45.96726730487204,17.085,63.05226730487204,25.0,3.75,25.0,3.75
2025-10-30 13:00:00,0.0,42.023760869035584,17.085,59.108760869035585,25.0,3.75,25.0,3.75
2025-10-30 14:00:00,31.29,42.77317245981038,17.085,59.85817245981038,25.0,3.75,56.29,35.04
2025-10-30 15:00:00,69.8,44.71859519872961,17.085,61.80359519872961,25.0,3.75,94.8,73.55
2025-10-30 16:00:00,85.3,41.70572099037179,17.085,58.79072099037179,25.0,3.75,110.3,89.05
2025-10-30 17:00:00,117.93,40.68675185840059,17.085,57.77175185840059,25.0,3.75,142.93,121.68
2025-10-30 18:00:00,117.7,43.74797950201376,17.085,60.832979502013764,25.0,3.75,142.7,121.45
2025-10-30 19:00:00,117.67,42.15687849216734,17.085,59.24187849216734,25.0,3.75,142.67000000000002,121.42
2025-10-30 20:00:00,105.29,42.36598889929052,17.085,59.45098889929052,25.0,3.75,130.29000000000002,109.04
2025-10-30 21:00:00,98.04,40.33145731386407,17.085,57.41645731386407,25.0,3.75,123.04,101.79
2025-10-30 22:00:00,98.44,38.56465570327321,17.085,55.64965570327321,25.0,3.75,123.44,102.19
2025-10-30 23:00:00,84.83,42.4722848197582,17.085,59.5572848197582,25.0,3.75,109.83,88.58
2025-10-31 00:00:00,87.74,43.8099240829884,17.085,60.8949240829884,25.0,3.75,112.74,91.49
2025-10-31 01:00:00,78.16,41.548386501847915,17.085,58.633386501847916,25.0,3.75,103.16,81.91
2025-10-31 02:00:00,74.74,44.872859039117735,17.085,61.957859039117736,25.0,3.75,99.74,78.49
2025-10-31 03:00:00,75.68,40.59216734916891,17.085,57.67716734916891,25.0,3.75,100.68,79.43
2025-10-31 04:00:00,79.76,39.89059109006816,17.085,56.975591090068164,25.0,3.75,104.76,83.51
2025-10-31 05:00:00,91.83,41.86553938560774,17.085,58.95053938560774,25.0,3.75,116.83,95.58
2025-10-31 06:00:00,120.39,41.834814849297416,17.085,58.91981484929742,25.0,3.75,145.39,124.14
2025-10-31 07:00:00,119.57,43.539937462670444,17.085,60.624937462670445,25.0,3.75,144.57,123.32
2025-10-31 08:00:00,108.77,40.45007435187203,17.085,57.535074351872034,25.0,3.75,133.76999999999998,112.52
2025-10-31 09:00:00,83.01,44.736188473629795,17.085,61.821188473629796,25.0,3.75,108.01,86.76
2025-10-31 10:00:00,75.67,45.93383392501651,17.085,63.01883392501651,25.0,3.75,100.67,79.42
2025-10-31 11:00:00,74.09,41.92171194606332,17.085,59.00671194606332,25.0,3.75,99.09,77.84
2025-10-31 12:00:00,75.99,44.499420840368636,17.085,61.58442084036864,25.0,3.75,100.99,79.74
2025-10-31 13:00:00,84.21,39.88700585874948,17.085,56.97200585874948,25.0,3.75,109.21,87.96
2025-10-31 14:00:00,106.7,44.15044308236383,17.085,61.23544308236383,25.0,3.75,131.7,110.45
2025-10-31 15:00:00,127.08,44.094552817118924,17.085,61.179552817118925,25.0,3.75,152.07999999999998,130.82999999999998
2025-10-31 16:00:00,132.05,43.726874560379756,17.085,60.811874560379756,25.0,3.75,157.05,135.8
2025-10-31 17:00:00,122.18,41.96887382225941,17.085,59.05387382225941,25.0,3.75,147.18,125.93
2025-10-31 18:00:00,107.28,36.09150211751594,17.085,53.17650211751594,25.0,3.75,132.28,111.03
2025-10-31 19:00:00,90.01,40.71654571269574,17.085,57.80154571269574,25.0,3.75,115.01,93.76
2025-10-31 20:00:00,86.05,40.748167964630795,17.085,57.833167964630796,25.0,3.75,111.05,89.8
2025-10-31 21:00:00,87.47,40.043490123879046,17.085,57.12849012387905,25.0,3.75,112.47,91.22
2025-10-31 22:00:00,81.85,42.24448600909413,17.085,59.32948600909413,25.0,3.75,106.85,85.6
2025-10-31 23:00:00,67.6,41.16207310895753,17.085,58.24707310895753,25.0,3.75,92.6,71.35
2025-11-01 00:00:00,54.71,43.350775980469955,17.085,60.435775980469955,25.0,3.75,79.71000000000001,58.46
2025-11-01 01:00:00,38.12,42.88239970350436,17.085,59.96739970350436,25.0,3.75,63.12,41.87
2025-11-01 02:00:00,28.27,43.56897402902954,17.085,60.65397402902954,25.0,3.75,53.269999999999996,32.019999999999996
2025-11-01 03:00:00,29.96,47.24299842369986,17.085,64.32799842369985,25.0,3.75,54.96,33.71
2025-11-01 04:00:00,19.9,43.67794989074501,17.085,60.76294989074501,25.0,3.75,44.9,23.65
2025-11-01 05:00:00,15.33,43.97012258713345,17.085,61.055122587133454,25.0,3.75,40.33,19.08
2025-11-01 06:00:00,11.63,44.08660476995351,17.085,61.17160476995351,25.0,3.75,36.63,15.38
2025-11-01 07:00:00,17.61,45.67798702761884,17.085,62.76298702761884,25.0,3.75,42.61,21.36
2025-11-01 08:00:00,29.95,45.91249897705707,17.085,62.99749897705707,25.0,3.75,54.95,33.7
2025-11-01 09:00:00,27.04,38.91068692151367,17.085,55.99568692151367,25.0,3.75,52.04,30.79
2025-11-01 10:00:00,18.3,47.043270427655216,17.085,64.12827042765522,25.0,3.75,43.3,22.05
2025-11-01 11:00:00,15.76,47.872736068487505,17.085,64.9577360684875,25.0,3.75,40.76,19.509999999999998
2025-11-01 12:00:00,21.02,42.899626925276664,17.085,59.984626925276665,25.0,3.75,46.019999999999996,24.77
2025-11-01 13:00:00,31.74,43.05540351053033,17.085,60.140403510530334,25.0,3.75,56.739999999999995,35.489999999999995
2025-11-01 14:00:00,54.0,44.09949322444346,17.085,61.18449322444346,25.0,3.75,79.0,57.75
2025-11-01 15:00:00,59.07,43.48799196108679,17.085,60.57299196108679,25.0,3.75,84.07,62.82
2025-11-01 16:00:00,76.59,45.44785374789321,17.085,62.53285374789321,25.0,3.75,101.59,80.34
2025-11-01 17:00:00,88.79,41.106949427282274,17.085,58.191949427282275,25.0,3.75,113.79,92.54
2025-11-01 18:00:00,89.06,42.76414478392652,17.085,59.84914478392652,25.0,3.75,114.06,92.81
2025-11-01 19:00:00,86.4,48.078394400349815,17.085,65.16339440034982,25.0,3.75,111.4,90.15
2025-11-01 20:00:00,86.2,43.143560065303966,17.085,60.22856006530397,25.0,3.75,111.2,89.95
2025-11-01 21:00:00,83.28,47.48685655620585,17.085,64.57185655620586,25.0,3.75,108.28,87.03
2025-11-01 22:00:00,82.93,45.71067639118027,17.085,62.79567639118027,25.0,3.75,107.93,86.68
2025-11-01 23:00:00,77.51,41.38146457082348,17.085,58.46646457082348,25.0,3.75,102.51,81.26
2025-11-02 00:00:00,64.29,46.27065839043241,17.085,63.35565839043241,25.0,3.75,89.29,68.04
2025-11-02 01:00:00,60.33,44.764665395614294,17.085,61.849665395614295,25.0,3.75,85.33,64.08
2025-11-02 02:00:00,60.98,44.08906588750052,17.085,61.17406588750052,25.0,3.75,85.97999999999999,64.72999999999999
2025-11-02 03:00:00,62.73,45.48991418634401,17.085,62.57491418634401,25.0,3.75,87.72999999999999,66.47999999999999
2025-11-02 04:00:00,67.02,45.94926697113358,17.085,63.03426697113358,25.0,3.75,92.02,70.77
2025-11-02 05:00:00,68.81,46.41518364394924,17.085,63.50018364394924,25.0,3.75,93.81,72.56
2025-11-02 06:00:00,70.35,47.356505695096004,17.085,64.441505695096,25.0,3.75,95.35,74.1
2025-11-02 07:00:00,75.53,45.81627182555671,17.085,62.90127182555671,25.0,3.75,100.53,79.28
2025-11-02 08:00:00,77.12,42.248731822427274,17.085,59.333731822427275,25.0,3.75,102.12,80.87
2025-11-02 09:00:00,78.46,44.05270908469762,17.085,61.13770908469762,25.0,3.75,103.46,82.21
2025-11-02 10:00:00,74.99,50.88609667053724,17.085,67.97109667053724,25.0,3.75,99.99,78.74
2025-11-02 11:00:00,74.98,46.44898212076345,17.085,63.533982120763454,25.0,3.75,99.98,78.73
2025-11-02 12:00:00,75.21,49.73857460162299,17.085,66.823574601623,25.0,3.75,100.21,78.96
2025-11-02 13:00:00,83.16,47.79086816439837,17.085,64.87586816439837,25.0,3.75,108.16,86.91
2025-11-02 14:00:00,92.55,45.4836041431115,17.085,62.5686041431115,25.0,3.75,117.55,96.3
2025-11-02 15:00:00,110.65,45.602814139562234,17.085,62.687814139562235,25.0,3.75,135.65,114.4
2025-11-02 16:00:00,116.5,44.92683992024631,17.085,62.01183992024631,25.0,3.75,141.5,120.25
2025-11-02 17:00:00,132.07,41.524390768307,17.085,58.609390768307,25.0,3.75,157.07,135.82
2025-11-02 18:00:00,130.41,45.03609450493645,17.085,62.12109450493645,25.0,3.75,155.41,134.16
2025-11-02 19:00:00,113.61,47.421349105084396,17.085,64.5063491050844,25.0,3.75,138.61,117.36
2025-11-02 20:00:00,98.6,43.800720010357594,17.085,60.885720010357595,25.0,3.75,123.6,102.35
2025-11-02 21:00:00,95.33,45.82390599812362,17.085,62.90890599812362,25.0,3.75,120.33,99.08
2025-11-02 22:00:00,93.18,46.703182091786395,17.085,63.788182091786396,25.0,3.75,118.18,96.93
2025-11-02 23:00:00,85.04,43.18063912137505,17.085,60.26563912137505,25.0,3.75,110.04,88.79
2025-11-03 00:00:00,82.44,44.09739427131267,17.085,61.182394271312674,25.0,3.75,107.44,86.19
2025-11-03 01:00:00,80.11,42.964177019045685,17.085,60.049177019045686,25.0,3.75,105.11,83.86
2025-11-03 02:00:00,75.0,43.35566878662119,17.085,60.44066878662119,25.0,3.75,100.0,78.75
2025-11-03 03:00:00,73.14,42.42478943269388,17.085,59.50978943269388,25.0,3.75,98.14,76.89
2025-11-03 04:00:00,74.97,43.19910307724395,17.085,60.28410307724395,25.0,3.75,99.97,78.72
2025-11-03 05:00:00,75.0,47.83891136159568,17.085,64.92391136159569,25.0,3.75,100.0,78.75
2025-11-03 06:00:00,95.33,43.16904594181941,17.085,60.25404594181941,25.0,3.75,120.33,99.08
2025-11-03 07:00:00,117.26,45.25291843812138,17.085,62.33791843812138,25.0,3.75,142.26,121.01
2025-11-03 08:00:00,105.0,43.99426249265809,17.085,61.07926249265809,25.0,3.75,130.0,108.75
2025-11-03 09:00:00,85.76,47.35773187407388,17.085,64.44273187407387,25.0,3.75,110.76,89.51
2025-11-03 10:00:00,75.45,47.62232459320723,17.085,64.70732459320723,25.0,3.75,100.45,79.2
2025-11-03 11:00:00,71.68,46.728139964277894,17.085,63.813139964277894,25.0,3.75,96.68,75.43
2025-11-03 12:00:00,67.99,45.61226910620551,17.085,62.69726910620551,25.0,3.75,92.99,71.74
2025-11-03 13:00:00,71.93,44.5378809263182,17.085,61.6228809263182,25.0,3.75,96.93,75.68
2025-11-03 14:00:00,74.98,42.6162505916175,17.085,59.7012505916175,25.0,3.75,99.98,78.73
2025-11-03 15:00:00,82.61,48.887057762244396,17.085,65.97205776224439,25.0,3.75,107.61,86.36
2025-11-03 16:00:00,92.74,43.48065396449489,17.085,60.56565396449489,25.0,3.75,117.74,96.49
2025-11-03 17:00:00,92.52,46.32729269406568,17.085,63.412292694065684,25.0,3.75,117.52,96.27
2025-11-03 18:00:00,90.56,47.1191311452468,17.085,64.2041311452468,25.0,3.75,115.56,94.31
2025-11-03 19:00:00,81.57,43.88943900618934,17.085,60.97443900618934,25.0,3.75,106.57,85.32
2025-11-03 20:00:00,71.63,47.07602505463193,17.085,64.16102505463192,25.0,3.75,96.63,75.38
2025-11-03 21:00:00,60.01,46.52842640667771,17.085,63.61342640667771,25.0,3.75,85.00999999999999,63.76
2025-11-03 22:00:00,52.71,48.45592767076353,17.085,65.54092767076352,25.0,3.75,77.71000000000001,56.46
2025-11-03 23:00:00,28.72,44.06130706714658,17.085,61.14630706714658,25.0,3.75,53.72,32.47
2025-11-04 00:00:00,16.53,42.42827196544057,17.085,59.51327196544057,25.0,3.75,41.53,20.28
2025-11-04 01:00:00,7.26,43.98902048911098,17.085,61.07402048911098,25.0,3.75,32.26,11.01
2025-11-04 02:00:00,4.93,45.41770708506866,17.085,62.502707085068664,25.0,3.75,29.93,8.68
2025-11-04 03:00:00,6.31,45.11642545417011,17.085,62.20142545417011,25.0,3.75,31.31,10.059999999999999
2025-11-04 04:00:00,21.2,44.213124207450896,17.085,61.2981242074509,25.0,3.75,46.2,24.95
2025-11-04 05:00:00,58.43,41.181605082045515,17.085,58.266605082045515,25.0,3.75,83.43,62.18
2025-11-04 06:00:00,81.04,45.940965992258214,17.085,63.025965992258214,25.0,3.75,106.04,84.79
2025-11-04 07:00:00,114.31,48.9446889581644,17.085,66.0296889581644,25.0,3.75,139.31,118.06
2025-11-04 08:00:00,110.0,45.92850247624601,17.085,63.01350247624601,25.0,3.75,135.0,113.75
2025-11-04 09:00:00,80.85,46.21827103810703,17.085,63.30327103810703,25.0,3.75,105.85,84.6
2025-11-04 10:00:00,60.65,46.144890612310206,17.085,63.22989061231021,25.0,3.75,85.65,64.4
2025-11-04 11:00:00,52.87,45.7940933397648,17.085,62.8790933397648,25.0,3.75,77.87,56.62
2025-11-04 12:00:00,50.15,46.86333193373619,17.085,63.94833193373619,25.0,3.75,75.15,53.9
2025-11-04 13:00:00,66.94,45.790747362371334,17.085,62.875747362371335,25.0,3.75,91.94,70.69
2025-11-04 14:00:00,81.05,44.374645660693446,17.085,61.45964566069345,25.0,3.75,106.05,84.8
2025-11-04 15:00:00,116.26,43.408022179982495,17.085,60.493022179982496,25.0,3.75,141.26,120.01
2025-11-04 16:00:00,127.48,44.50205268943865,17.085,61.58705268943865,25.0,3.75,152.48000000000002,131.23000000000002
2025-11-04 17:00:00,129.1,45.62825899290133,17.085,62.71325899290133,25.0,3.75,154.1,132.85
2025-11-04 18:00:00,122.76,44.367834077754054,17.085,61.452834077754055,25.0,3.75,147.76,126.51
2025-11-04 19:00:00,106.7,45.62867736626286,17.085,62.713677366262864,25.0,3.75,131.7,110.45
2025-11-04 20:00:00,96.75,45.87830026740083,17.085,62.96330026740083,25.0,3.75,121.75,100.5
2025-11-04 21:00:00,91.37,46.66635886254036,17.085,63.751358862540364,25.0,3.75,116.37,95.12
2025-11-04 22:00:00,86.24,47.56558993767796,17.085,64.65058993767796,25.0,3.75,111.24,89.99
2025-11-04 23:00:00,76.12,45.156014836957716,17.085,62.24101483695772,25.0,3.75,101.12,79.87
2025-11-05 00:00:00,77.33,42.384446869704675,17.085,59.469446869704676,25.0,3.75,102.33,81.08
2025-11-05 01:00:00,75.82,44.309791806361616,17.085,61.39479180636162,25.0,3.75,100.82,79.57
2025-11-05 02:00:00,74.36,45.0881251348132,17.085,62.1731251348132,25.0,3.75,99.36,78.11
2025-11-05 03:00:00,74.68,41.32846248764582,17.085,58.41346248764582,25.0,3.75,99.68,78.43
2025-11-05 04:00:00,78.88,47.77732904020496,17.085,64.86232904020497,25.0,3.75,103.88,82.63
2025-11-05 05:00:00,85.0,45.28475582502093,17.085,62.36975582502093,25.0,3.75,110.0,88.75
2025-11-05 06:00:00,91.36,45.76270566916057,17.085,62.84770566916057,25.0,3.75,116.36,95.11
2025-11-05 07:00:00,115.9,47.73105292505253,17.085,64.81605292505253,25.0,3.75,140.9,119.65
2025-11-05 08:00:00,107.12,43.739714339715306,17.085,60.82471433971531,25.0,3.75,132.12,110.87
2025-11-05 09:00:00,74.54,46.14808386176806,17.085,63.23308386176806,25.0,3.75,99.54,78.29
2025-11-05 10:00:00,62.88,44.78027175379613,17.085,61.86527175379613,25.0,3.75,87.88,66.63
2025-11-05 11:00:00,62.01,44.63182626596816,17.085,61.71682626596816,25.0,3.75,87.00999999999999,65.75999999999999
2025-11-05 12:00:00,62.07,43.45561522439124,17.085,60.54061522439124,25.0,3.75,87.07,65.82
2025-11-05 13:00:00,77.33,48.331206427373054,17.085,65.41620642737306,25.0,3.75,102.33,81.08
2025-11-05 14:00:00,96.19,44.248999919848856,17.085,61.33399991984886,25.0,3.75,121.19,99.94
2025-11-05 15:00:00,115.4,46.3989284937914,17.085,63.4839284937914,25.0,3.75,140.4,119.15
2025-11-05 16:00:00,141.38,41.24998522505613,17.085,58.33498522505613,25.0,3.75,166.38,145.13
2025-11-05 17:00:00,147.42,47.359977059379574,17.085,64.44497705937957,25.0,3.75,172.42,151.17
2025-11-05 18:00:00,127.58,47.10442231191412,17.085,64.18942231191411,25.0,3.75,152.57999999999998,131.32999999999998
2025-11-05 19:00:00,114.76,45.19486822059461,17.085,62.27986822059461,25.0,3.75,139.76,118.51
2025-11-05 20:00:00,104.79,44.54611506772415,17.085,61.63111506772415,25.0,3.75,129.79000000000002,108.54
2025-11-05 21:00:00,98.92,45.800000011227134,17.085,62.885000011227135,25.0,3.75,123.92,102.67
2025-11-05 22:00:00,88.85,49.577581321760576,17.085,66.66258132176057,25.0,3.75,113.85,92.6
2025-11-05 23:00:00,87.7,41.47352660219303,17.085,58.558526602193034,25.0,3.75,112.7,91.45
2025-11-06 00:00:00,93.37,46.56405477514826,17.085,63.64905477514826,25.0,3.75,118.37,97.12
2025-11-06 01:00:00,90.83,43.17676539569219,17.085,60.261765395692194,25.0,3.75,115.83,94.58
2025-11-06 02:00:00,91.4,44.96016320740054,17.085,62.04516320740054,25.0,3.75,116.4,95.15
2025-11-06 03:00:00,90.51,44.504239761842676,17.085,61.58923976184268,25.0,3.75,115.51,94.26
2025-11-06 04:00:00,91.9,44.14336348440449,17.085,61.22836348440449,25.0,3.75,116.9,95.65
2025-11-06 05:00:00,92.17,44.97906974189454,17.085,62.06406974189454,25.0,3.75,117.17,95.92
2025-11-06 06:00:00,118.35,42.73165770944442,17.085,59.81665770944442,25.0,3.75,143.35,122.1
2025-11-06 07:00:00,130.23,47.05836087225593,17.085,64.14336087225593,25.0,3.75,155.23,133.98
2025-11-06 08:00:00,119.68,41.4117129776028,17.085,58.4967129776028,25.0,3.75,144.68,123.43
2025-11-06 09:00:00,93.21,46.07952902565668,17.085,63.164529025656684,25.0,3.75,118.21,96.96
2025-11-06 10:00:00,85.16,44.346928294930855,17.085,61.431928294930856,25.0,3.75,110.16,88.91
2025-11-06 11:00:00,83.7,42.658150212385095,17.085,59.743150212385096,25.0,3.75,108.7,87.45
2025-11-06 12:00:00,83.99,45.40476674119739,17.085,62.48976674119739,25.0,3.75,108.99,87.74
2025-11-06 13:00:00,87.18,41.88609782658705,17.085,58.97109782658705,25.0,3.75,112.18,90.93
2025-11-06 14:00:00,99.49,45.07942764343927,17.085,62.16442764343927,25.0,3.75,124.49,103.24
2025-11-06 15:00:00,128.24,42.15424618437689,17.085,59.23924618437689,25.0,3.75,153.24,131.99
2025-11-06 16:00:00,147.5,45.92254416863566,17.085,63.00754416863566,25.0,3.75,172.5,151.25
2025-11-06 17:00:00,154.26,43.15128533273925,17.085,60.23628533273925,25.0,3.75,179.26,158.01
2025-11-06 18:00:00,137.45,44.09801196594138,17.085,61.18301196594138,25.0,3.75,162.45,141.2
2025-11-06 19:00:00,126.46,45.58789877588632,17.085,62.672898775886324,25.0,3.75,151.45999999999998,130.20999999999998
2025-11-06 20:00:00,114.97,43.45491577631553,17.085,60.53991577631553,25.0,3.75,139.97,118.72
2025-11-06 21:00:00,100.98,44.884072000663394,17.085,61.969072000663395,25.0,3.75,125.98,104.73
2025-11-06 22:00:00,97.49,41.97233899751029,17.085,59.05733899751029,25.0,3.75,122.49,101.24
2025-11-06 23:00:00,90.55,46.26175120719231,17.085,63.34675120719231,25.0,3.75,115.55,94.3
2025-11-07 00:00:00,90.18,48.529827611101545,17.085,65.61482761110155,25.0,3.75,115.18,93.93
2025-11-07 01:00:00,88.82,50.584417735819926,17.085,67.66941773581993,25.0,3.75,113.82,92.57
2025-11-07 02:00:00,89.6,45.18233629333288,17.085,62.26733629333288,25.0,3.75,114.6,93.35
2025-11-07 03:00:00,89.61,46.576408281594375,17.085,63.661408281594376,25.0,3.75,114.61,93.36
2025-11-07 04:00:00,90.41,41.43874865418502,17.085,58.52374865418502,25.0,3.75,115.41,94.16
2025-11-07 05:00:00,94.21,48.00546865261118,17.085,65.09046865261118,25.0,3.75,119.21,97.96
2025-11-07 06:00:00,112.27,46.55245700944821,17.085,63.63745700944821,25.0,3.75,137.26999999999998,116.02
2025-11-07 07:00:00,133.88,44.03213311009753,17.085,61.117133110097534,25.0,3.75,158.88,137.63
2025-11-07 08:00:00,128.05,47.47436160057802,17.085,64.55936160057803,25.0,3.75,153.05,131.8
2025-11-07 09:00:00,108.1,44.491047846709314,17.085,61.576047846709315,25.0,3.75,133.1,111.85
2025-11-07 10:00:00,93.38,44.08394963397089,17.085,61.16894963397089,25.0,3.75,118.38,97.13
2025-11-07 11:00:00,89.99,45.950669850854986,17.085,63.03566985085499,25.0,3.75,114.99,93.74
2025-11-07 12:00:00,88.8,42.873291000339364,17.085,59.958291000339365,25.0,3.75,113.8,92.55
2025-11-07 13:00:00,92.05,47.0432495287999,17.085,64.1282495287999,25.0,3.75,117.05,95.8
2025-11-07 14:00:00,103.1,42.888020376146315,17.085,59.973020376146316,25.0,3.75,128.1,106.85
2025-11-07 15:00:00,129.62,42.89989042035363,17.085,59.98489042035363,25.0,3.75,154.62,133.37
2025-11-07 16:00:00,165.12,43.18062042318333,17.085,60.26562042318333,25.0,3.75,190.12,168.87
2025-11-07 17:00:00,178.54,46.519000075032245,17.085,63.604000075032246,25.0,3.75,203.54,182.29
2025-11-07 18:00:00,145.68,43.766449276960586,17.085,60.85144927696059,25.0,3.75,170.68,149.43
2025-11-07 19:00:00,131.48,42.304008431265665,17.085,59.389008431265665,25.0,3.75,156.48,135.23
2025-11-07 20:00:00,119.43,43.7886400001284,17.085,60.873640000128404,25.0,3.75,144.43,123.18
2025-11-07 21:00:00,106.65,44.93591525863903,17.085,62.02091525863903,25.0,3.75,131.65,110.4
2025-11-07 22:00:00,98.28,42.63805503267123,17.085,59.72305503267123,25.0,3.75,123.28,102.03
2025-11-07 23:00:00,92.05,42.696637781931315,17.085,59.781637781931316,25.0,3.75,117.05,95.8
2025-11-08 00:00:00,96.53,49.22259266819917,17.085,66.30759266819916,25.0,3.75,121.53,100.28
2025-11-08 01:00:00,96.32,43.27886919237223,17.085,60.36386919237223,25.0,3.75,121.32,100.07
2025-11-08 02:00:00,94.0,44.35391526245399,17.085,61.43891526245399,25.0,3.75,119.0,97.75
2025-11-08 03:00:00,93.97,44.26552599840143,17.085,61.35052599840143,25.0,3.75,118.97,97.72
2025-11-08 04:00:00,95.04,44.15728638445912,17.085,61.24228638445912,25.0,3.75,120.04,98.79
2025-11-08 05:00:00,94.2,46.242693479938204,17.085,63.327693479938205,25.0,3.75,119.2,97.95
2025-11-08 06:00:00,95.28,46.8962859009441,17.085,63.9812859009441,25.0,3.75,120.28,99.03
2025-11-08 07:00:00,103.84,44.388091136936815,17.085,61.473091136936816,25.0,3.75,128.84,107.59
2025-11-08 08:00:00,105.5,42.527043426815304,17.085,59.612043426815305,25.0,3.75,130.5,109.25
2025-11-08 09:00:00,103.62,47.548880455697805,17.085,64.6338804556978,25.0,3.75,128.62,107.37
2025-11-08 10:00:00,102.18,44.80931781760663,17.085,61.894317817606634,25.0,3.75,127.18,105.93
2025-11-08 11:00:00,96.95,48.46064362971434,17.085,65.54564362971433,25.0,3.75,121.95,100.7
2025-11-08 12:00:00,95.16,40.50882820486967,17.085,57.59382820486967,25.0,3.75,120.16,98.91
2025-11-08 13:00:00,95.91,45.39080644256664,17.085,62.47580644256664,25.0,3.75,120.91,99.66
2025-11-08 14:00:00,101.54,48.83721266775242,17.085,65.92221266775242,25.0,3.75,126.54,105.29
2025-11-08 15:00:00,117.62,44.29347172912368,17.085,61.37847172912368,25.0,3.75,142.62,121.37
2025-11-08 16:00:00,124.64,44.549013153330726,17.085,61.63401315333073,25.0,3.75,149.64,128.39
2025-11-08 17:00:00,134.92,45.591023383180676,17.085,62.67602338318068,25.0,3.75,159.92,138.67
2025-11-08 18:00:00,136.53,43.88240836223009,17.085,60.96740836223009,25.0,3.75,161.53,140.28
2025-11-08 19:00:00,131.98,44.37585613589454,17.085,61.46085613589454,25.0,3.75,156.98,135.73
2025-11-08 20:00:00,122.97,44.324369811617196,17.085,61.409369811617196,25.0,3.75,147.97,126.72
2025-11-08 21:00:00,113.3,43.745158531147254,17.085,60.830158531147255,25.0,3.75,138.3,117.05
2025-11-08 22:00:00,106.26,47.45771310040112,17.085,64.54271310040113,25.0,3.75,131.26,110.01
2025-11-08 23:00:00,96.91,45.92215606459287,17.085,63.00715606459287,25.0,3.75,121.91,100.66
2025-11-09 00:00:00,96.35,45.501256464206605,17.085,62.586256464206606,25.0,3.75,121.35,100.1
2025-11-09 01:00:00,94.56,46.61714201378023,17.085,63.70214201378023,25.0,3.75,119.56,98.31
2025-11-09 02:00:00,92.83,44.471288333593066,17.085,61.556288333593066,25.0,3.75,117.83,96.58
2025-11-09 03:00:00,91.13,43.451592363294196,17.085,60.5365923632942,25.0,3.75,116.13,94.88
2025-11-09 04:00:00,91.65,43.794751390770884,17.085,60.879751390770885,25.0,3.75,116.65,95.4
2025-11-09 05:00:00,91.69,45.00356608220922,17.085,62.08856608220922,25.0,3.75,116.69,95.44
2025-11-09 06:00:00,89.94,42.881576583254194,17.085,59.966576583254195,25.0,3.75,114.94,93.69
2025-11-09 07:00:00,88.62,43.999477966826646,17.085,61.08447796682665,25.0,3.75,113.62,92.37
2025-11-09 08:00:00,97.27,43.96776671625713,17.085,61.05276671625713,25.0,3.75,122.27,101.02
2025-11-09 09:00:00,97.62,49.24911245965803,17.085,66.33411245965803,25.0,3.75,122.62,101.37
2025-11-09 10:00:00,97.03,39.452370120132166,17.085,56.53737012013217,25.0,3.75,122.03,100.78
2025-11-09 11:00:00,97.3,44.640760557188734,17.085,61.725760557188735,25.0,3.75,122.3,101.05
2025-11-09 12:00:00,97.84,48.45138758562954,17.085,65.53638758562954,25.0,3.75,122.84,101.59
2025-11-09 13:00:00,96.4,45.24368892826491,17.085,62.32868892826491,25.0,3.75,121.4,100.15
2025-11-09 14:00:00,97.32,46.50683494684218,17.085,63.591834946842184,25.0,3.75,122.32,101.07
2025-11-09 15:00:00,97.79,45.19965263019954,17.085,62.28465263019954,25.0,3.75,122.79,101.54
2025-11-09 16:00:00,109.85,43.66533323756704,17.085,60.75033323756704,25.0,3.75,134.85,113.6
2025-11-09 17:00:00,125.1,40.51616813098217,17.085,57.601168130982174,25.0,3.75,150.1,128.85
2025-11-09 18:00:00,126.1,45.410911374072604,17.085,62.495911374072605,25.0,3.75,151.1,129.85
2025-11-09 19:00:00,117.96,43.44878679079522,17.085,60.53378679079522,25.0,3.75,142.95999999999998,121.71
2025-11-09 20:00:00,106.0,43.399329187669395,17.085,60.484329187669395,25.0,3.75,131.0,109.75
2025-11-09 21:00:00,93.54,44.002025488041774,17.085,61.087025488041775,25.0,3.75,118.54,97.29
2025-11-09 22:00:00,92.32,48.489722813246985,17.085,65.57472281324698,25.0,3.75,117.32,96.07
2025-11-09 23:00:00,89.93,49.809675084507944,17.085,66.89467508450795,25.0,3.75,114.93,93.68
2025-11-10 00:00:00,88.98,45.4344158750568,17.085,62.5194158750568,25.0,3.75,113.98,92.73
2025-11-10 01:00:00,87.64,44.07046555217654,17.085,61.155465552176544,25.0,3.75,112.64,91.39
2025-11-10 02:00:00,88.9,42.64554716509758,17.085,59.73054716509758,25.0,3.75,113.9,92.65
2025-11-10 03:00:00,87.52,45.93708032309214,17.085,63.02208032309214,25.0,3.75,112.52,91.27
2025-11-10 04:00:00,87.18,48.56581120013029,17.085,65.65081120013029,25.0,3.75,112.18,90.93
2025-11-10 05:00:00,92.31,44.505319225949684,17.085,61.590319225949685,25.0,3.75,117.31,96.06
2025-11-10 06:00:00,113.45,40.24200791849355,17.085,57.32700791849355,25.0,3.75,138.45,117.2
2025-11-10 07:00:00,143.0,46.340099343631046,17.085,63.42509934363105,25.0,3.75,168.0,146.75
2025-11-10 08:00:00,157.88,46.9707994229001,17.085,64.0557994229001,25.0,3.75,182.88,161.63
2025-11-10 09:00:00,144.3,41.8283087192283,17.085,58.913308719228304,25.0,3.75,169.3,148.05
2025-11-10 10:00:00,126.27,45.35296836732591,17.085,62.43796836732591,25.0,3.75,151.26999999999998,130.01999999999998
2025-11-10 11:00:00,115.25,45.902452032272194,17.085,62.987452032272195,25.0,3.75,140.25,119.0
2025-11-10 12:00:00,105.92,44.85378539598212,17.085,61.93878539598212,25.0,3.75,130.92000000000002,109.67
2025-11-10 13:00:00,108.41,43.41845816182929,17.085,60.50345816182929,25.0,3.75,133.41,112.16
2025-11-10 14:00:00,115.57,47.03187444712711,17.085,64.11687444712712,25.0,3.75,140.57,119.32
2025-11-10 15:00:00,126.25,44.19324050806264,17.085,61.27824050806264,25.0,3.75,151.25,130.0
2025-11-10 16:00:00,133.36,42.029627674600135,17.085,59.114627674600136,25.0,3.75,158.36,137.11
2025-11-10 17:00:00,139.4,40.90105102866064,17.085,57.98605102866064,25.0,3.75,164.4,143.15
2025-11-10 18:00:00,120.73,47.52169903999862,17.085,64.60669903999863,25.0,3.75,145.73000000000002,124.48
2025-11-10 19:00:00,103.66,46.23332795294224,17.085,63.31832795294224,25.0,3.75,128.66,107.41
2025-11-10 20:00:00,90.11,45.17594709425834,17.085,62.26094709425834,25.0,3.75,115.11,93.86
2025-11-10 21:00:00,88.99,44.119450726298396,17.085,61.2044507262984,25.0,3.75,113.99,92.74
2025-11-10 22:00:00,88.39,43.94200317159375,17.085,61.02700317159375,25.0,3.75,113.39,92.14
2025-11-10 23:00:00,83.87,42.848526703116775,17.085,59.933526703116776,25.0,3.75,108.87,87.62
2025-11-11 00:00:00,83.19,44.13708871088023,17.085,61.22208871088023,25.0,3.75,108.19,86.94
2025-11-11 01:00:00,79.98,40.75982556975965,17.085,57.84482556975965,25.0,3.75,104.98,83.73
2025-11-11 02:00:00,75.8,43.527872693062974,17.085,60.612872693062975,25.0,3.75,100.8,79.55
2025-11-11 03:00:00,74.87,44.378124967297815,17.085,61.463124967297816,25.0,3.75,99.87,78.62
2025-11-11 04:00:00,75.5,46.21976009438084,17.085,63.30476009438084,25.0,3.75,100.5,79.25
2025-11-11 05:00:00,77.07,44.920147073253275,17.085,62.005147073253276,25.0,3.75,102.07,80.82
2025-11-11 06:00:00,86.79,46.58984622775112,17.085,63.67484622775112,25.0,3.75,111.79,90.54
2025-11-11 07:00:00,105.21,47.69827021022686,17.085,64.78327021022686,25.0,3.75,130.20999999999998,108.96
2025-11-11 08:00:00,113.8,47.116340187648206,17.085,64.20134018764821,25.0,3.75,138.8,117.55
2025-11-11 09:00:00,103.12,45.94101969475712,17.085,63.02601969475712,25.0,3.75,128.12,106.87
2025-11-11 10:00:00,91.47,45.02372535836157,17.085,62.10872535836157,25.0,3.75,116.47,95.22
2025-11-11 11:00:00,87.92,43.03842398317288,17.085,60.123423983172884,25.0,3.75,112.92,91.67
2025-11-11 12:00:00,86.66,46.479888102758636,17.085,63.56488810275864,25.0,3.75,111.66,90.41
2025-11-11 13:00:00,89.93,48.359494764443056,17.085,65.44449476444305,25.0,3.75,114.93,93.68
2025-11-11 14:00:00,101.24,45.684212079300835,17.085,62.769212079300836,25.0,3.75,126.24,104.99
2025-11-11 15:00:00,124.28,48.834518296852245,17.085,65.91951829685225,25.0,3.75,149.28,128.03
2025-11-11 16:00:00,143.07,41.948856583877834,17.085,59.033856583877835,25.0,3.75,168.07,146.82
2025-11-11 17:00:00,143.26,42.69167323044092,17.085,59.77667323044092,25.0,3.75,168.26,147.01
2025-11-11 18:00:00,115.0,46.710403015496524,17.085,63.795403015496525,25.0,3.75,140.0,118.75
2025-11-11 19:00:00,105.03,45.528580420306504,17.085,62.613580420306505,25.0,3.75,130.03,108.78
2025-11-11 20:00:00,98.18,47.62756435314361,17.085,64.71256435314362,25.0,3.75,123.18,101.93
2025-11-11 21:00:00,96.38,44.96905671854652,17.085,62.05405671854652,25.0,3.75,121.38,100.13
2025-11-11 22:00:00,92.06,43.264049154943336,17.085,60.34904915494334,25.0,3.75,117.06,95.81
2025-11-11 23:00:00,75.5,44.572813515589914,17.085,61.657813515589915,25.0,3.75,100.5,79.25
2025-11-12 00:00:00,74.98,41.93463205815253,17.085,59.01963205815253,25.0,3.75,99.98,78.73
2025-11-12 01:00:00,68.32,42.742818653805934,17.085,59.827818653805934,25.0,3.75,93.32,72.07
2025-11-12 02:00:00,64.41,46.94488799583602,17.085,64.02988799583602,25.0,3.75,89.41,68.16
2025-11-12 03:00:00,62.4,46.74557482893922,17.085,63.83057482893922,25.0,3.75,87.4,66.15
2025-11-12 04:00:00,62.3,45.726008569612155,17.085,62.811008569612156,25.0,3.75,87.3,66.05
2025-11-12 05:00:00,69.3,41.55784495807906,17.085,58.64284495807906,25.0,3.75,94.3,73.05
2025-11-12 06:00:00,77.0,44.283192848974224,17.085,61.368192848974225,25.0,3.75,102.0,80.75
2025-11-12 07:00:00,107.26,42.5500002226799,17.085,59.6350002226799,25.0,3.75,132.26,111.01
2025-11-12 08:00:00,100.72,47.353066507575534,17.085,64.43806650757554,25.0,3.75,125.72,104.47
2025-11-12 09:00:00,78.11,43.832555732874795,17.085,60.917555732874796,25.0,3.75,103.11,81.86
2025-11-12 10:00:00,71.53,42.8285045784369,17.085,59.9135045784369,25.0,3.75,96.53,75.28
2025-11-12 11:00:00,60.0,45.05959233024285,17.085,62.14459233024285,25.0,3.75,85.0,63.75
2025-11-12 12:00:00,59.14,43.719691086330776,17.085,60.80469108633078,25.0,3.75,84.14,62.89
2025-11-12 13:00:00,73.77,47.96748782040741,17.085,65.0524878204074,25.0,3.75,98.77,77.52
2025-11-12 14:00:00,80.43,43.530378204931615,17.085,60.615378204931616,25.0,3.75,105.43,84.18
2025-11-12 15:00:00,104.97,42.201543481550736,17.085,59.28654348155074,25.0,3.75,129.97,108.72
2025-11-12 16:00:00,113.63,40.69417296848497,17.085,57.77917296848497,25.0,3.75,138.63,117.38
2025-11-12 17:00:00,115.4,44.93842699517317,17.085,62.02342699517317,25.0,3.75,140.4,119.15
2025-11-12 18:00:00,104.87,43.87613977228415,17.085,60.96113977228415,25.0,3.75,129.87,108.62
2025-11-12 19:00:00,88.93,42.14219078697655,17.085,59.22719078697655,25.0,3.75,113.93,92.68
2025-11-12 20:00:00,80.95,47.37845292251157,17.085,64.46345292251158,25.0,3.75,105.95,84.7
2025-11-12 21:00:00,76.91,46.33449029485848,17.085,63.419490294858484,25.0,3.75,101.91,80.66
2025-11-12 22:00:00,75.55,44.94356424212554,17.085,62.02856424212554,25.0,3.75,100.55,79.3
2025-11-12 23:00:00,56.93,47.72865248834173,17.085,64.81365248834173,25.0,3.75,81.93,60.68
2025-11-13 00:00:00,32.92,46.325072066797226,17.085,63.41007206679723,25.0,3.75,57.92,36.67
2025-11-13 01:00:00,18.97,43.35428819696313,17.085,60.43928819696313,25.0,3.75,43.97,22.72
2025-11-13 02:00:00,11.19,42.92155967201847,17.085,60.00655967201847,25.0,3.75,36.19,14.94
2025-11-13 03:00:00,7.78,46.63596308890772,17.085,63.72096308890772,25.0,3.75,32.78,11.530000000000001
2025-11-13 04:00:00,6.0,45.7927339129347,17.085,62.8777339129347,25.0,3.75,31.0,9.75
2025-11-13 05:00:00,25.97,45.339495535941325,17.085,62.424495535941325,25.0,3.75,50.97,29.72
2025-11-13 06:00:00,50.89,43.30700439426219,17.085,60.39200439426219,25.0,3.75,75.89,54.64
2025-11-13 07:00:00,76.85,46.21589513401151,17.085,63.30089513401151,25.0,3.75,101.85,80.6
2025-11-13 08:00:00,66.08,43.4890022337321,17.085,60.5740022337321,25.0,3.75,91.08,69.83
2025-11-13 09:00:00,53.61,44.796026690812646,17.085,61.88102669081265,25.0,3.75,78.61,57.36
2025-11-13 10:00:00,50.32,47.89388829277396,17.085,64.97888829277396,25.0,3.75,75.32,54.07
2025-11-13 11:00:00,42.96,43.67833152837971,17.085,60.76333152837971,25.0,3.75,67.96000000000001,46.71
2025-11-13 12:00:00,48.09,41.854021485854275,17.085,58.939021485854276,25.0,3.75,73.09,51.84
2025-11-13 13:00:00,60.57,42.89490561625978,17.085,59.97990561625978,25.0,3.75,85.57,64.32
2025-11-13 14:00:00,77.34,46.988597653375244,17.085,64.07359765337524,25.0,3.75,102.34,81.09
2025-11-13 15:00:00,101.66,45.509462274760416,17.085,62.59446227476042,25.0,3.75,126.66,105.41
2025-11-13 16:00:00,111.51,44.742245242622495,17.085,61.827245242622496,25.0,3.75,136.51,115.26
2025-11-13 17:00:00,130.1,43.98181238937686,17.085,61.066812389376864,25.0,3.75,155.1,133.85
2025-11-13 18:00:00,131.8,45.97071981510638,17.085,63.05571981510638,25.0,3.75,156.8,135.55
2025-11-13 19:00:00,129.89,43.301790298019554,17.085,60.386790298019555,25.0,3.75,154.89,133.64
2025-11-13 20:00:00,111.85,45.61133113728519,17.085,62.69633113728519,25.0,3.75,136.85,115.6
2025-11-13 21:00:00,116.61,43.537490862374085,17.085,60.622490862374086,25.0,3.75,141.61,120.36
2025-11-13 22:00:00,110.59,43.20468122944989,17.085,60.28968122944989,25.0,3.75,135.59,114.34
2025-11-13 23:00:00,102.77,43.72502513034998,17.085,60.81002513034998,25.0,3.75,127.77,106.52
2025-11-14 00:00:00,98.44,44.249185107032076,17.085,61.33418510703208,25.0,3.75,123.44,102.19
2025-11-14 01:00:00,95.8,44.902340328132595,17.085,61.987340328132596,25.0,3.75,120.8,99.55
2025-11-14 02:00:00,94.93,45.47091159022223,17.085,62.55591159022223,25.0,3.75,119.93,98.68
2025-11-14 03:00:00,91.53,37.62326941714311,17.085,54.708269417143114,25.0,3.75,116.53,95.28
2025-11-14 04:00:00,92.13,43.38469888450647,17.085,60.46969888450647,25.0,3.75,117.13,95.88
2025-11-14 05:00:00,91.6,44.21686004528792,17.085,61.301860045287924,25.0,3.75,116.6,95.35
2025-11-14 06:00:00,112.78,48.01012407721666,17.085,65.09512407721667,25.0,3.75,137.78,116.53
2025-11-14 07:00:00,138.35,42.83999478323574,17.085,59.92499478323574,25.0,3.75,163.35,142.1
2025-11-14 08:00:00,136.39,45.32559323619982,17.085,62.41059323619982,25.0,3.75,161.39,140.14
2025-11-14 09:00:00,120.9,47.99006061947168,17.085,65.07506061947169,25.0,3.75,145.9,124.65
2025-11-14 10:00:00,112.03,42.37406294010545,17.085,59.459062940105454,25.0,3.75,137.03,115.78
2025-11-14 11:00:00,106.04,45.787950451728804,17.085,62.872950451728805,25.0,3.75,131.04000000000002,109.79
2025-11-14 12:00:00,101.23,43.39545633213096,17.085,60.48045633213096,25.0,3.75,126.23,104.98
2025-11-14 13:00:00,105.42,43.990732515421534,17.085,61.075732515421535,25.0,3.75,130.42000000000002,109.17
2025-11-14 14:00:00,107.06,43.39377833209337,17.085,60.47877833209337,25.0,3.75,132.06,110.81
2025-11-14 15:00:00,115.39,43.53628538316823,17.085,60.62128538316823,25.0,3.75,140.39,119.14
2025-11-14 16:00:00,115.97,50.44382429581299,17.085,67.528824295813,25.0,3.75,140.97,119.72
2025-11-14 17:00:00,131.57,46.68891174414333,17.085,63.773911744143334,25.0,3.75,156.57,135.32
2025-11-14 18:00:00,119.81,47.20347572357242,17.085,64.28847572357242,25.0,3.75,144.81,123.56
2025-11-14 19:00:00,106.49,45.98398697367299,17.085,63.06898697367299,25.0,3.75,131.49,110.24
2025-11-14 20:00:00,98.92,41.787486423196086,17.085,58.87248642319609,25.0,3.75,123.92,102.67
2025-11-14 21:00:00,93.16,45.789915940646615,17.085,62.874915940646616,25.0,3.75,118.16,96.91
2025-11-14 22:00:00,97.02,47.1458592290147,17.085,64.2308592290147,25.0,3.75,122.02,100.77
2025-11-14 23:00:00,78.65,43.29320105192178,17.085,60.37820105192178,25.0,3.75,103.65,82.4
2025-11-15 00:00:00,77.38,46.93065333432225,17.085,64.01565333432225,25.0,3.75,102.38,81.13
2025-11-15 01:00:00,77.95,46.40867241970816,17.085,63.49367241970816,25.0,3.75,102.95,81.7
2025-11-15 02:00:00,74.72,48.70408008962734,17.085,65.78908008962733,25.0,3.75,99.72,78.47
2025-11-15 03:00:00,73.03,44.16443397497276,17.085,61.24943397497276,25.0,3.75,98.03,76.78
2025-11-15 04:00:00,72.2,42.80477803544855,17.085,59.88977803544855,25.0,3.75,97.2,75.95
2025-11-15 05:00:00,70.62,44.27674378125491,17.085,61.36174378125491,25.0,3.75,95.62,74.37
2025-11-15 06:00:00,68.16,47.871141986327245,17.085,64.95614198632725,25.0,3.75,93.16,71.91
2025-11-15 07:00:00,77.06,41.343188238316074,17.085,58.428188238316075,25.0,3.75,102.06,80.81
2025-11-15 08:00:00,80.07,40.86324856913794,17.085,57.94824856913794,25.0,3.75,105.07,83.82
2025-11-15 09:00:00,85.24,45.17879055786322,17.085,62.263790557863224,25.0,3.75,110.24,88.99
2025-11-15 10:00:00,85.61,44.11482141445169,17.085,61.19982141445169,25.0,3.75,110.61,89.36
2025-11-15 11:00:00,85.42,45.01545578635137,17.085,62.10045578635137,25.0,3.75,110.42,89.17
2025-11-15 12:00:00,84.19,46.89062354247173,17.085,63.97562354247173,25.0,3.75,109.19,87.94
2025-11-15 13:00:00,90.67,43.8948613077623,17.085,60.9798613077623,25.0,3.75,115.67,94.42
2025-11-15 14:00:00,94.65,41.25398833813876,17.085,58.33898833813876,25.0,3.75,119.65,98.4
2025-11-15 15:00:00,101.19,49.08896311439989,17.085,66.1739631143999,25.0,3.75,126.19,104.94
2025-11-15 16:00:00,109.79,43.00554342512245,17.085,60.09054342512245,25.0,3.75,134.79000000000002,113.54
2025-11-15 17:00:00,121.8,42.88192575597581,17.085,59.96692575597581,25.0,3.75,146.8,125.55
2025-11-15 18:00:00,121.52,47.207440027445195,17.085,64.2924400274452,25.0,3.75,146.51999999999998,125.27
2025-11-15 19:00:00,114.07,44.23102175791696,17.085,61.316021757916964,25.0,3.75,139.07,117.82
2025-11-15 20:00:00,109.13,44.87322029593038,17.085,61.95822029593038,25.0,3.75,134.13,112.88
2025-11-15 21:00:00,102.89,45.96558024812064,17.085,63.05058024812064,25.0,3.75,127.89,106.64
2025-11-15 22:00:00,101.72,47.16716620621999,17.085,64.25216620621998,25.0,3.75,126.72,105.47
2025-11-15 23:00:00,97.87,44.33307861363646,17.085,61.41807861363646,25.0,3.75,122.87,101.62
2025-11-16 00:00:00,93.75,48.0399040118286,17.085,65.12490401182859,25.0,3.75,118.75,97.5
2025-11-16 01:00:00,95.0,40.72840030253039,17.085,57.81340030253039,25.0,3.75,120.0,98.75
2025-11-16 02:00:00,93.35,46.519574473906154,17.085,63.604574473906155,25.0,3.75,118.35,97.1
2025-11-16 03:00:00,91.45,43.320944883964685,17.085,60.405944883964686,25.0,3.75,116.45,95.2
2025-11-16 04:00:00,88.22,47.744542633215985,17.085,64.829542633216,25.0,3.75,113.22,91.97
2025-11-16 05:00:00,91.13,45.28408895766109,17.085,62.36908895766109,25.0,3.75,116.13,94.88
2025-11-16 06:00:00,85.67,43.654189335981194,17.085,60.739189335981195,25.0,3.75,110.67,89.42
2025-11-16 07:00:00,92.49,46.32568218604327,17.085,63.41068218604327,25.0,3.75,117.49,96.24
2025-11-16 08:00:00,98.49,46.7863766944145,17.085,63.8713766944145,25.0,3.75,123.49,102.24
2025-11-16 09:00:00,101.19,46.283788245717275,17.085,63.368788245717276,25.0,3.75,126.19,104.94
2025-11-16 10:00:00,99.28,42.94060752073388,17.085,60.02560752073388,25.0,3.75,124.28,103.03
2025-11-16 11:00:00,102.57,44.03196575275583,17.085,61.11696575275583,25.0,3.75,127.57,106.32
2025-11-16 12:00:00,102.47,44.99185432575713,17.085,62.07685432575713,25.0,3.75,127.47,106.22
2025-11-16 13:00:00,104.0,44.917480694699876,17.085,62.00248069469988,25.0,3.75,129.0,107.75
2025-11-16 14:00:00,109.27,46.4994909508767,17.085,63.5844909508767,25.0,3.75,134.26999999999998,113.02
2025-11-16 15:00:00,116.72,40.97019753498678,17.085,58.05519753498678,25.0,3.75,141.72,120.47
2025-11-16 16:00:00,124.5,45.66865410910701,17.085,62.75365410910701,25.0,3.75,149.5,128.25
2025-11-16 17:00:00,129.37,44.42003729112672,17.085,61.50503729112672,25.0,3.75,154.37,133.12
2025-11-16 18:00:00,125.21,43.32299876723209,17.085,60.407998767232094,25.0,3.75,150.20999999999998,128.95999999999998
2025-11-16 19:00:00,115.33,43.5150264444608,17.085,60.6000264444608,25.0,3.75,140.32999999999998,119.08
2025-11-16 20:00:00,102.72,44.570924670964075,17.085,61.655924670964076,25.0,3.75,127.72,106.47
2025-11-16 21:00:00,91.41,37.797829791080964,17.085,54.882829791080965,25.0,3.75,116.41,95.16
2025-11-16 22:00:00,94.39,43.5974208584169,17.085,60.682420858416904,25.0,3.75,119.39,98.14
2025-11-16 23:00:00,86.53,43.24837035070741,17.085,60.33337035070741,25.0,3.75,111.53,90.28
2025-11-17 00:00:00,88.29,46.06556641864525,17.085,63.15056641864525,25.0,3.75,113.29,92.04
2025-11-17 01:00:00,80.56,43.38894663497896,17.085,60.47394663497896,25.0,3.75,105.56,84.31
2025-11-17 02:00:00,74.09,44.56977239965902,17.085,61.654772399659024,25.0,3.75,99.09,77.84
2025-11-17 03:00:00,71.32,48.084553255322604,17.085,65.1695532553226,25.0,3.75,96.32,75.07
2025-11-17 04:00:00,74.1,46.98870303963085,17.085,64.07370303963086,25.0,3.75,99.1,77.85
2025-11-17 05:00:00,83.6,46.8045427998869,17.085,63.889542799886904,25.0,3.75,108.6,87.35
2025-11-17 06:00:00,89.59,44.00025513917829,17.085,61.085255139178294,25.0,3.75,114.59,93.34
2025-11-17 07:00:00,114.87,46.0860645585793,17.085,63.1710645585793,25.0,3.75,139.87,118.62
2025-11-17 08:00:00,126.99,44.53220439909281,17.085,61.61720439909281,25.0,3.75,151.99,130.74
2025-11-17 09:00:00,121.69,44.60781357864612,17.085,61.692813578646124,25.0,3.75,146.69,125.44
2025-11-17 10:00:00,105.22,45.8193706874931,17.085,62.9043706874931,25.0,3.75,130.22,108.97
2025-11-17 11:00:00,84.39,43.806012823158134,17.085,60.891012823158135,25.0,3.75,109.39,88.14
2025-11-17 12:00:00,77.81,47.98600620888641,17.085,65.07100620888642,25.0,3.75,102.81,81.56
2025-11-17 13:00:00,77.79,44.67973972080413,17.085,61.76473972080413,25.0,3.75,102.79,81.54
2025-11-17 14:00:00,87.04,46.23672113251933,17.085,63.32172113251933,25.0,3.75,112.04,90.79
2025-11-17 15:00:00,97.52,47.9112009585146,17.085,64.9962009585146,25.0,3.75,122.52,101.27
2025-11-17 16:00:00,107.32,47.06330754915035,17.085,64.14830754915036,25.0,3.75,132.32,111.07
2025-11-17 17:00:00,117.36,42.18216179461895,17.085,59.26716179461895,25.0,3.75,142.36,121.11
2025-11-17 18:00:00,116.49,45.88979179001977,17.085,62.97479179001977,25.0,3.75,141.49,120.24
2025-11-17 19:00:00,110.7,46.701438788921294,17.085,63.786438788921295,25.0,3.75,135.7,114.45
2025-11-17 20:00:00,102.89,46.7837260443215,17.085,63.8687260443215,25.0,3.75,127.89,106.64
2025-11-17 21:00:00,92.7,42.77341033177074,17.085,59.85841033177074,25.0,3.75,117.7,96.45
2025-11-17 22:00:00,89.71,43.68592952596535,17.085,60.77092952596535,25.0,3.75,114.71,93.46
2025-11-17 23:00:00,81.14,46.98911647148324,17.085,64.07411647148325,25.0,3.75,106.14,84.89
2025-11-18 00:00:00,84.88,43.47647925863471,17.085,60.56147925863471,25.0,3.75,109.88,88.63
2025-11-18 01:00:00,82.83,44.400607886671374,17.085,61.485607886671374,25.0,3.75,107.83,86.58
2025-11-18 02:00:00,79.04,48.15175161900394,17.085,65.23675161900394,25.0,3.75,104.04,82.79
2025-11-18 03:00:00,77.72,44.90440149923042,17.085,61.98940149923042,25.0,3.75,102.72,81.47
2025-11-18 04:00:00,80.51,43.546451724332314,17.085,60.631451724332315,25.0,3.75,105.51,84.26
2025-11-18 05:00:00,83.47,43.24476528627419,17.085,60.32976528627419,25.0,3.75,108.47,87.22
2025-11-18 06:00:00,91.05,45.66543865917038,17.085,62.75043865917038,25.0,3.75,116.05,94.8
2025-11-18 07:00:00,104.74,42.33370398304558,17.085,59.41870398304558,25.0,3.75,129.74,108.49
2025-11-18 08:00:00,119.84,44.50532807220716,17.085,61.590328072207164,25.0,3.75,144.84,123.59
2025-11-18 09:00:00,107.45,45.666461069980045,17.085,62.751461069980046,25.0,3.75,132.45,111.2
2025-11-18 10:00:00,92.13,47.59829964109534,17.085,64.68329964109535,25.0,3.75,117.13,95.88
2025-11-18 11:00:00,88.8,46.335096160739994,17.085,63.420096160739995,25.0,3.75,113.8,92.55
2025-11-18 12:00:00,89.2,43.57186976403564,17.085,60.65686976403564,25.0,3.75,114.2,92.95
2025-11-18 13:00:00,90.6,47.35683863512744,17.085,64.44183863512744,25.0,3.75,115.6,94.35
2025-11-18 14:00:00,96.58,44.40096992490504,17.085,61.48596992490504,25.0,3.75,121.58,100.33
2025-11-18 15:00:00,120.6,42.52859395590118,17.085,59.61359395590118,25.0,3.75,145.6,124.35
2025-11-18 16:00:00,141.91,44.65591728146906,17.085,61.74091728146906,25.0,3.75,166.91,145.66
2025-11-18 17:00:00,151.66,47.8763384022914,17.085,64.9613384022914,25.0,3.75,176.66,155.41
2025-11-18 18:00:00,143.8,45.33048010012985,17.085,62.41548010012985,25.0,3.75,168.8,147.55
2025-11-18 19:00:00,131.15,45.025043728659575,17.085,62.110043728659576,25.0,3.75,156.15,134.9
2025-11-18 20:00:00,107.13,48.2744232894057,17.085,65.3594232894057,25.0,3.75,132.13,110.88
2025-11-18 21:00:00,94.64,42.13729030589114,17.085,59.22229030589114,25.0,3.75,119.64,98.39
2025-11-18 22:00:00,97.48,42.428801771894456,17.085,59.51380177189446,25.0,3.75,122.48,101.23
2025-11-18 23:00:00,89.96,41.768307058066334,17.085,58.853307058066335,25.0,3.75,114.96,93.71
2025-11-19 00:00:00,87.38,45.74529637296011,17.085,62.83029637296011,25.0,3.75,112.38,91.13
2025-11-19 01:00:00,86.23,45.33298625423025,17.085,62.41798625423025,25.0,3.75,111.23,89.98
2025-11-19 02:00:00,84.17,48.08547273455955,17.085,65.17047273455955,25.0,3.75,109.17,87.92
2025-11-19 03:00:00,83.19,45.48695015427354,17.085,62.571950154273544,25.0,3.75,108.19,86.94
2025-11-19 04:00:00,84.39,44.19168568104139,17.085,61.27668568104139,25.0,3.75,109.39,88.14
2025-11-19 05:00:00,87.0,45.003589745756216,17.085,62.08858974575622,25.0,3.75,112.0,90.75
2025-11-19 06:00:00,99.03,45.23541483692192,17.085,62.32041483692192,25.0,3.75,124.03,102.78
2025-11-19 07:00:00,127.03,41.65647745334367,17.085,58.74147745334367,25.0,3.75,152.03,130.78
2025-11-19 08:00:00,136.67,50.420663288669786,17.085,67.50566328866978,25.0,3.75,161.67,140.42
2025-11-19 09:00:00,115.16,46.039742036203826,17.085,63.12474203620383,25.0,3.75,140.16,118.91
2025-11-19 10:00:00,97.52,45.42001661604518,17.085,62.50501661604518,25.0,3.75,122.52,101.27
2025-11-19 11:00:00,91.62,46.23032796855716,17.085,63.31532796855716,25.0,3.75,116.62,95.37
2025-11-19 12:00:00,89.59,46.41882196117321,17.085,63.50382196117321,25.0,3.75,114.59,93.34
2025-11-19 13:00:00,93.6,44.71889302899514,17.085,61.80389302899514,25.0,3.75,118.6,97.35
2025-11-19 14:00:00,104.62,43.7375177275186,17.085,60.8225177275186,25.0,3.75,129.62,108.37
2025-11-19 15:00:00,113.05,46.198901372643405,17.085,63.283901372643406,25.0,3.75,138.05,116.8
2025-11-19 16:00:00,117.81,45.771421681062904,17.085,62.856421681062905,25.0,3.75,142.81,121.56
2025-11-19 17:00:00,127.57,43.380219801821184,17.085,60.465219801821185,25.0,3.75,152.57,131.32
2025-11-19 18:00:00,119.19,47.83807122273453,17.085,64.92307122273454,25.0,3.75,144.19,122.94
2025-11-19 19:00:00,119.05,45.586704072645965,17.085,62.671704072645966,25.0,3.75,144.05,122.8
2025-11-19 20:00:00,105.69,46.45963872453526,17.085,63.54463872453526,25.0,3.75,130.69,109.44
2025-11-19 21:00:00,100.23,47.78384177535984,17.085,64.86884177535984,25.0,3.75,125.23,103.98
2025-11-19 22:00:00,99.17,45.04377764232967,17.085,62.12877764232967,25.0,3.75,124.17,102.92
2025-11-19 23:00:00,91.89,45.633904013968234,17.085,62.718904013968235,25.0,3.75,116.89,95.64
2025-11-20 00:00:00,90.63,46.62005447701223,17.085,63.70505447701223,25.0,3.75,115.63,94.38
2025-11-20 01:00:00,88.09,43.55027783239989,17.085,60.63527783239989,25.0,3.75,113.09,91.84
2025-11-20 02:00:00,87.03,45.108103325692,17.085,62.193103325692,25.0,3.75,112.03,90.78
2025-11-20 03:00:00,86.8,45.2510971733023,17.085,62.3360971733023,25.0,3.75,111.8,90.55
2025-11-20 04:00:00,87.13,43.08788289663321,17.085,60.17288289663321,25.0,3.75,112.13,90.88
2025-11-20 05:00:00,90.5,49.63527357734775,17.085,66.72027357734775,25.0,3.75,115.5,94.25
2025-11-20 06:00:00,103.68,42.185413113015194,17.085,59.270413113015195,25.0,3.75,128.68,107.43
2025-11-20 07:00:00,144.41,42.40379219262569,17.085,59.48879219262569,25.0,3.75,169.41,148.16
2025-11-20 08:00:00,155.72,47.62845315140716,17.085,64.71345315140715,25.0,3.75,180.72,159.47
2025-11-20 09:00:00,153.66,46.42653250159309,17.085,63.51153250159309,25.0,3.75,178.66,157.41
2025-11-20 10:00:00,141.27,42.94807036503845,17.085,60.03307036503845,25.0,3.75,166.27,145.02
2025-11-20 11:00:00,129.3,46.214578030203384,17.085,63.299578030203385,25.0,3.75,154.3,133.05
2025-11-20 12:00:00,125.05,47.93570088999462,17.085,65.02070088999463,25.0,3.75,150.05,128.8
2025-11-20 13:00:00,126.1,44.93947388480603,17.085,62.02447388480603,25.0,3.75,151.1,129.85
2025-11-20 14:00:00,134.2,50.19764580014916,17.085,67.28264580014917,25.0,3.75,159.2,137.95
2025-11-20 15:00:00,149.69,41.55187637826393,17.085,58.63687637826393,25.0,3.75,174.69,153.44
2025-11-20 16:00:00,175.83,46.38764690771821,17.085,63.47264690771821,25.0,3.75,200.83,179.58
2025-11-20 17:00:00,175.47,47.333056672442005,17.085,64.418056672442,25.0,3.75,200.47,179.22
2025-11-20 18:00:00,163.25,46.78268780321049,17.085,63.867687803210494,25.0,3.75,188.25,167.0
2025-11-20 19:00:00,156.02,44.591288546708704,17.085,61.676288546708705,25.0,3.75,181.02,159.77
2025-11-20 20:00:00,137.1,44.4191170359777,17.085,61.5041170359777,25.0,3.75,162.1,140.85
2025-11-20 21:00:00,120.75,45.888290342174514,17.085,62.973290342174515,25.0,3.75,145.75,124.5
2025-11-20 22:00:00,108.24,46.631508973304136,17.085,63.71650897330414,25.0,3.75,133.24,111.99
2025-11-20 23:00:00,93.76,46.204946872564726,17.085,63.28994687256473,25.0,3.75,118.76,97.51
2025-11-21 00:00:00,101.55,47.08011578158678,17.085,64.16511578158678,25.0,3.75,126.55,105.3
2025-11-21 01:00:00,94.14,42.96226008586653,17.085,60.04726008586653,25.0,3.75,119.14,97.89
2025-11-21 02:00:00,90.28,44.54445804175273,17.085,61.629458041752734,25.0,3.75,115.28,94.03
2025-11-21 03:00:00,90.19,43.119968135752494,17.085,60.204968135752495,25.0,3.75,115.19,93.94
2025-11-21 04:00:00,93.63,44.22777444782772,17.085,61.31277444782772,25.0,3.75,118.63,97.38
2025-11-21 05:00:00,101.87,47.03044178362861,17.085,64.11544178362861,25.0,3.75,126.87,105.62
2025-11-21 06:00:00,133.53,45.21596784145046,17.085,62.30096784145046,25.0,3.75,158.53,137.28
2025-11-21 07:00:00,180.42,50.21371832629954,17.085,67.29871832629954,25.0,3.75,205.42,184.17
2025-11-21 08:00:00,205.38,45.38681273437943,17.085,62.471812734379434,25.0,3.75,230.38,209.13
2025-11-21 09:00:00,181.83,45.119383761159476,17.085,62.20438376115948,25.0,3.75,206.83,185.58
2025-11-21 10:00:00,151.02,45.21236583888043,17.085,62.29736583888043,25.0,3.75,176.02,154.77
2025-11-21 11:00:00,137.72,43.72438261428013,17.085,60.80938261428013,25.0,3.75,162.72,141.47
2025-11-21 12:00:00,130.34,44.884326775244816,17.085,61.96932677524482,25.0,3.75,155.34,134.09
2025-11-21 13:00:00,135.58,47.25557605422329,17.085,64.34057605422329,25.0,3.75,160.58,139.33
2025-11-21 14:00:00,153.75,45.22794133625555,17.085,62.31294133625555,25.0,3.75,178.75,157.5
2025-11-21 15:00:00,196.84,43.413080540233054,17.085,60.498080540233055,25.0,3.75,221.84,200.59
2025-11-21 16:00:00,251.87,43.14983075904273,17.085,60.23483075904273,25.0,3.75,276.87,255.62
2025-11-21 17:00:00,250.01,44.09959621666831,17.085,61.18459621666831,25.0,3.75,275.01,253.76
2025-11-21 18:00:00,205.09,45.14772686882176,17.085,62.232726868821764,25.0,3.75,230.09,208.84
2025-11-21 19:00:00,171.37,47.38717307095252,17.085,64.47217307095252,25.0,3.75,196.37,175.12
2025-11-21 20:00:00,141.95,42.319022717267124,17.085,59.404022717267125,25.0,3.75,166.95,145.7
2025-11-21 21:00:00,117.31,44.36034744422249,17.085,61.44534744422249,25.0,3.75,142.31,121.06
2025-11-21 22:00:00,104.9,45.28862003887016,17.085,62.37362003887016,25.0,3.75,129.9,108.65
2025-11-21 23:00:00,95.03,41.33258846474113,17.085,58.41758846474113,25.0,3.75,120.03,98.78
2025-11-22 00:00:00,102.25,43.33280343406719,17.085,60.41780343406719,25.0,3.75,127.25,106.0
2025-11-22 01:00:00,94.6,43.64022292052763,17.085,60.72522292052763,25.0,3.75,119.6,98.35
2025-11-22 02:00:00,88.44,43.408059252299005,17.085,60.493059252299005,25.0,3.75,113.44,92.19
2025-11-22 03:00:00,85.28,45.3837790900433,17.085,62.4687790900433,25.0,3.75,110.28,89.03
2025-11-22 04:00:00,86.1,44.67888078099641,17.085,61.76388078099641,25.0,3.75,111.1,89.85
2025-11-22 05:00:00,85.28,43.889427794797925,17.085,60.974427794797926,25.0,3.75,110.28,89.03
2025-11-22 06:00:00,90.52,45.85592525310527,17.085,62.94092525310527,25.0,3.75,115.52,94.27
2025-11-22 07:00:00,106.75,48.4461494352925,17.085,65.53114943529249,25.0,3.75,131.75,110.5
2025-11-22 08:00:00,104.21,48.278513033483506,17.085,65.36351303348351,25.0,3.75,129.20999999999998,107.96
2025-11-22 09:00:00,89.12,41.15445645587533,17.085,58.23945645587533,25.0,3.75,114.12,92.87
2025-11-22 10:00:00,82.01,46.15414436767028,17.085,63.23914436767028,25.0,3.75,107.01,85.76
2025-11-22 11:00:00,78.58,44.643953419872325,17.085,61.728953419872326,25.0,3.75,103.58,82.33
2025-11-22 12:00:00,76.28,45.31031068573071,17.085,62.39531068573071,25.0,3.75,101.28,80.03
2025-11-22 13:00:00,75.37,44.203433932914905,17.085,61.288433932914906,25.0,3.75,100.37,79.12
2025-11-22 14:00:00,81.65,45.2351772597744,17.085,62.320177259774404,25.0,3.75,106.65,85.4
2025-11-22 15:00:00,88.97,45.30281479214404,17.085,62.38781479214404,25.0,3.75,113.97,92.72
2025-11-22 16:00:00,105.0,43.84209648530215,17.085,60.92709648530215,25.0,3.75,130.0,108.75
2025-11-22 17:00:00,114.46,43.207264904349636,17.085,60.292264904349636,25.0,3.75,139.45999999999998,118.21
2025-11-22 18:00:00,109.25,44.10260863476103,17.085,61.187608634761034,25.0,3.75,134.25,113.0
2025-11-22 19:00:00,98.33,45.46851852891353,17.085,62.55351852891353,25.0,3.75,123.33,102.08
2025-11-22 20:00:00,86.61,46.197992683368525,17.085,63.282992683368526,25.0,3.75,111.61,90.36
2025-11-22 21:00:00,89.25,46.706697954680294,17.085,63.791697954680295,25.0,3.75,114.25,93.0
2025-11-22 22:00:00,89.43,44.01161995386617,17.085,61.096619953866174,25.0,3.75,114.43,93.18
2025-11-22 23:00:00,82.23,45.56768913460547,17.085,62.652689134605474,25.0,3.75,107.23,85.98
2025-11-23 00:00:00,81.53,46.9250051839066,17.085,64.0100051839066,25.0,3.75,106.53,85.28
2025-11-23 01:00:00,74.35,47.331189790288256,17.085,64.41618979028826,25.0,3.75,99.35,78.1
2025-11-23 02:00:00,70.44,44.88233429173695,17.085,61.967334291736954,25.0,3.75,95.44,74.19
2025-11-23 03:00:00,63.23,44.55813655012078,17.085,61.64313655012078,25.0,3.75,88.22999999999999,66.97999999999999
2025-11-23 04:00:00,60.89,45.38224846767278,17.085,62.46724846767278,25.0,3.75,85.89,64.64
2025-11-23 05:00:00,64.21,42.70058505420519,17.085,59.78558505420519,25.0,3.75,89.21,67.96
2025-11-23 06:00:00,62.03,44.612780977928985,17.085,61.697780977928986,25.0,3.75,87.03,65.78
2025-11-23 07:00:00,67.98,46.489172796946264,17.085,63.574172796946264,25.0,3.75,92.98,71.73
2025-11-23 08:00:00,67.83,46.2838942588874,17.085,63.3688942588874,25.0,3.75,92.83,71.58
2025-11-23 09:00:00,65.96,44.459464791272225,17.085,61.544464791272226,25.0,3.75,90.96,69.71
2025-11-23 10:00:00,65.99,45.43543640217433,17.085,62.52043640217433,25.0,3.75,90.99,69.74
2025-11-23 11:00:00,66.69,43.350699319418624,17.085,60.435699319418624,25.0,3.75,91.69,70.44
2025-11-23 12:00:00,67.86,46.40698429645005,17.085,63.49198429645005,25.0,3.75,92.86,71.61
2025-11-23 13:00:00,65.46,44.84435712772705,17.085,61.92935712772705,25.0,3.75,90.46,69.21
2025-11-23 14:00:00,69.43,44.448097096607725,17.085,61.533097096607726,25.0,3.75,94.43,73.18
2025-11-23 15:00:00,77.29,44.27655232781323,17.085,61.36155232781323,25.0,3.75,102.29,81.04
2025-11-23 16:00:00,77.89,44.87421226620028,17.085,61.95921226620028,25.0,3.75,102.89,81.64
2025-11-23 17:00:00,80.84,44.10424471013608,17.085,61.18924471013608,25.0,3.75,105.84,84.59
2025-11-23 18:00:00,82.54,46.31628607200513,17.085,63.40128607200513,25.0,3.75,107.54,86.29
2025-11-23 19:00:00,83.8,44.20943290396764,17.085,61.29443290396764,25.0,3.75,108.8,87.55
2025-11-23 20:00:00,77.41,48.18592819205476,17.085,65.27092819205475,25.0,3.75,102.41,81.16
2025-11-23 21:00:00,74.16,47.93042100696276,17.085,65.01542100696275,25.0,3.75,99.16,77.91
2025-11-23 22:00:00,75.17,43.21691302029099,17.085,60.30191302029099,25.0,3.75,100.17,78.92
2025-11-23 23:00:00,71.26,45.13940853885856,17.085,62.22440853885856,25.0,3.75,96.26,75.01
2025-11-24 00:00:00,72.46,43.69868675732761,17.085,60.78368675732761,25.0,3.75,97.46,76.21
2025-11-24 01:00:00,70.06,44.34670487362278,17.085,61.43170487362278,25.0,3.75,95.06,73.81
2025-11-24 02:00:00,72.26,49.00485493528959,17.085,66.0898549352896,25.0,3.75,97.26,76.01
2025-11-24 03:00:00,73.28,44.3848571657684,17.085,61.4698571657684,25.0,3.75,98.28,77.03
2025-11-24 04:00:00,73.76,45.720452074154856,17.085,62.80545207415486,25.0,3.75,98.76,77.51
2025-11-24 05:00:00,80.07,46.082642588016554,17.085,63.167642588016555,25.0,3.75,105.07,83.82
2025-11-24 06:00:00,90.31,42.99874125503352,17.085,60.08374125503352,25.0,3.75,115.31,94.06
2025-11-24 07:00:00,104.39,43.28980905118159,17.085,60.37480905118159,25.0,3.75,129.39,108.14
2025-11-24 08:00:00,107.79,42.587955257183765,17.085,59.672955257183766,25.0,3.75,132.79000000000002,111.54
2025-11-24 09:00:00,110.26,43.22805853220444,17.085,60.313058532204444,25.0,3.75,135.26,114.01
2025-11-24 10:00:00,117.45,39.29993978136564,17.085,56.38493978136564,25.0,3.75,142.45,121.2
2025-11-24 11:00:00,128.04,46.08916480158726,17.085,63.17416480158726,25.0,3.75,153.04,131.79
2025-11-24 12:00:00,134.24,49.10838768251214,17.085,66.19338768251214,25.0,3.75,159.24,137.99
2025-11-24 13:00:00,149.99,45.29564147807305,17.085,62.38064147807305,25.0,3.75,174.99,153.74
2025-11-24 14:00:00,173.54,42.167462281318784,17.085,59.252462281318785,25.0,3.75,198.54,177.29
2025-11-24 15:00:00,195.81,43.7144472342001,17.085,60.7994472342001,25.0,3.75,220.81,199.56
2025-11-24 16:00:00,225.78,44.08224630995001,17.085,61.16724630995001,25.0,3.75,250.78,229.53
2025-11-24 17:00:00,263.48,42.96483044557325,17.085,60.04983044557325,25.0,3.75,288.48,267.23
2025-11-24 18:00:00,230.59,46.72036527679031,17.085,63.80536527679031,25.0,3.75,255.59,234.34
2025-11-24 19:00:00,188.3,46.620520088750666,17.085,63.70552008875067,25.0,3.75,213.3,192.05
2025-11-24 20:00:00,151.19,42.68909641236468,17.085,59.77409641236468,25.0,3.75,176.19,154.94
2025-11-24 21:00:00,135.24,46.45016208889501,17.085,63.535162088895014,25.0,3.75,160.24,138.99
2025-11-24 22:00:00,123.04,48.05362532715453,17.085,65.13862532715453,25.0,3.75,148.04000000000002,126.79
2025-11-24 23:00:00,105.41,48.80511641045912,17.085,65.89011641045911,25.0,3.75,130.41,109.16
2025-11-25 00:00:00,100.9,50.730424046171926,17.085,67.81542404617193,25.0,3.75,125.9,104.65
2025-11-25 01:00:00,99.15,43.196014701113604,17.085,60.281014701113605,25.0,3.75,124.15,102.9
2025-11-25 02:00:00,97.59,50.64844085279041,17.085,67.73344085279041,25.0,3.75,122.59,101.34
2025-11-25 03:00:00,96.1,44.29158722298242,17.085,61.37658722298242,25.0,3.75,121.1,99.85
2025-11-25 04:00:00,99.51,43.815069089238975,17.085,60.900069089238976,25.0,3.75,124.51,103.26
2025-11-25 05:00:00,106.73,45.65414474975569,17.085,62.73914474975569,25.0,3.75,131.73000000000002,110.48
2025-11-25 06:00:00,122.41,43.835877331813975,17.085,60.920877331813976,25.0,3.75,147.41,126.16
2025-11-25 07:00:00,291.02,45.798088281293055,17.085,62.883088281293055,25.0,3.75,316.02,294.77
2025-11-25 08:00:00,333.28,42.3598456245254,17.085,59.4448456245254,25.0,3.75,358.28,337.03
2025-11-25 09:00:00,292.65,44.52249479587313,17.085,61.60749479587313,25.0,3.75,317.65,296.4
2025-11-25 10:00:00,273.09,47.57116446872336,17.085,64.65616446872336,25.0,3.75,298.09,276.84
2025-11-25 11:00:00,326.63,44.885877417137685,17.085,61.970877417137686,25.0,3.75,351.63,330.38
2025-11-25 12:00:00,351.0,45.28319157347977,17.085,62.36819157347977,25.0,3.75,376.0,354.75
2025-11-25 13:00:00,317.65,45.95051720943462,17.085,63.03551720943462,25.0,3.75,342.65,321.4
2025-11-25 14:00:00,300.0,47.34132325863532,17.085,64.42632325863532,25.0,3.75,325.0,303.75
2025-11-25 15:00:00,310.0,41.68955057562113,17.085,58.774550575621134,25.0,3.75,335.0,313.75
2025-11-25 16:00:00,325.08,46.16904810367487,17.085,63.25404810367487,25.0,3.75,350.08,328.83
2025-11-25 17:00:00,373.31,44.46372172151647,17.085,61.54872172151647,25.0,3.75,398.31,377.06
2025-11-25 18:00:00,297.91,45.333275790623674,17.085,62.418275790623674,25.0,3.75,322.91,301.66
2025-11-25 19:00:00,249.37,47.119900339524754,17.085,64.20490033952476,25.0,3.75,274.37,253.12
2025-11-25 20:00:00,172.83,42.61162669717631,17.085,59.69662669717631,25.0,3.75,197.83,176.58
2025-11-25 21:00:00,135.02,42.97471111711382,17.085,60.05971111711382,25.0,3.75,160.02,138.77
2025-11-25 22:00:00,119.16,41.129140080572384,17.085,58.214140080572385,25.0,3.75,144.16,122.91
2025-11-25 23:00:00,102.04,43.90168211647245,17.085,60.98668211647245,25.0,3.75,127.04,105.79
2025-11-26 00:00:00,92.85,47.660864688757634,17.085,64.74586468875764,25.0,3.75,117.85,96.6
2025-11-26 01:00:00,89.95,44.75882562305306,17.085,61.843825623053064,25.0,3.75,114.95,93.7
2025-11-26 02:00:00,88.33,42.31975020869043,17.085,59.40475020869043,25.0,3.75,113.33,92.08
2025-11-26 03:00:00,89.44,44.028642510849906,17.085,61.11364251084991,25.0,3.75,114.44,93.19
2025-11-26 04:00:00,89.8,42.024276593018755,17.085,59.109276593018755,25.0,3.75,114.8,93.55
2025-11-26 05:00:00,97.25,42.74962779653767,17.085,59.834627796537674,25.0,3.75,122.25,101.0
2025-11-26 06:00:00,129.82,45.777637820527424,17.085,62.862637820527425,25.0,3.75,154.82,133.57
2025-11-26 07:00:00,191.17,42.65225334738794,17.085,59.73725334738794,25.0,3.75,216.17,194.92
2025-11-26 08:00:00,237.22,47.2252686104066,17.085,64.31026861040661,25.0,3.75,262.22,240.97
2025-11-26 09:00:00,211.85,44.85775941833933,17.085,61.94275941833933,25.0,3.75,236.85,215.6
2025-11-26 10:00:00,197.14,45.17118940788905,17.085,62.25618940788905,25.0,3.75,222.14,200.89
2025-11-26 11:00:00,170.5,44.44325406478421,17.085,61.528254064784214,25.0,3.75,195.5,174.25
2025-11-26 12:00:00,164.68,46.545695677087444,17.085,63.630695677087445,25.0,3.75,189.68,168.43
2025-11-26 13:00:00,168.24,46.56631977555402,17.085,63.65131977555402,25.0,3.75,193.24,171.99
2025-11-26 14:00:00,184.49,45.67010870382434,17.085,62.75510870382434,25.0,3.75,209.49,188.24
2025-11-26 15:00:00,223.72,46.12957821181529,17.085,63.214578211815294,25.0,3.75,248.72,227.47
2025-11-26 16:00:00,294.38,44.575820660159145,17.085,61.660820660159146,25.0,3.75,319.38,298.13
2025-11-26 17:00:00,294.61,46.084406013818096,17.085,63.1694060138181,25.0,3.75,319.61,298.36
2025-11-26 18:00:00,228.93,44.32424444905239,17.085,61.40924444905239,25.0,3.75,253.93,232.68
2025-11-26 19:00:00,183.67,45.0044632443248,17.085,62.089463244324804,25.0,3.75,208.67,187.42
2025-11-26 20:00:00,141.26,44.450712501267404,17.085,61.535712501267405,25.0,3.75,166.26,145.01
2025-11-26 21:00:00,114.95,44.08556292136161,17.085,61.17056292136161,25.0,3.75,139.95,118.7
2025-11-26 22:00:00,101.99,43.62177640455642,17.085,60.70677640455642,25.0,3.75,126.99,105.74
2025-11-26 23:00:00,90.19,45.93538020771777,17.085,63.02038020771777,25.0,3.75,115.19,93.94
2025-11-27 00:00:00,89.95,47.62121182562693,17.085,64.70621182562692,25.0,3.75,114.95,93.7
2025-11-27 01:00:00,84.27,47.34220394333912,17.085,64.42720394333912,25.0,3.75,109.27,88.02
2025-11-27 02:00:00,79.95,42.48686932810913,17.085,59.57186932810913,25.0,3.75,104.95,83.7
2025-11-27 03:00:00,77.34,47.578406102813744,17.085,64.66340610281375,25.0,3.75,102.34,81.09
2025-11-27 04:00:00,79.95,44.36368299676414,17.085,61.44868299676414,25.0,3.75,104.95,83.7
2025-11-27 05:00:00,82.08,46.201466030291186,17.085,63.28646603029119,25.0,3.75,107.08,85.83
2025-11-27 06:00:00,112.22,43.18756933590558,17.085,60.27256933590558,25.0,3.75,137.22,115.97
2025-11-27 07:00:00,122.0,45.28395982774801,17.085,62.368959827748014,25.0,3.75,147.0,125.75
2025-11-27 08:00:00,123.1,45.627446365793816,17.085,62.71244636579382,25.0,3.75,148.1,126.85
2025-11-27 09:00:00,106.95,42.03079041616069,17.085,59.11579041616069,25.0,3.75,131.95,110.7
2025-11-27 10:00:00,90.95,46.216534332688376,17.085,63.30153433268838,25.0,3.75,115.95,94.7
2025-11-27 11:00:00,88.66,47.69187001567663,17.085,64.77687001567662,25.0,3.75,113.66,92.41
2025-11-27 12:00:00,87.06,44.650704108636745,17.085,61.735704108636746,25.0,3.75,112.06,90.81
2025-11-27 13:00:00,85.76,47.72033626165602,17.085,64.80533626165602,25.0,3.75,110.76,89.51
2025-11-27 14:00:00,89.25,44.62061301309519,17.085,61.70561301309519,25.0,3.75,114.25,93.0
2025-11-27 15:00:00,90.6,46.69916906209323,17.085,63.784169062093234,25.0,3.75,115.6,94.35
2025-11-27 16:00:00,90.43,40.5628600680978,17.085,57.6478600680978,25.0,3.75,115.43,94.18
2025-11-27 17:00:00,97.51,49.837555558626924,17.085,66.92255555862693,25.0,3.75,122.51,101.26
2025-11-27 18:00:00,101.39,47.990916490485915,17.085,65.07591649048592,25.0,3.75,126.39,105.14
2025-11-27 19:00:00,88.27,44.43074899149264,17.085,61.51574899149264,25.0,3.75,113.27,92.02
2025-11-27 20:00:00,85.4,41.05582194671236,17.085,58.140821946712364,25.0,3.75,110.4,89.15
2025-11-27 21:00:00,80.63,45.57605673661098,17.085,62.66105673661098,25.0,3.75,105.63,84.38
2025-11-27 22:00:00,85.1,42.112148905852486,17.085,59.19714890585249,25.0,3.75,110.1,88.85
2025-11-27 23:00:00,69.46,45.88970707511498,17.085,62.97470707511498,25.0,3.75,94.46,73.21
2025-11-28 00:00:00,60.84,45.823131438328566,17.085,62.90813143832857,25.0,3.75,85.84,64.59
2025-11-28 01:00:00,55.0,43.11719366199595,17.085,60.20219366199595,25.0,3.75,80.0,58.75
2025-11-28 02:00:00,52.93,47.24193404722875,17.085,64.32693404722875,25.0,3.75,77.93,56.68
2025-11-28 03:00:00,47.88,46.611149405612345,17.085,63.696149405612346,25.0,3.75,72.88,51.63
2025-11-28 04:00:00,58.38,46.95164667457713,17.085,64.03664667457713,25.0,3.75,83.38,62.13
2025-11-28 05:00:00,61.04,45.01771540733779,17.085,62.10271540733779,25.0,3.75,86.03999999999999,64.78999999999999
2025-11-28 06:00:00,82.86,42.168951866172584,17.085,59.253951866172585,25.0,3.75,107.86,86.61
2025-11-28 07:00:00,87.82,46.955744544422274,17.085,64.04074454442227,25.0,3.75,112.82,91.57
2025-11-28 08:00:00,100.48,44.45925720172842,17.085,61.54425720172842,25.0,3.75,125.48,104.23
2025-11-28 09:00:00,103.4,42.22043971361466,17.085,59.30543971361466,25.0,3.75,128.4,107.15
2025-11-28 10:00:00,97.85,47.704078731948655,17.085,64.78907873194865,25.0,3.75,122.85,101.6
2025-11-28 11:00:00,102.82,49.19881504100502,17.085,66.28381504100503,25.0,3.75,127.82,106.57
2025-11-28 12:00:00,98.71,44.917503742041596,17.085,62.0025037420416,25.0,3.75,123.71,102.46
2025-11-28 13:00:00,99.45,49.31824230920658,17.085,66.40324230920658,25.0,3.75,124.45,103.2
2025-11-28 14:00:00,98.79,45.1826294572227,17.085,62.267629457222704,25.0,3.75,123.79,102.54
2025-11-28 15:00:00,104.67,44.2390881916673,17.085,61.3240881916673,25.0,3.75,129.67000000000002,108.42
2025-11-28 16:00:00,103.4,43.73908309162905,17.085,60.82408309162905,25.0,3.75,128.4,107.15
2025-11-28 17:00:00,96.16,48.274164815985486,17.085,65.35916481598548,25.0,3.75,121.16,99.91
2025-11-28 18:00:00,98.13,43.439712237224455,17.085,60.524712237224456,25.0,3.75,123.13,101.88
2025-11-28 19:00:00,93.32,46.47053861994998,17.085,63.55553861994998,25.0,3.75,118.32,97.07
2025-11-28 20:00:00,88.46,43.88167232988158,17.085,60.96667232988158,25.0,3.75,113.46,92.21
2025-11-28 21:00:00,85.41,44.079386474851276,17.085,61.16438647485128,25.0,3.75,110.41,89.16
2025-11-28 22:00:00,85.54,47.06049938793913,17.085,64.14549938793914,25.0,3.75,110.54,89.29
2025-11-28 23:00:00,77.83,44.23992630742129,17.085,61.32492630742129,25.0,3.75,102.83,81.58
2025-11-29 00:00:00,81.73,44.190409241159415,17.085,61.275409241159416,25.0,3.75,106.73,85.48
2025-11-29 01:00:00,80.9,47.26560939434962,17.085,64.35060939434962,25.0,3.75,105.9,84.65
2025-11-29 02:00:00,81.34,48.194794586443244,17.085,65.27979458644324,25.0,3.75,106.34,85.09
2025-11-29 03:00:00,82.56,46.28937960656847,17.085,63.37437960656847,25.0,3.75,107.56,86.31
2025-11-29 04:00:00,85.7,43.6904604487521,17.085,60.7754604487521,25.0,3.75,110.7,89.45
2025-11-29 05:00:00,90.0,43.97878300140484,17.085,61.06378300140484,25.0,3.75,115.0,93.75
2025-11-29 06:00:00,90.89,45.159830527480075,17.085,62.244830527480076,25.0,3.75,115.89,94.64
2025-11-29 07:00:00,96.18,45.641860123851316,17.085,62.72686012385132,25.0,3.75,121.18,99.93
2025-11-29 08:00:00,89.15,43.02426817972046,17.085,60.10926817972046,25.0,3.75,114.15,92.9
2025-11-29 09:00:00,101.58,46.44607587915973,17.085,63.53107587915973,25.0,3.75,126.58,105.33
2025-11-29 10:00:00,101.44,45.1710266592792,17.085,62.2560266592792,25.0,3.75,126.44,105.19
2025-11-29 11:00:00,95.26,41.56858336272374,17.085,58.653583362723744,25.0,3.75,120.26,99.01
2025-11-29 12:00:00,86.1,43.14214703507854,17.085,60.22714703507854,25.0,3.75,111.1,89.85
2025-11-29 13:00:00,87.96,43.99174265269667,17.085,61.07674265269667,25.0,3.75,112.96,91.71
2025-11-29 14:00:00,91.73,44.85428462231789,17.085,61.93928462231789,25.0,3.75,116.73,95.48
2025-11-29 15:00:00,102.72,48.778557591007996,17.085,65.863557591008,25.0,3.75,127.72,106.47
2025-11-29 16:00:00,102.65,45.476342612279254,17.085,62.561342612279255,25.0,3.75,127.65,106.4
2025-11-29 17:00:00,107.09,43.31845622020275,17.085,60.40345622020275,25.0,3.75,132.09,110.84
2025-11-29 18:00:00,98.13,45.441261608614326,17.085,62.52626160861433,25.0,3.75,123.13,101.88
2025-11-29 19:00:00,88.43,44.29582450509224,17.085,61.38082450509224,25.0,3.75,113.43,92.18
2025-11-29 20:00:00,81.11,45.64951647906708,17.085,62.73451647906708,25.0,3.75,106.11,84.86
2025-11-29 21:00:00,80.8,46.16113537407123,17.085,63.24613537407123,25.0,3.75,105.8,84.55
2025-11-29 22:00:00,83.49,47.41846129444787,17.085,64.50346129444787,25.0,3.75,108.49,87.24
2025-11-29 23:00:00,77.73,44.95142700865995,17.085,62.03642700865995,25.0,3.75,102.73,81.48
2025-11-30 00:00:00,75.97,48.27792105519967,17.085,65.36292105519968,25.0,3.75,100.97,79.72
2025-11-30 01:00:00,69.78,46.81604532507238,17.085,63.90104532507238,25.0,3.75,94.78,73.53
2025-11-30 02:00:00,67.44,43.58512091037562,17.085,60.67012091037562,25.0,3.75,92.44,71.19
2025-11-30 03:00:00,65.36,49.41971133149693,17.085,66.50471133149694,25.0,3.75,90.36,69.11
2025-11-30 04:00:00,67.0,45.653989026540195,17.085,62.738989026540196,25.0,3.75,92.0,70.75
2025-11-30 05:00:00,74.29,43.32975099205553,17.085,60.41475099205553,25.0,3.75,99.29,78.04
2025-11-30 06:00:00,75.58,48.30582610246084,17.085,65.39082610246084,25.0,3.75,100.58,79.33
2025-11-30 07:00:00,75.98,49.15555517039689,17.085,66.24055517039689,25.0,3.75,100.98,79.73
2025-11-30 08:00:00,79.84,44.933949472560876,17.085,62.01894947256088,25.0,3.75,104.84,83.59
2025-11-30 09:00:00,80.65,43.992699479248806,17.085,61.07769947924881,25.0,3.75,105.65,84.4
2025-11-30 10:00:00,84.42,44.655250085092675,17.085,61.740250085092676,25.0,3.75,109.42,88.17
2025-11-30 11:00:00,81.54,46.429463455035396,17.085,63.5144634550354,25.0,3.75,106.54,85.29
2025-11-30 12:00:00,80.7,47.55571331006103,17.085,64.64071331006103,25.0,3.75,105.7,84.45
2025-11-30 13:00:00,82.52,46.14097466172715,17.085,63.22597466172715,25.0,3.75,107.52,86.27
2025-11-30 14:00:00,87.55,45.20344641694354,17.085,62.28844641694354,25.0,3.75,112.55,91.3
2025-11-30 15:00:00,93.58,47.99602354060885,17.085,65.08102354060885,25.0,3.75,118.58,97.33
2025-11-30 16:00:00,92.81,44.374327053896955,17.085,61.459327053896956,25.0,3.75,117.81,96.56
2025-11-30 17:00:00,104.05,47.061838676733814,17.085,64.14683867673381,25.0,3.75,129.05,107.8
2025-11-30 18:00:00,106.21,44.42387440329744,17.085,61.50887440329744,25.0,3.75,131.20999999999998,109.96
2025-11-30 19:00:00,104.13,45.862045916021785,17.085,62.947045916021786,25.0,3.75,129.13,107.88
2025-11-30 20:00:00,97.52,44.772874870419095,17.085,61.857874870419096,25.0,3.75,122.52,101.27
2025-11-30 21:00:00,92.93,44.88829563469438,17.085,61.97329563469438,25.0,3.75,117.93,96.68
2025-11-30 22:00:00,92.6,44.24522696507558,17.085,61.33022696507558,25.0,3.75,117.6,96.35
2025-11-30 23:00:00,87.13,47.68970806236139,17.085,64.77470806236138,25.0,3.75,112.13,90.88
2025-12-01 00:00:00,88.0,45.730300346489564,17.085,62.815300346489565,25.0,3.75,113.0,91.75
2025-12-01 01:00:00,86.02,45.715687917609216,17.085,62.80068791760922,25.0,3.75,111.02,89.77
2025-12-01 02:00:00,81.34,51.43813955439685,17.085,68.52313955439685,25.0,3.75,106.34,85.09
2025-12-01 03:00:00,85.14,49.1518475520153,17.085,66.23684755201529,25.0,3.75,110.14,88.89
2025-12-01 04:00:00,80.26,42.42592502532056,17.085,59.51092502532056,25.0,3.75,105.26,84.01
2025-12-01 05:00:00,88.75,46.065634944285826,17.085,63.15063494428583,25.0,3.75,113.75,92.5
2025-12-01 06:00:00,88.63,43.572173747582525,17.085,60.657173747582526,25.0,3.75,113.63,92.38
2025-12-01 07:00:00,127.86,45.294771035876124,17.085,62.379771035876125,25.0,3.75,152.86,131.61
2025-12-01 08:00:00,139.33,40.91912309023855,17.085,58.00412309023855,25.0,3.75,164.33,143.08
2025-12-01 09:00:00,105.1,46.92217326731875,17.085,64.00717326731875,25.0,3.75,130.1,108.85
2025-12-01 10:00:00,93.73,44.91226878438401,17.085,61.99726878438401,25.0,3.75,118.73,97.48
2025-12-01 11:00:00,85.96,47.315962936299506,17.085,64.4009629362995,25.0,3.75,110.96,89.71
2025-12-01 12:00:00,85.02,43.94590990494158,17.085,61.03090990494158,25.0,3.75,110.02,88.77
2025-12-01 13:00:00,90.07,47.36197612905071,17.085,64.44697612905071,25.0,3.75,115.07,93.82
2025-12-01 14:00:00,107.22,46.36631986646598,17.085,63.45131986646598,25.0,3.75,132.22,110.97
2025-12-01 15:00:00,120.32,50.200058353083826,17.085,67.28505835308383,25.0,3.75,145.32,124.07
2025-12-01 16:00:00,112.97,50.01886614619788,17.085,67.10386614619787,25.0,3.75,137.97,116.72
2025-12-01 17:00:00,94.41,48.7668436287272,17.085,65.85184362872721,25.0,3.75,119.41,98.16
2025-12-01 18:00:00,88.99,46.54292486138421,17.085,63.62792486138421,25.0,3.75,113.99,92.74
2025-12-01 19:00:00,86.77,51.16691321322722,17.085,68.25191321322723,25.0,3.75,111.77,90.52
2025-12-01 20:00:00,82.3,44.09008186702699,17.085,61.17508186702699,25.0,3.75,107.3,86.05
2025-12-01 21:00:00,75.95,44.38903516357931,17.085,61.47403516357931,25.0,3.75,100.95,79.7
2025-12-01 22:00:00,76.43,47.0285862229285,17.085,64.1135862229285,25.0,3.75,101.43,80.18
2025-12-01 23:00:00,71.8,51.70422864054887,17.085,68.78922864054887,25.0,3.75,96.8,75.55
2025-12-02 00:00:00,65.78,46.79147460896646,17.085,63.87647460896646,25.0,3.75,90.78,69.53
2025-12-02 01:00:00,58.82,46.82966193628807,17.085,63.91466193628807,25.0,3.75,83.82,62.57
2025-12-02 02:00:00,54.93,44.312331710483015,17.085,61.397331710483016,25.0,3.75,79.93,58.68
2025-12-02 03:00:00,53.73,49.08801159324739,17.085,66.1730115932474,25.0,3.75,78.72999999999999,57.48
2025-12-02 04:00:00,50.47,49.10250493136534,17.085,66.18750493136534,25.0,3.75,75.47,54.22
2025-12-02 05:00:00,64.59,48.77430282550645,17.085,65.85930282550646,25.0,3.75,89.59,68.34
2025-12-02 06:00:00,78.51,45.937711077011905,17.085,63.022711077011905,25.0,3.75,103.51,82.26
2025-12-02 07:00:00,87.79,45.78273888596062,17.085,62.86773888596062,25.0,3.75,112.79,91.54
2025-12-02 08:00:00,87.65,44.60990792189669,17.085,61.69490792189669,25.0,3.75,112.65,91.4
2025-12-02 09:00:00,88.28,47.3638974262285,17.085,64.4488974262285,25.0,3.75,113.28,92.03
2025-12-02 10:00:00,85.83,45.03533776414963,17.085,62.12033776414963,25.0,3.75,110.83,89.58
2025-12-02 11:00:00,86.72,44.84131941220805,17.085,61.92631941220805,25.0,3.75,111.72,90.47
2025-12-02 12:00:00,87.45,46.34877098888528,17.085,63.43377098888528,25.0,3.75,112.45,91.2
2025-12-02 13:00:00,97.04,46.2178400723382,17.085,63.3028400723382,25.0,3.75,122.04,100.79
2025-12-02 14:00:00,105.01,46.12019536506272,17.085,63.20519536506272,25.0,3.75,130.01,108.76
2025-12-02 15:00:00,140.37,48.129041616387155,17.085,65.21404161638716,25.0,3.75,165.37,144.12
2025-12-02 16:00:00,136.34,47.35424802700719,17.085,64.43924802700718,25.0,3.75,161.34,140.09
2025-12-02 17:00:00,151.64,46.619840361684396,17.085,63.7048403616844,25.0,3.75,176.64,155.39
2025-12-02 18:00:00,162.14,47.56217827932959,17.085,64.6471782793296,25.0,3.75,187.14,165.89
2025-12-02 19:00:00,163.2,45.21309834049737,17.085,62.29809834049737,25.0,3.75,188.2,166.95
2025-12-02 20:00:00,154.89,47.40670967052599,17.085,64.49170967052599,25.0,3.75,179.89,158.64
2025-12-02 21:00:00,129.35,47.4973574083959,17.085,64.5823574083959,25.0,3.75,154.35,133.1
2025-12-02 22:00:00,119.22,44.19005870399167,17.085,61.27505870399167,25.0,3.75,144.22,122.97
2025-12-02 23:00:00,99.14,49.187539931447354,17.085,66.27253993144735,25.0,3.75,124.14,102.89
2025-12-03 00:00:00,90.84,45.43328501225264,17.085,62.51828501225264,25.0,3.75,115.84,94.59
2025-12-03 01:00:00,89.07,47.3767720211195,17.085,64.4617720211195,25.0,3.75,114.07,92.82
2025-12-03 02:00:00,90.26,49.524975903777175,17.085,66.60997590377718,25.0,3.75,115.26,94.01
2025-12-03 03:00:00,89.88,49.04750593813437,17.085,66.13250593813437,25.0,3.75,114.88,93.63
2025-12-03 04:00:00,90.02,47.264819199844304,17.085,64.3498191998443,25.0,3.75,115.02,93.77
2025-12-03 05:00:00,98.98,46.4711544169425,17.085,63.5561544169425,25.0,3.75,123.98,102.73
2025-12-03 06:00:00,150.95,49.09117623985777,17.085,66.17617623985777,25.0,3.75,175.95,154.7
2025-12-03 07:00:00,200.0,48.54554237832387,17.085,65.63054237832387,25.0,3.75,225.0,203.75
2025-12-03 08:00:00,250.0,45.95942238261837,17.085,63.04442238261837,25.0,3.75,275.0,253.75
2025-12-03 09:00:00,219.89,45.60636512870325,17.085,62.691365128703254,25.0,3.75,244.89,223.64
2025-12-03 10:00:00,187.18,43.05144205931464,17.085,60.13644205931464,25.0,3.75,212.18,190.93
2025-12-03 11:00:00,173.37,47.504216106073805,17.085,64.5892161060738,25.0,3.75,198.37,177.12
2025-12-03 12:00:00,167.73,47.03075693266983,17.085,64.11575693266983,25.0,3.75,192.73,171.48
2025-12-03 13:00:00,181.41,49.46853517199172,17.085,66.55353517199171,25.0,3.75,206.41,185.16
2025-12-03 14:00:00,199.94,47.91426260966737,17.085,64.99926260966737,25.0,3.75,224.94,203.69
2025-12-03 15:00:00,242.56,49.86461081105201,17.085,66.94961081105201,25.0,3.75,267.56,246.31
2025-12-03 16:00:00,308.35,45.80142396687429,17.085,62.88642396687429,25.0,3.75,333.35,312.1
2025-12-03 17:00:00,259.6,49.47245308464187,17.085,66.55745308464188,25.0,3.75,284.6,263.35
2025-12-03 18:00:00,204.12,46.138319664497324,17.085,63.223319664497325,25.0,3.75,229.12,207.87
2025-12-03 19:00:00,172.63,48.75134454629118,17.085,65.83634454629117,25.0,3.75,197.63,176.38
2025-12-03 20:00:00,146.24,44.278635637645245,17.085,61.363635637645245,25.0,3.75,171.24,149.99
2025-12-03 21:00:00,124.82,47.66642302143901,17.085,64.75142302143901,25.0,3.75,149.82,128.57
2025-12-03 22:00:00,113.41,43.226776539814814,17.085,60.311776539814815,25.0,3.75,138.41,117.16
2025-12-03 23:00:00,104.14,46.66187745082312,17.085,63.74687745082312,25.0,3.75,129.14,107.89
2025-12-04 00:00:00,97.38,48.07686041046246,17.085,65.16186041046245,25.0,3.75,122.38,101.13
2025-12-04 01:00:00,93.88,46.15421532024444,17.085,63.23921532024444,25.0,3.75,118.88,97.63
2025-12-04 02:00:00,90.83,45.095277165194695,17.085,62.180277165194695,25.0,3.75,115.83,94.58
2025-12-04 03:00:00,90.36,48.8883893612985,17.085,65.9733893612985,25.0,3.75,115.36,94.11
2025-12-04 04:00:00,92.33,46.98922684301279,17.085,64.07422684301278,25.0,3.75,117.33,96.08
2025-12-04 05:00:00,96.76,46.21701112864529,17.085,63.30201112864529,25.0,3.75,121.76,100.51
2025-12-04 06:00:00,124.87,47.27994426501518,17.085,64.36494426501518,25.0,3.75,149.87,128.62
2025-12-04 07:00:00,128.41,52.46949070659781,17.085,69.55449070659782,25.0,3.75,153.41,132.16
2025-12-04 08:00:00,144.7,49.50315812226972,17.085,66.58815812226972,25.0,3.75,169.7,148.45
2025-12-04 09:00:00,163.98,49.52129975908231,17.085,66.6062997590823,25.0,3.75,188.98,167.73
2025-12-04 10:00:00,138.41,48.06724506069136,17.085,65.15224506069137,25.0,3.75,163.41,142.16
2025-12-04 11:00:00,148.09,47.52912296786093,17.085,64.61412296786094,25.0,3.75,173.09,151.84
2025-12-04 12:00:00,141.96,42.4039878460458,17.085,59.4889878460458,25.0,3.75,166.96,145.71
2025-12-04 13:00:00,145.18,45.83819172978037,17.085,62.92319172978037,25.0,3.75,170.18,148.93
2025-12-04 14:00:00,152.07,46.23500359630168,17.085,63.32000359630168,25.0,3.75,177.07,155.82
2025-12-04 15:00:00,150.99,43.44636829461157,17.085,60.53136829461157,25.0,3.75,175.99,154.74
2025-12-04 16:00:00,145.2,44.88132084227576,17.085,61.96632084227576,25.0,3.75,170.2,148.95
2025-12-04 17:00:00,144.7,43.23447948086137,17.085,60.31947948086137,25.0,3.75,169.7,148.45
2025-12-04 18:00:00,142.33,47.11950475131189,17.085,64.20450475131189,25.0,3.75,167.33,146.08
2025-12-04 19:00:00,134.99,48.83368436440426,17.085,65.91868436440427,25.0,3.75,159.99,138.74
2025-12-04 20:00:00,118.6,49.409701459955286,17.085,66.49470145995528,25.0,3.75,143.6,122.35
2025-12-04 21:00:00,103.35,48.02572134686511,17.085,65.11072134686512,25.0,3.75,128.35,107.1
2025-12-04 22:00:00,109.04,45.2693597403095,17.085,62.3543597403095,25.0,3.75,134.04000000000002,112.79
2025-12-04 23:00:00,98.26,43.33202210566671,17.085,60.41702210566671,25.0,3.75,123.26,102.01
2025-12-05 00:00:00,95.74,43.68241502390363,17.085,60.76741502390363,25.0,3.75,120.74,99.49
2025-12-05 01:00:00,93.86,44.658187268197636,17.085,61.74318726819764,25.0,3.75,118.86,97.61
2025-12-05 02:00:00,90.92,45.418433026635284,17.085,62.503433026635285,25.0,3.75,115.92,94.67
2025-12-05 03:00:00,90.57,46.87665542672346,17.085,63.96165542672346,25.0,3.75,115.57,94.32
2025-12-05 04:00:00,94.03,45.167823986452696,17.085,62.2528239864527,25.0,3.75,119.03,97.78
2025-12-05 05:00:00,100.87,47.87410421004316,17.085,64.95910421004317,25.0,3.75,125.87,104.62
2025-12-05 06:00:00,123.99,46.73160541710769,17.085,63.81660541710769,25.0,3.75,148.99,127.74
2025-12-05 07:00:00,162.42,47.21724384618868,17.085,64.30224384618867,25.0,3.75,187.42,166.17
2025-12-05 08:00:00,184.43,49.47665352804904,17.085,66.56165352804905,25.0,3.75,209.43,188.18
2025-12-05 09:00:00,184.14,44.835688954305894,17.085,61.920688954305895,25.0,3.75,209.14,187.89
2025-12-05 10:00:00,171.35,48.033561579291366,17.085,65.11856157929137,25.0,3.75,196.35,175.1
2025-12-05 11:00:00,167.52,47.16820596575449,17.085,64.25320596575449,25.0,3.75,192.52,171.27
2025-12-05 12:00:00,161.56,46.52917986076724,17.085,63.614179860767244,25.0,3.75,186.56,165.31
2025-12-05 13:00:00,157.45,48.96666506443855,17.085,66.05166506443855,25.0,3.75,182.45,161.2
2025-12-05 14:00:00,161.18,48.95418073182065,17.085,66.03918073182065,25.0,3.75,186.18,164.93
2025-12-05 15:00:00,162.35,45.303170830729776,17.085,62.38817083072978,25.0,3.75,187.35,166.1
2025-12-05 16:00:00,169.5,46.83183125499078,17.085,63.91683125499078,25.0,3.75,194.5,173.25
2025-12-05 17:00:00,158.31,47.75857578787476,17.085,64.84357578787476,25.0,3.75,183.31,162.06
2025-12-05 18:00:00,147.25,46.65013892666146,17.085,63.73513892666146,25.0,3.75,172.25,151.0
2025-12-05 19:00:00,131.54,48.36619508728223,17.085,65.45119508728223,25.0,3.75,156.54,135.29
2025-12-05 20:00:00,115.15,47.75853645852718,17.085,64.84353645852718,25.0,3.75,140.15,118.9
2025-12-05 21:00:00,97.55,50.86127490341866,17.085,67.94627490341867,25.0,3.75,122.55,101.3
2025-12-05 22:00:00,93.08,44.135594150847055,17.085,61.220594150847056,25.0,3.75,118.08,96.83
2025-12-05 23:00:00,84.12,46.951280443211836,17.085,64.03628044321184,25.0,3.75,109.12,87.87
2025-12-06 00:00:00,82.08,45.37914739968225,17.085,62.464147399682254,25.0,3.75,107.08,85.83
2025-12-06 01:00:00,76.97,48.40436733358472,17.085,65.48936733358472,25.0,3.75,101.97,80.72
2025-12-06 02:00:00,73.63,43.961808642615544,17.085,61.046808642615545,25.0,3.75,98.63,77.38
2025-12-06 03:00:00,70.01,47.888777843156404,17.085,64.9737778431564,25.0,3.75,95.01,73.76
2025-12-06 04:00:00,67.43,45.93605556000995,17.085,63.02105556000995,25.0,3.75,92.43,71.18
2025-12-06 05:00:00,64.97,45.727828690464605,17.085,62.812828690464606,25.0,3.75,89.97,68.72
2025-12-06 06:00:00,64.59,44.303156015625255,17.085,61.388156015625256,25.0,3.75,89.59,68.34
2025-12-06 07:00:00,67.87,46.26600053030462,17.085,63.351000530304624,25.0,3.75,92.87,71.62
2025-12-06 08:00:00,78.61,49.36515348328848,17.085,66.45015348328849,25.0,3.75,103.61,82.36
2025-12-06 09:00:00,80.94,47.145775055647675,17.085,64.23077505564768,25.0,3.75,105.94,84.69
2025-12-06 10:00:00,82.3,48.451513258455584,17.085,65.53651325845559,25.0,3.75,107.3,86.05
2025-12-06 11:00:00,80.61,50.52543606663918,17.085,67.61043606663918,25.0,3.75,105.61,84.36
2025-12-06 12:00:00,80.62,47.723663592351784,17.085,64.80866359235179,25.0,3.75,105.62,84.37
2025-12-06 13:00:00,81.33,46.07855327858195,17.085,63.16355327858195,25.0,3.75,106.33,85.08
2025-12-06 14:00:00,86.17,48.13065685307221,17.085,65.2156568530722,25.0,3.75,111.17,89.92
2025-12-06 15:00:00,91.02,46.10756013007805,17.085,63.19256013007805,25.0,3.75,116.02,94.77
2025-12-06 16:00:00,95.59,46.187307056112296,17.085,63.2723070561123,25.0,3.75,120.59,99.34
2025-12-06 17:00:00,95.12,44.15636682346866,17.085,61.24136682346866,25.0,3.75,120.12,98.87
2025-12-06 18:00:00,89.18,49.04866740487542,17.085,66.13366740487541,25.0,3.75,114.18,92.93
2025-12-06 19:00:00,89.66,46.424147271407755,17.085,63.509147271407755,25.0,3.75,114.66,93.41
2025-12-06 20:00:00,83.39,47.560348914338356,17.085,64.64534891433836,25.0,3.75,108.39,87.14
2025-12-06 21:00:00,80.61,45.124228565493354,17.085,62.209228565493355,25.0,3.75,105.61,84.36
2025-12-06 22:00:00,76.5,48.068047682137575,17.085,65.15304768213758,25.0,3.75,101.5,80.25
2025-12-06 23:00:00,71.57,45.672269946436465,17.085,62.757269946436466,25.0,3.75,96.57,75.32
2025-12-07 00:00:00,67.32,46.91273497930298,17.085,63.99773497930298,25.0,3.75,92.32,71.07
2025-12-07 01:00:00,61.0,48.95180448518489,17.085,66.03680448518489,25.0,3.75,86.0,64.75
2025-12-07 02:00:00,59.42,48.777671047171694,17.085,65.86267104717169,25.0,3.75,84.42,63.17
2025-12-07 03:00:00,58.56,47.15209227767275,17.085,64.23709227767276,25.0,3.75,83.56,62.31
2025-12-07 04:00:00,62.08,43.65989035729319,17.085,60.744890357293194,25.0,3.75,87.08,65.83
2025-12-07 05:00:00,62.0,53.181773562827914,17.085,70.26677356282792,25.0,3.75,87.0,65.75
2025-12-07 06:00:00,63.72,50.687870363252905,17.085,67.7728703632529,25.0,3.75,88.72,67.47
2025-12-07 07:00:00,71.84,48.64150207248323,17.085,65.72650207248323,25.0,3.75,96.84,75.59
2025-12-07 08:00:00,78.0,45.68974485952469,17.085,62.77474485952469,25.0,3.75,103.0,81.75
2025-12-07 09:00:00,85.56,46.9689680993027,17.085,64.0539680993027,25.0,3.75,110.56,89.31
2025-12-07 10:00:00,90.53,46.1093115631536,17.085,63.1943115631536,25.0,3.75,115.53,94.28
2025-12-07 11:00:00,91.92,49.72386430089941,17.085,66.80886430089942,25.0,3.75,116.92,95.67
2025-12-07 12:00:00,97.44,47.7211582044103,17.085,64.80615820441031,25.0,3.75,122.44,101.19
2025-12-07 13:00:00,99.57,45.62782470598697,17.085,62.71282470598697,25.0,3.75,124.57,103.32
2025-12-07 14:00:00,104.15,46.254642224457065,17.085,63.339642224457066,25.0,3.75,129.15,107.9
2025-12-07 15:00:00,105.74,49.438528707846444,17.085,66.52352870784645,25.0,3.75,130.74,109.49
2025-12-07 16:00:00,109.61,50.39634811634759,17.085,67.48134811634759,25.0,3.75,134.61,113.36
2025-12-07 17:00:00,111.82,50.25281554967912,17.085,67.33781554967912,25.0,3.75,136.82,115.57
2025-12-07 18:00:00,96.88,48.710216552814586,17.085,65.7952165528146,25.0,3.75,121.88,100.63
2025-12-07 19:00:00,87.46,46.690902685101356,17.085,63.77590268510136,25.0,3.75,112.46,91.21
2025-12-07 20:00:00,83.76,40.71312477204839,17.085,57.79812477204839,25.0,3.75,108.76,87.51
2025-12-07 21:00:00,73.72,47.790472470323074,17.085,64.87547247032307,25.0,3.75,98.72,77.47
2025-12-07 22:00:00,65.6,47.19249490501843,17.085,64.27749490501843,25.0,3.75,90.6,69.35
2025-12-07 23:00:00,41.74,47.47611661534934,17.085,64.56111661534933,25.0,3.75,66.74000000000001,45.49
2025-12-08 00:00:00,19.27,47.303947116773045,17.085,64.38894711677304,25.0,3.75,44.269999999999996,23.02
2025-12-08 01:00:00,11.09,44.54362809880832,17.085,61.62862809880832,25.0,3.75,36.09,14.84
2025-12-08 02:00:00,11.66,48.310969536409004,17.085,65.39596953640901,25.0,3.75,36.66,15.41
2025-12-08 03:00:00,5.59,48.460585050770334,17.085,65.54558505077034,25.0,3.75,30.59,9.34
2025-12-08 04:00:00,12.89,48.56082998682595,17.085,65.64582998682596,25.0,3.75,37.89,16.64
2025-12-08 05:00:00,28.66,49.08930642985341,17.085,66.1743064298534,25.0,3.75,53.66,32.41
2025-12-08 06:00:00,64.32,48.404255712549876,17.085,65.48925571254988,25.0,3.75,89.32,68.07
2025-12-08 07:00:00,82.84,46.37609359962881,17.085,63.46109359962881,25.0,3.75,107.84,86.59
2025-12-08 08:00:00,100.0,47.05447872687445,17.085,64.13947872687444,25.0,3.75,125.0,103.75
2025-12-08 09:00:00,98.34,47.37840215721339,17.085,64.46340215721338,25.0,3.75,123.34,102.09
2025-12-08 10:00:00,86.04,47.41155132091987,17.085,64.49655132091988,25.0,3.75,111.04,89.79
2025-12-08 11:00:00,79.99,49.19258773465009,17.085,66.2775877346501,25.0,3.75,104.99,83.74
2025-12-08 12:00:00,79.35,48.48348992875162,17.085,65.56848992875162,25.0,3.75,104.35,83.1
2025-12-08 13:00:00,86.85,51.35083930184654,17.085,68.43583930184654,25.0,3.75,111.85,90.6
2025-12-08 14:00:00,94.08,51.609090382475976,17.085,68.69409038247598,25.0,3.75,119.08,97.83
2025-12-08 15:00:00,100.15,47.35545158793448,17.085,64.44045158793449,25.0,3.75,125.15,103.9
2025-12-08 16:00:00,101.07,39.522841325787894,17.085,56.607841325787895,25.0,3.75,126.07,104.82
2025-12-08 17:00:00,109.85,49.66981735496117,17.085,66.75481735496118,25.0,3.75,134.85,113.6
2025-12-08 18:00:00,100.26,46.11539974473252,17.085,63.20039974473252,25.0,3.75,125.26,104.01
2025-12-08 19:00:00,96.64,45.59318457904462,17.085,62.67818457904462,25.0,3.75,121.64,100.39
2025-12-08 20:00:00,89.35,46.3992618727279,17.085,63.4842618727279,25.0,3.75,114.35,93.1
2025-12-08 21:00:00,83.52,46.30286632907742,17.085,63.38786632907742,25.0,3.75,108.52,87.27
2025-12-08 22:00:00,80.21,48.420692042917416,17.085,65.50569204291742,25.0,3.75,105.21,83.96
2025-12-08 23:00:00,73.25,44.07728086445418,17.085,61.16228086445418,25.0,3.75,98.25,77.0
2025-12-09 00:00:00,73.7,45.04071093112343,17.085,62.12571093112343,25.0,3.75,98.7,77.45
2025-12-09 01:00:00,72.79,47.882469531101464,17.085,64.96746953110147,25.0,3.75,97.79,76.54
2025-12-09 02:00:00,73.71,48.44204048353325,17.085,65.52704048353326,25.0,3.75,98.71,77.46
2025-12-09 03:00:00,74.85,48.47923571257866,17.085,65.56423571257866,25.0,3.75,99.85,78.6
2025-12-09 04:00:00,73.72,45.62207986484003,17.085,62.70707986484003,25.0,3.75,98.72,77.47
2025-12-09 05:00:00,80.21,45.23962112417415,17.085,62.32462112417415,25.0,3.75,105.21,83.96
2025-12-09 06:00:00,98.85,46.18288275513079,17.085,63.26788275513079,25.0,3.75,123.85,102.6
2025-12-09 07:00:00,105.79,47.67589792727608,17.085,64.76089792727609,25.0,3.75,130.79000000000002,109.54
2025-12-09 08:00:00,129.75,50.16710716125173,17.085,67.25210716125173,25.0,3.75,154.75,133.5
2025-12-09 09:00:00,111.34,43.10127805116513,17.085,60.18627805116513,25.0,3.75,136.34,115.09
2025-12-09 10:00:00,103.06,46.7546949087899,17.085,63.8396949087899,25.0,3.75,128.06,106.81
2025-12-09 11:00:00,103.34,44.53079554065622,17.085,61.61579554065622,25.0,3.75,128.34,107.09
2025-12-09 12:00:00,97.83,43.891667067999656,17.085,60.97666706799966,25.0,3.75,122.83,101.58
2025-12-09 13:00:00,101.1,49.13006571339626,17.085,66.21506571339626,25.0,3.75,126.1,104.85
2025-12-09 14:00:00,100.22,48.28540157170531,17.085,65.37040157170532,25.0,3.75,125.22,103.97
2025-12-09 15:00:00,110.88,48.09501945460116,17.085,65.18001945460117,25.0,3.75,135.88,114.63
2025-12-09 16:00:00,108.3,49.03820410216862,17.085,66.12320410216861,25.0,3.75,133.3,112.05
2025-12-09 17:00:00,104.57,46.23671462917436,17.085,63.32171462917436,25.0,3.75,129.57,108.32
2025-12-09 18:00:00,96.91,46.330877390039575,17.085,63.415877390039576,25.0,3.75,121.91,100.66
2025-12-09 19:00:00,85.1,51.56761365615178,17.085,68.65261365615177,25.0,3.75,110.1,88.85
2025-12-09 20:00:00,83.67,46.70301031418748,17.085,63.78801031418748,25.0,3.75,108.67,87.42
2025-12-09 21:00:00,79.35,48.66641664881482,17.085,65.75141664881482,25.0,3.75,104.35,83.1
2025-12-09 22:00:00,73.33,47.20891550463326,17.085,64.29391550463326,25.0,3.75,98.33,77.08
2025-12-09 23:00:00,55.42,43.4996353625498,17.085,60.584635362549804,25.0,3.75,80.42,59.17
2025-12-10 00:00:00,43.9,43.106894415104094,17.085,60.191894415104095,25.0,3.75,68.9,47.65
2025-12-10 01:00:00,36.48,46.03818398282682,17.085,63.12318398282682,25.0,3.75,61.48,40.23
2025-12-10 02:00:00,31.0,49.30835492604661,17.085,66.39335492604661,25.0,3.75,56.0,34.75
2025-12-10 03:00:00,35.11,48.77273573597864,17.085,65.85773573597865,25.0,3.75,60.11,38.86
2025-12-10 04:00:00,48.09,49.0243067511547,17.085,66.10930675115469,25.0,3.75,73.09,51.84
2025-12-10 05:00:00,69.65,45.222060064834004,17.085,62.307060064834005,25.0,3.75,94.65,73.4
2025-12-10 06:00:00,79.12,50.42789740295126,17.085,67.51289740295127,25.0,3.75,104.12,82.87
2025-12-10 07:00:00,87.51,45.26636582233386,17.085,62.35136582233386,25.0,3.75,112.51,91.26
2025-12-10 08:00:00,94.33,47.62180122004657,17.085,64.70680122004657,25.0,3.75,119.33,98.08
2025-12-10 09:00:00,94.23,47.17544784289116,17.085,64.26044784289115,25.0,3.75,119.23,97.98
2025-12-10 10:00:00,87.73,46.84840478207746,17.085,63.93340478207746,25.0,3.75,112.73,91.48
2025-12-10 11:00:00,81.0,49.873336699297845,17.085,66.95833669929785,25.0,3.75,106.0,84.75
2025-12-10 12:00:00,79.5,45.78593138237471,17.085,62.870931382374714,25.0,3.75,104.5,83.25
2025-12-10 13:00:00,81.44,44.496941911282775,17.085,61.581941911282776,25.0,3.75,106.44,85.19
2025-12-10 14:00:00,90.22,47.23614339511947,17.085,64.32114339511946,25.0,3.75,115.22,93.97
2025-12-10 15:00:00,100.67,46.39649895413358,17.085,63.48149895413358,25.0,3.75,125.67,104.42
2025-12-10 16:00:00,104.0,53.95091826087192,17.085,71.03591826087192,25.0,3.75,129.0,107.75
2025-12-10 17:00:00,105.67,48.549167375586585,17.085,65.63416737558659,25.0,3.75,130.67000000000002,109.42
2025-12-10 18:00:00,104.7,46.37747127226938,17.085,63.46247127226938,25.0,3.75,129.7,108.45
2025-12-10 19:00:00,96.77,45.083929284332456,17.085,62.16892928433246,25.0,3.75,121.77,100.52
2025-12-10 20:00:00,87.75,43.43557560156906,17.085,60.520575601569064,25.0,3.75,112.75,91.5
2025-12-10 21:00:00,86.31,45.145714251231766,17.085,62.23071425123177,25.0,3.75,111.31,90.06
2025-12-10 22:00:00,82.49,47.426035966224894,17.085,64.5110359662249,25.0,3.75,107.49,86.24
2025-12-10 23:00:00,76.43,50.05080972589617,17.085,67.13580972589617,25.0,3.75,101.43,80.18
2025-12-11 00:00:00,73.98,49.43953070748247,17.085,66.52453070748247,25.0,3.75,98.98,77.73
2025-12-11 01:00:00,73.42,47.65434208599939,17.085,64.7393420859994,25.0,3.75,98.42,77.17
2025-12-11 02:00:00,72.52,46.54981709130166,17.085,63.63481709130166,25.0,3.75,97.52,76.27
2025-12-11 03:00:00,75.21,47.73377713553094,17.085,64.81877713553095,25.0,3.75,100.21,78.96
2025-12-11 04:00:00,76.91,46.15887642773748,17.085,63.24387642773748,25.0,3.75,101.91,80.66
2025-12-11 05:00:00,80.59,50.632880414234386,17.085,67.71788041423439,25.0,3.75,105.59,84.34
2025-12-11 06:00:00,90.09,46.81777206015647,17.085,63.90277206015647,25.0,3.75,115.09,93.84
2025-12-11 07:00:00,98.11,47.02347670621318,17.085,64.10847670621318,25.0,3.75,123.11,101.86
2025-12-11 08:00:00,110.36,42.764507572665295,17.085,59.849507572665296,25.0,3.75,135.36,114.11
2025-12-11 09:00:00,106.17,46.8052827296611,17.085,63.8902827296611,25.0,3.75,131.17000000000002,109.92
2025-12-11 10:00:00,93.18,48.869120698636515,17.085,65.95412069863652,25.0,3.75,118.18,96.93
2025-12-11 11:00:00,91.92,45.06070726862954,17.085,62.14570726862954,25.0,3.75,116.92,95.67
2025-12-11 12:00:00,89.4,45.69471175372101,17.085,62.77971175372101,25.0,3.75,114.4,93.15
2025-12-11 13:00:00,90.22,48.781574458173964,17.085,65.86657445817397,25.0,3.75,115.22,93.97
2025-12-11 14:00:00,97.79,44.242837975670525,17.085,61.327837975670526,25.0,3.75,122.79,101.54
2025-12-11 15:00:00,111.27,49.31175443779047,17.085,66.39675443779046,25.0,3.75,136.26999999999998,115.02
2025-12-11 16:00:00,114.7,46.131864642360426,17.085,63.21686464236043,25.0,3.75,139.7,118.45
2025-12-11 17:00:00,115.41,46.41901598172423,17.085,63.50401598172423,25.0,3.75,140.41,119.16
2025-12-11 18:00:00,112.57,44.94839561245544,17.085,62.03339561245544,25.0,3.75,137.57,116.32
2025-12-11 19:00:00,107.79,47.9522449435624,17.085,65.0372449435624,25.0,3.75,132.79000000000002,111.54
2025-12-11 20:00:00,103.64,52.11589639276539,17.085,69.2008963927654,25.0,3.75,128.64,107.39
2025-12-11 21:00:00,94.39,48.759146901627894,17.085,65.8441469016279,25.0,3.75,119.39,98.14
2025-12-11 22:00:00,93.59,45.46758189882556,17.085,62.55258189882556,25.0,3.75,118.59,97.34
2025-12-11 23:00:00,93.74,49.467393593689586,17.085,66.55239359368959,25.0,3.75,118.74,97.49
2025-12-12 00:00:00,83.78,46.56279333083813,17.085,63.647793330838134,25.0,3.75,108.78,87.53
2025-12-12 01:00:00,86.22,49.94512238556175,17.085,67.03012238556175,25.0,3.75,111.22,89.97
2025-12-12 02:00:00,87.9,48.80950522703536,17.085,65.89450522703535,25.0,3.75,112.9,91.65
2025-12-12 03:00:00,90.18,41.309869291763164,17.085,58.394869291763165,25.0,3.75,115.18,93.93
2025-12-12 04:00:00,90.71,45.18799315679658,17.085,62.27299315679658,25.0,3.75,115.71,94.46
2025-12-12 05:00:00,92.21,49.08492286837741,17.085,66.16992286837741,25.0,3.75,117.21,95.96
2025-12-12 06:00:00,101.23,47.499466966996664,17.085,64.58446696699667,25.0,3.75,126.23,104.98
2025-12-12 07:00:00,121.32,45.14864052729093,17.085,62.23364052729093,25.0,3.75,146.32,125.07
2025-12-12 08:00:00,130.85,45.928973391719005,17.085,63.013973391719006,25.0,3.75,155.85,134.6
2025-12-12 09:00:00,126.9,43.38367918252787,17.085,60.46867918252787,25.0,3.75,151.9,130.65
2025-12-12 10:00:00,121.96,47.01940584765384,17.085,64.10440584765385,25.0,3.75,146.95999999999998,125.71
2025-12-12 11:00:00,118.3,51.61753187473816,17.085,68.70253187473816,25.0,3.75,143.3,122.05
2025-12-12 12:00:00,113.07,48.806019204171285,17.085,65.89101920417129,25.0,3.75,138.07,116.82
2025-12-12 13:00:00,118.26,51.576986425083476,17.085,68.66198642508348,25.0,3.75,143.26,122.01
2025-12-12 14:00:00,126.82,48.96094660228659,17.085,66.04594660228659,25.0,3.75,151.82,130.57
2025-12-12 15:00:00,131.95,49.251111109412015,17.085,66.33611110941202,25.0,3.75,156.95,135.7
2025-12-12 16:00:00,145.49,51.14430979819668,17.085,68.22930979819668,25.0,3.75,170.49,149.24
2025-12-12 17:00:00,146.83,47.95067894139108,17.085,65.03567894139108,25.0,3.75,171.83,150.58
2025-12-12 18:00:00,133.1,46.82169777969287,17.085,63.90669777969287,25.0,3.75,158.1,136.85
2025-12-12 19:00:00,128.06,49.26146745595066,17.085,66.34646745595066,25.0,3.75,153.06,131.81
2025-12-12 20:00:00,117.0,50.1038328969504,17.085,67.1888328969504,25.0,3.75,142.0,120.75
2025-12-12 21:00:00,114.93,46.23622313728222,17.085,63.32122313728222,25.0,3.75,139.93,118.68
2025-12-12 22:00:00,103.82,45.753014258026575,17.085,62.838014258026575,25.0,3.75,128.82,107.57
2025-12-12 23:00:00,91.75,47.47386448756839,17.085,64.5588644875684,25.0,3.75,116.75,95.5
2025-12-13 00:00:00,92.28,48.85915015656995,17.085,65.94415015656995,25.0,3.75,117.28,96.03
2025-12-13 01:00:00,90.5,48.792334520029755,17.085,65.87733452002976,25.0,3.75,115.5,94.25
2025-12-13 02:00:00,87.39,44.347817222331436,17.085,61.43281722233144,25.0,3.75,112.39,91.14
2025-12-13 03:00:00,87.04,51.019364556833274,17.085,68.10436455683327,25.0,3.75,112.04,90.79
2025-12-13 04:00:00,85.0,45.91382256391293,17.085,62.99882256391293,25.0,3.75,110.0,88.75
2025-12-13 05:00:00,84.67,46.66602242892947,17.085,63.751022428929474,25.0,3.75,109.67,88.42
2025-12-13 06:00:00,79.14,45.39084370273099,17.085,62.47584370273099,25.0,3.75,104.14,82.89
2025-12-13 07:00:00,81.14,52.592810094580805,17.085,69.6778100945808,25.0,3.75,106.14,84.89
2025-12-13 08:00:00,95.95,47.68029376328256,17.085,64.76529376328256,25.0,3.75,120.95,99.7
2025-12-13 09:00:00,106.77,45.4942022613435,17.085,62.579202261343504,25.0,3.75,131.76999999999998,110.52
2025-12-13 10:00:00,102.59,48.923999522631526,17.085,66.00899952263153,25.0,3.75,127.59,106.34
2025-12-13 11:00:00,98.09,48.7344239813267,17.085,65.81942398132671,25.0,3.75,123.09,101.84
2025-12-13 12:00:00,93.76,46.82069837554686,17.085,63.90569837554686,25.0,3.75,118.76,97.51
2025-12-13 13:00:00,92.94,48.8773658482734,17.085,65.96236584827341,25.0,3.75,117.94,96.69
2025-12-13 14:00:00,95.76,45.545568501044905,17.085,62.630568501044905,25.0,3.75,120.76,99.51
2025-12-13 15:00:00,114.66,46.210315872808124,17.085,63.295315872808125,25.0,3.75,139.66,118.41
2025-12-13 16:00:00,119.71,43.17571911357451,17.085,60.26071911357451,25.0,3.75,144.70999999999998,123.46
2025-12-13 17:00:00,118.45,44.54825025426751,17.085,61.63325025426751,25.0,3.75,143.45,122.2
2025-12-13 18:00:00,112.26,50.811414034048006,17.085,67.89641403404801,25.0,3.75,137.26,116.01
2025-12-13 19:00:00,103.63,50.47900967815126,17.085,67.56400967815125,25.0,3.75,128.63,107.38
2025-12-13 20:00:00,91.71,47.327729720004555,17.085,64.41272972000456,25.0,3.75,116.71,95.46
2025-12-13 21:00:00,90.56,50.52201531708631,17.085,67.60701531708631,25.0,3.75,115.56,94.31
2025-12-13 22:00:00,93.69,46.87600344949002,17.085,63.96100344949002,25.0,3.75,118.69,97.44
2025-12-13 23:00:00,84.39,46.70933181757081,17.085,63.794331817570814,25.0,3.75,109.39,88.14
2025-12-14 00:00:00,91.2,47.30917371963775,17.085,64.39417371963775,25.0,3.75,116.2,94.95
2025-12-14 01:00:00,90.52,46.9463092320595,17.085,64.0313092320595,25.0,3.75,115.52,94.27
2025-12-14 02:00:00,81.9,46.76575977558627,17.085,63.85075977558627,25.0,3.75,106.9,85.65
2025-12-14 03:00:00,79.95,49.482948637005734,17.085,66.56794863700574,25.0,3.75,104.95,83.7
2025-12-14 04:00:00,77.31,47.496423730619036,17.085,64.58142373061904,25.0,3.75,102.31,81.06
2025-12-14 05:00:00,78.76,48.62111595157424,17.085,65.70611595157425,25.0,3.75,103.76,82.51
2025-12-14 06:00:00,77.18,49.258913473261295,17.085,66.3439134732613,25.0,3.75,102.18,80.93
2025-12-14 07:00:00,77.47,47.9725240140161,17.085,65.05752401401611,25.0,3.75,102.47,81.22
2025-12-14 08:00:00,81.76,45.25560977089015,17.085,62.340609770890154,25.0,3.75,106.76,85.51
2025-12-14 09:00:00,82.35,44.49042064477855,17.085,61.57542064477855,25.0,3.75,107.35,86.1
2025-12-14 10:00:00,80.01,47.49371369232124,17.085,64.57871369232124,25.0,3.75,105.01,83.76
2025-12-14 11:00:00,84.08,46.853639813056766,17.085,63.93863981305677,25.0,3.75,109.08,87.83
2025-12-14 12:00:00,87.27,47.370935280546874,17.085,64.45593528054687,25.0,3.75,112.27,91.02
2025-12-14 13:00:00,86.96,47.16404434420946,17.085,64.24904434420947,25.0,3.75,111.96,90.71
2025-12-14 14:00:00,88.65,52.36329974303977,17.085,69.44829974303977,25.0,3.75,113.65,92.4
2025-12-14 15:00:00,92.1,44.535699911423954,17.085,61.620699911423955,25.0,3.75,117.1,95.85
2025-12-14 16:00:00,99.28,43.21625988306438,17.085,60.30125988306438,25.0,3.75,124.28,103.03
2025-12-14 17:00:00,102.79,47.86090608974585,17.085,64.94590608974585,25.0,3.75,127.79,106.54
2025-12-14 18:00:00,103.29,46.44330731353024,17.085,63.52830731353024,25.0,3.75,128.29000000000002,107.04
2025-12-14 19:00:00,92.99,47.82828816216654,17.085,64.91328816216654,25.0,3.75,117.99,96.74
2025-12-14 20:00:00,90.4,48.36391846727464,17.085,65.44891846727464,25.0,3.75,115.4,94.15
2025-12-14 21:00:00,84.4,49.764361813064426,17.085,66.84936181306443,25.0,3.75,109.4,88.15
2025-12-14 22:00:00,82.65,44.18170078193876,17.085,61.26670078193876,25.0,3.75,107.65,86.4
2025-12-14 23:00:00,75.75,46.08271662699231,17.085,63.16771662699231,25.0,3.75,100.75,79.5
2025-12-15 00:00:00,72.5,48.05367494046816,17.085,65.13867494046816,25.0,3.75,97.5,76.25
2025-12-15 01:00:00,71.88,48.73707961408108,17.085,65.82207961408108,25.0,3.75,96.88,75.63
2025-12-15 02:00:00,71.04,51.5830515232834,17.085,68.6680515232834,25.0,3.75,96.04,74.79
2025-12-15 03:00:00,70.67,49.107560364934365,17.085,66.19256036493437,25.0,3.75,95.67,74.42
2025-12-15 04:00:00,75.28,47.082575230934076,17.085,64.16757523093408,25.0,3.75,100.28,79.03
2025-12-15 05:00:00,76.8,45.41528091682131,17.085,62.50028091682131,25.0,3.75,101.8,80.55
2025-12-15 06:00:00,86.53,46.0675727172686,17.085,63.1525727172686,25.0,3.75,111.53,90.28
2025-12-15 07:00:00,98.79,46.010746776792416,17.085,63.09574677679242,25.0,3.75,123.79,102.54
2025-12-15 08:00:00,101.13,48.50661967973415,17.085,65.59161967973415,25.0,3.75,126.13,104.88
2025-12-15 09:00:00,96.65,47.710147313878295,17.085,64.79514731387829,25.0,3.75,121.65,100.4
2025-12-15 10:00:00,89.62,44.548853281022275,17.085,61.633853281022276,25.0,3.75,114.62,93.37
2025-12-15 11:00:00,79.72,46.32434948452577,17.085,63.40934948452577,25.0,3.75,104.72,83.47
2025-12-15 12:00:00,79.77,48.951247529609475,17.085,66.03624752960948,25.0,3.75,104.77,83.52
2025-12-15 13:00:00,88.26,47.89947713265475,17.085,64.98447713265475,25.0,3.75,113.26,92.01
2025-12-15 14:00:00,95.44,48.33344165473217,17.085,65.41844165473216,25.0,3.75,120.44,99.19
2025-12-15 15:00:00,107.3,47.96199584282116,17.085,65.04699584282116,25.0,3.75,132.3,111.05
2025-12-15 16:00:00,108.66,50.44901389192435,17.085,67.53401389192436,25.0,3.75,133.66,112.41
2025-12-15 17:00:00,104.21,47.66823855035537,17.085,64.75323855035538,25.0,3.75,129.20999999999998,107.96
2025-12-15 18:00:00,98.16,46.424106826965236,17.085,63.50910682696524,25.0,3.75,123.16,101.91
2025-12-15 19:00:00,90.42,45.36464234043951,17.085,62.44964234043951,25.0,3.75,115.42,94.17
2025-12-15 20:00:00,84.25,47.695371339126055,17.085,64.78037133912605,25.0,3.75,109.25,88.0
2025-12-15 21:00:00,85.17,42.31474439315646,17.085,59.39974439315646,25.0,3.75,110.17,88.92
2025-12-15 22:00:00,84.98,46.827574419041206,17.085,63.912574419041206,25.0,3.75,109.98,88.73
2025-12-15 23:00:00,80.46,46.784472702863944,17.085,63.869472702863945,25.0,3.75,105.46,84.21
2025-12-16 00:00:00,80.67,44.46721071547207,17.085,61.55221071547207,25.0,3.75,105.67,84.42
2025-12-16 01:00:00,79.05,45.33962074539464,17.085,62.42462074539464,25.0,3.75,104.05,82.8
2025-12-16 02:00:00,77.1,48.81546748300311,17.085,65.90046748300311,25.0,3.75,102.1,80.85
2025-12-16 03:00:00,79.05,47.65757592085656,17.085,64.74257592085655,25.0,3.75,104.05,82.8
2025-12-16 04:00:00,80.39,47.39972909012128,17.085,64.48472909012128,25.0,3.75,105.39,84.14
2025-12-16 05:00:00,82.31,47.80884749057068,17.085,64.89384749057068,25.0,3.75,107.31,86.06
2025-12-16 06:00:00,88.4,47.381407598604476,17.085,64.46640759860448,25.0,3.75,113.4,92.15
2025-12-16 07:00:00,91.39,49.68187754842326,17.085,66.76687754842325,25.0,3.75,116.39,95.14
2025-12-16 08:00:00,100.47,47.44301078611393,17.085,64.52801078611392,25.0,3.75,125.47,104.22
2025-12-16 09:00:00,101.27,44.27972619506913,17.085,61.36472619506913,25.0,3.75,126.27,105.02
2025-12-16 10:00:00,92.34,50.45641235245545,17.085,67.54141235245545,25.0,3.75,117.34,96.09
2025-12-16 11:00:00,90.61,47.936832957364324,17.085,65.02183295736432,25.0,3.75,115.61,94.36
2025-12-16 12:00:00,91.51,46.017644961116495,17.085,63.102644961116496,25.0,3.75,116.51,95.26
2025-12-16 13:00:00,99.88,44.68934898611659,17.085,61.77434898611659,25.0,3.75,124.88,103.63
2025-12-16 14:00:00,124.4,47.98798086462272,17.085,65.07298086462272,25.0,3.75,149.4,128.15
2025-12-16 15:00:00,139.38,46.96180841275788,17.085,64.04680841275788,25.0,3.75,164.38,143.13
2025-12-16 16:00:00,155.31,50.34444599477145,17.085,67.42944599477144,25.0,3.75,180.31,159.06
2025-12-16 17:00:00,162.2,46.504337861372974,17.085,63.589337861372975,25.0,3.75,187.2,165.95
2025-12-16 18:00:00,142.25,45.5213908433417,17.085,62.6063908433417,25.0,3.75,167.25,146.0
2025-12-16 19:00:00,137.1,48.98774485917849,17.085,66.0727448591785,25.0,3.75,162.1,140.85
2025-12-16 20:00:00,128.85,49.046716208140296,17.085,66.13171620814029,25.0,3.75,153.85,132.6
2025-12-16 21:00:00,118.94,47.53345515792702,17.085,64.61845515792703,25.0,3.75,143.94,122.69
2025-12-16 22:00:00,115.58,48.54886651805645,17.085,65.63386651805645,25.0,3.75,140.57999999999998,119.33
2025-12-16 23:00:00,103.42,47.12077818122216,17.085,64.20577818122216,25.0,3.75,128.42000000000002,107.17
2025-12-17 00:00:00,89.0,47.663882624725126,17.085,64.74888262472513,25.0,3.75,114.0,92.75
2025-12-17 01:00:00,89.79,49.52613418783448,17.085,66.61113418783448,25.0,3.75,114.79,93.54
2025-12-17 02:00:00,86.49,48.44678909074964,17.085,65.53178909074964,25.0,3.75,111.49,90.24
2025-12-17 03:00:00,85.03,46.85760354604138,17.085,63.94260354604138,25.0,3.75,110.03,88.78
2025-12-17 04:00:00,88.08,49.900877514558935,17.085,66.98587751455894,25.0,3.75,113.08,91.83
2025-12-17 05:00:00,90.5,42.466441677123605,17.085,59.551441677123606,25.0,3.75,115.5,94.25
2025-12-17 06:00:00,95.49,51.3002990455505,17.085,68.38529904555051,25.0,3.75,120.49,99.24
2025-12-17 07:00:00,108.82,43.78423423292516,17.085,60.86923423292516,25.0,3.75,133.82,112.57
2025-12-17 08:00:00,133.46,45.94196677316204,17.085,63.02696677316204,25.0,3.75,158.46,137.21
2025-12-17 09:00:00,126.3,47.11431735231649,17.085,64.19931735231648,25.0,3.75,151.3,130.05
2025-12-17 10:00:00,124.54,46.90319108125031,17.085,63.988191081250314,25.0,3.75,149.54000000000002,128.29000000000002
2025-12-17 11:00:00,118.15,49.208974502759744,17.085,66.29397450275974,25.0,3.75,143.15,121.9
2025-12-17 12:00:00,111.9,45.08047918548616,17.085,62.16547918548616,25.0,3.75,136.9,115.65
2025-12-17 13:00:00,122.66,47.71768605767276,17.085,64.80268605767276,25.0,3.75,147.66,126.41
2025-12-17 14:00:00,129.97,46.03972822626712,17.085,63.12472822626712,25.0,3.75,154.97,133.72
2025-12-17 15:00:00,127.5,47.78643438138147,17.085,64.87143438138148,25.0,3.75,152.5,131.25
2025-12-17 16:00:00,126.5,47.06660790311088,17.085,64.15160790311089,25.0,3.75,151.5,130.25
2025-12-17 17:00:00,122.82,47.38202372807259,17.085,64.46702372807259,25.0,3.75,147.82,126.57
2025-12-17 18:00:00,111.4,46.09630275777794,17.085,63.18130275777794,25.0,3.75,136.4,115.15
2025-12-17 19:00:00,97.51,46.17602452251447,17.085,63.26102452251447,25.0,3.75,122.51,101.26
2025-12-17 20:00:00,94.71,47.77069745076149,17.085,64.85569745076148,25.0,3.75,119.71,98.46
2025-12-17 21:00:00,94.7,49.083583434218724,17.085,66.16858343421873,25.0,3.75,119.7,98.45
2025-12-17 22:00:00,93.22,45.999593754310936,17.085,63.08459375431094,25.0,3.75,118.22,96.97
2025-12-17 23:00:00,85.0,45.45861733356081,17.085,62.54361733356081,25.0,3.75,110.0,88.75
2025-12-18 00:00:00,77.76,48.42307275405031,17.085,65.50807275405032,25.0,3.75,102.76,81.51
2025-12-18 01:00:00,69.07,47.13114463659125,17.085,64.21614463659125,25.0,3.75,94.07,72.82
2025-12-18 02:00:00,60.13,48.857148690678535,17.085,65.94214869067854,25.0,3.75,85.13,63.88
2025-12-18 03:00:00,48.89,45.384557995964336,17.085,62.46955799596434,25.0,3.75,73.89,52.64
2025-12-18 04:00:00,44.82,43.63727457185977,17.085,60.72227457185977,25.0,3.75,69.82,48.57
2025-12-18 05:00:00,50.83,46.130144259053964,17.085,63.215144259053965,25.0,3.75,75.83,54.58
2025-12-18 06:00:00,63.24,45.6634472041766,17.085,62.7484472041766,25.0,3.75,88.24000000000001,66.99000000000001
2025-12-18 07:00:00,81.53,47.038575622546034,17.085,64.12357562254604,25.0,3.75,106.53,85.28
2025-12-18 08:00:00,90.74,45.92246199416585,17.085,63.00746199416585,25.0,3.75,115.74,94.49
2025-12-18 09:00:00,88.56,48.67818632537953,17.085,65.76318632537954,25.0,3.75,113.56,92.31
2025-12-18 10:00:00,78.28,46.6198518978616,17.085,63.7048518978616,25.0,3.75,103.28,82.03
2025-12-18 11:00:00,78.29,47.49710142025443,17.085,64.58210142025443,25.0,3.75,103.29,82.04
2025-12-18 12:00:00,77.42,47.51142153958852,17.085,64.59642153958852,25.0,3.75,102.42,81.17
2025-12-18 13:00:00,79.48,47.586062607531005,17.085,64.67106260753101,25.0,3.75,104.48,83.23
2025-12-18 14:00:00,103.76,47.14789420179669,17.085,64.23289420179668,25.0,3.75,128.76,107.51
2025-12-18 15:00:00,114.49,48.21735380352726,17.085,65.30235380352727,25.0,3.75,139.49,118.24
2025-12-18 16:00:00,110.88,45.60484215505502,17.085,62.68984215505502,25.0,3.75,135.88,114.63
2025-12-18 17:00:00,103.42,49.994988276014396,17.085,67.0799882760144,25.0,3.75,128.42000000000002,107.17
2025-12-18 18:00:00,88.26,46.72307765596956,17.085,63.80807765596956,25.0,3.75,113.26,92.01
2025-12-18 19:00:00,80.14,44.57305414690927,17.085,61.65805414690927,25.0,3.75,105.14,83.89
2025-12-18 20:00:00,67.68,47.57229913669018,17.085,64.65729913669017,25.0,3.75,92.68,71.43
2025-12-18 21:00:00,53.25,45.49379145781166,17.085,62.57879145781166,25.0,3.75,78.25,57.0
2025-12-18 22:00:00,51.8,48.526821491724384,17.085,65.61182149172438,25.0,3.75,76.8,55.55
2025-12-18 23:00:00,18.65,51.61536357479139,17.085,68.7003635747914,25.0,3.75,43.65,22.4
2025-12-19 00:00:00,9.84,45.62300823959093,17.085,62.70800823959093,25.0,3.75,34.84,13.59
2025-12-19 01:00:00,5.86,47.860897089154605,17.085,64.94589708915461,25.0,3.75,30.86,9.61
2025-12-19 02:00:00,4.33,43.68514124529737,17.085,60.770141245297374,25.0,3.75,29.33,8.08
2025-12-19 03:00:00,3.51,48.103962881589325,17.085,65.18896288158933,25.0,3.75,28.509999999999998,7.26
2025-12-19 04:00:00,4.12,45.424724823107255,17.085,62.509724823107256,25.0,3.75,29.12,7.87
2025-12-19 05:00:00,10.78,45.946483185837664,17.085,63.031483185837665,25.0,3.75,35.78,14.53
2025-12-19 06:00:00,40.28,44.993579443026974,17.085,62.078579443026975,25.0,3.75,65.28,44.03
2025-12-19 07:00:00,76.71,48.660454874816104,17.085,65.7454548748161,25.0,3.75,101.71,80.46
2025-12-19 08:00:00,89.54,49.21076113765316,17.085,66.29576113765316,25.0,3.75,114.54,93.29
2025-12-19 09:00:00,89.38,47.242922852023646,17.085,64.32792285202365,25.0,3.75,114.38,93.13
2025-12-19 10:00:00,89.23,45.46729901203519,17.085,62.55229901203519,25.0,3.75,114.23,92.98
2025-12-19 11:00:00,87.49,50.37519849491436,17.085,67.46019849491435,25.0,3.75,112.49,91.24
2025-12-19 12:00:00,84.57,45.69533216719732,17.085,62.78033216719732,25.0,3.75,109.57,88.32
2025-12-19 13:00:00,87.63,42.87208782285175,17.085,59.957087822851754,25.0,3.75,112.63,91.38
2025-12-19 14:00:00,93.35,48.112930442620765,17.085,65.19793044262076,25.0,3.75,118.35,97.1
2025-12-19 15:00:00,97.4,44.9866030754236,17.085,62.0716030754236,25.0,3.75,122.4,101.15
2025-12-19 16:00:00,100.33,49.17337000970498,17.085,66.25837000970498,25.0,3.75,125.33,104.08
2025-12-19 17:00:00,106.9,46.43387702935979,17.085,63.51887702935979,25.0,3.75,131.9,110.65
2025-12-19 18:00:00,107.48,48.40357890379502,17.085,65.48857890379503,25.0,3.75,132.48000000000002,111.23
2025-12-19 19:00:00,105.12,49.99915311581095,17.085,67.08415311581095,25.0,3.75,130.12,108.87
2025-12-19 20:00:00,102.91,44.77843469346519,17.085,61.86343469346519,25.0,3.75,127.91,106.66
2025-12-19 21:00:00,98.46,46.06427816092182,17.085,63.149278160921824,25.0,3.75,123.46,102.21
2025-12-19 22:00:00,96.28,47.04481027739251,17.085,64.12981027739251,25.0,3.75,121.28,100.03
2025-12-19 23:00:00,90.18,50.27125506077532,17.085,67.35625506077531,25.0,3.75,115.18,93.93
2025-12-20 00:00:00,84.81,45.87938698682574,17.085,62.964386986825744,25.0,3.75,109.81,88.56
2025-12-20 01:00:00,83.4,46.007145030808616,17.085,63.09214503080862,25.0,3.75,108.4,87.15
2025-12-20 02:00:00,85.0,48.15243357381825,17.085,65.23743357381825,25.0,3.75,110.0,88.75
2025-12-20 03:00:00,87.49,46.04169497128549,17.085,63.12669497128549,25.0,3.75,112.49,91.24
2025-12-20 04:00:00,88.46,47.501204188501866,17.085,64.58620418850187,25.0,3.75,113.46,92.21
2025-12-20 05:00:00,89.92,44.09307758077038,17.085,61.17807758077038,25.0,3.75,114.92,93.67
2025-12-20 06:00:00,95.98,51.62481230781982,17.085,68.70981230781982,25.0,3.75,120.98,99.73
2025-12-20 07:00:00,104.0,44.50073396208783,17.085,61.58573396208783,25.0,3.75,129.0,107.75
2025-12-20 08:00:00,113.21,46.55264701472622,17.085,63.63764701472622,25.0,3.75,138.20999999999998,116.96
2025-12-20 09:00:00,114.8,47.13119035102244,17.085,64.21619035102245,25.0,3.75,139.8,118.55
2025-12-20 10:00:00,112.67,51.02152869142022,17.085,68.10652869142022,25.0,3.75,137.67000000000002,116.42
2025-12-20 11:00:00,110.99,44.54646086084115,17.085,61.63146086084115,25.0,3.75,135.99,114.74
2025-12-20 12:00:00,110.27,51.16356069366414,17.085,68.24856069366413,25.0,3.75,135.26999999999998,114.02
2025-12-20 13:00:00,114.98,48.710506064910675,17.085,65.79550606491068,25.0,3.75,139.98000000000002,118.73
2025-12-20 14:00:00,119.48,48.030343071553126,17.085,65.11534307155313,25.0,3.75,144.48000000000002,123.23
2025-12-20 15:00:00,120.64,45.226885048670724,17.085,62.311885048670725,25.0,3.75,145.64,124.39
2025-12-20 16:00:00,120.2,48.33843490678278,17.085,65.42343490678277,25.0,3.75,145.2,123.95
2025-12-20 17:00:00,122.39,45.749179177867035,17.085,62.834179177867036,25.0,3.75,147.39,126.14
2025-12-20 18:00:00,118.27,49.72947492910345,17.085,66.81447492910345,25.0,3.75,143.26999999999998,122.02
2025-12-20 19:00:00,104.11,45.25402836449116,17.085,62.33902836449116,25.0,3.75,129.11,107.86
2025-12-20 20:00:00,96.38,46.969835433794465,17.085,64.05483543379447,25.0,3.75,121.38,100.13
2025-12-20 21:00:00,93.01,46.08560624668029,17.085,63.17060624668029,25.0,3.75,118.01,96.76
2025-12-20 22:00:00,92.24,45.221106497852645,17.085,62.306106497852646,25.0,3.75,117.24,95.99
2025-12-20 23:00:00,90.67,48.67879205652246,17.085,65.76379205652246,25.0,3.75,115.67,94.42
2025-12-21 00:00:00,95.7,48.2670699175259,17.085,65.35206991752591,25.0,3.75,120.7,99.45
2025-12-21 01:00:00,90.05,49.61417282050863,17.085,66.69917282050864,25.0,3.75,115.05,93.8
2025-12-21 02:00:00,86.49,43.6364022062903,17.085,60.7214022062903,25.0,3.75,111.49,90.24
2025-12-21 03:00:00,85.4,49.32449382738872,17.085,66.40949382738873,25.0,3.75,110.4,89.15
2025-12-21 04:00:00,85.63,52.20705023342042,17.085,69.29205023342041,25.0,3.75,110.63,89.38
2025-12-21 05:00:00,86.83,46.29287024435274,17.085,63.37787024435274,25.0,3.75,111.83,90.58
2025-12-21 06:00:00,88.14,50.98644964692457,17.085,68.07144964692458,25.0,3.75,113.14,91.89
2025-12-21 07:00:00,92.85,46.66982987858698,17.085,63.75482987858698,25.0,3.75,117.85,96.6
2025-12-21 08:00:00,102.15,44.45133294758402,17.085,61.53633294758402,25.0,3.75,127.15,105.9
2025-12-21 09:00:00,107.01,46.58488753789304,17.085,63.66988753789304,25.0,3.75,132.01,110.76
2025-12-21 10:00:00,102.58,49.29256035805719,17.085,66.3775603580572,25.0,3.75,127.58,106.33
2025-12-21 11:00:00,101.3,45.51979945804357,17.085,62.60479945804357,25.0,3.75,126.3,105.05
2025-12-21 12:00:00,98.48,45.99547510469366,17.085,63.08047510469366,25.0,3.75,123.48,102.23
2025-12-21 13:00:00,94.87,48.383231287293015,17.085,65.46823128729301,25.0,3.75,119.87,98.62
2025-12-21 14:00:00,98.89,47.20227265618378,17.085,64.28727265618377,25.0,3.75,123.89,102.64
2025-12-21 15:00:00,100.87,48.36539832768011,17.085,65.45039832768012,25.0,3.75,125.87,104.62
2025-12-21 16:00:00,97.52,47.67181150422331,17.085,64.75681150422331,25.0,3.75,122.52,101.27
2025-12-21 17:00:00,97.07,48.15540306180978,17.085,65.24040306180979,25.0,3.75,122.07,100.82
2025-12-21 18:00:00,90.8,46.33155005108755,17.085,63.41655005108755,25.0,3.75,115.8,94.55
2025-12-21 19:00:00,86.14,47.659614306767416,17.085,64.74461430676742,25.0,3.75,111.14,89.89
2025-12-21 20:00:00,81.66,45.341406411314765,17.085,62.426406411314765,25.0,3.75,106.66,85.41
2025-12-21 21:00:00,78.86,49.773019667713406,17.085,66.8580196677134,25.0,3.75,103.86,82.61
2025-12-21 22:00:00,77.5,45.92760298907201,17.085,63.01260298907201,25.0,3.75,102.5,81.25
2025-12-21 23:00:00,70.91,49.45384739780541,17.085,66.53884739780541,25.0,3.75,95.91,74.66
2025-12-22 00:00:00,70.23,46.7289385007409,17.085,63.8139385007409,25.0,3.75,95.23,73.98
2025-12-22 01:00:00,68.83,47.60015044422128,17.085,64.68515044422128,25.0,3.75,93.83,72.58
2025-12-22 02:00:00,67.79,46.20622332092523,17.085,63.29122332092523,25.0,3.75,92.79,71.54
2025-12-22 03:00:00,66.31,45.16416156037057,17.085,62.249161560370574,25.0,3.75,91.31,70.06
2025-12-22 04:00:00,71.52,43.70663164749603,17.085,60.79163164749603,25.0,3.75,96.52,75.27
2025-12-22 05:00:00,74.11,45.085504105521714,17.085,62.170504105521715,25.0,3.75,99.11,77.86
2025-12-22 06:00:00,78.19,46.54833471627479,17.085,63.63333471627479,25.0,3.75,103.19,81.94
2025-12-22 07:00:00,90.45,47.6199107803644,17.085,64.7049107803644,25.0,3.75,115.45,94.2
2025-12-22 08:00:00,93.34,49.21691104927316,17.085,66.30191104927316,25.0,3.75,118.34,97.09
2025-12-22 09:00:00,90.79,46.304637503112936,17.085,63.38963750311294,25.0,3.75,115.79,94.54
2025-12-22 10:00:00,89.25,45.432230894172285,17.085,62.517230894172286,25.0,3.75,114.25,93.0
2025-12-22 11:00:00,85.0,44.310722850701204,17.085,61.395722850701205,25.0,3.75,110.0,88.75
2025-12-22 12:00:00,86.34,48.15627965851484,17.085,65.24127965851484,25.0,3.75,111.34,90.09
2025-12-22 13:00:00,88.62,49.96254145336532,17.085,67.04754145336531,25.0,3.75,113.62,92.37
2025-12-22 14:00:00,92.12,49.72881295861921,17.085,66.81381295861921,25.0,3.75,117.12,95.87
2025-12-22 15:00:00,99.54,48.61601791900111,17.085,65.70101791900112,25.0,3.75,124.54,103.29
2025-12-22 16:00:00,101.18,48.47323905724183,17.085,65.55823905724182,25.0,3.75,126.18,104.93
2025-12-22 17:00:00,107.89,50.59139998212532,17.085,67.67639998212532,25.0,3.75,132.89,111.64
2025-12-22 18:00:00,100.9,47.86031534554025,17.085,64.94531534554025,25.0,3.75,125.9,104.65
2025-12-22 19:00:00,93.79,48.48841177475497,17.085,65.57341177475497,25.0,3.75,118.79,97.54
2025-12-22 20:00:00,89.48,46.55458469900263,17.085,63.63958469900263,25.0,3.75,114.48,93.23
2025-12-22 21:00:00,84.86,44.47206568099712,17.085,61.55706568099712,25.0,3.75,109.86,88.61
2025-12-22 22:00:00,84.82,45.82845462170748,17.085,62.91345462170748,25.0,3.75,109.82,88.57
2025-12-22 23:00:00,77.97,47.17783434563732,17.085,64.26283434563732,25.0,3.75,102.97,81.72
2025-12-23 00:00:00,72.23,47.31772316770924,17.085,64.40272316770924,25.0,3.75,97.23,75.98
2025-12-23 01:00:00,65.03,51.04872413241742,17.085,68.13372413241743,25.0,3.75,90.03,68.78
2025-12-23 02:00:00,62.01,47.35870675788877,17.085,64.44370675788878,25.0,3.75,87.00999999999999,65.75999999999999
2025-12-23 03:00:00,59.06,49.55383931075792,17.085,66.63883931075793,25.0,3.75,84.06,62.81
2025-12-23 04:00:00,58.11,46.325997939554,17.085,63.410997939554,25.0,3.75,83.11,61.86
2025-12-23 05:00:00,59.02,46.572800651176166,17.085,63.65780065117617,25.0,3.75,84.02000000000001,62.77
2025-12-23 06:00:00,67.85,44.538137148259736,17.085,61.62313714825974,25.0,3.75,92.85,71.6
2025-12-23 07:00:00,78.02,45.711496396953486,17.085,62.796496396953486,25.0,3.75,103.02,81.77
2025-12-23 08:00:00,83.88,48.25011520543414,17.085,65.33511520543414,25.0,3.75,108.88,87.63
2025-12-23 09:00:00,85.47,47.2112727834949,17.085,64.2962727834949,25.0,3.75,110.47,89.22
2025-12-23 10:00:00,83.84,49.0820296625011,17.085,66.16702966250111,25.0,3.75,108.84,87.59
2025-12-23 11:00:00,81.87,47.55866031939673,17.085,64.64366031939673,25.0,3.75,106.87,85.62
2025-12-23 12:00:00,80.49,46.49124495943115,17.085,63.57624495943115,25.0,3.75,105.49,84.24
2025-12-23 13:00:00,79.21,51.49274615028055,17.085,68.57774615028055,25.0,3.75,104.21,82.96
2025-12-23 14:00:00,79.22,47.00834528528054,17.085,64.09334528528055,25.0,3.75,104.22,82.97
2025-12-23 15:00:00,81.83,49.52215436211724,17.085,66.60715436211724,25.0,3.75,106.83,85.58
2025-12-23 16:00:00,83.69,46.393734009617276,17.085,63.47873400961728,25.0,3.75,108.69,87.44
2025-12-23 17:00:00,82.47,48.615351381473765,17.085,65.70035138147377,25.0,3.75,107.47,86.22
2025-12-23 18:00:00,83.95,49.052183741010005,17.085,66.13718374101,25.0,3.75,108.95,87.7
2025-12-23 19:00:00,82.47,47.61313636385779,17.085,64.6981363638578,25.0,3.75,107.47,86.22
2025-12-23 20:00:00,78.01,42.48718657731343,17.085,59.57218657731343,25.0,3.75,103.01,81.76
2025-12-23 21:00:00,69.93,47.23265734441886,17.085,64.31765734441886,25.0,3.75,94.93,73.68
2025-12-23 22:00:00,71.84,49.657072518226585,17.085,66.74207251822659,25.0,3.75,96.84,75.59
2025-12-23 23:00:00,64.09,48.251114088762094,17.085,65.33611408876209,25.0,3.75,89.09,67.84
2025-12-24 00:00:00,60.25,48.08783017316512,17.085,65.17283017316512,25.0,3.75,85.25,64.0
2025-12-24 01:00:00,55.86,43.7516385547916,17.085,60.8366385547916,25.0,3.75,80.86,59.61
2025-12-24 02:00:00,56.8,45.755242281356516,17.085,62.84024228135652,25.0,3.75,81.8,60.55
2025-12-24 03:00:00,55.84,48.01886768500951,17.085,65.1038676850095,25.0,3.75,80.84,59.59
2025-12-24 04:00:00,55.85,48.016918976280415,17.085,65.10191897628042,25.0,3.75,80.85,59.6
2025-12-24 05:00:00,55.85,49.625485982972435,17.085,66.71048598297244,25.0,3.75,80.85,59.6
2025-12-24 06:00:00,57.21,46.906418912414445,17.085,63.991418912414446,25.0,3.75,82.21000000000001,60.96
2025-12-24 07:00:00,67.45,48.00780059605426,17.085,65.09280059605426,25.0,3.75,92.45,71.2
2025-12-24 08:00:00,81.0,47.22890090656922,17.085,64.31390090656922,25.0,3.75,106.0,84.75
2025-12-24 09:00:00,82.47,45.22226694970352,17.085,62.30726694970352,25.0,3.75,107.47,86.22
2025-12-24 10:00:00,76.02,42.684569760517135,17.085,59.769569760517136,25.0,3.75,101.02,79.77
2025-12-24 11:00:00,69.29,48.05817180696678,17.085,65.14317180696679,25.0,3.75,94.29,73.04
2025-12-24 12:00:00,68.51,47.54404683953226,17.085,64.62904683953226,25.0,3.75,93.51,72.26
2025-12-24 13:00:00,67.99,45.95980233850629,17.085,63.044802338506294,25.0,3.75,92.99,71.74
2025-12-24 14:00:00,73.76,43.9578063096749,17.085,61.0428063096749,25.0,3.75,98.76,77.51
2025-12-24 15:00:00,83.05,48.455631451524106,17.085,65.5406314515241,25.0,3.75,108.05,86.8
2025-12-24 16:00:00,87.9,46.66431227431553,17.085,63.74931227431553,25.0,3.75,112.9,91.65
2025-12-24 17:00:00,89.13,48.309901867442925,17.085,65.39490186744293,25.0,3.75,114.13,92.88
2025-12-24 18:00:00,78.91,50.92424948353015,17.085,68.00924948353014,25.0,3.75,103.91,82.66
2025-12-24 19:00:00,71.77,42.913290662067226,17.085,59.99829066206723,25.0,3.75,96.77,75.52
2025-12-24 20:00:00,68.16,45.796950805301904,17.085,62.881950805301905,25.0,3.75,93.16,71.91
2025-12-24 21:00:00,67.99,46.777401196082806,17.085,63.86240119608281,25.0,3.75,92.99,71.74
2025-12-24 22:00:00,69.01,50.10580477099993,17.085,67.19080477099993,25.0,3.75,94.01,72.76
2025-12-24 23:00:00,65.16,43.923346384293666,17.085,61.00834638429367,25.0,3.75,90.16,68.91
2025-12-25 00:00:00,63.22,51.06787447406784,17.085,68.15287447406784,25.0,3.75,88.22,66.97
2025-12-25 01:00:00,58.44,47.467864225839214,17.085,64.55286422583922,25.0,3.75,83.44,62.19
2025-12-25 02:00:00,56.86,47.00415109923892,17.085,64.08915109923892,25.0,3.75,81.86,60.61
2025-12-25 03:00:00,55.85,46.80003289626882,17.085,63.88503289626882,25.0,3.75,80.85,59.6
2025-12-25 04:00:00,54.53,46.32362635834657,17.085,63.408626358346574,25.0,3.75,79.53,58.28
2025-12-25 05:00:00,52.61,49.292385941244945,17.085,66.37738594124494,25.0,3.75,77.61,56.36
2025-12-25 06:00:00,49.17,45.059110914541755,17.085,62.144110914541756,25.0,3.75,74.17,52.92
2025-12-25 07:00:00,54.03,47.88698078599434,17.085,64.97198078599433,25.0,3.75,79.03,57.78
2025-12-25 08:00:00,64.21,46.42778909129268,17.085,63.51278909129268,25.0,3.75,89.21,67.96
2025-12-25 09:00:00,64.71,45.671885525678434,17.085,62.756885525678435,25.0,3.75,89.71,68.46
2025-12-25 10:00:00,53.77,52.36810277407442,17.085,69.45310277407442,25.0,3.75,78.77000000000001,57.52
2025-12-25 11:00:00,48.98,48.03425389221355,17.085,65.11925389221355,25.0,3.75,73.97999999999999,52.73
2025-12-25 12:00:00,48.49,48.42268351202892,17.085,65.50768351202892,25.0,3.75,73.49000000000001,52.24
2025-12-25 13:00:00,47.87,49.47170598404396,17.085,66.55670598404396,25.0,3.75,72.87,51.62
2025-12-25 14:00:00,68.55,44.35345253206954,17.085,61.43845253206954,25.0,3.75,93.55,72.3
2025-12-25 15:00:00,89.41,50.7007362409507,17.085,67.7857362409507,25.0,3.75,114.41,93.16
2025-12-25 16:00:00,92.24,42.17823806571648,17.085,59.26323806571648,25.0,3.75,117.24,95.99
2025-12-25 17:00:00,94.01,45.65861960262959,17.085,62.74361960262959,25.0,3.75,119.01,97.76
2025-12-25 18:00:00,94.06,46.278089076348834,17.085,63.363089076348835,25.0,3.75,119.06,97.81
2025-12-25 19:00:00,91.71,48.35959915264765,17.085,65.44459915264764,25.0,3.75,116.71,95.46
2025-12-25 20:00:00,91.03,47.633588954989605,17.085,64.7185889549896,25.0,3.75,116.03,94.78
2025-12-25 21:00:00,92.7,46.86252294130985,17.085,63.94752294130985,25.0,3.75,117.7,96.45
2025-12-25 22:00:00,96.15,47.172157733451186,17.085,64.25715773345118,25.0,3.75,121.15,99.9
2025-12-25 23:00:00,91.47,45.2401063756615,17.085,62.3251063756615,25.0,3.75,116.47,95.22
2025-12-26 00:00:00,97.1,44.20168763373829,17.085,61.28668763373829,25.0,3.75,122.1,100.85
2025-12-26 01:00:00,91.05,48.64917566737875,17.085,65.73417566737875,25.0,3.75,116.05,94.8
2025-12-26 02:00:00,85.82,48.583564647779,17.085,65.668564647779,25.0,3.75,110.82,89.57
2025-12-26 03:00:00,83.05,50.365141173020746,17.085,67.45014117302074,25.0,3.75,108.05,86.8
2025-12-26 04:00:00,82.39,45.616118229076214,17.085,62.701118229076215,25.0,3.75,107.39,86.14
2025-12-26 05:00:00,82.84,48.581782843308474,17.085,65.66678284330848,25.0,3.75,107.84,86.59
2025-12-26 06:00:00,85.02,46.62873896597717,17.085,63.71373896597717,25.0,3.75,110.02,88.77
2025-12-26 07:00:00,93.12,49.5771023930936,17.085,66.66210239309359,25.0,3.75,118.12,96.87
2025-12-26 08:00:00,98.9,49.24007797606291,17.085,66.32507797606291,25.0,3.75,123.9,102.65
2025-12-26 09:00:00,96.73,47.61857122115555,17.085,64.70357122115556,25.0,3.75,121.73,100.48
2025-12-26 10:00:00,89.25,46.51709210937466,17.085,63.60209210937466,25.0,3.75,114.25,93.0
2025-12-26 11:00:00,84.99,49.11801677992315,17.085,66.20301677992316,25.0,3.75,109.99,88.74
2025-12-26 12:00:00,82.31,48.489961469219764,17.085,65.57496146921977,25.0,3.75,107.31,86.06
2025-12-26 13:00:00,83.1,45.82727161853427,17.085,62.91227161853427,25.0,3.75,108.1,86.85
2025-12-26 14:00:00,92.7,44.54055507574777,17.085,61.62555507574777,25.0,3.75,117.7,96.45
2025-12-26 15:00:00,109.14,46.61908662134304,17.085,63.70408662134304,25.0,3.75,134.14,112.89
2025-12-26 16:00:00,116.77,50.226980053403054,17.085,67.31198005340306,25.0,3.75,141.76999999999998,120.52
2025-12-26 17:00:00,120.47,49.48912674017271,17.085,66.57412674017272,25.0,3.75,145.47,124.22
2025-12-26 18:00:00,116.97,44.97149748336547,17.085,62.05649748336547,25.0,3.75,141.97,120.72
2025-12-26 19:00:00,116.26,44.86063759090679,17.085,61.94563759090679,25.0,3.75,141.26,120.01
2025-12-26 20:00:00,113.73,49.74552012206561,17.085,66.83052012206561,25.0,3.75,138.73000000000002,117.48
2025-12-26 21:00:00,111.5,44.92488061319097,17.085,62.00988061319097,25.0,3.75,136.5,115.25
2025-12-26 22:00:00,108.26,48.21474306999065,17.085,65.29974306999065,25.0,3.75,133.26,112.01
2025-12-26 23:00:00,99.37,45.964009992033986,17.085,63.04900999203399,25.0,3.75,124.37,103.12
2025-12-27 00:00:00,96.69,50.43024227175,17.085,67.51524227175,25.0,3.75,121.69,100.44
2025-12-27 01:00:00,91.73,45.655302824430876,17.085,62.74030282443088,25.0,3.75,116.73,95.48
2025-12-27 02:00:00,84.71,49.48287548311829,17.085,66.56787548311829,25.0,3.75,109.71,88.46
2025-12-27 03:00:00,82.72,47.56586973082736,17.085,64.65086973082737,25.0,3.75,107.72,86.47
2025-12-27 04:00:00,84.0,47.700542131175204,17.085,64.7855421311752,25.0,3.75,109.0,87.75
2025-12-27 05:00:00,83.17,43.25553526000383,17.085,60.34053526000383,25.0,3.75,108.17,86.92
2025-12-27 06:00:00,88.02,42.79032571629519,17.085,59.875325716295194,25.0,3.75,113.02,91.77
2025-12-27 07:00:00,99.51,46.755020542172005,17.085,63.840020542172006,25.0,3.75,124.51,103.26
2025-12-27 08:00:00,102.32,47.68996454953986,17.085,64.77496454953986,25.0,3.75,127.32,106.07
2025-12-27 09:00:00,93.81,44.94575676723119,17.085,62.03075676723119,25.0,3.75,118.81,97.56
2025-12-27 10:00:00,80.03,45.01876560175395,17.085,62.10376560175395,25.0,3.75,105.03,83.78
2025-12-27 11:00:00,75.4,48.3190976823589,17.085,65.4040976823589,25.0,3.75,100.4,79.15
2025-12-27 12:00:00,74.54,48.32186138362089,17.085,65.40686138362089,25.0,3.75,99.54,78.29
2025-12-27 13:00:00,76.74,46.92067030193078,17.085,64.00567030193078,25.0,3.75,101.74,80.49
2025-12-27 14:00:00,81.2,48.75655586507878,17.085,65.84155586507879,25.0,3.75,106.2,84.95
2025-12-27 15:00:00,94.54,44.84774783126634,17.085,61.93274783126634,25.0,3.75,119.54,98.29
2025-12-27 16:00:00,103.01,46.48428258853269,17.085,63.569282588532694,25.0,3.75,128.01,106.76
2025-12-27 17:00:00,105.93,50.49190763427398,17.085,67.57690763427398,25.0,3.75,130.93,109.68
2025-12-27 18:00:00,108.43,47.33279668258627,17.085,64.41779668258627,25.0,3.75,133.43,112.18
2025-12-27 19:00:00,105.0,47.44877745188063,17.085,64.53377745188064,25.0,3.75,130.0,108.75
2025-12-27 20:00:00,102.59,51.80804559464211,17.085,68.8930455946421,25.0,3.75,127.59,106.34
2025-12-27 21:00:00,93.9,44.39746809100909,17.085,61.48246809100909,25.0,3.75,118.9,97.65
2025-12-27 22:00:00,95.42,48.78901315599085,17.085,65.87401315599085,25.0,3.75,120.42,99.17
2025-12-27 23:00:00,91.3,50.52412498232283,17.085,67.60912498232284,25.0,3.75,116.3,95.05
2025-12-28 00:00:00,84.34,46.54643656970954,17.085,63.63143656970954,25.0,3.75,109.34,88.09
2025-12-28 01:00:00,83.37,48.915413996416326,17.085,66.00041399641633,25.0,3.75,108.37,87.12
2025-12-28 02:00:00,79.96,45.23211342828482,17.085,62.31711342828482,25.0,3.75,104.96,83.71
2025-12-28 03:00:00,78.82,45.82268763157193,17.085,62.90768763157193,25.0,3.75,103.82,82.57
2025-12-28 04:00:00,80.45,47.966085254801904,17.085,65.0510852548019,25.0,3.75,105.45,84.2
2025-12-28 05:00:00,83.61,48.79328576892781,17.085,65.87828576892781,25.0,3.75,108.61,87.36
2025-12-28 06:00:00,86.48,49.438025447519124,17.085,66.52302544751913,25.0,3.75,111.48,90.23
2025-12-28 07:00:00,92.15,50.33540959658562,17.085,67.42040959658561,25.0,3.75,117.15,95.9
2025-12-28 08:00:00,97.36,47.061259305596266,17.085,64.14625930559626,25.0,3.75,122.36,101.11
2025-12-28 09:00:00,96.57,49.583375933051805,17.085,66.6683759330518,25.0,3.75,121.57,100.32
2025-12-28 10:00:00,88.21,46.511542735808334,17.085,63.596542735808335,25.0,3.75,113.21,91.96
2025-12-28 11:00:00,88.37,49.00033504588317,17.085,66.08533504588317,25.0,3.75,113.37,92.12
2025-12-28 12:00:00,80.02,47.611130018411,17.085,64.696130018411,25.0,3.75,105.02,83.77
2025-12-28 13:00:00,80.03,48.08750823687048,17.085,65.17250823687047,25.0,3.75,105.03,83.78
2025-12-28 14:00:00,86.68,48.043168170750704,17.085,65.12816817075071,25.0,3.75,111.68,90.43
2025-12-28 15:00:00,100.87,43.98674240311101,17.085,61.07174240311101,25.0,3.75,125.87,104.62
2025-12-28 16:00:00,110.88,44.94790870498508,17.085,62.03290870498508,25.0,3.75,135.88,114.63
2025-12-28 17:00:00,113.7,47.401235302341675,17.085,64.48623530234167,25.0,3.75,138.7,117.45
2025-12-28 18:00:00,114.46,43.821594263424295,17.085,60.906594263424296,25.0,3.75,139.45999999999998,118.21
2025-12-28 19:00:00,109.33,48.858574629106144,17.085,65.94357462910614,25.0,3.75,134.32999999999998,113.08
2025-12-28 20:00:00,105.01,48.939264355282916,17.085,66.02426435528292,25.0,3.75,130.01,108.76
2025-12-28 21:00:00,99.03,47.85049352846221,17.085,64.93549352846222,25.0,3.75,124.03,102.78
2025-12-28 22:00:00,98.28,44.95388439719079,17.085,62.03888439719079,25.0,3.75,123.28,102.03
2025-12-28 23:00:00,88.44,49.956430300443664,17.085,67.04143030044366,25.0,3.75,113.44,92.19
2025-12-29 00:00:00,89.88,51.270573702143345,17.085,68.35557370214335,25.0,3.75,114.88,93.63
2025-12-29 01:00:00,84.98,47.49030607759858,17.085,64.57530607759858,25.0,3.75,109.98,88.73
2025-12-29 02:00:00,84.18,48.21722317960911,17.085,65.30222317960911,25.0,3.75,109.18,87.93
2025-12-29 03:00:00,82.19,47.59962973229872,17.085,64.68462973229873,25.0,3.75,107.19,85.94
2025-12-29 04:00:00,83.62,48.25689080070423,17.085,65.34189080070422,25.0,3.75,108.62,87.37
2025-12-29 05:00:00,90.79,46.95703490945384,17.085,64.04203490945383,25.0,3.75,115.79,94.54
2025-12-29 06:00:00,96.33,47.127023943019026,17.085,64.21202394301903,25.0,3.75,121.33,100.08
2025-12-29 07:00:00,104.72,49.00758762370136,17.085,66.09258762370136,25.0,3.75,129.72,108.47
2025-12-29 08:00:00,113.88,51.887400746499516,17.085,68.97240074649952,25.0,3.75,138.88,117.63
2025-12-29 09:00:00,111.01,44.39600995390315,17.085,61.481009953903154,25.0,3.75,136.01,114.76
2025-12-29 10:00:00,97.65,46.9885274539007,17.085,64.07352745390071,25.0,3.75,122.65,101.4
2025-12-29 11:00:00,90.35,44.83523145224247,17.085,61.92023145224247,25.0,3.75,115.35,94.1
2025-12-29 12:00:00,87.66,50.3802022198588,17.085,67.46520221985881,25.0,3.75,112.66,91.41
2025-12-29 13:00:00,88.52,46.02067648406683,17.085,63.105676484066834,25.0,3.75,113.52,92.27
2025-12-29 14:00:00,96.1,44.30975083513504,17.085,61.39475083513504,25.0,3.75,121.1,99.85
2025-12-29 15:00:00,103.51,48.47252642040378,17.085,65.55752642040378,25.0,3.75,128.51,107.26
2025-12-29 16:00:00,108.66,50.68477465219286,17.085,67.76977465219287,25.0,3.75,133.66,112.41
2025-12-29 17:00:00,107.01,48.52334815982816,17.085,65.60834815982815,25.0,3.75,132.01,110.76
2025-12-29 18:00:00,103.31,47.60574817727046,17.085,64.69074817727046,25.0,3.75,128.31,107.06
2025-12-29 19:00:00,95.15,48.01443426825862,17.085,65.09943426825862,25.0,3.75,120.15,98.9
2025-12-29 20:00:00,90.37,50.02583374835774,17.085,67.11083374835775,25.0,3.75,115.37,94.12
2025-12-29 21:00:00,83.25,45.447753882678334,17.085,62.532753882678335,25.0,3.75,108.25,87.0
2025-12-29 22:00:00,87.91,46.97245821453401,17.085,64.05745821453401,25.0,3.75,112.91,91.66
2025-12-29 23:00:00,83.34,46.29077212568757,17.085,63.37577212568757,25.0,3.75,108.34,87.09
2025-12-30 00:00:00,77.86,44.86042180812321,17.085,61.945421808123214,25.0,3.75,102.86,81.61
2025-12-30 01:00:00,73.22,46.53940190387303,17.085,63.62440190387303,25.0,3.75,98.22,76.97
2025-12-30 02:00:00,71.86,49.41159461467153,17.085,66.49659461467152,25.0,3.75,96.86,75.61
2025-12-30 03:00:00,69.36,48.32935671949208,17.085,65.41435671949208,25.0,3.75,94.36,73.11
2025-12-30 04:00:00,68.54,48.484773422923034,17.085,65.56977342292303,25.0,3.75,93.54,72.29
2025-12-30 05:00:00,71.99,47.48910364601327,17.085,64.57410364601327,25.0,3.75,96.99,75.74
2025-12-30 06:00:00,80.02,48.24279998816381,17.085,65.3277999881638,25.0,3.75,105.02,83.77
2025-12-30 07:00:00,87.97,45.59497173801042,17.085,62.67997173801042,25.0,3.75,112.97,91.72
2025-12-30 08:00:00,94.88,46.57713265085217,17.085,63.66213265085217,25.0,3.75,119.88,98.63
2025-12-30 09:00:00,94.39,47.58016089664399,17.085,64.66516089664398,25.0,3.75,119.39,98.14
2025-12-30 10:00:00,85.82,47.751184140470414,17.085,64.83618414047041,25.0,3.75,110.82,89.57
2025-12-30 11:00:00,79.38,47.83652813255038,17.085,64.92152813255038,25.0,3.75,104.38,83.13
2025-12-30 12:00:00,76.16,46.919481858673876,17.085,64.00448185867387,25.0,3.75,101.16,79.91
2025-12-30 13:00:00,76.76,46.44130562044597,17.085,63.526305620445974,25.0,3.75,101.76,80.51
2025-12-30 14:00:00,88.97,53.51169498879523,17.085,70.59669498879524,25.0,3.75,113.97,92.72
2025-12-30 15:00:00,102.33,49.00972696857143,17.085,66.09472696857142,25.0,3.75,127.33,106.08
2025-12-30 16:00:00,109.1,48.02244737461188,17.085,65.10744737461188,25.0,3.75,134.1,112.85
2025-12-30 17:00:00,110.71,46.72973542629384,17.085,63.81473542629384,25.0,3.75,135.70999999999998,114.46
2025-12-30 18:00:00,109.12,46.29371476881888,17.085,63.37871476881888,25.0,3.75,134.12,112.87
2025-12-30 19:00:00,105.61,46.93455123525272,17.085,64.01955123525272,25.0,3.75,130.61,109.36
2025-12-30 20:00:00,101.04,47.78181010988,17.085,64.86681010987999,25.0,3.75,126.04,104.79
2025-12-30 21:00:00,93.32,43.435281334580466,17.085,60.52028133458047,25.0,3.75,118.32,97.07
2025-12-30 22:00:00,92.05,44.057373231957264,17.085,61.142373231957265,25.0,3.75,117.05,95.8
2025-12-30 23:00:00,85.81,45.92238764482872,17.085,63.00738764482872,25.0,3.75,110.81,89.56
2025-12-31 00:00:00,88.08,47.61043129626377,17.085,64.69543129626376,25.0,3.75,113.08,91.83
2025-12-31 01:00:00,84.34,46.71760612840293,17.085,63.80260612840293,25.0,3.75,109.34,88.09
2025-12-31 02:00:00,80.21,50.1523948749056,17.085,67.2373948749056,25.0,3.75,105.21,83.96
2025-12-31 03:00:00,76.58,44.2313588487151,17.085,61.3163588487151,25.0,3.75,101.58,80.33
2025-12-31 04:00:00,74.93,45.69346148349989,17.085,62.77846148349989,25.0,3.75,99.93,78.68
2025-12-31 05:00:00,77.38,50.236335904688836,17.085,67.32133590468884,25.0,3.75,102.38,81.13
2025-12-31 06:00:00,81.87,47.458391072056926,17.085,64.54339107205692,25.0,3.75,106.87,85.62
2025-12-31 07:00:00,85.28,48.96583758830895,17.085,66.05083758830895,25.0,3.75,110.28,89.03
2025-12-31 08:00:00,95.79,51.298646309245555,17.085,68.38364630924556,25.0,3.75,120.79,99.54
2025-12-31 09:00:00,95.34,45.808543586902985,17.085,62.893543586902986,25.0,3.75,120.34,99.09
2025-12-31 10:00:00,89.26,46.99752374712257,17.085,64.08252374712256,25.0,3.75,114.26,93.01
2025-12-31 11:00:00,83.48,46.65129862084489,17.085,63.73629862084489,25.0,3.75,108.48,87.23
2025-12-31 12:00:00,83.05,43.28696641374008,17.085,60.37196641374008,25.0,3.75,108.05,86.8
2025-12-31 13:00:00,85.17,46.5753588151947,17.085,63.6603588151947,25.0,3.75,110.17,88.92
2025-12-31 14:00:00,85.18,48.95827679746796,17.085,66.04327679746797,25.0,3.75,110.18,88.93
2025-12-31 15:00:00,90.83,48.277331506331116,17.085,65.36233150633112,25.0,3.75,115.83,94.58
2025-12-31 16:00:00,100.71,48.43431876148265,17.085,65.51931876148265,25.0,3.75,125.71,104.46
2025-12-31 17:00:00,110.1,46.445134461427635,17.085,63.530134461427636,25.0,3.75,135.1,113.85
2025-12-31 18:00:00,107.53,45.88395795069535,17.085,62.96895795069535,25.0,3.75,132.53,111.28
2025-12-31 19:00:00,95.99,49.73466376650387,17.085,66.81966376650388,25.0,3.75,120.99,99.74
2025-12-31 20:00:00,86.8,46.20151812999129,17.085,63.28651812999129,25.0,3.75,111.8,90.55
2025-12-31 21:00:00,79.8,47.78431650029306,17.085,64.86931650029305,25.0,3.75,104.8,83.55
2025-12-31 22:00:00,81.39,47.52282178406171,17.085,64.60782178406171,25.0,3.75,106.39,85.14
2025-12-31 23:00:00,76.45,50.11958645522087,17.085,67.20458645522086,25.0,3.75,101.45,80.2
