timestamp,ghi,dni,dhi,temp_air,pv_normalized_yield
2025-01-01 00:00:00,0.0,0.0,0.0,4.7,0.0
2025-01-01 01:00:00,0.0,0.0,0.0,4.5,0.0
2025-01-01 02:00:00,0.0,0.0,0.0,5.0,0.0
2025-01-01 03:00:00,0.0,0.0,0.0,5.2,0.0
2025-01-01 04:00:00,0.0,0.0,0.0,5.3,0.0
2025-01-01 05:00:00,0.0,0.0,0.0,5.3,0.0
2025-01-01 06:00:00,0.0,0.0,0.0,4.9,0.0
2025-01-01 07:00:00,0.0,0.0,0.0,4.2,0.0
2025-01-01 08:00:00,2.0,0.0,2.0,3.6,0.0019182456602741464
2025-01-01 09:00:00,35.0,11.0,34.0,3.7,0.040324927943462215
2025-01-01 10:00:00,55.0,5.4,54.0,4.2,0.05597106404093159
2025-01-01 11:00:00,53.0,0.0,53.0,4.8,0.05033248051452636
2025-01-01 12:00:00,55.0,0.0,55.0,5.2,0.05214281429124567
2025-01-01 13:00:00,57.0,0.0,57.0,6.9,0.053684751069557876
2025-01-01 14:00:00,43.0,4.9,42.0,7.1,0.043246262681600166
2025-01-01 15:00:00,15.0,0.0,15.0,6.9,0.014191945942451094
2025-01-01 16:00:00,2.0,0.0,2.0,7.2,0.0018927955647807517
2025-01-01 17:00:00,0.0,0.0,0.0,7.3,0.0
2025-01-01 18:00:00,0.0,0.0,0.0,7.6,0.0
2025-01-01 19:00:00,0.0,0.0,0.0,7.8,0.0
2025-01-01 20:00:00,0.0,0.0,0.0,7.2,0.0
2025-01-01 21:00:00,0.0,0.0,0.0,6.9,0.0
2025-01-01 22:00:00,0.0,0.0,0.0,7.0,0.0
2025-01-01 23:00:00,0.0,0.0,0.0,5.3,0.0
2025-01-02 00:00:00,0.0,0.0,0.0,4.4,0.0
2025-01-02 01:00:00,0.0,0.0,0.0,4.3,0.0
2025-01-02 02:00:00,0.0,0.0,0.0,3.7,0.0
2025-01-02 03:00:00,0.0,0.0,0.0,3.3,0.0
2025-01-02 04:00:00,0.0,0.0,0.0,3.0,0.0
2025-01-02 05:00:00,0.0,0.0,0.0,2.9,0.0
2025-01-02 06:00:00,0.0,0.0,0.0,2.8,0.0
2025-01-02 07:00:00,0.0,0.0,0.0,2.7,0.0
2025-01-02 08:00:00,1.0,0.0,1.0,3.0,0.000961345861700435
2025-01-02 09:00:00,19.0,0.0,19.0,3.3,0.018210474306934624
2025-01-02 10:00:00,61.0,64.3,49.0,3.9,0.10048566049421422
2025-01-02 11:00:00,96.0,96.6,72.0,4.7,0.15716664871692687
2025-01-02 12:00:00,147.0,168.7,101.0,4.9,0.2563181896948893
2025-01-02 13:00:00,99.0,34.9,90.0,4.7,0.1170598722348551
2025-01-02 14:00:00,77.0,24.4,72.0,4.6,0.0880690772666431
2025-01-02 15:00:00,46.0,119.8,32.0,3.4,0.10798377758621201
2025-01-02 16:00:00,5.0,19.1,4.0,2.6,0.010304027728817878
2025-01-02 17:00:00,0.0,0.0,0.0,2.1,0.0
2025-01-02 18:00:00,0.0,0.0,0.0,1.7,0.0
2025-01-02 19:00:00,0.0,0.0,0.0,1.3,0.0
2025-01-02 20:00:00,0.0,0.0,0.0,0.9,0.0
2025-01-02 21:00:00,0.0,0.0,0.0,0.6,0.0
2025-01-02 22:00:00,0.0,0.0,0.0,0.1,0.0
2025-01-02 23:00:00,0.0,0.0,0.0,0.0,0.0
2025-01-03 00:00:00,0.0,0.0,0.0,-0.1,0.0
2025-01-03 01:00:00,0.0,0.0,0.0,0.7,0.0
2025-01-03 02:00:00,0.0,0.0,0.0,0.6,0.0
2025-01-03 03:00:00,0.0,0.0,0.0,0.4,0.0
2025-01-03 04:00:00,0.0,0.0,0.0,0.3,0.0
2025-01-03 05:00:00,0.0,0.0,0.0,0.7,0.0
2025-01-03 06:00:00,0.0,0.0,0.0,0.8,0.0
2025-01-03 07:00:00,0.0,0.0,0.0,0.6,0.0
2025-01-03 08:00:00,1.0,0.0,1.0,0.6,0.0009698292268648998
2025-01-03 09:00:00,37.0,119.3,26.0,1.0,0.10792596431552041
2025-01-03 10:00:00,127.0,410.4,50.0,1.4,0.3835725373210007
2025-01-03 11:00:00,219.0,648.8,57.0,1.9,0.6116508146633018
2025-01-03 12:00:00,244.0,656.5,64.0,2.4,0.6323419469138638
2025-01-03 13:00:00,205.0,535.6,66.0,2.8,0.5139699693737321
2025-01-03 14:00:00,142.0,377.5,64.0,2.8,0.3537337343847505
2025-01-03 15:00:00,44.0,50.4,38.0,2.6,0.07042984150088676
2025-01-03 16:00:00,3.0,0.0,3.0,2.5,0.002888726546695621
2025-01-03 17:00:00,0.0,0.0,0.0,2.0,0.0
2025-01-03 18:00:00,0.0,0.0,0.0,2.0,0.0
2025-01-03 19:00:00,0.0,0.0,0.0,1.9,0.0
2025-01-03 20:00:00,0.0,0.0,0.0,1.4,0.0
2025-01-03 21:00:00,0.0,0.0,0.0,1.3,0.0
2025-01-03 22:00:00,0.0,0.0,0.0,1.1,0.0
2025-01-03 23:00:00,0.0,0.0,0.0,0.9,0.0
2025-01-04 00:00:00,0.0,0.0,0.0,0.6,0.0
2025-01-04 01:00:00,0.0,0.0,0.0,0.1,0.0
2025-01-04 02:00:00,0.0,0.0,0.0,0.5,0.0
2025-01-04 03:00:00,0.0,0.0,0.0,0.3,0.0
2025-01-04 04:00:00,0.0,0.0,0.0,0.6,0.0
2025-01-04 05:00:00,0.0,0.0,0.0,0.7,0.0
2025-01-04 06:00:00,0.0,0.0,0.0,0.8,0.0
2025-01-04 07:00:00,0.0,0.0,0.0,0.9,0.0
2025-01-04 08:00:00,1.0,0.0,1.0,0.8,0.0009691222797678611
2025-01-04 09:00:00,25.0,0.0,25.0,1.2,0.02413139547599715
2025-01-04 10:00:00,55.0,0.0,55.0,1.6,0.05284269191731402
2025-01-04 11:00:00,102.0,15.9,98.0,2.1,0.1089902377642832
2025-01-04 12:00:00,107.0,7.2,105.0,2.2,0.10723035730101449
2025-01-04 13:00:00,110.0,15.3,106.0,2.8,0.11530755515028196
2025-01-04 14:00:00,86.0,4.8,85.0,2.6,0.08515081856105766
2025-01-04 15:00:00,44.0,8.2,43.0,2.3,0.04695739656391799
2025-01-04 16:00:00,7.0,0.0,7.0,1.6,0.006759769448223622
2025-01-04 17:00:00,0.0,0.0,0.0,0.9,0.0
2025-01-04 18:00:00,0.0,0.0,0.0,0.7,0.0
2025-01-04 19:00:00,0.0,0.0,0.0,0.4,0.0
2025-01-04 20:00:00,0.0,0.0,0.0,0.4,0.0
2025-01-04 21:00:00,0.0,0.0,0.0,0.2,0.0
2025-01-04 22:00:00,0.0,0.0,0.0,0.3,0.0
2025-01-04 23:00:00,0.0,0.0,0.0,0.4,0.0
2025-01-05 00:00:00,0.0,0.0,0.0,0.5,0.0
2025-01-05 01:00:00,0.0,0.0,0.0,0.9,0.0
2025-01-05 02:00:00,0.0,0.0,0.0,0.9,0.0
2025-01-05 03:00:00,0.0,0.0,0.0,0.7,0.0
2025-01-05 04:00:00,0.0,0.0,0.0,0.4,0.0
2025-01-05 05:00:00,0.0,0.0,0.0,0.4,0.0
2025-01-05 06:00:00,0.0,0.0,0.0,0.4,0.0
2025-01-05 07:00:00,0.0,0.0,0.0,0.6,0.0
2025-01-05 08:00:00,0.0,0.0,0.0,1.0,0.0
2025-01-05 09:00:00,12.0,0.0,12.0,1.4,0.011590528145784502
2025-01-05 10:00:00,29.0,0.0,29.0,2.3,0.027867806618598515
2025-01-05 11:00:00,37.0,0.0,37.0,3.6,0.035355208312513486
2025-01-05 12:00:00,21.0,0.0,21.0,4.6,0.02002657606906342
2025-01-05 13:00:00,36.0,0.0,36.0,7.0,0.033970689368318145
2025-01-05 14:00:00,21.0,0.0,21.0,10.0,0.019625737065042455
2025-01-05 15:00:00,18.0,0.0,18.0,10.8,0.016776678425179437
2025-01-05 16:00:00,2.0,0.0,2.0,11.1,0.001865224627996241
2025-01-05 17:00:00,0.0,0.0,0.0,11.0,0.0
2025-01-05 18:00:00,0.0,0.0,0.0,11.0,0.0
2025-01-05 19:00:00,0.0,0.0,0.0,10.4,0.0
2025-01-05 20:00:00,0.0,0.0,0.0,10.1,0.0
2025-01-05 21:00:00,0.0,0.0,0.0,10.6,0.0
2025-01-05 22:00:00,0.0,0.0,0.0,10.9,0.0
2025-01-05 23:00:00,0.0,0.0,0.0,11.0,0.0
2025-01-06 00:00:00,0.0,0.0,0.0,10.4,0.0
2025-01-06 01:00:00,0.0,0.0,0.0,10.2,0.0
2025-01-06 02:00:00,0.0,0.0,0.0,10.4,0.0
2025-01-06 03:00:00,0.0,0.0,0.0,10.2,0.0
2025-01-06 04:00:00,0.0,0.0,0.0,9.8,0.0
2025-01-06 05:00:00,0.0,0.0,0.0,9.6,0.0
2025-01-06 06:00:00,0.0,0.0,0.0,9.7,0.0
2025-01-06 07:00:00,0.0,0.0,0.0,10.2,0.0
2025-01-06 08:00:00,1.0,0.0,1.0,10.6,0.0009344818720129631
2025-01-06 09:00:00,6.0,0.0,6.0,10.6,0.005603825523910406
2025-01-06 10:00:00,5.0,0.0,5.0,10.7,0.004668598186877305
2025-01-06 11:00:00,67.0,110.2,39.0,11.5,0.13051298625277183
2025-01-06 12:00:00,147.0,246.8,78.0,13.1,0.2913784350728928
2025-01-06 13:00:00,74.0,45.2,62.0,13.1,0.09536991509968334
2025-01-06 14:00:00,68.0,56.2,56.0,11.8,0.09439035800750645
2025-01-06 15:00:00,52.0,150.1,33.0,9.7,0.12435198750547628
2025-01-06 16:00:00,8.0,38.2,6.0,8.3,0.019555918255560162
2025-01-06 17:00:00,0.0,0.0,0.0,7.2,0.0
2025-01-06 18:00:00,0.0,0.0,0.0,6.7,0.0
2025-01-06 19:00:00,0.0,0.0,0.0,6.2,0.0
2025-01-06 20:00:00,0.0,0.0,0.0,5.9,0.0
2025-01-06 21:00:00,0.0,0.0,0.0,5.5,0.0
2025-01-06 22:00:00,0.0,0.0,0.0,5.1,0.0
2025-01-06 23:00:00,0.0,0.0,0.0,4.3,0.0
2025-01-07 00:00:00,0.0,0.0,0.0,4.8,0.0
2025-01-07 01:00:00,0.0,0.0,0.0,5.4,0.0
2025-01-07 02:00:00,0.0,0.0,0.0,4.8,0.0
2025-01-07 03:00:00,0.0,0.0,0.0,4.5,0.0
2025-01-07 04:00:00,0.0,0.0,0.0,4.3,0.0
2025-01-07 05:00:00,0.0,0.0,0.0,4.0,0.0
2025-01-07 06:00:00,0.0,0.0,0.0,3.7,0.0
2025-01-07 07:00:00,0.0,0.0,0.0,3.7,0.0
2025-01-07 08:00:00,2.0,0.0,2.0,3.5,0.001918952607371185
2025-01-07 09:00:00,38.0,52.1,33.0,3.7,0.06815732153564223
2025-01-07 10:00:00,75.0,20.8,71.0,3.3,0.08582150923898693
2025-01-07 11:00:00,105.0,39.1,95.0,4.1,0.1274662636765871
2025-01-07 12:00:00,190.0,376.4,84.0,4.8,0.42344716876941085
2025-01-07 13:00:00,231.0,634.2,61.0,3.9,0.5821132777155291
2025-01-07 14:00:00,118.0,138.9,88.0,4.5,0.19864873444653347
2025-01-07 15:00:00,54.0,38.7,49.0,3.0,0.07403850570115879
2025-01-07 16:00:00,3.0,0.0,3.0,2.7,0.002886605705404505
2025-01-07 17:00:00,0.0,0.0,0.0,2.8,0.0
2025-01-07 18:00:00,0.0,0.0,0.0,2.5,0.0
2025-01-07 19:00:00,0.0,0.0,0.0,2.7,0.0
2025-01-07 20:00:00,0.0,0.0,0.0,3.3,0.0
2025-01-07 21:00:00,0.0,0.0,0.0,3.1,0.0
2025-01-07 22:00:00,0.0,0.0,0.0,2.9,0.0
2025-01-07 23:00:00,0.0,0.0,0.0,2.8,0.0
2025-01-08 00:00:00,0.0,0.0,0.0,2.3,0.0
2025-01-08 01:00:00,0.0,0.0,0.0,2.9,0.0
2025-01-08 02:00:00,0.0,0.0,0.0,2.6,0.0
2025-01-08 03:00:00,0.0,0.0,0.0,2.2,0.0
2025-01-08 04:00:00,0.0,0.0,0.0,2.1,0.0
2025-01-08 05:00:00,0.0,0.0,0.0,1.8,0.0
2025-01-08 06:00:00,0.0,0.0,0.0,1.5,0.0
2025-01-08 07:00:00,0.0,0.0,0.0,1.3,0.0
2025-01-08 08:00:00,3.0,19.1,2.0,1.0,0.010978572321497746
2025-01-08 09:00:00,65.0,380.3,28.0,1.7,0.28524142553663057
2025-01-08 10:00:00,147.0,442.9,61.0,2.9,0.42305094334495863
2025-01-08 11:00:00,165.0,178.4,119.0,3.5,0.2861665921855468
2025-01-08 12:00:00,184.0,288.9,102.0,4.1,0.3698872402272821
2025-01-08 13:00:00,118.0,18.5,113.0,4.3,0.12438952702357838
2025-01-08 14:00:00,98.0,22.9,93.0,4.5,0.10745380139934858
2025-01-08 15:00:00,36.0,0.0,36.0,4.1,0.034339715752972365
2025-01-08 16:00:00,4.0,0.0,4.0,3.6,0.003835673798370327
2025-01-08 17:00:00,0.0,0.0,0.0,3.7,0.0
2025-01-08 18:00:00,0.0,0.0,0.0,3.3,0.0
2025-01-08 19:00:00,0.0,0.0,0.0,1.8,0.0
2025-01-08 20:00:00,0.0,0.0,0.0,1.3,0.0
2025-01-08 21:00:00,0.0,0.0,0.0,1.1,0.0
2025-01-08 22:00:00,0.0,0.0,0.0,1.0,0.0
2025-01-08 23:00:00,0.0,0.0,0.0,1.3,0.0
2025-01-09 00:00:00,0.0,0.0,0.0,1.5,0.0
2025-01-09 01:00:00,0.0,0.0,0.0,1.4,0.0
2025-01-09 02:00:00,0.0,0.0,0.0,1.4,0.0
2025-01-09 03:00:00,0.0,0.0,0.0,1.1,0.0
2025-01-09 04:00:00,0.0,0.0,0.0,0.7,0.0
2025-01-09 05:00:00,0.0,0.0,0.0,0.7,0.0
2025-01-09 06:00:00,0.0,0.0,0.0,0.8,0.0
2025-01-09 07:00:00,0.0,0.0,0.0,0.7,0.0
2025-01-09 08:00:00,1.0,0.0,1.0,0.8,0.0009691222797678611
2025-01-09 09:00:00,13.0,0.0,13.0,0.8,0.01258264795451186
2025-01-09 10:00:00,29.0,0.0,29.0,0.6,0.02804206907801856
2025-01-09 11:00:00,53.0,0.0,53.0,1.0,0.05104437624124436
2025-01-09 12:00:00,49.0,0.0,49.0,0.3,0.04733324120769048
2025-01-09 13:00:00,71.0,0.0,71.0,0.6,0.06834998945434662
2025-01-09 14:00:00,74.0,0.0,74.0,0.8,0.07116301685215029
2025-01-09 15:00:00,69.0,103.8,55.0,0.9,0.12735248868791285
2025-01-09 16:00:00,13.0,74.1,9.0,0.8,0.03971050618740375
2025-01-09 17:00:00,0.0,0.0,0.0,0.5,0.0
2025-01-09 18:00:00,0.0,0.0,0.0,0.7,0.0
2025-01-09 19:00:00,0.0,0.0,0.0,0.5,0.0
2025-01-09 20:00:00,0.0,0.0,0.0,0.1,0.0
2025-01-09 21:00:00,0.0,0.0,0.0,-0.3,0.0
2025-01-09 22:00:00,0.0,0.0,0.0,-0.5,0.0
2025-01-09 23:00:00,0.0,0.0,0.0,-0.7,0.0
2025-01-10 00:00:00,0.0,0.0,0.0,-0.9,0.0
2025-01-10 01:00:00,0.0,0.0,0.0,-0.2,0.0
2025-01-10 02:00:00,0.0,0.0,0.0,0.1,0.0
2025-01-10 03:00:00,0.0,0.0,0.0,0.1,0.0
2025-01-10 04:00:00,0.0,0.0,0.0,0.2,0.0
2025-01-10 05:00:00,0.0,0.0,0.0,0.4,0.0
2025-01-10 06:00:00,0.0,0.0,0.0,0.7,0.0
2025-01-10 07:00:00,0.0,0.0,0.0,0.4,0.0
2025-01-10 08:00:00,2.0,0.0,2.0,-0.1,0.0019444027028645793
2025-01-10 09:00:00,54.0,269.3,27.0,-0.5,0.21142773386503377
2025-01-10 10:00:00,150.0,445.0,62.0,-0.4,0.4314636845593764
2025-01-10 11:00:00,215.0,511.5,81.0,-0.2,0.5420321724213615
2025-01-10 12:00:00,253.0,575.3,87.0,0.2,0.6094076836973572
2025-01-10 13:00:00,231.0,529.5,85.0,1.4,0.5444139874577938
2025-01-10 14:00:00,172.0,445.8,72.0,1.2,0.42097280555335576
2025-01-10 15:00:00,93.0,369.9,42.0,0.4,0.2833753596347766
2025-01-10 16:00:00,17.0,143.8,9.0,-0.8,0.06957467759604745
2025-01-10 17:00:00,0.0,0.0,0.0,-1.4,0.0
2025-01-10 18:00:00,0.0,0.0,0.0,-1.5,0.0
2025-01-10 19:00:00,0.0,0.0,0.0,-1.3,0.0
2025-01-10 20:00:00,0.0,0.0,0.0,-1.2,0.0
2025-01-10 21:00:00,0.0,0.0,0.0,-1.2,0.0
2025-01-10 22:00:00,0.0,0.0,0.0,-1.4,0.0
2025-01-10 23:00:00,0.0,0.0,0.0,-2.8,0.0
2025-01-11 00:00:00,0.0,0.0,0.0,-3.2,0.0
2025-01-11 01:00:00,0.0,0.0,0.0,-1.7,0.0
2025-01-11 02:00:00,0.0,0.0,0.0,-2.2,0.0
2025-01-11 03:00:00,0.0,0.0,0.0,-2.4,0.0
2025-01-11 04:00:00,0.0,0.0,0.0,-2.8,0.0
2025-01-11 05:00:00,0.0,0.0,0.0,-3.2,0.0
2025-01-11 06:00:00,0.0,0.0,0.0,-3.4,0.0
2025-01-11 07:00:00,0.0,0.0,0.0,-3.8,0.0
2025-01-11 08:00:00,3.0,0.0,3.0,-3.1,0.0029481101028468746
2025-01-11 09:00:00,42.0,29.4,39.0,-2.6,0.059578787747015804
2025-01-11 10:00:00,93.0,50.1,83.0,-2.1,0.12582610194989877
2025-01-11 11:00:00,124.0,18.9,119.0,-1.4,0.1338629504128787
2025-01-11 12:00:00,151.0,79.0,128.0,-0.9,0.20361328791708064
2025-01-11 13:00:00,120.0,32.3,111.0,0.3,0.13754090193080504
2025-01-11 14:00:00,90.0,8.8,88.0,0.4,0.0921230556646134
2025-01-11 15:00:00,49.0,0.0,49.0,0.3,0.04733324120769048
2025-01-11 16:00:00,12.0,17.5,11.0,0.0,0.018585477173521443
2025-01-11 17:00:00,0.0,0.0,0.0,-0.8,0.0
2025-01-11 18:00:00,0.0,0.0,0.0,-0.9,0.0
2025-01-11 19:00:00,0.0,0.0,0.0,-0.5,0.0
2025-01-11 20:00:00,0.0,0.0,0.0,0.1,0.0
2025-01-11 21:00:00,0.0,0.0,0.0,0.4,0.0
2025-01-11 22:00:00,0.0,0.0,0.0,0.6,0.0
2025-01-11 23:00:00,0.0,0.0,0.0,0.4,0.0
2025-01-12 00:00:00,0.0,0.0,0.0,-0.4,0.0
2025-01-12 01:00:00,0.0,0.0,0.0,0.4,0.0
2025-01-12 02:00:00,0.0,0.0,0.0,0.3,0.0
2025-01-12 03:00:00,0.0,0.0,0.0,-0.1,0.0
2025-01-12 04:00:00,0.0,0.0,0.0,-0.1,0.0
2025-01-12 05:00:00,0.0,0.0,0.0,-0.9,0.0
2025-01-12 06:00:00,0.0,0.0,0.0,-0.4,0.0
2025-01-12 07:00:00,0.0,0.0,0.0,-0.1,0.0
2025-01-12 08:00:00,2.0,0.0,2.0,-0.1,0.0019444027028645793
2025-01-12 09:00:00,34.0,19.3,32.0,0.5,0.04460370196309302
2025-01-12 10:00:00,81.0,29.7,75.0,1.1,0.09825013707831959
2025-01-12 11:00:00,99.0,33.7,90.0,1.6,0.11852743261992685
2025-01-12 12:00:00,135.0,71.5,114.0,2.1,0.17958514758470911
2025-01-12 13:00:00,130.0,110.1,99.0,3.8,0.19575818946352413
2025-01-12 14:00:00,85.0,8.7,83.0,3.5,0.08620312915337461
2025-01-12 15:00:00,54.0,76.3,43.0,2.7,0.09182137202955323
2025-01-12 16:00:00,15.0,84.7,10.0,1.2,0.046929558457074645
2025-01-12 17:00:00,0.0,0.0,0.0,0.0,0.0
2025-01-12 18:00:00,0.0,0.0,0.0,-0.5,0.0
2025-01-12 19:00:00,0.0,0.0,0.0,0.0,0.0
2025-01-12 20:00:00,0.0,0.0,0.0,-0.1,0.0
2025-01-12 21:00:00,0.0,0.0,0.0,-0.5,0.0
2025-01-12 22:00:00,0.0,0.0,0.0,-0.9,0.0
2025-01-12 23:00:00,0.0,0.0,0.0,-1.5,0.0
2025-01-13 00:00:00,0.0,0.0,0.0,-2.3,0.0
2025-01-13 01:00:00,0.0,0.0,0.0,-2.4,0.0
2025-01-13 02:00:00,0.0,0.0,0.0,-2.7,0.0
2025-01-13 03:00:00,0.0,0.0,0.0,-2.9,0.0
2025-01-13 04:00:00,0.0,0.0,0.0,-3.1,0.0
2025-01-13 05:00:00,0.0,0.0,0.0,-3.2,0.0
2025-01-13 06:00:00,0.0,0.0,0.0,-3.4,0.0
2025-01-13 07:00:00,0.0,0.0,0.0,-3.6,0.0
2025-01-13 08:00:00,3.0,0.0,3.0,-3.7,0.002954472626720223
2025-01-13 09:00:00,49.0,132.5,35.0,-3.3,0.12926814758879318
2025-01-13 10:00:00,119.0,274.4,63.0,-2.6,0.29661474252463205
2025-01-13 11:00:00,175.0,289.7,97.0,-1.9,0.3703957741122729
2025-01-13 12:00:00,251.0,559.5,85.0,-1.0,0.5965547676129073
2025-01-13 13:00:00,230.0,516.6,83.0,0.7,0.5330715342942749
2025-01-13 14:00:00,201.0,637.6,52.0,0.8,0.526793325157564
2025-01-13 15:00:00,112.0,515.0,36.0,-0.2,0.35762533431399257
2025-01-13 16:00:00,22.0,197.3,10.0,-1.5,0.09765593893391733
2025-01-13 17:00:00,0.0,0.0,0.0,-1.8,0.0
2025-01-13 18:00:00,0.0,0.0,0.0,-1.6,0.0
2025-01-13 19:00:00,0.0,0.0,0.0,-2.0,0.0
2025-01-13 20:00:00,0.0,0.0,0.0,-2.5,0.0
2025-01-13 21:00:00,0.0,0.0,0.0,-2.9,0.0
2025-01-13 22:00:00,0.0,0.0,0.0,-3.2,0.0
2025-01-13 23:00:00,0.0,0.0,0.0,-3.5,0.0
2025-01-14 00:00:00,0.0,0.0,0.0,-3.8,0.0
2025-01-14 01:00:00,0.0,0.0,0.0,-3.3,0.0
2025-01-14 02:00:00,0.0,0.0,0.0,-3.4,0.0
2025-01-14 03:00:00,0.0,0.0,0.0,-3.3,0.0
2025-01-14 04:00:00,0.0,0.0,0.0,-3.8,0.0
2025-01-14 05:00:00,0.0,0.0,0.0,-4.1,0.0
2025-01-14 06:00:00,0.0,0.0,0.0,-4.1,0.0
2025-01-14 07:00:00,0.0,0.0,0.0,-4.2,0.0
2025-01-14 08:00:00,4.0,19.1,3.0,-4.3,0.012212547608990914
2025-01-14 09:00:00,68.0,324.9,33.0,-3.4,0.2604097134348411
2025-01-14 10:00:00,164.0,571.6,46.0,-1.5,0.5065725155224016
2025-01-14 11:00:00,237.0,687.8,50.0,0.2,0.6385311171513098
2025-01-14 12:00:00,241.0,600.8,61.0,1.1,0.5902578612486926
2025-01-14 13:00:00,149.0,246.8,78.0,1.2,0.2961808235896154
2025-01-14 14:00:00,119.0,164.5,80.0,1.6,0.21193668193142734
2025-01-14 15:00:00,88.0,304.6,42.0,1.4,0.23786455296583578
2025-01-14 16:00:00,12.0,63.8,8.0,1.0,0.03475257622940699
2025-01-14 17:00:00,0.0,0.0,0.0,1.4,0.0
2025-01-14 18:00:00,0.0,0.0,0.0,1.4,0.0
2025-01-14 19:00:00,0.0,0.0,0.0,1.4,0.0
2025-01-14 20:00:00,0.0,0.0,0.0,1.4,0.0
2025-01-14 21:00:00,0.0,0.0,0.0,1.6,0.0
2025-01-14 22:00:00,0.0,0.0,0.0,1.7,0.0
2025-01-14 23:00:00,0.0,0.0,0.0,1.7,0.0
2025-01-15 00:00:00,0.0,0.0,0.0,1.7,0.0
2025-01-15 01:00:00,0.0,0.0,0.0,1.0,0.0
2025-01-15 02:00:00,0.0,0.0,0.0,1.1,0.0
2025-01-15 03:00:00,0.0,0.0,0.0,1.3,0.0
2025-01-15 04:00:00,0.0,0.0,0.0,1.4,0.0
2025-01-15 05:00:00,0.0,0.0,0.0,1.5,0.0
2025-01-15 06:00:00,0.0,0.0,0.0,1.2,0.0
2025-01-15 07:00:00,0.0,0.0,0.0,1.4,0.0
2025-01-15 08:00:00,2.0,0.0,2.0,1.5,0.00193309154931196
2025-01-15 09:00:00,22.0,9.1,21.0,1.5,0.026476276350898588
2025-01-15 10:00:00,37.0,0.0,37.0,1.9,0.03557754317453216
2025-01-15 11:00:00,59.0,3.6,58.0,2.3,0.05889609068831965
2025-01-15 12:00:00,65.0,9.9,62.0,2.7,0.0685930011871311
2025-01-15 13:00:00,71.0,27.5,63.0,2.9,0.08478727088290734
2025-01-15 14:00:00,46.0,8.3,44.0,2.6,0.04860447710569756
2025-01-15 15:00:00,25.0,0.0,25.0,2.2,0.02404302708886731
2025-01-15 16:00:00,6.0,0.0,6.0,2.0,0.0057862178749464
2025-01-15 17:00:00,0.0,0.0,0.0,1.8,0.0
2025-01-15 18:00:00,0.0,0.0,0.0,1.6,0.0
2025-01-15 19:00:00,0.0,0.0,0.0,1.7,0.0
2025-01-15 20:00:00,0.0,0.0,0.0,1.5,0.0
2025-01-15 21:00:00,0.0,0.0,0.0,1.3,0.0
2025-01-15 22:00:00,0.0,0.0,0.0,1.2,0.0
2025-01-15 23:00:00,0.0,0.0,0.0,1.2,0.0
2025-01-16 00:00:00,0.0,0.0,0.0,1.1,0.0
2025-01-16 01:00:00,0.0,0.0,0.0,1.2,0.0
2025-01-16 02:00:00,0.0,0.0,0.0,1.3,0.0
2025-01-16 03:00:00,0.0,0.0,0.0,1.3,0.0
2025-01-16 04:00:00,0.0,0.0,0.0,1.4,0.0
2025-01-16 05:00:00,0.0,0.0,0.0,1.7,0.0
2025-01-16 06:00:00,0.0,0.0,0.0,1.7,0.0
2025-01-16 07:00:00,0.0,0.0,0.0,1.5,0.0
2025-01-16 08:00:00,3.0,0.0,3.0,1.3,0.002901451594442318
2025-01-16 09:00:00,44.0,71.3,36.0,2.1,0.08495533566882273
2025-01-16 10:00:00,90.0,37.8,82.0,2.7,0.11167297000077553
2025-01-16 11:00:00,126.0,36.0,116.0,3.0,0.14561022016264
2025-01-16 12:00:00,138.0,36.0,127.0,3.2,0.15661659425869523
2025-01-16 13:00:00,145.0,105.3,114.0,3.0,0.20803230662817315
2025-01-16 14:00:00,110.0,41.0,100.0,3.2,0.13019185358823884
2025-01-16 15:00:00,87.0,164.4,61.0,3.0,0.17297179157709225
2025-01-16 16:00:00,26.0,195.4,13.0,1.5,0.10793149587069219
2025-01-16 17:00:00,0.0,0.0,0.0,1.5,0.0
2025-01-16 18:00:00,0.0,0.0,0.0,1.1,0.0
2025-01-16 19:00:00,0.0,0.0,0.0,0.8,0.0
2025-01-16 20:00:00,0.0,0.0,0.0,0.5,0.0
2025-01-16 21:00:00,0.0,0.0,0.0,0.1,0.0
2025-01-16 22:00:00,0.0,0.0,0.0,-0.3,0.0
2025-01-16 23:00:00,0.0,0.0,0.0,-0.4,0.0
2025-01-17 00:00:00,0.0,0.0,0.0,-0.7,0.0
2025-01-17 01:00:00,0.0,0.0,0.0,0.1,0.0
2025-01-17 02:00:00,0.0,0.0,0.0,-0.1,0.0
2025-01-17 03:00:00,0.0,0.0,0.0,-0.3,0.0
2025-01-17 04:00:00,0.0,0.0,0.0,-0.4,0.0
2025-01-17 05:00:00,0.0,0.0,0.0,-0.5,0.0
2025-01-17 06:00:00,0.0,0.0,0.0,-0.5,0.0
2025-01-17 07:00:00,0.0,0.0,0.0,-0.6,0.0
2025-01-17 08:00:00,6.0,38.2,4.0,-0.6,0.022264246788554178
2025-01-17 09:00:00,83.0,445.1,32.0,0.5,0.3346511187286305
2025-01-17 10:00:00,170.0,494.8,64.0,1.6,0.4702334703996083
2025-01-17 11:00:00,223.0,463.3,93.0,2.4,0.5133503814833316
2025-01-17 12:00:00,246.0,452.9,106.0,3.1,0.5256546961146524
2025-01-17 13:00:00,175.0,184.6,120.0,2.0,0.28957105699935864
2025-01-17 14:00:00,159.0,234.2,101.0,2.6,0.2937222447062667
2025-01-17 15:00:00,101.0,278.0,56.0,1.8,0.24247200347158754
2025-01-17 16:00:00,27.0,189.8,14.0,0.5,0.10967418508163744
2025-01-17 17:00:00,0.0,0.0,0.0,-0.3,0.0
2025-01-17 18:00:00,0.0,0.0,0.0,-0.6,0.0
2025-01-17 19:00:00,0.0,0.0,0.0,-0.7,0.0
2025-01-17 20:00:00,0.0,0.0,0.0,-0.6,0.0
2025-01-17 21:00:00,0.0,0.0,0.0,-0.8,0.0
2025-01-17 22:00:00,0.0,0.0,0.0,-1.0,0.0
2025-01-17 23:00:00,0.0,0.0,0.0,-1.5,0.0
2025-01-18 00:00:00,0.0,0.0,0.0,-1.8,0.0
2025-01-18 01:00:00,0.0,0.0,0.0,-0.8,0.0
2025-01-18 02:00:00,0.0,0.0,0.0,-1.2,0.0
2025-01-18 03:00:00,0.0,0.0,0.0,-1.7,0.0
2025-01-18 04:00:00,0.0,0.0,0.0,-1.2,0.0
2025-01-18 05:00:00,0.0,0.0,0.0,-1.3,0.0
2025-01-18 06:00:00,0.0,0.0,0.0,-1.4,0.0
2025-01-18 07:00:00,0.0,0.0,0.0,-1.6,0.0
2025-01-18 08:00:00,7.0,57.3,4.0,-1.4,0.031487100418155306
2025-01-18 09:00:00,81.0,409.9,33.0,0.2,0.3133474711859454
2025-01-18 10:00:00,176.0,557.5,55.0,1.4,0.5053356870046474
2025-01-18 11:00:00,251.0,659.2,64.0,2.8,0.6334727662551142
2025-01-18 12:00:00,290.0,739.3,59.0,3.9,0.6944429602427775
2025-01-18 13:00:00,276.0,723.2,58.0,3.6,0.6533345448627049
2025-01-18 14:00:00,221.0,676.3,51.0,3.9,0.5481869920524515
2025-01-18 15:00:00,130.0,549.3,39.0,2.4,0.37858862059468523
2025-01-18 16:00:00,31.0,255.2,13.0,0.2,0.13934637281042953
2025-01-18 17:00:00,0.0,0.0,0.0,-0.6,0.0
2025-01-18 18:00:00,0.0,0.0,0.0,-0.1,0.0
2025-01-18 19:00:00,0.0,0.0,0.0,0.5,0.0
2025-01-18 20:00:00,0.0,0.0,0.0,0.2,0.0
2025-01-18 21:00:00,0.0,0.0,0.0,-0.2,0.0
2025-01-18 22:00:00,0.0,0.0,0.0,-0.4,0.0
2025-01-18 23:00:00,0.0,0.0,0.0,-0.6,0.0
2025-01-19 00:00:00,0.0,0.0,0.0,-0.7,0.0
2025-01-19 01:00:00,0.0,0.0,0.0,-0.5,0.0
2025-01-19 02:00:00,0.0,0.0,0.0,-0.6,0.0
2025-01-19 03:00:00,0.0,0.0,0.0,-0.6,0.0
2025-01-19 04:00:00,0.0,0.0,0.0,-0.7,0.0
2025-01-19 05:00:00,0.0,0.0,0.0,-0.8,0.0
2025-01-19 06:00:00,0.0,0.0,0.0,-0.9,0.0
2025-01-19 07:00:00,0.0,0.0,0.0,-1.2,0.0
2025-01-19 08:00:00,7.0,57.3,4.0,-0.9,0.03140986186530969
2025-01-19 09:00:00,90.0,492.8,31.0,0.4,0.36412419120270373
2025-01-19 10:00:00,193.0,677.3,44.0,1.9,0.5764368427623023
2025-01-19 11:00:00,270.0,763.3,51.0,3.3,0.6940789511403788
2025-01-19 12:00:00,301.0,785.0,53.0,4.3,0.7203249204534385
2025-01-19 13:00:00,288.0,770.2,53.0,3.4,0.6820084701944977
2025-01-19 14:00:00,232.0,717.2,49.0,3.5,0.5742597427546072
2025-01-19 15:00:00,138.0,578.1,40.0,2.0,0.3981104484194724
2025-01-19 16:00:00,35.0,275.5,15.0,-0.5,0.1632594540904831
2025-01-19 17:00:00,0.0,0.0,0.0,-1.1,0.0
2025-01-19 18:00:00,0.0,0.0,0.0,-1.8,0.0
2025-01-19 19:00:00,0.0,0.0,0.0,-2.0,0.0
2025-01-19 20:00:00,0.0,0.0,0.0,-2.9,0.0
2025-01-19 21:00:00,0.0,0.0,0.0,-3.3,0.0
2025-01-19 22:00:00,0.0,0.0,0.0,-3.5,0.0
2025-01-19 23:00:00,0.0,0.0,0.0,-3.5,0.0
2025-01-20 00:00:00,0.0,0.0,0.0,-3.4,0.0
2025-01-20 01:00:00,0.0,0.0,0.0,-2.5,0.0
2025-01-20 02:00:00,0.0,0.0,0.0,-2.6,0.0
2025-01-20 03:00:00,0.0,0.0,0.0,-2.6,0.0
2025-01-20 04:00:00,0.0,0.0,0.0,-2.5,0.0
2025-01-20 05:00:00,0.0,0.0,0.0,-2.5,0.0
2025-01-20 06:00:00,0.0,0.0,0.0,-2.5,0.0
2025-01-20 07:00:00,0.0,0.0,0.0,-2.5,0.0
2025-01-20 08:00:00,2.0,0.0,2.0,-2.3,0.0019599555389994312
2025-01-20 09:00:00,28.0,0.0,28.0,-2.0,0.027335291249721526
2025-01-20 10:00:00,53.0,4.5,52.0,-1.5,0.05443072243246309
2025-01-20 11:00:00,99.0,20.7,93.0,-1.0,0.11007458747033635
2025-01-20 12:00:00,106.0,12.5,102.0,-0.7,0.11083630948798738
2025-01-20 13:00:00,131.0,68.0,110.0,-0.2,0.17101700166806974
2025-01-20 14:00:00,103.0,30.9,95.0,0.1,0.11793873380124342
2025-01-20 15:00:00,72.0,46.1,64.0,0.1,0.09438039388777303
2025-01-20 16:00:00,22.0,40.2,19.0,-0.3,0.042702151344852585
2025-01-20 17:00:00,0.0,0.0,0.0,-1.0,0.0
2025-01-20 18:00:00,0.0,0.0,0.0,-1.8,0.0
2025-01-20 19:00:00,0.0,0.0,0.0,-2.0,0.0
2025-01-20 20:00:00,0.0,0.0,0.0,-2.1,0.0
2025-01-20 21:00:00,0.0,0.0,0.0,-2.2,0.0
2025-01-20 22:00:00,0.0,0.0,0.0,-2.0,0.0
2025-01-20 23:00:00,0.0,0.0,0.0,-2.2,0.0
2025-01-21 00:00:00,0.0,0.0,0.0,-2.5,0.0
2025-01-21 01:00:00,0.0,0.0,0.0,-1.6,0.0
2025-01-21 02:00:00,0.0,0.0,0.0,-1.7,0.0
2025-01-21 03:00:00,0.0,0.0,0.0,-1.9,0.0
2025-01-21 04:00:00,0.0,0.0,0.0,-2.0,0.0
2025-01-21 05:00:00,0.0,0.0,0.0,-2.0,0.0
2025-01-21 06:00:00,0.0,0.0,0.0,-2.0,0.0
2025-01-21 07:00:00,0.0,0.0,0.0,-1.9,0.0
2025-01-21 08:00:00,8.0,57.3,5.0,-1.7,0.03268267751516373
2025-01-21 09:00:00,89.0,446.9,33.0,-0.6,0.33872297225055525
2025-01-21 10:00:00,189.0,605.8,52.0,1.0,0.5388537878648454
2025-01-21 11:00:00,261.0,688.0,59.0,2.4,0.651420700847812
2025-01-21 12:00:00,294.0,714.9,63.0,3.6,0.6845362946483754
2025-01-21 13:00:00,281.0,681.2,68.0,3.1,0.6407023074647497
2025-01-21 14:00:00,227.0,646.4,57.0,3.5,0.5405385310546739
2025-01-21 15:00:00,136.0,507.3,46.0,2.7,0.36623581005071587
2025-01-21 16:00:00,38.0,260.3,18.0,1.2,0.16883313419438806
2025-01-21 17:00:00,0.0,0.0,0.0,1.5,0.0
2025-01-21 18:00:00,0.0,0.0,0.0,1.8,0.0
2025-01-21 19:00:00,0.0,0.0,0.0,1.4,0.0
2025-01-21 20:00:00,0.0,0.0,0.0,1.1,0.0
2025-01-21 21:00:00,0.0,0.0,0.0,0.7,0.0
2025-01-21 22:00:00,0.0,0.0,0.0,0.4,0.0
2025-01-21 23:00:00,0.0,0.0,0.0,0.3,0.0
2025-01-22 00:00:00,0.0,0.0,0.0,0.3,0.0
2025-01-22 01:00:00,0.0,0.0,0.0,0.7,0.0
2025-01-22 02:00:00,0.0,0.0,0.0,0.9,0.0
2025-01-22 03:00:00,0.0,0.0,0.0,1.2,0.0
2025-01-22 04:00:00,0.0,0.0,0.0,1.6,0.0
2025-01-22 05:00:00,0.0,0.0,0.0,1.9,0.0
2025-01-22 06:00:00,0.0,0.0,0.0,1.8,0.0
2025-01-22 07:00:00,0.0,0.0,0.0,1.6,0.0
2025-01-22 08:00:00,8.0,19.1,7.0,1.4,0.01608348375521004
2025-01-22 09:00:00,72.0,171.5,50.0,2.5,0.17143470070422914
2025-01-22 10:00:00,170.0,422.9,73.0,4.1,0.4223937630383228
2025-01-22 11:00:00,178.0,208.7,116.0,5.3,0.3088992438186148
2025-01-22 12:00:00,135.0,39.8,122.0,5.8,0.15409131407115584
2025-01-22 13:00:00,179.0,183.2,121.0,6.0,0.28518145634990366
2025-01-22 14:00:00,106.0,41.2,95.0,5.5,0.12421643847425151
2025-01-22 15:00:00,30.0,11.0,28.0,4.4,0.033467793324290174
2025-01-22 16:00:00,18.0,38.0,15.0,3.8,0.035202847077289504
2025-01-22 17:00:00,0.0,0.0,0.0,3.6,0.0
2025-01-22 18:00:00,0.0,0.0,0.0,3.8,0.0
2025-01-22 19:00:00,0.0,0.0,0.0,3.6,0.0
2025-01-22 20:00:00,0.0,0.0,0.0,3.5,0.0
2025-01-22 21:00:00,0.0,0.0,0.0,3.5,0.0
2025-01-22 22:00:00,0.0,0.0,0.0,3.3,0.0
2025-01-22 23:00:00,0.0,0.0,0.0,3.2,0.0
2025-01-23 00:00:00,0.0,0.0,0.0,3.0,0.0
2025-01-23 01:00:00,0.0,0.0,0.0,4.2,0.0
2025-01-23 02:00:00,0.0,0.0,0.0,3.8,0.0
2025-01-23 03:00:00,0.0,0.0,0.0,4.0,0.0
2025-01-23 04:00:00,0.0,0.0,0.0,4.0,0.0
2025-01-23 05:00:00,0.0,0.0,0.0,4.0,0.0
2025-01-23 06:00:00,0.0,0.0,0.0,4.1,0.0
2025-01-23 07:00:00,0.0,0.0,0.0,4.2,0.0
2025-01-23 08:00:00,3.0,0.0,3.0,4.2,0.0028706993957211334
2025-01-23 09:00:00,29.0,0.0,29.0,4.3,0.02766279196045728
2025-01-23 10:00:00,69.0,12.9,66.0,4.4,0.07380163407327488
2025-01-23 11:00:00,155.0,129.7,116.0,5.1,0.23467552504173833
2025-01-23 12:00:00,206.0,214.7,135.0,5.5,0.33828950978237815
2025-01-23 13:00:00,202.0,340.0,93.0,5.9,0.3915905634886635
2025-01-23 14:00:00,108.0,81.2,86.0,5.6,0.14818855718860532
2025-01-23 15:00:00,82.0,107.8,62.0,5.1,0.13204285126887064
2025-01-23 16:00:00,26.0,73.9,20.0,4.9,0.06445183693534039
2025-01-23 17:00:00,0.0,0.0,0.0,4.5,0.0
2025-01-23 18:00:00,0.0,0.0,0.0,4.2,0.0
2025-01-23 19:00:00,0.0,0.0,0.0,3.8,0.0
2025-01-23 20:00:00,0.0,0.0,0.0,3.9,0.0
2025-01-23 21:00:00,0.0,0.0,0.0,4.1,0.0
2025-01-23 22:00:00,0.0,0.0,0.0,4.4,0.0
2025-01-23 23:00:00,0.0,0.0,0.0,4.9,0.0
2025-01-24 00:00:00,0.0,0.0,0.0,5.6,0.0
2025-01-24 01:00:00,0.0,0.0,0.0,5.0,0.0
2025-01-24 02:00:00,0.0,0.0,0.0,5.2,0.0
2025-01-24 03:00:00,0.0,0.0,0.0,5.7,0.0
2025-01-24 04:00:00,0.0,0.0,0.0,5.4,0.0
2025-01-24 05:00:00,0.0,0.0,0.0,5.9,0.0
2025-01-24 06:00:00,0.0,0.0,0.0,5.6,0.0
2025-01-24 07:00:00,0.0,0.0,0.0,6.3,0.0
2025-01-24 08:00:00,3.0,0.0,3.0,6.7,0.0028441888795821806
2025-01-24 09:00:00,29.0,0.0,29.0,7.3,0.02735526997324543
2025-01-24 10:00:00,26.0,0.0,26.0,7.5,0.024515004675483922
2025-01-24 11:00:00,49.0,0.0,49.0,7.2,0.046138147140146496
2025-01-24 12:00:00,27.0,0.0,27.0,6.9,0.02551239304820435
2025-01-24 13:00:00,21.0,0.0,21.0,8.3,0.019751927121863872
2025-01-24 14:00:00,24.0,0.0,24.0,8.5,0.022549306566485232
2025-01-24 15:00:00,20.0,0.0,20.0,8.4,0.018806333498154408
2025-01-24 16:00:00,6.0,0.0,6.0,8.0,0.005658967397479427
2025-01-24 17:00:00,0.0,0.0,0.0,8.0,0.0
2025-01-24 18:00:00,0.0,0.0,0.0,8.0,0.0
2025-01-24 19:00:00,0.0,0.0,0.0,8.0,0.0
2025-01-24 20:00:00,0.0,0.0,0.0,7.7,0.0
2025-01-24 21:00:00,0.0,0.0,0.0,7.7,0.0
2025-01-24 22:00:00,0.0,0.0,0.0,7.6,0.0
2025-01-24 23:00:00,0.0,0.0,0.0,7.6,0.0
2025-01-25 00:00:00,0.0,0.0,0.0,7.9,0.0
2025-01-25 01:00:00,0.0,0.0,0.0,8.5,0.0
2025-01-25 02:00:00,0.0,0.0,0.0,8.9,0.0
2025-01-25 03:00:00,0.0,0.0,0.0,9.0,0.0
2025-01-25 04:00:00,0.0,0.0,0.0,9.1,0.0
2025-01-25 05:00:00,0.0,0.0,0.0,9.2,0.0
2025-01-25 06:00:00,0.0,0.0,0.0,9.2,0.0
2025-01-25 07:00:00,0.0,0.0,0.0,9.4,0.0
2025-01-25 08:00:00,2.0,0.0,2.0,9.3,0.001877949675742938
2025-01-25 09:00:00,17.0,0.0,17.0,9.9,0.01590045942244334
2025-01-25 10:00:00,38.0,0.0,38.0,10.7,0.035353199618871366
2025-01-25 11:00:00,71.0,6.5,69.0,9.8,0.07017435171425918
2025-01-25 12:00:00,41.0,0.0,41.0,9.0,0.038378043353877206
2025-01-25 13:00:00,86.0,0.0,86.0,8.2,0.08034799950714254
2025-01-25 14:00:00,124.0,114.6,92.0,8.5,0.1799414801391019
2025-01-25 15:00:00,67.0,15.5,64.0,8.2,0.07043577079202477
2025-01-25 16:00:00,22.0,0.0,22.0,7.7,0.02073690540246302
2025-01-25 17:00:00,0.0,0.0,0.0,7.0,0.0
2025-01-25 18:00:00,0.0,0.0,0.0,6.9,0.0
2025-01-25 19:00:00,0.0,0.0,0.0,6.6,0.0
2025-01-25 20:00:00,0.0,0.0,0.0,6.1,0.0
2025-01-25 21:00:00,0.0,0.0,0.0,6.1,0.0
2025-01-25 22:00:00,0.0,0.0,0.0,6.2,0.0
2025-01-25 23:00:00,0.0,0.0,0.0,6.2,0.0
2025-01-26 00:00:00,0.0,0.0,0.0,6.0,0.0
2025-01-26 01:00:00,0.0,0.0,0.0,6.2,0.0
2025-01-26 02:00:00,0.0,0.0,0.0,6.0,0.0
2025-01-26 03:00:00,0.0,0.0,0.0,5.9,0.0
2025-01-26 04:00:00,0.0,0.0,0.0,5.6,0.0
2025-01-26 05:00:00,0.0,0.0,0.0,5.2,0.0
2025-01-26 06:00:00,0.0,0.0,0.0,3.8,0.0
2025-01-26 07:00:00,0.0,0.0,0.0,3.1,0.0
2025-01-26 08:00:00,2.0,0.0,2.0,2.0,0.0019295568138267658
2025-01-26 09:00:00,15.0,0.0,15.0,2.1,0.014446446897385038
2025-01-26 10:00:00,34.0,0.0,34.0,2.3,0.032655228516902696
2025-01-26 11:00:00,53.0,0.0,53.0,2.9,0.050688428377885356
2025-01-26 12:00:00,108.0,32.1,97.0,3.9,0.12346587060289585
2025-01-26 13:00:00,134.0,39.1,121.0,4.5,0.1517069410506113
2025-01-26 14:00:00,125.0,67.0,106.0,5.1,0.1571198581154054
2025-01-26 15:00:00,87.0,60.6,75.0,5.7,0.1132364299909345
2025-01-26 16:00:00,31.0,22.8,29.0,4.8,0.042689573003000185
2025-01-26 17:00:00,0.0,0.0,0.0,3.8,0.0
2025-01-26 18:00:00,0.0,0.0,0.0,4.0,0.0
2025-01-26 19:00:00,0.0,0.0,0.0,4.4,0.0
2025-01-26 20:00:00,0.0,0.0,0.0,5.1,0.0
2025-01-26 21:00:00,0.0,0.0,0.0,6.3,0.0
2025-01-26 22:00:00,0.0,0.0,0.0,6.9,0.0
2025-01-26 23:00:00,0.0,0.0,0.0,8.0,0.0
2025-01-27 00:00:00,0.0,0.0,0.0,8.6,0.0
2025-01-27 01:00:00,0.0,0.0,0.0,8.0,0.0
2025-01-27 02:00:00,0.0,0.0,0.0,8.0,0.0
2025-01-27 03:00:00,0.0,0.0,0.0,7.9,0.0
2025-01-27 04:00:00,0.0,0.0,0.0,8.9,0.0
2025-01-27 05:00:00,0.0,0.0,0.0,10.3,0.0
2025-01-27 06:00:00,0.0,0.0,0.0,11.0,0.0
2025-01-27 07:00:00,0.0,0.0,0.0,11.0,0.0
2025-01-27 08:00:00,11.0,71.3,7.0,10.6,0.03999806521378818
2025-01-27 09:00:00,91.0,290.8,49.0,10.8,0.24551663321555603
2025-01-27 10:00:00,143.0,311.9,66.0,10.6,0.31639874024704173
2025-01-27 11:00:00,207.0,354.6,95.0,11.6,0.4071169823639455
2025-01-27 12:00:00,291.0,600.2,83.0,12.1,0.602851024375619
2025-01-27 13:00:00,275.0,519.3,100.0,12.4,0.5393073129264454
2025-01-27 14:00:00,222.0,451.7,92.0,11.0,0.440002681718732
2025-01-27 15:00:00,116.0,301.6,55.0,10.8,0.24322417192554976
2025-01-27 16:00:00,43.0,188.6,26.0,10.2,0.13221818658011958
2025-01-27 17:00:00,0.0,0.0,0.0,9.5,0.0
2025-01-27 18:00:00,0.0,0.0,0.0,9.1,0.0
2025-01-27 19:00:00,0.0,0.0,0.0,8.7,0.0
2025-01-27 20:00:00,0.0,0.0,0.0,7.8,0.0
2025-01-27 21:00:00,0.0,0.0,0.0,7.2,0.0
2025-01-27 22:00:00,0.0,0.0,0.0,7.0,0.0
2025-01-27 23:00:00,0.0,0.0,0.0,6.6,0.0
2025-01-28 00:00:00,0.0,0.0,0.0,6.6,0.0
2025-01-28 01:00:00,0.0,0.0,0.0,6.7,0.0
2025-01-28 02:00:00,0.0,0.0,0.0,6.4,0.0
2025-01-28 03:00:00,0.0,0.0,0.0,6.4,0.0
2025-01-28 04:00:00,0.0,0.0,0.0,6.9,0.0
2025-01-28 05:00:00,0.0,0.0,0.0,7.2,0.0
2025-01-28 06:00:00,0.0,0.0,0.0,6.9,0.0
2025-01-28 07:00:00,0.0,0.0,0.0,6.7,0.0
2025-01-28 08:00:00,12.0,17.3,11.0,7.0,0.018860509877273297
2025-01-28 09:00:00,82.0,169.0,57.0,7.6,0.17425522125043513
2025-01-28 10:00:00,179.0,402.9,78.0,8.5,0.4067629256319422
2025-01-28 11:00:00,268.0,572.1,85.0,9.3,0.5821102057061884
2025-01-28 12:00:00,219.0,268.0,125.0,9.7,0.3719103107459158
2025-01-28 13:00:00,179.0,225.6,102.0,10.4,0.29781291152929523
2025-01-28 14:00:00,54.0,0.0,54.0,10.1,0.05026499038763296
2025-01-28 15:00:00,48.0,9.7,46.0,9.5,0.04915297919891748
2025-01-28 16:00:00,14.0,10.8,13.0,9.2,0.017103141448465295
2025-01-28 17:00:00,0.0,0.0,0.0,8.7,0.0
2025-01-28 18:00:00,0.0,0.0,0.0,8.3,0.0
2025-01-28 19:00:00,0.0,0.0,0.0,8.0,0.0
2025-01-28 20:00:00,0.0,0.0,0.0,7.8,0.0
2025-01-28 21:00:00,0.0,0.0,0.0,7.7,0.0
2025-01-28 22:00:00,0.0,0.0,0.0,7.3,0.0
2025-01-28 23:00:00,0.0,0.0,0.0,7.8,0.0
2025-01-29 00:00:00,0.0,0.0,0.0,7.9,0.0
2025-01-29 01:00:00,0.0,0.0,0.0,7.0,0.0
2025-01-29 02:00:00,0.0,0.0,0.0,7.1,0.0
2025-01-29 03:00:00,0.0,0.0,0.0,6.8,0.0
2025-01-29 04:00:00,0.0,0.0,0.0,6.9,0.0
2025-01-29 05:00:00,0.0,0.0,0.0,7.0,0.0
2025-01-29 06:00:00,0.0,0.0,0.0,6.5,0.0
2025-01-29 07:00:00,0.0,0.0,0.0,6.5,0.0
2025-01-29 08:00:00,4.0,0.0,4.0,6.2,0.003798912549324313
2025-01-29 09:00:00,51.0,26.4,47.0,6.5,0.06318824854175516
2025-01-29 10:00:00,114.0,102.1,88.0,6.9,0.17154238176992787
2025-01-29 11:00:00,211.0,425.9,73.0,7.9,0.44801786722150716
2025-01-29 12:00:00,240.0,374.6,107.0,8.7,0.44961129852339127
2025-01-29 13:00:00,193.0,309.5,86.0,9.1,0.3540652407196529
2025-01-29 14:00:00,185.0,343.9,83.0,9.0,0.3499296403501661
2025-01-29 15:00:00,124.0,308.0,59.0,8.5,0.2547126983599777
2025-01-29 16:00:00,50.0,115.9,39.0,7.6,0.10807259762949425
2025-01-29 17:00:00,1.0,0.0,1.0,6.6,0.0009486208139537379
2025-01-29 18:00:00,0.0,0.0,0.0,5.8,0.0
2025-01-29 19:00:00,0.0,0.0,0.0,5.5,0.0
2025-01-29 20:00:00,0.0,0.0,0.0,5.2,0.0
2025-01-29 21:00:00,0.0,0.0,0.0,5.3,0.0
2025-01-29 22:00:00,0.0,0.0,0.0,5.4,0.0
2025-01-29 23:00:00,0.0,0.0,0.0,5.4,0.0
2025-01-30 00:00:00,0.0,0.0,0.0,5.5,0.0
2025-01-30 01:00:00,0.0,0.0,0.0,5.9,0.0
2025-01-30 02:00:00,0.0,0.0,0.0,5.9,0.0
2025-01-30 03:00:00,0.0,0.0,0.0,6.0,0.0
2025-01-30 04:00:00,0.0,0.0,0.0,5.9,0.0
2025-01-30 05:00:00,0.0,0.0,0.0,6.0,0.0
2025-01-30 06:00:00,0.0,0.0,0.0,5.8,0.0
2025-01-30 07:00:00,0.0,0.0,0.0,5.8,0.0
2025-01-30 08:00:00,4.0,0.0,4.0,5.8,0.003804568126100622
2025-01-30 09:00:00,16.0,0.0,16.0,5.9,0.015192996395354999
2025-01-30 10:00:00,27.0,0.0,27.0,6.1,0.025588743334684534
2025-01-30 11:00:00,44.0,0.0,44.0,6.5,0.0415615246550104
2025-01-30 12:00:00,42.0,0.0,42.0,6.3,0.039710640204363275
2025-01-30 13:00:00,37.0,0.0,37.0,6.4,0.03498900971624742
2025-01-30 14:00:00,29.0,0.0,29.0,5.8,0.027509030966851356
2025-01-30 15:00:00,24.0,0.0,24.0,5.7,0.022786840791090245
2025-01-30 16:00:00,7.0,0.0,7.0,5.4,0.006665745484317471
2025-01-30 17:00:00,0.0,0.0,0.0,5.0,0.0
2025-01-30 18:00:00,0.0,0.0,0.0,4.7,0.0
2025-01-30 19:00:00,0.0,0.0,0.0,4.2,0.0
2025-01-30 20:00:00,0.0,0.0,0.0,3.6,0.0
2025-01-30 21:00:00,0.0,0.0,0.0,3.1,0.0
2025-01-30 22:00:00,0.0,0.0,0.0,2.5,0.0
2025-01-30 23:00:00,0.0,0.0,0.0,1.9,0.0
2025-01-31 00:00:00,0.0,0.0,0.0,1.7,0.0
2025-01-31 01:00:00,0.0,0.0,0.0,1.9,0.0
2025-01-31 02:00:00,0.0,0.0,0.0,1.7,0.0
2025-01-31 03:00:00,0.0,0.0,0.0,1.3,0.0
2025-01-31 04:00:00,0.0,0.0,0.0,1.0,0.0
2025-01-31 05:00:00,0.0,0.0,0.0,0.6,0.0
2025-01-31 06:00:00,0.0,0.0,0.0,0.4,0.0
2025-01-31 07:00:00,0.0,0.0,0.0,0.2,0.0
2025-01-31 08:00:00,16.0,62.8,12.0,0.5,0.043134521698150616
2025-01-31 09:00:00,92.0,175.7,64.0,1.7,0.19115652802375332
2025-01-31 10:00:00,183.0,308.2,102.0,3.1,0.36763881202254006
2025-01-31 11:00:00,243.0,315.7,138.0,4.1,0.43609758221608724
2025-01-31 12:00:00,253.0,239.0,166.0,5.0,0.39704169210581264
2025-01-31 13:00:00,293.0,512.9,111.0,6.6,0.5628495006983902
2025-01-31 14:00:00,228.0,382.7,111.0,6.8,0.419470480275391
2025-01-31 15:00:00,152.0,286.3,89.0,6.5,0.2832419572241274
2025-01-31 16:00:00,65.0,250.7,39.0,4.8,0.179585065179906
2025-01-31 17:00:00,2.0,19.1,1.0,3.0,0.0034355653189366577
2025-01-31 18:00:00,0.0,0.0,0.0,2.8,0.0
2025-01-31 19:00:00,0.0,0.0,0.0,2.4,0.0
2025-01-31 20:00:00,0.0,0.0,0.0,1.6,0.0
2025-01-31 21:00:00,0.0,0.0,0.0,1.2,0.0
2025-01-31 22:00:00,0.0,0.0,0.0,0.9,0.0
2025-01-31 23:00:00,0.0,0.0,0.0,0.6,0.0
2025-02-01 00:00:00,0.0,0.0,0.0,0.2,0.0
2025-02-01 01:00:00,0.0,0.0,0.0,0.4,0.0
2025-02-01 02:00:00,0.0,0.0,0.0,0.1,0.0
2025-02-01 03:00:00,0.0,0.0,0.0,-0.2,0.0
2025-02-01 04:00:00,0.0,0.0,0.0,-0.3,0.0
2025-02-01 05:00:00,0.0,0.0,0.0,-0.5,0.0
2025-02-01 06:00:00,0.0,0.0,0.0,-0.9,0.0
2025-02-01 07:00:00,0.0,0.0,0.0,-1.4,0.0
2025-02-01 08:00:00,23.0,182.4,11.0,-0.4,0.1014967586411228
2025-02-01 09:00:00,131.0,550.7,41.0,1.2,0.4192440165123537
2025-02-01 10:00:00,243.0,703.8,55.0,2.9,0.6183610624054784
2025-02-01 11:00:00,325.0,780.2,62.0,4.4,0.7321895062323841
2025-02-01 12:00:00,363.0,811.2,64.0,5.4,0.7678109071539098
2025-02-01 13:00:00,352.0,803.9,63.0,5.6,0.7306279161210669
2025-02-01 14:00:00,294.0,757.0,59.0,5.8,0.623569761533892
2025-02-01 15:00:00,196.0,654.1,49.0,5.5,0.4533045792147874
2025-02-01 16:00:00,78.0,452.7,29.0,3.7,0.2541166996828288
2025-02-01 17:00:00,3.0,19.1,2.0,2.2,0.00453397023315404
2025-02-01 18:00:00,0.0,0.0,0.0,1.5,0.0
2025-02-01 19:00:00,0.0,0.0,0.0,0.8,0.0
2025-02-01 20:00:00,0.0,0.0,0.0,0.2,0.0
2025-02-01 21:00:00,0.0,0.0,0.0,-0.2,0.0
2025-02-01 22:00:00,0.0,0.0,0.0,-0.3,0.0
2025-02-01 23:00:00,0.0,0.0,0.0,-0.5,0.0
2025-02-02 00:00:00,0.0,0.0,0.0,-0.9,0.0
2025-02-02 01:00:00,0.0,0.0,0.0,-0.8,0.0
2025-02-02 02:00:00,0.0,0.0,0.0,-0.9,0.0
2025-02-02 03:00:00,0.0,0.0,0.0,-1.1,0.0
2025-02-02 04:00:00,0.0,0.0,0.0,-1.3,0.0
2025-02-02 05:00:00,0.0,0.0,0.0,-1.4,0.0
2025-02-02 06:00:00,0.0,0.0,0.0,-1.6,0.0
2025-02-02 07:00:00,0.0,0.0,0.0,-1.7,0.0
2025-02-02 08:00:00,25.0,206.1,11.0,-1.2,0.113573158856135
2025-02-02 09:00:00,136.0,566.9,41.0,0.3,0.4317140553588767
2025-02-02 10:00:00,251.0,722.0,55.0,1.8,0.6354045575255269
2025-02-02 11:00:00,332.0,787.4,63.0,3.1,0.7442164640782467
2025-02-02 12:00:00,358.0,739.4,82.0,4.1,0.7411891390649133
2025-02-02 13:00:00,359.0,804.4,66.0,5.0,0.7383854240247394
2025-02-02 14:00:00,302.0,767.8,60.0,5.2,0.6350126636040635
2025-02-02 15:00:00,202.0,640.7,55.0,4.2,0.4585365065194067
2025-02-02 16:00:00,78.0,345.7,39.0,1.9,0.2238260798369241
2025-02-02 17:00:00,4.0,19.1,3.0,0.8,0.005653291879143869
2025-02-02 18:00:00,0.0,0.0,0.0,-0.1,0.0
2025-02-02 19:00:00,0.0,0.0,0.0,0.0,0.0
2025-02-02 20:00:00,0.0,0.0,0.0,-0.2,0.0
2025-02-02 21:00:00,0.0,0.0,0.0,-0.4,0.0
2025-02-02 22:00:00,0.0,0.0,0.0,-0.8,0.0
2025-02-02 23:00:00,0.0,0.0,0.0,-1.0,0.0
2025-02-03 00:00:00,0.0,0.0,0.0,-1.3,0.0
2025-02-03 01:00:00,0.0,0.0,0.0,-1.3,0.0
2025-02-03 02:00:00,0.0,0.0,0.0,-1.6,0.0
2025-02-03 03:00:00,0.0,0.0,0.0,-1.8,0.0
2025-02-03 04:00:00,0.0,0.0,0.0,-1.9,0.0
2025-02-03 05:00:00,0.0,0.0,0.0,-2.3,0.0
2025-02-03 06:00:00,0.0,0.0,0.0,-2.4,0.0
2025-02-03 07:00:00,0.0,0.0,0.0,-2.6,0.0
2025-02-03 08:00:00,27.0,213.9,12.0,-1.9,0.11927166576894227
2025-02-03 09:00:00,139.0,564.4,42.0,-0.2,0.4328636604458868
2025-02-03 10:00:00,252.0,710.2,56.0,1.7,0.6291338112604401
2025-02-03 11:00:00,333.0,782.6,62.0,3.3,0.7394102164415862
2025-02-03 12:00:00,362.0,753.8,77.0,4.4,0.7458648648014397
2025-02-03 13:00:00,359.0,796.5,65.0,5.0,0.7319640640404449
2025-02-03 14:00:00,303.0,756.2,61.0,5.1,0.6296006992569008
2025-02-03 15:00:00,206.0,666.2,50.0,4.5,0.4642396537880089
2025-02-03 16:00:00,86.0,468.4,31.0,2.3,0.2599675900158777
2025-02-03 17:00:00,5.0,38.2,3.0,1.0,0.008474795261453791
2025-02-03 18:00:00,0.0,0.0,0.0,0.5,0.0
2025-02-03 19:00:00,0.0,0.0,0.0,0.8,0.0
2025-02-03 20:00:00,0.0,0.0,0.0,0.5,0.0
2025-02-03 21:00:00,0.0,0.0,0.0,0.1,0.0
2025-02-03 22:00:00,0.0,0.0,0.0,-0.7,0.0
2025-02-03 23:00:00,0.0,0.0,0.0,-1.4,0.0
2025-02-04 00:00:00,0.0,0.0,0.0,-1.8,0.0
2025-02-04 01:00:00,0.0,0.0,0.0,-1.1,0.0
2025-02-04 02:00:00,0.0,0.0,0.0,-1.2,0.0
2025-02-04 03:00:00,0.0,0.0,0.0,-1.5,0.0
2025-02-04 04:00:00,0.0,0.0,0.0,-1.7,0.0
2025-02-04 05:00:00,0.0,0.0,0.0,-1.8,0.0
2025-02-04 06:00:00,0.0,0.0,0.0,-2.0,0.0
2025-02-04 07:00:00,0.0,0.0,0.0,-2.1,0.0
2025-02-04 08:00:00,26.0,165.8,14.0,-1.6,0.0979379990795826
2025-02-04 09:00:00,110.0,272.4,62.0,-0.2,0.2601976508878172
2025-02-04 10:00:00,184.0,274.5,107.0,1.2,0.34757268143648645
2025-02-04 11:00:00,232.0,333.3,115.0,2.3,0.42905809045869775
2025-02-04 12:00:00,306.0,491.0,118.0,3.6,0.5795941861673003
2025-02-04 13:00:00,183.0,128.3,135.0,1.7,0.2537373286937703
2025-02-04 14:00:00,164.0,104.6,130.0,2.6,0.21554943404375326
2025-02-04 15:00:00,174.0,451.9,66.0,2.7,0.3619794258754916
2025-02-04 16:00:00,88.0,450.5,33.0,1.6,0.2537254291762541
2025-02-04 17:00:00,5.0,38.2,3.0,0.7,0.008565338176868291
2025-02-04 18:00:00,0.0,0.0,0.0,0.7,0.0
2025-02-04 19:00:00,0.0,0.0,0.0,0.0,0.0
2025-02-04 20:00:00,0.0,0.0,0.0,-0.9,0.0
2025-02-04 21:00:00,0.0,0.0,0.0,-1.2,0.0
2025-02-04 22:00:00,0.0,0.0,0.0,-1.4,0.0
2025-02-04 23:00:00,0.0,0.0,0.0,-1.5,0.0
2025-02-05 00:00:00,0.0,0.0,0.0,-1.5,0.0
2025-02-05 01:00:00,0.0,0.0,0.0,-0.4,0.0
2025-02-05 02:00:00,0.0,0.0,0.0,0.8,0.0
2025-02-05 03:00:00,0.0,0.0,0.0,1.2,0.0
2025-02-05 04:00:00,0.0,0.0,0.0,1.5,0.0
2025-02-05 05:00:00,0.0,0.0,0.0,1.7,0.0
2025-02-05 06:00:00,0.0,0.0,0.0,1.9,0.0
2025-02-05 07:00:00,0.0,0.0,0.0,2.1,0.0
2025-02-05 08:00:00,12.0,0.0,12.0,2.5,0.011543869637379946
2025-02-05 09:00:00,71.0,27.7,66.0,3.5,0.08353346430950889
2025-02-05 10:00:00,139.0,98.2,111.0,4.5,0.19351034315941285
2025-02-05 11:00:00,203.0,196.7,133.0,5.4,0.3169993926489207
2025-02-05 12:00:00,165.0,69.6,138.0,5.9,0.19959121090061288
2025-02-05 13:00:00,145.0,29.0,134.0,4.5,0.1546002235834567
2025-02-05 14:00:00,114.0,24.3,106.0,4.6,0.12103033818254698
2025-02-05 15:00:00,86.0,20.5,81.0,4.4,0.09114864567253585
2025-02-05 16:00:00,29.0,0.0,29.0,3.2,0.02777555002243496
2025-02-05 17:00:00,2.0,0.0,2.0,2.9,0.0019231942899534174
2025-02-05 18:00:00,0.0,0.0,0.0,3.1,0.0
2025-02-05 19:00:00,0.0,0.0,0.0,2.6,0.0
2025-02-05 20:00:00,0.0,0.0,0.0,2.1,0.0
2025-02-05 21:00:00,0.0,0.0,0.0,1.7,0.0
2025-02-05 22:00:00,0.0,0.0,0.0,1.5,0.0
2025-02-05 23:00:00,0.0,0.0,0.0,1.7,0.0
2025-02-06 00:00:00,0.0,0.0,0.0,1.6,0.0
2025-02-06 01:00:00,0.0,0.0,0.0,2.8,0.0
2025-02-06 02:00:00,0.0,0.0,0.0,2.4,0.0
2025-02-06 03:00:00,0.0,0.0,0.0,2.4,0.0
2025-02-06 04:00:00,0.0,0.0,0.0,2.5,0.0
2025-02-06 05:00:00,0.0,0.0,0.0,2.4,0.0
2025-02-06 06:00:00,0.0,0.0,0.0,2.3,0.0
2025-02-06 07:00:00,0.0,0.0,0.0,2.2,0.0
2025-02-06 08:00:00,10.0,0.0,10.0,2.5,0.009621935169928205
2025-02-06 09:00:00,59.0,5.4,58.0,3.1,0.059390553168143144
2025-02-06 10:00:00,127.0,44.8,114.0,4.2,0.14863876436518098
2025-02-06 11:00:00,150.0,83.2,120.0,4.7,0.1950327816991552
2025-02-06 12:00:00,147.0,53.5,126.0,5.2,0.17239160970894302
2025-02-06 13:00:00,172.0,179.7,103.0,5.4,0.26484083579043094
2025-02-06 14:00:00,197.0,259.8,110.0,6.0,0.3208903290871355
2025-02-06 15:00:00,157.0,297.5,83.0,5.8,0.28108388847565585
2025-02-06 16:00:00,68.0,197.6,42.0,5.2,0.1401956342585008
2025-02-06 17:00:00,5.0,19.1,4.0,4.1,0.0067924470165797715
2025-02-06 18:00:00,0.0,0.0,0.0,3.9,0.0
2025-02-06 19:00:00,0.0,0.0,0.0,3.3,0.0
2025-02-06 20:00:00,0.0,0.0,0.0,2.9,0.0
2025-02-06 21:00:00,0.0,0.0,0.0,2.7,0.0
2025-02-06 22:00:00,0.0,0.0,0.0,2.7,0.0
2025-02-06 23:00:00,0.0,0.0,0.0,2.7,0.0
2025-02-07 00:00:00,0.0,0.0,0.0,2.6,0.0
2025-02-07 01:00:00,0.0,0.0,0.0,3.3,0.0
2025-02-07 02:00:00,0.0,0.0,0.0,3.3,0.0
2025-02-07 03:00:00,0.0,0.0,0.0,3.5,0.0
2025-02-07 04:00:00,0.0,0.0,0.0,3.6,0.0
2025-02-07 05:00:00,0.0,0.0,0.0,3.4,0.0
2025-02-07 06:00:00,0.0,0.0,0.0,3.3,0.0
2025-02-07 07:00:00,0.0,0.0,0.0,3.4,0.0
2025-02-07 08:00:00,17.0,0.0,17.0,3.5,0.016285038643232413
2025-02-07 09:00:00,59.0,5.3,58.0,3.9,0.05914382003869697
2025-02-07 10:00:00,114.0,71.2,93.0,4.7,0.15139202968902363
2025-02-07 11:00:00,159.0,125.8,113.0,5.0,0.22901913530637608
2025-02-07 12:00:00,196.0,138.2,141.0,5.4,0.27142564110938494
2025-02-07 13:00:00,114.0,5.1,112.0,5.4,0.11034728185457024
2025-02-07 14:00:00,83.0,0.0,83.0,5.1,0.07848009513316241
2025-02-07 15:00:00,68.0,0.0,68.0,4.8,0.06447328809189033
2025-02-07 16:00:00,39.0,0.0,39.0,4.3,0.037161831533749475
2025-02-07 17:00:00,5.0,0.0,5.0,3.7,0.004792313928859083
2025-02-07 18:00:00,0.0,0.0,0.0,3.1,0.0
2025-02-07 19:00:00,0.0,0.0,0.0,2.8,0.0
2025-02-07 20:00:00,0.0,0.0,0.0,2.8,0.0
2025-02-07 21:00:00,0.0,0.0,0.0,2.7,0.0
2025-02-07 22:00:00,0.0,0.0,0.0,2.6,0.0
2025-02-07 23:00:00,0.0,0.0,0.0,2.6,0.0
2025-02-08 00:00:00,0.0,0.0,0.0,2.5,0.0
2025-02-08 01:00:00,0.0,0.0,0.0,3.3,0.0
2025-02-08 02:00:00,0.0,0.0,0.0,3.2,0.0
2025-02-08 03:00:00,0.0,0.0,0.0,3.4,0.0
2025-02-08 04:00:00,0.0,0.0,0.0,2.8,0.0
2025-02-08 05:00:00,0.0,0.0,0.0,3.2,0.0
2025-02-08 06:00:00,0.0,0.0,0.0,3.2,0.0
2025-02-08 07:00:00,0.0,0.0,0.0,3.2,0.0
2025-02-08 08:00:00,18.0,48.9,14.0,3.7,0.038070612753672926
2025-02-08 09:00:00,49.0,0.0,49.0,4.2,0.046657753256469967
2025-02-08 10:00:00,109.0,46.7,95.0,4.8,0.13161237404855314
2025-02-08 11:00:00,243.0,269.7,143.0,6.5,0.39569061486949236
2025-02-08 12:00:00,329.0,528.6,116.0,7.9,0.6019442721097203
2025-02-08 13:00:00,154.0,38.1,139.0,7.0,0.16669871845399584
2025-02-08 14:00:00,161.0,107.3,124.0,7.8,0.2074882106933799
2025-02-08 15:00:00,191.0,440.8,77.0,8.3,0.36233600975676716
2025-02-08 16:00:00,92.0,333.0,45.0,7.2,0.20711125751477788
2025-02-08 17:00:00,9.0,38.2,7.0,6.0,0.01324863925987448
2025-02-08 18:00:00,0.0,0.0,0.0,5.3,0.0
2025-02-08 19:00:00,0.0,0.0,0.0,4.8,0.0
2025-02-08 20:00:00,0.0,0.0,0.0,4.9,0.0
2025-02-08 21:00:00,0.0,0.0,0.0,4.0,0.0
2025-02-08 22:00:00,0.0,0.0,0.0,3.5,0.0
2025-02-08 23:00:00,0.0,0.0,0.0,2.6,0.0
2025-02-09 00:00:00,0.0,0.0,0.0,2.2,0.0
2025-02-09 01:00:00,0.0,0.0,0.0,3.1,0.0
2025-02-09 02:00:00,0.0,0.0,0.0,2.7,0.0
2025-02-09 03:00:00,0.0,0.0,0.0,2.1,0.0
2025-02-09 04:00:00,0.0,0.0,0.0,1.5,0.0
2025-02-09 05:00:00,0.0,0.0,0.0,1.2,0.0
2025-02-09 06:00:00,0.0,0.0,0.0,0.6,0.0
2025-02-09 07:00:00,0.0,0.0,0.0,0.3,0.0
2025-02-09 08:00:00,31.0,35.6,28.0,0.8,0.04609764979524616
2025-02-09 09:00:00,119.0,175.6,84.0,1.9,0.21370519324957074
2025-02-09 10:00:00,161.0,72.2,139.0,2.9,0.19915600163509625
2025-02-09 11:00:00,195.0,79.8,165.0,4.0,0.2366508857605298
2025-02-09 12:00:00,217.0,71.1,188.0,4.7,0.25062650348079263
2025-02-09 13:00:00,155.0,0.0,155.0,4.2,0.14591186596481584
2025-02-09 14:00:00,185.0,77.1,158.0,4.7,0.21762750753888646
2025-02-09 15:00:00,148.0,204.8,94.0,4.8,0.23212552117747962
2025-02-09 16:00:00,65.0,95.9,51.0,4.4,0.0980216295960636
2025-02-09 17:00:00,8.0,18.4,7.0,3.3,0.009969858743081178
2025-02-09 18:00:00,0.0,0.0,0.0,2.6,0.0
2025-02-09 19:00:00,0.0,0.0,0.0,2.3,0.0
2025-02-09 20:00:00,0.0,0.0,0.0,2.6,0.0
2025-02-09 21:00:00,0.0,0.0,0.0,2.2,0.0
2025-02-09 22:00:00,0.0,0.0,0.0,1.8,0.0
2025-02-09 23:00:00,0.0,0.0,0.0,1.3,0.0
2025-02-10 00:00:00,0.0,0.0,0.0,0.9,0.0
2025-02-10 01:00:00,0.0,0.0,0.0,1.2,0.0
2025-02-10 02:00:00,0.0,0.0,0.0,1.0,0.0
2025-02-10 03:00:00,0.0,0.0,0.0,0.8,0.0
2025-02-10 04:00:00,0.0,0.0,0.0,0.4,0.0
2025-02-10 05:00:00,0.0,0.0,0.0,-0.2,0.0
2025-02-10 06:00:00,0.0,0.0,0.0,-0.3,0.0
2025-02-10 07:00:00,0.0,0.0,0.0,0.0,0.0
2025-02-10 08:00:00,20.0,34.6,17.0,0.8,0.03434110268209452
2025-02-10 09:00:00,77.0,19.6,73.0,1.8,0.0848353829476492
2025-02-10 10:00:00,144.0,35.5,133.0,2.9,0.15924997383733788
2025-02-10 11:00:00,145.0,13.1,140.0,3.7,0.14552285956254468
2025-02-10 12:00:00,117.0,4.8,115.0,4.0,0.11367404672505947
2025-02-10 13:00:00,119.0,47.0,100.0,4.8,0.13923586317529124
2025-02-10 14:00:00,74.0,11.3,70.0,5.1,0.0756565909817567
2025-02-10 15:00:00,44.0,3.7,43.0,5.2,0.043228544914348216
2025-02-10 16:00:00,19.0,0.0,19.0,5.3,0.018076154358497264
2025-02-10 17:00:00,2.0,0.0,2.0,5.1,0.0019076414538185653
2025-02-10 18:00:00,0.0,0.0,0.0,4.7,0.0
2025-02-10 19:00:00,0.0,0.0,0.0,5.0,0.0
2025-02-10 20:00:00,0.0,0.0,0.0,5.0,0.0
2025-02-10 21:00:00,0.0,0.0,0.0,4.1,0.0
2025-02-10 22:00:00,0.0,0.0,0.0,3.8,0.0
2025-02-10 23:00:00,0.0,0.0,0.0,4.2,0.0
2025-02-11 00:00:00,0.0,0.0,0.0,4.2,0.0
2025-02-11 01:00:00,0.0,0.0,0.0,4.5,0.0
2025-02-11 02:00:00,0.0,0.0,0.0,5.2,0.0
2025-02-11 03:00:00,0.0,0.0,0.0,5.3,0.0
2025-02-11 04:00:00,0.0,0.0,0.0,5.4,0.0
2025-02-11 05:00:00,0.0,0.0,0.0,5.2,0.0
2025-02-11 06:00:00,0.0,0.0,0.0,4.9,0.0
2025-02-11 07:00:00,0.0,0.0,0.0,4.6,0.0
2025-02-11 08:00:00,9.0,0.0,9.0,4.6,0.008593854864715433
2025-02-11 09:00:00,32.0,0.0,32.0,4.9,0.03044678290684638
2025-02-11 10:00:00,54.0,0.0,54.0,5.4,0.05116210625377511
2025-02-11 11:00:00,74.0,10.4,70.0,5.8,0.07608148991407891
2025-02-11 12:00:00,70.0,0.0,70.0,5.8,0.06610782314898563
2025-02-11 13:00:00,106.0,24.4,96.0,6.3,0.11335649391157662
2025-02-11 14:00:00,85.0,5.6,83.0,6.2,0.08285249837071262
2025-02-11 15:00:00,61.0,3.7,60.0,6.0,0.05915723251406641
2025-02-11 16:00:00,34.0,0.0,34.0,5.6,0.03225863119546397
2025-02-11 17:00:00,5.0,0.0,5.0,5.0,0.0047693381482053245
2025-02-11 18:00:00,0.0,0.0,0.0,4.8,0.0
2025-02-11 19:00:00,0.0,0.0,0.0,4.4,0.0
2025-02-11 20:00:00,0.0,0.0,0.0,3.6,0.0
2025-02-11 21:00:00,0.0,0.0,0.0,3.2,0.0
2025-02-11 22:00:00,0.0,0.0,0.0,3.1,0.0
2025-02-11 23:00:00,0.0,0.0,0.0,2.9,0.0
2025-02-12 00:00:00,0.0,0.0,0.0,2.6,0.0
2025-02-12 01:00:00,0.0,0.0,0.0,2.7,0.0
2025-02-12 02:00:00,0.0,0.0,0.0,2.5,0.0
2025-02-12 03:00:00,0.0,0.0,0.0,2.3,0.0
2025-02-12 04:00:00,0.0,0.0,0.0,2.5,0.0
2025-02-12 05:00:00,0.0,0.0,0.0,2.6,0.0
2025-02-12 06:00:00,0.0,0.0,0.0,2.5,0.0
2025-02-12 07:00:00,0.0,0.0,0.0,2.2,0.0
2025-02-12 08:00:00,27.0,76.2,20.0,2.4,0.05880916633737042
2025-02-12 09:00:00,105.0,163.5,70.0,3.5,0.18824723202878493
2025-02-12 10:00:00,172.0,165.7,119.0,4.4,0.2624455649256456
2025-02-12 11:00:00,259.0,301.6,141.0,5.3,0.4260245745663628
2025-02-12 12:00:00,221.0,195.9,138.0,5.8,0.32516479421059263
2025-02-12 13:00:00,222.0,228.9,127.0,6.1,0.3358482839559251
2025-02-12 14:00:00,146.0,43.8,130.0,6.0,0.16013562378400722
2025-02-12 15:00:00,117.0,143.5,77.0,5.8,0.17024213945909802
2025-02-12 16:00:00,64.0,105.9,47.0,5.3,0.09642630654962404
2025-02-12 17:00:00,8.0,32.3,6.0,4.5,0.011454330162814622
2025-02-12 18:00:00,0.0,0.0,0.0,4.5,0.0
2025-02-12 19:00:00,0.0,0.0,0.0,4.1,0.0
2025-02-12 20:00:00,0.0,0.0,0.0,3.4,0.0
2025-02-12 21:00:00,0.0,0.0,0.0,3.2,0.0
2025-02-12 22:00:00,0.0,0.0,0.0,3.1,0.0
2025-02-12 23:00:00,0.0,0.0,0.0,2.9,0.0
2025-02-13 00:00:00,0.0,0.0,0.0,2.7,0.0
2025-02-13 01:00:00,0.0,0.0,0.0,2.2,0.0
2025-02-13 02:00:00,0.0,0.0,0.0,1.8,0.0
2025-02-13 03:00:00,0.0,0.0,0.0,2.0,0.0
2025-02-13 04:00:00,0.0,0.0,0.0,1.6,0.0
2025-02-13 05:00:00,0.0,0.0,0.0,1.5,0.0
2025-02-13 06:00:00,0.0,0.0,0.0,1.6,0.0
2025-02-13 07:00:00,0.0,0.0,0.0,1.3,0.0
2025-02-13 08:00:00,18.0,0.0,18.0,1.3,0.017381118193147558
2025-02-13 09:00:00,72.0,0.0,72.0,1.3,0.06912715699409885
2025-02-13 10:00:00,100.0,9.2,97.0,1.3,0.1013170701243949
2025-02-13 11:00:00,91.0,2.5,90.0,1.2,0.08875913489403238
2025-02-13 12:00:00,115.0,4.7,113.0,1.2,0.11288236827692297
2025-02-13 13:00:00,106.0,7.1,103.0,0.2,0.10591338168562335
2025-02-13 14:00:00,118.0,21.6,110.0,0.5,0.12446632584256322
2025-02-13 15:00:00,80.0,7.0,78.0,0.4,0.08000466212498537
2025-02-13 16:00:00,49.0,12.1,47.0,0.0,0.051487638428591
2025-02-13 17:00:00,8.0,0.0,8.0,-0.4,0.007781189043554987
2025-02-13 18:00:00,0.0,0.0,0.0,-0.4,0.0
2025-02-13 19:00:00,0.0,0.0,0.0,-0.3,0.0
2025-02-13 20:00:00,0.0,0.0,0.0,-0.3,0.0
2025-02-13 21:00:00,0.0,0.0,0.0,-0.3,0.0
2025-02-13 22:00:00,0.0,0.0,0.0,-0.3,0.0
2025-02-13 23:00:00,0.0,0.0,0.0,-0.4,0.0
2025-02-14 00:00:00,0.0,0.0,0.0,-0.4,0.0
2025-02-14 01:00:00,0.0,0.0,0.0,-0.5,0.0
2025-02-14 02:00:00,0.0,0.0,0.0,-0.6,0.0
2025-02-14 03:00:00,0.0,0.0,0.0,-0.8,0.0
2025-02-14 04:00:00,0.0,0.0,0.0,-0.7,0.0
2025-02-14 05:00:00,0.0,0.0,0.0,-0.4,0.0
2025-02-14 06:00:00,0.0,0.0,0.0,-0.3,0.0
2025-02-14 07:00:00,0.0,0.0,0.0,-0.1,0.0
2025-02-14 08:00:00,22.0,0.0,22.0,0.6,0.021289031085250272
2025-02-14 09:00:00,65.0,8.9,63.0,1.3,0.06726523940531166
2025-02-14 10:00:00,124.0,42.4,110.0,1.8,0.14408941609147333
2025-02-14 11:00:00,141.0,22.4,132.0,2.2,0.1482538658241805
2025-02-14 12:00:00,217.0,96.7,175.0,2.8,0.266496362000064
2025-02-14 13:00:00,174.0,37.6,158.0,2.9,0.18708418192721923
2025-02-14 14:00:00,155.0,74.5,127.0,3.2,0.18575510703365405
2025-02-14 15:00:00,95.0,48.5,81.0,3.0,0.11096172084066226
2025-02-14 16:00:00,39.0,0.0,39.0,2.7,0.03738239902802556
2025-02-14 17:00:00,6.0,0.0,6.0,2.2,0.005781976192364167
2025-02-14 18:00:00,0.0,0.0,0.0,1.9,0.0
2025-02-14 19:00:00,0.0,0.0,0.0,1.2,0.0
2025-02-14 20:00:00,0.0,0.0,0.0,0.6,0.0
2025-02-14 21:00:00,0.0,0.0,0.0,0.9,0.0
2025-02-14 22:00:00,0.0,0.0,0.0,0.6,0.0
2025-02-14 23:00:00,0.0,0.0,0.0,0.6,0.0
2025-02-15 00:00:00,0.0,0.0,0.0,0.5,0.0
2025-02-15 01:00:00,0.0,0.0,0.0,0.6,0.0
2025-02-15 02:00:00,0.0,0.0,0.0,0.5,0.0
2025-02-15 03:00:00,0.0,0.0,0.0,0.8,0.0
2025-02-15 04:00:00,0.0,0.0,0.0,0.8,0.0
2025-02-15 05:00:00,0.0,0.0,0.0,0.7,0.0
2025-02-15 06:00:00,0.0,0.0,0.0,0.3,0.0
2025-02-15 07:00:00,0.0,0.0,0.0,-0.1,0.0
2025-02-15 08:00:00,29.0,80.2,21.0,0.5,0.06264797283746157
2025-02-15 09:00:00,84.0,43.6,74.0,1.4,0.10428134475511654
2025-02-15 10:00:00,184.0,149.1,134.0,2.2,0.26558143619834573
2025-02-15 11:00:00,321.0,447.1,139.0,3.0,0.5634937527588256
2025-02-15 12:00:00,271.0,250.2,161.0,3.2,0.4066889853022519
2025-02-15 13:00:00,209.0,74.3,177.0,2.4,0.24248509952251907
2025-02-15 14:00:00,185.0,91.9,150.0,2.5,0.22442012583970233
2025-02-15 15:00:00,142.0,95.3,114.0,2.6,0.17757741590285112
2025-02-15 16:00:00,68.0,51.4,59.0,2.3,0.08261958604225728
2025-02-15 17:00:00,11.0,0.0,11.0,1.5,0.010621886684263452
2025-02-15 18:00:00,0.0,0.0,0.0,1.4,0.0
2025-02-15 19:00:00,0.0,0.0,0.0,1.1,0.0
2025-02-15 20:00:00,0.0,0.0,0.0,0.8,0.0
2025-02-15 21:00:00,0.0,0.0,0.0,0.5,0.0
2025-02-15 22:00:00,0.0,0.0,0.0,0.2,0.0
2025-02-15 23:00:00,0.0,0.0,0.0,-0.1,0.0
2025-02-16 00:00:00,0.0,0.0,0.0,-0.4,0.0
2025-02-16 01:00:00,0.0,0.0,0.0,-0.3,0.0
2025-02-16 02:00:00,0.0,0.0,0.0,-0.4,0.0
2025-02-16 03:00:00,0.0,0.0,0.0,-0.7,0.0
2025-02-16 04:00:00,0.0,0.0,0.0,-0.6,0.0
2025-02-16 05:00:00,0.0,0.0,0.0,-1.0,0.0
2025-02-16 06:00:00,0.0,0.0,0.0,-1.4,0.0
2025-02-16 07:00:00,1.0,0.0,1.0,-1.6,0.000977605644932326
2025-02-16 08:00:00,69.0,400.3,28.0,-0.7,0.239302189629497
2025-02-16 09:00:00,200.0,627.5,53.0,0.7,0.4977510504933958
2025-02-16 10:00:00,320.0,748.8,65.0,1.9,0.6832301232720457
2025-02-16 11:00:00,407.0,817.2,70.0,2.9,0.7945531027880951
2025-02-16 12:00:00,358.0,391.1,184.0,3.4,0.5683509039037066
2025-02-16 13:00:00,341.0,350.9,188.0,4.4,0.5183643933312663
2025-02-16 14:00:00,359.0,725.1,79.0,5.2,0.6429819921914335
2025-02-16 15:00:00,262.0,639.1,71.0,4.4,0.48312577213205027
2025-02-16 16:00:00,114.0,294.4,61.0,2.9,0.2052519225017948
2025-02-16 17:00:00,25.0,167.1,13.0,1.4,0.05005832613041486
2025-02-16 18:00:00,0.0,0.0,0.0,0.6,0.0
2025-02-16 19:00:00,0.0,0.0,0.0,-0.3,0.0
2025-02-16 20:00:00,0.0,0.0,0.0,-0.8,0.0
2025-02-16 21:00:00,0.0,0.0,0.0,-1.1,0.0
2025-02-16 22:00:00,0.0,0.0,0.0,-1.5,0.0
2025-02-16 23:00:00,0.0,0.0,0.0,-1.9,0.0
2025-02-17 00:00:00,0.0,0.0,0.0,-2.2,0.0
2025-02-17 01:00:00,0.0,0.0,0.0,-2.1,0.0
2025-02-17 02:00:00,0.0,0.0,0.0,-2.7,0.0
2025-02-17 03:00:00,0.0,0.0,0.0,-2.7,0.0
2025-02-17 04:00:00,0.0,0.0,0.0,-2.7,0.0
2025-02-17 05:00:00,0.0,0.0,0.0,-2.9,0.0
2025-02-17 06:00:00,0.0,0.0,0.0,-3.0,0.0
2025-02-17 07:00:00,2.0,0.0,2.0,-2.9,0.0019641972215816645
2025-02-17 08:00:00,75.0,434.4,29.0,-1.8,0.25986890243490435
2025-02-17 09:00:00,211.0,659.7,53.0,-0.4,0.5224222835035254
2025-02-17 10:00:00,335.0,780.7,65.0,0.9,0.7114183236284416
2025-02-17 11:00:00,421.0,837.8,71.0,2.0,0.8166157027872315
2025-02-17 12:00:00,461.0,863.8,72.0,2.8,0.8490581723730259
2025-02-17 13:00:00,451.0,861.1,71.0,3.6,0.8103546178371581
2025-02-17 14:00:00,391.0,825.3,68.0,3.6,0.7044390823331096
2025-02-17 15:00:00,288.0,750.2,60.0,3.3,0.536332979220257
2025-02-17 16:00:00,154.0,594.9,44.0,1.9,0.3179171050042696
2025-02-17 17:00:00,29.0,215.3,13.0,-0.2,0.061647623872596896
2025-02-17 18:00:00,0.0,0.0,0.0,-0.9,0.0
2025-02-17 19:00:00,0.0,0.0,0.0,-1.4,0.0
2025-02-17 20:00:00,0.0,0.0,0.0,-1.8,0.0
2025-02-17 21:00:00,0.0,0.0,0.0,-1.9,0.0
2025-02-17 22:00:00,0.0,0.0,0.0,-1.9,0.0
2025-02-17 23:00:00,0.0,0.0,0.0,-2.1,0.0
2025-02-18 00:00:00,0.0,0.0,0.0,-2.3,0.0
2025-02-18 01:00:00,0.0,0.0,0.0,-2.2,0.0
2025-02-18 02:00:00,0.0,0.0,0.0,-2.5,0.0
2025-02-18 03:00:00,0.0,0.0,0.0,-2.7,0.0
2025-02-18 04:00:00,0.0,0.0,0.0,-2.8,0.0
2025-02-18 05:00:00,0.0,0.0,0.0,-2.9,0.0
2025-02-18 06:00:00,0.0,0.0,0.0,-2.9,0.0
2025-02-18 07:00:00,2.0,19.1,1.0,-2.8,0.006356422276436328
2025-02-18 08:00:00,80.0,432.2,32.0,-1.8,0.2635716099011764
2025-02-18 09:00:00,217.0,661.8,55.0,-0.5,0.5277985645143339
2025-02-18 10:00:00,341.0,785.7,65.0,0.9,0.7164121290979074
2025-02-18 11:00:00,429.0,850.6,69.0,2.1,0.8251760837435088
2025-02-18 12:00:00,469.0,871.1,72.0,3.0,0.8555082431289475
2025-02-18 13:00:00,456.0,859.6,72.0,3.5,0.811992015716245
2025-02-18 14:00:00,395.0,826.9,67.0,4.0,0.7038500426085035
2025-02-18 15:00:00,289.0,728.1,64.0,3.9,0.5281301867666296
2025-02-18 16:00:00,155.0,558.4,49.0,2.9,0.3081636551071884
2025-02-18 17:00:00,26.0,78.1,20.0,1.2,0.04027755134322871
2025-02-18 18:00:00,0.0,0.0,0.0,0.6,0.0
2025-02-18 19:00:00,0.0,0.0,0.0,0.4,0.0
2025-02-18 20:00:00,0.0,0.0,0.0,0.1,0.0
2025-02-18 21:00:00,0.0,0.0,0.0,0.1,0.0
2025-02-18 22:00:00,0.0,0.0,0.0,-0.1,0.0
2025-02-18 23:00:00,0.0,0.0,0.0,-0.2,0.0
2025-02-19 00:00:00,0.0,0.0,0.0,-0.4,0.0
2025-02-19 01:00:00,0.0,0.0,0.0,-0.4,0.0
2025-02-19 02:00:00,0.0,0.0,0.0,-0.6,0.0
2025-02-19 03:00:00,0.0,0.0,0.0,-0.8,0.0
2025-02-19 04:00:00,0.0,0.0,0.0,-1.1,0.0
2025-02-19 05:00:00,0.0,0.0,0.0,-1.2,0.0
2025-02-19 06:00:00,0.0,0.0,0.0,-1.3,0.0
2025-02-19 07:00:00,3.0,19.1,2.0,-1.3,0.00739329895000953
2025-02-19 08:00:00,72.0,240.7,44.0,-0.6,0.1764259993642319
2025-02-19 09:00:00,186.0,375.7,92.0,0.5,0.37405780807206723
2025-02-19 10:00:00,294.0,465.3,128.0,1.7,0.5384995495282827
2025-02-19 11:00:00,364.0,487.5,155.0,2.9,0.6204731051838922
2025-02-19 12:00:00,393.0,496.5,164.0,4.2,0.643368004475528
2025-02-19 13:00:00,349.0,340.6,195.0,4.7,0.5156989622988678
2025-02-19 14:00:00,334.0,475.2,143.0,5.3,0.5350981411207676
2025-02-19 15:00:00,253.0,467.9,106.0,5.0,0.4207774765366977
2025-02-19 16:00:00,150.0,498.0,53.0,4.1,0.2849543025169848
2025-02-19 17:00:00,30.0,151.3,18.0,2.9,0.05623299857656402
2025-02-19 18:00:00,0.0,0.0,0.0,2.5,0.0
2025-02-19 19:00:00,0.0,0.0,0.0,2.0,0.0
2025-02-19 20:00:00,0.0,0.0,0.0,1.7,0.0
2025-02-19 21:00:00,0.0,0.0,0.0,1.5,0.0
2025-02-19 22:00:00,0.0,0.0,0.0,1.3,0.0
2025-02-19 23:00:00,0.0,0.0,0.0,1.3,0.0
2025-02-20 00:00:00,0.0,0.0,0.0,1.2,0.0
2025-02-20 01:00:00,0.0,0.0,0.0,1.2,0.0
2025-02-20 02:00:00,0.0,0.0,0.0,1.2,0.0
2025-02-20 03:00:00,0.0,0.0,0.0,1.2,0.0
2025-02-20 04:00:00,0.0,0.0,0.0,1.3,0.0
2025-02-20 05:00:00,0.0,0.0,0.0,1.4,0.0
2025-02-20 06:00:00,0.0,0.0,0.0,1.5,0.0
2025-02-20 07:00:00,3.0,0.0,3.0,2.1,0.0028929682292778533
2025-02-20 08:00:00,69.0,205.4,44.0,3.3,0.15494529044495467
2025-02-20 09:00:00,158.0,215.1,103.0,5.1,0.2620513842026819
2025-02-20 10:00:00,226.0,201.5,153.0,6.9,0.3276586885866489
2025-02-20 11:00:00,326.0,377.6,162.0,9.2,0.513891372125562
2025-02-20 12:00:00,318.0,306.3,175.0,10.8,0.463295977266952
2025-02-20 13:00:00,146.0,4.4,144.0,10.0,0.13704903690586953
2025-02-20 14:00:00,287.0,351.1,144.0,11.2,0.42556643590895843
2025-02-20 15:00:00,131.0,156.6,81.0,10.7,0.1797050155032709
2025-02-20 16:00:00,22.0,0.0,22.0,10.6,0.02051138927850766
2025-02-20 17:00:00,8.0,0.0,8.0,10.1,0.007484271262798719
2025-02-20 18:00:00,0.0,0.0,0.0,9.5,0.0
2025-02-20 19:00:00,0.0,0.0,0.0,9.0,0.0
2025-02-20 20:00:00,0.0,0.0,0.0,8.9,0.0
2025-02-20 21:00:00,0.0,0.0,0.0,8.1,0.0
2025-02-20 22:00:00,0.0,0.0,0.0,7.8,0.0
2025-02-20 23:00:00,0.0,0.0,0.0,8.1,0.0
2025-02-21 00:00:00,0.0,0.0,0.0,8.1,0.0
2025-02-21 01:00:00,0.0,0.0,0.0,8.6,0.0
2025-02-21 02:00:00,0.0,0.0,0.0,8.4,0.0
2025-02-21 03:00:00,0.0,0.0,0.0,8.6,0.0
2025-02-21 04:00:00,0.0,0.0,0.0,8.7,0.0
2025-02-21 05:00:00,0.0,0.0,0.0,8.7,0.0
2025-02-21 06:00:00,0.0,0.0,0.0,8.6,0.0
2025-02-21 07:00:00,4.0,19.1,3.0,8.4,0.008178881483947494
2025-02-21 08:00:00,43.0,23.6,40.0,9.1,0.05019493190039634
2025-02-21 09:00:00,131.0,149.3,92.0,10.5,0.19689821929192627
2025-02-21 10:00:00,305.0,570.8,95.0,12.6,0.5619929912894647
2025-02-21 11:00:00,377.0,595.5,115.0,14.2,0.640433283102243
2025-02-21 12:00:00,351.0,448.8,139.0,15.1,0.5470802850865729
2025-02-21 13:00:00,412.0,678.0,98.0,15.8,0.6680638208296857
2025-02-21 14:00:00,295.0,382.9,137.0,15.8,0.4350247350458648
2025-02-21 15:00:00,281.0,634.8,75.0,15.9,0.46443545533333686
2025-02-21 16:00:00,148.0,405.4,65.0,15.0,0.247478684966879
2025-02-21 17:00:00,32.0,118.5,22.0,13.4,0.05273191599326104
2025-02-21 18:00:00,0.0,0.0,0.0,12.5,0.0
2025-02-21 19:00:00,0.0,0.0,0.0,11.9,0.0
2025-02-21 20:00:00,0.0,0.0,0.0,11.2,0.0
2025-02-21 21:00:00,0.0,0.0,0.0,10.8,0.0
2025-02-21 22:00:00,0.0,0.0,0.0,10.4,0.0
2025-02-21 23:00:00,0.0,0.0,0.0,9.9,0.0
2025-02-22 00:00:00,0.0,0.0,0.0,9.5,0.0
2025-02-22 01:00:00,0.0,0.0,0.0,9.9,0.0
2025-02-22 02:00:00,0.0,0.0,0.0,9.4,0.0
2025-02-22 03:00:00,0.0,0.0,0.0,9.7,0.0
2025-02-22 04:00:00,0.0,0.0,0.0,9.8,0.0
2025-02-22 05:00:00,0.0,0.0,0.0,9.3,0.0
2025-02-22 06:00:00,0.0,0.0,0.0,8.9,0.0
2025-02-22 07:00:00,3.0,0.0,3.0,8.9,0.002820859625379902
2025-02-22 08:00:00,62.0,75.4,52.0,9.3,0.09010843550073194
2025-02-22 09:00:00,174.0,228.6,113.0,10.8,0.27708287525785474
2025-02-22 10:00:00,300.0,473.7,123.0,12.6,0.5178880328212875
2025-02-22 11:00:00,347.0,421.9,159.0,13.8,0.541315263538345
2025-02-22 12:00:00,311.0,215.5,208.0,14.6,0.4026938293779283
2025-02-22 13:00:00,298.0,162.2,222.0,14.3,0.3577155965718189
2025-02-22 14:00:00,193.0,35.9,178.0,13.9,0.19245861569771264
2025-02-22 15:00:00,76.0,6.1,74.0,13.8,0.071809602161879
2025-02-22 16:00:00,47.0,14.3,44.0,13.4,0.0469320179035557
2025-02-22 17:00:00,8.0,0.0,8.0,12.5,0.007416404341483
2025-02-22 18:00:00,0.0,0.0,0.0,11.8,0.0
2025-02-22 19:00:00,0.0,0.0,0.0,11.3,0.0
2025-02-22 20:00:00,0.0,0.0,0.0,10.7,0.0
2025-02-22 21:00:00,0.0,0.0,0.0,10.2,0.0
2025-02-22 22:00:00,0.0,0.0,0.0,9.7,0.0
2025-02-22 23:00:00,0.0,0.0,0.0,9.6,0.0
2025-02-23 00:00:00,0.0,0.0,0.0,9.6,0.0
2025-02-23 01:00:00,0.0,0.0,0.0,8.9,0.0
2025-02-23 02:00:00,0.0,0.0,0.0,8.8,0.0
2025-02-23 03:00:00,0.0,0.0,0.0,8.2,0.0
2025-02-23 04:00:00,0.0,0.0,0.0,7.6,0.0
2025-02-23 05:00:00,0.0,0.0,0.0,6.9,0.0
2025-02-23 06:00:00,0.0,0.0,0.0,6.5,0.0
2025-02-23 07:00:00,5.0,19.1,4.0,6.2,0.009294122667810852
2025-02-23 08:00:00,75.0,282.1,36.0,7.0,0.18484822084654157
2025-02-23 09:00:00,190.0,407.2,79.0,8.2,0.3715626291717237
2025-02-23 10:00:00,321.0,574.6,103.0,9.4,0.5832489663146732
2025-02-23 11:00:00,440.0,808.6,75.0,11.1,0.7760571736513199
2025-02-23 12:00:00,474.0,808.3,83.0,12.6,0.7920075416945832
2025-02-23 13:00:00,419.0,658.0,107.0,14.0,0.6690897777438264
2025-02-23 14:00:00,333.0,531.4,108.0,14.4,0.5183262485634944
2025-02-23 15:00:00,248.0,471.7,90.0,14.4,0.3872932939404218
2025-02-23 16:00:00,155.0,442.3,60.0,13.5,0.2568648571741029
2025-02-23 17:00:00,43.0,268.1,19.0,11.5,0.09146233125568895
2025-02-23 18:00:00,0.0,0.0,0.0,10.4,0.0
2025-02-23 19:00:00,0.0,0.0,0.0,9.8,0.0
2025-02-23 20:00:00,0.0,0.0,0.0,9.2,0.0
2025-02-23 21:00:00,0.0,0.0,0.0,8.6,0.0
2025-02-23 22:00:00,0.0,0.0,0.0,8.2,0.0
2025-02-23 23:00:00,0.0,0.0,0.0,8.6,0.0
2025-02-24 00:00:00,0.0,0.0,0.0,8.6,0.0
2025-02-24 01:00:00,0.0,0.0,0.0,9.2,0.0
2025-02-24 02:00:00,0.0,0.0,0.0,8.9,0.0
2025-02-24 03:00:00,0.0,0.0,0.0,8.6,0.0
2025-02-24 04:00:00,0.0,0.0,0.0,8.8,0.0
2025-02-24 05:00:00,0.0,0.0,0.0,8.9,0.0
2025-02-24 06:00:00,0.0,0.0,0.0,8.9,0.0
2025-02-24 07:00:00,5.0,0.0,5.0,8.7,0.0047039455417292415
2025-02-24 08:00:00,39.0,6.9,38.0,9.3,0.03928651684861998
2025-02-24 09:00:00,67.0,3.6,66.0,10.5,0.06394283920508657
2025-02-24 10:00:00,124.0,83.1,92.0,11.4,0.1585052783051252
2025-02-24 11:00:00,153.0,37.2,136.0,11.8,0.16143547970657016
2025-02-24 12:00:00,108.0,14.3,101.0,11.8,0.10712018600789182
2025-02-24 13:00:00,97.0,0.0,97.0,11.7,0.08931598949383501
2025-02-24 14:00:00,222.0,76.9,189.0,12.7,0.2392372546343451
2025-02-24 15:00:00,68.0,0.0,68.0,12.4,0.06264653679314225
2025-02-24 16:00:00,34.0,0.0,34.0,11.9,0.03150149085453547
2025-02-24 17:00:00,7.0,0.0,7.0,11.1,0.0065247095384582425
2025-02-24 18:00:00,0.0,0.0,0.0,10.8,0.0
2025-02-24 19:00:00,0.0,0.0,0.0,10.4,0.0
2025-02-24 20:00:00,0.0,0.0,0.0,10.3,0.0
2025-02-24 21:00:00,0.0,0.0,0.0,9.6,0.0
2025-02-24 22:00:00,0.0,0.0,0.0,9.0,0.0
2025-02-24 23:00:00,0.0,0.0,0.0,8.4,0.0
2025-02-25 00:00:00,0.0,0.0,0.0,7.9,0.0
2025-02-25 01:00:00,0.0,0.0,0.0,7.6,0.0
2025-02-25 02:00:00,0.0,0.0,0.0,7.1,0.0
2025-02-25 03:00:00,0.0,0.0,0.0,6.8,0.0
2025-02-25 04:00:00,0.0,0.0,0.0,6.6,0.0
2025-02-25 05:00:00,0.0,0.0,0.0,6.3,0.0
2025-02-25 06:00:00,0.0,0.0,0.0,5.7,0.0
2025-02-25 07:00:00,9.0,56.1,6.0,5.0,0.02230228899608794
2025-02-25 08:00:00,106.0,421.0,43.0,6.0,0.2683016299894098
2025-02-25 09:00:00,247.0,647.6,63.0,7.3,0.5196034236081482
2025-02-25 10:00:00,360.0,705.9,84.0,8.9,0.6654847739001339
2025-02-25 11:00:00,428.0,682.6,112.0,10.2,0.7233623455572482
2025-02-25 12:00:00,392.0,385.8,201.0,11.0,0.5652612084292017
2025-02-25 13:00:00,399.0,440.9,185.0,12.1,0.5795383508300964
2025-02-25 14:00:00,291.0,237.2,188.0,12.2,0.3759723273828878
2025-02-25 15:00:00,178.0,60.8,157.0,11.9,0.18731974877680188
2025-02-25 16:00:00,80.0,8.9,78.0,11.1,0.07647756718748812
2025-02-25 17:00:00,23.0,0.0,23.0,9.9,0.02149828401985343
2025-02-25 18:00:00,0.0,0.0,0.0,9.4,0.0
2025-02-25 19:00:00,0.0,0.0,0.0,9.0,0.0
2025-02-25 20:00:00,0.0,0.0,0.0,8.6,0.0
2025-02-25 21:00:00,0.0,0.0,0.0,7.9,0.0
2025-02-25 22:00:00,0.0,0.0,0.0,7.4,0.0
2025-02-25 23:00:00,0.0,0.0,0.0,7.0,0.0
2025-02-26 00:00:00,0.0,0.0,0.0,6.7,0.0
2025-02-26 01:00:00,0.0,0.0,0.0,7.2,0.0
2025-02-26 02:00:00,0.0,0.0,0.0,6.9,0.0
2025-02-26 03:00:00,0.0,0.0,0.0,6.7,0.0
2025-02-26 04:00:00,0.0,0.0,0.0,6.7,0.0
2025-02-26 05:00:00,0.0,0.0,0.0,6.4,0.0
2025-02-26 06:00:00,0.0,0.0,0.0,5.8,0.0
2025-02-26 07:00:00,1.0,0.0,1.0,5.4,0.0009528624965359702
2025-02-26 08:00:00,9.0,0.0,9.0,5.4,0.008568404769222037
2025-02-26 09:00:00,32.0,0.0,32.0,5.7,0.030356293678425423
2025-02-26 10:00:00,222.0,133.6,169.0,7.1,0.28221018876839654
2025-02-26 11:00:00,357.0,405.3,167.0,8.4,0.5479450025129659
2025-02-26 12:00:00,388.0,493.1,141.0,8.9,0.6053120047969835
2025-02-26 13:00:00,338.0,462.4,111.0,9.7,0.5239581720247916
2025-02-26 14:00:00,349.0,584.4,92.0,10.0,0.5494536314811413
2025-02-26 15:00:00,245.0,416.3,99.0,9.9,0.3694123425056307
2025-02-26 16:00:00,168.0,456.7,63.0,9.4,0.26947277558241883
2025-02-26 17:00:00,45.0,205.7,25.0,8.1,0.0889804668689363
2025-02-26 18:00:00,0.0,0.0,0.0,7.4,0.0
2025-02-26 19:00:00,0.0,0.0,0.0,6.7,0.0
2025-02-26 20:00:00,0.0,0.0,0.0,6.8,0.0
2025-02-26 21:00:00,0.0,0.0,0.0,6.7,0.0
2025-02-26 22:00:00,0.0,0.0,0.0,6.1,0.0
2025-02-26 23:00:00,0.0,0.0,0.0,5.6,0.0
2025-02-27 00:00:00,0.0,0.0,0.0,4.8,0.0
2025-02-27 01:00:00,0.0,0.0,0.0,5.6,0.0
2025-02-27 02:00:00,0.0,0.0,0.0,5.8,0.0
2025-02-27 03:00:00,0.0,0.0,0.0,5.2,0.0
2025-02-27 04:00:00,0.0,0.0,0.0,4.6,0.0
2025-02-27 05:00:00,0.0,0.0,0.0,4.1,0.0
2025-02-27 06:00:00,0.0,0.0,0.0,3.8,0.0
2025-02-27 07:00:00,8.0,33.7,6.0,3.9,0.01586625576552686
2025-02-27 08:00:00,80.0,223.3,44.0,4.6,0.16559406241363575
2025-02-27 09:00:00,126.0,47.3,112.0,5.4,0.1427561344528105
2025-02-27 10:00:00,236.0,235.9,141.0,6.5,0.3476960046674097
2025-02-27 11:00:00,327.0,385.6,144.0,7.4,0.507857140951858
2025-02-27 12:00:00,454.0,686.9,106.0,8.4,0.7368984190454002
2025-02-27 13:00:00,417.0,618.2,110.0,8.5,0.6575430413939934
2025-02-27 14:00:00,341.0,485.2,125.0,7.4,0.5178605315881554
2025-02-27 15:00:00,240.0,359.6,112.0,7.1,0.3511554869162123
2025-02-27 16:00:00,156.0,340.5,76.0,6.1,0.2354672184113862
2025-02-27 17:00:00,42.0,130.3,29.0,5.5,0.0705719912948856
2025-02-27 18:00:00,0.0,0.0,0.0,5.0,0.0
2025-02-27 19:00:00,0.0,0.0,0.0,4.2,0.0
2025-02-27 20:00:00,0.0,0.0,0.0,4.0,0.0
2025-02-27 21:00:00,0.0,0.0,0.0,3.7,0.0
2025-02-27 22:00:00,0.0,0.0,0.0,4.1,0.0
2025-02-27 23:00:00,0.0,0.0,0.0,4.2,0.0
2025-02-28 00:00:00,0.0,0.0,0.0,4.3,0.0
2025-02-28 01:00:00,0.0,0.0,0.0,3.2,0.0
2025-02-28 02:00:00,0.0,0.0,0.0,3.2,0.0
2025-02-28 03:00:00,0.0,0.0,0.0,3.1,0.0
2025-02-28 04:00:00,0.0,0.0,0.0,3.2,0.0
2025-02-28 05:00:00,0.0,0.0,0.0,2.5,0.0
2025-02-28 06:00:00,0.0,0.0,0.0,2.4,0.0
2025-02-28 07:00:00,6.0,0.0,6.0,2.5,0.005775613668490818
2025-02-28 08:00:00,42.0,0.0,42.0,2.8,0.04023024632068675
2025-02-28 09:00:00,79.0,23.2,72.0,3.0,0.08668444594624894
2025-02-28 10:00:00,142.0,41.6,125.0,3.5,0.157473620673284
2025-02-28 11:00:00,133.0,18.7,124.0,3.9,0.13635758462637196
2025-02-28 12:00:00,131.0,7.8,127.0,4.5,0.12788648368947567
2025-02-28 13:00:00,204.0,115.5,146.0,6.0,0.2499378552095214
2025-02-28 14:00:00,127.0,2.2,126.0,6.0,0.12011259787317964
2025-02-28 15:00:00,113.0,5.5,111.0,6.2,0.10809755787975389
2025-02-28 16:00:00,74.0,4.2,73.0,6.1,0.07088140398810146
2025-02-28 17:00:00,43.0,166.1,26.0,5.2,0.07218238797313048
2025-02-28 18:00:00,0.0,0.0,0.0,3.9,0.0
2025-02-28 19:00:00,0.0,0.0,0.0,3.4,0.0
2025-02-28 20:00:00,0.0,0.0,0.0,3.0,0.0
2025-02-28 21:00:00,0.0,0.0,0.0,2.8,0.0
2025-02-28 22:00:00,0.0,0.0,0.0,2.2,0.0
2025-02-28 23:00:00,0.0,0.0,0.0,1.9,0.0
2025-03-01 00:00:00,0.0,0.0,0.0,2.0,0.0
2025-03-01 01:00:00,0.0,0.0,0.0,2.6,0.0
2025-03-01 02:00:00,0.0,0.0,0.0,2.4,0.0
2025-03-01 03:00:00,0.0,0.0,0.0,2.2,0.0
2025-03-01 04:00:00,0.0,0.0,0.0,2.0,0.0
2025-03-01 05:00:00,0.0,0.0,0.0,1.8,0.0
2025-03-01 06:00:00,0.0,0.0,0.0,2.0,0.0
2025-03-01 07:00:00,6.0,0.0,6.0,2.2,0.005781976192364167
2025-03-01 08:00:00,36.0,0.0,36.0,2.8,0.034505141373679424
2025-03-01 09:00:00,82.0,0.0,82.0,3.6,0.077977703885308
2025-03-01 10:00:00,192.0,94.1,153.0,4.9,0.23246803815879583
2025-03-01 11:00:00,194.0,37.0,176.0,5.6,0.20275392232361336
2025-03-01 12:00:00,211.0,38.6,191.0,6.2,0.21848549590318633
2025-03-01 13:00:00,216.0,82.7,174.0,6.3,0.24453095182465145
2025-03-01 14:00:00,205.0,70.2,173.0,6.6,0.22361837882401606
2025-03-01 15:00:00,155.0,49.1,137.0,6.6,0.16334984574092667
2025-03-01 16:00:00,95.0,32.7,87.0,6.5,0.09797763410534584
2025-03-01 17:00:00,35.0,28.6,32.0,5.7,0.0386103507150888
2025-03-01 18:00:00,0.0,0.0,0.0,5.2,0.0
2025-03-01 19:00:00,0.0,0.0,0.0,4.6,0.0
2025-03-01 20:00:00,0.0,0.0,0.0,3.5,0.0
2025-03-01 21:00:00,0.0,0.0,0.0,2.2,0.0
2025-03-01 22:00:00,0.0,0.0,0.0,1.3,0.0
2025-03-01 23:00:00,0.0,0.0,0.0,1.5,0.0
2025-03-02 00:00:00,0.0,0.0,0.0,1.2,0.0
2025-03-02 01:00:00,0.0,0.0,0.0,0.6,0.0
2025-03-02 02:00:00,0.0,0.0,0.0,0.4,0.0
2025-03-02 03:00:00,0.0,0.0,0.0,-0.2,0.0
2025-03-02 04:00:00,0.0,0.0,0.0,-0.9,0.0
2025-03-02 05:00:00,0.0,0.0,0.0,-1.0,0.0
2025-03-02 06:00:00,0.0,0.0,0.0,-0.9,0.0
2025-03-02 07:00:00,19.0,131.7,10.0,-0.6,0.05126914754375402
2025-03-02 08:00:00,137.0,508.8,46.0,1.2,0.32763080264401223
2025-03-02 09:00:00,282.0,692.0,65.0,3.3,0.5659241935928668
2025-03-02 10:00:00,407.0,787.2,76.0,5.3,0.7336711665923354
2025-03-02 11:00:00,493.0,837.1,81.0,6.7,0.8290256426203361
2025-03-02 12:00:00,532.0,857.1,83.0,7.7,0.8553651478739075
2025-03-02 13:00:00,521.0,855.1,82.0,8.4,0.8164614682111447
2025-03-02 14:00:00,458.0,821.4,79.0,8.8,0.71016275202704
2025-03-02 15:00:00,351.0,753.5,71.0,8.8,0.5447313170341687
2025-03-02 16:00:00,214.0,628.0,57.0,8.2,0.3355185283363004
2025-03-02 17:00:00,71.0,390.9,29.0,6.3,0.12839213466692442
2025-03-02 18:00:00,1.0,0.0,1.0,4.9,0.0009546298642785669
2025-03-02 19:00:00,0.0,0.0,0.0,4.0,0.0
2025-03-02 20:00:00,0.0,0.0,0.0,3.3,0.0
2025-03-02 21:00:00,0.0,0.0,0.0,2.7,0.0
2025-03-02 22:00:00,0.0,0.0,0.0,2.0,0.0
2025-03-02 23:00:00,0.0,0.0,0.0,1.9,0.0
2025-03-03 00:00:00,0.0,0.0,0.0,1.5,0.0
2025-03-03 01:00:00,0.0,0.0,0.0,1.3,0.0
2025-03-03 02:00:00,0.0,0.0,0.0,0.7,0.0
2025-03-03 03:00:00,0.0,0.0,0.0,0.7,0.0
2025-03-03 04:00:00,0.0,0.0,0.0,0.5,0.0
2025-03-03 05:00:00,0.0,0.0,0.0,0.2,0.0
2025-03-03 06:00:00,0.0,0.0,0.0,-0.3,0.0
2025-03-03 07:00:00,23.0,154.1,12.0,-0.1,0.06077840771549513
2025-03-03 08:00:00,147.0,546.6,46.0,1.4,0.348517275345599
2025-03-03 09:00:00,294.0,719.8,64.0,3.3,0.5846955076999327
2025-03-03 10:00:00,419.0,806.8,75.0,5.5,0.7480230748197282
2025-03-03 11:00:00,504.0,847.4,82.0,7.5,0.8368400214766328
2025-03-03 12:00:00,541.0,857.3,87.0,9.0,0.8565232075260787
2025-03-03 13:00:00,531.0,861.4,84.0,9.6,0.8203721345148092
2025-03-03 14:00:00,469.0,837.6,78.0,10.1,0.7169864946794822
2025-03-03 15:00:00,362.0,775.0,70.0,10.1,0.5533699700127582
2025-03-03 16:00:00,223.0,651.0,57.0,9.5,0.3431475091417781
2025-03-03 17:00:00,77.0,418.2,31.0,6.9,0.13409028766281123
2025-03-03 18:00:00,1.0,0.0,1.0,4.8,0.0009549833378270865
2025-03-03 19:00:00,0.0,0.0,0.0,3.5,0.0
2025-03-03 20:00:00,0.0,0.0,0.0,2.2,0.0
2025-03-03 21:00:00,0.0,0.0,0.0,0.9,0.0
2025-03-03 22:00:00,0.0,0.0,0.0,-0.3,0.0
2025-03-03 23:00:00,0.0,0.0,0.0,-1.0,0.0
2025-03-04 00:00:00,0.0,0.0,0.0,-1.2,0.0
2025-03-04 01:00:00,0.0,0.0,0.0,-0.7,0.0
2025-03-04 02:00:00,0.0,0.0,0.0,-0.8,0.0
2025-03-04 03:00:00,0.0,0.0,0.0,-0.7,0.0
2025-03-04 04:00:00,0.0,0.0,0.0,-0.8,0.0
2025-03-04 05:00:00,0.0,0.0,0.0,-0.4,0.0
2025-03-04 06:00:00,0.0,0.0,0.0,-0.5,0.0
2025-03-04 07:00:00,23.0,94.1,16.0,0.3,0.04611093046147852
2025-03-04 08:00:00,138.0,377.5,66.0,2.1,0.2805278110918179
2025-03-04 09:00:00,290.0,648.2,79.0,4.4,0.552977533822855
2025-03-04 10:00:00,424.0,793.4,81.0,6.8,0.7423142479988334
2025-03-04 11:00:00,514.0,865.3,78.0,8.8,0.842966481404513
2025-03-04 12:00:00,550.0,870.6,84.0,10.4,0.8595583254215832
2025-03-04 13:00:00,536.0,858.0,86.0,11.0,0.8160497545721547
2025-03-04 14:00:00,475.0,840.8,78.0,11.5,0.7155527213584184
2025-03-04 15:00:00,368.0,782.8,69.0,11.4,0.5538495588690764
2025-03-04 16:00:00,228.0,661.6,56.0,10.4,0.34453526768989595
2025-03-04 17:00:00,81.0,436.4,31.0,7.6,0.1339136024753839
2025-03-04 18:00:00,2.0,0.0,2.0,5.7,0.0019033997712363327
2025-03-04 19:00:00,0.0,0.0,0.0,4.0,0.0
2025-03-04 20:00:00,0.0,0.0,0.0,4.0,0.0
2025-03-04 21:00:00,0.0,0.0,0.0,3.4,0.0
2025-03-04 22:00:00,0.0,0.0,0.0,2.8,0.0
2025-03-04 23:00:00,0.0,0.0,0.0,2.8,0.0
2025-03-05 00:00:00,0.0,0.0,0.0,2.3,0.0
2025-03-05 01:00:00,0.0,0.0,0.0,2.2,0.0
2025-03-05 02:00:00,0.0,0.0,0.0,1.5,0.0
2025-03-05 03:00:00,0.0,0.0,0.0,1.1,0.0
2025-03-05 04:00:00,0.0,0.0,0.0,0.7,0.0
2025-03-05 05:00:00,0.0,0.0,0.0,0.3,0.0
2025-03-05 06:00:00,0.0,0.0,0.0,-0.1,0.0
2025-03-05 07:00:00,28.0,193.8,13.0,0.6,0.07504406462792117
2025-03-05 08:00:00,158.0,559.4,48.0,2.6,0.35816935047905085
2025-03-05 09:00:00,306.0,730.2,64.0,5.4,0.5892336942563455
2025-03-05 10:00:00,433.0,819.3,74.0,8.4,0.7498423725510993
2025-03-05 11:00:00,519.0,863.3,79.0,10.6,0.8373449111950548
2025-03-05 12:00:00,558.0,881.7,81.0,12.2,0.8592734885653082
2025-03-05 13:00:00,546.0,879.2,80.0,13.8,0.8161810678235574
2025-03-05 14:00:00,483.0,850.2,77.0,14.4,0.7126090864205903
2025-03-05 15:00:00,374.0,787.9,69.0,14.4,0.5501309028597985
2025-03-05 16:00:00,233.0,664.3,57.0,13.4,0.34246691560089876
2025-03-05 17:00:00,84.0,435.7,32.0,10.6,0.13058106412355341
2025-03-05 18:00:00,3.0,19.1,2.0,9.6,0.0018777796911508726
2025-03-05 19:00:00,0.0,0.0,0.0,8.3,0.0
2025-03-05 20:00:00,0.0,0.0,0.0,7.1,0.0
2025-03-05 21:00:00,0.0,0.0,0.0,6.0,0.0
2025-03-05 22:00:00,0.0,0.0,0.0,5.1,0.0
2025-03-05 23:00:00,0.0,0.0,0.0,4.6,0.0
2025-03-06 00:00:00,0.0,0.0,0.0,4.1,0.0
2025-03-06 01:00:00,0.0,0.0,0.0,4.4,0.0
2025-03-06 02:00:00,0.0,0.0,0.0,4.2,0.0
2025-03-06 03:00:00,0.0,0.0,0.0,3.9,0.0
2025-03-06 04:00:00,0.0,0.0,0.0,3.7,0.0
2025-03-06 05:00:00,0.0,0.0,0.0,3.6,0.0
2025-03-06 06:00:00,0.0,0.0,0.0,3.7,0.0
2025-03-06 07:00:00,31.0,198.9,15.0,4.3,0.07829767315728312
2025-03-06 08:00:00,161.0,557.8,48.0,6.2,0.35331378033708793
2025-03-06 09:00:00,309.0,723.2,65.0,8.7,0.5792320772752324
2025-03-06 10:00:00,433.0,808.4,74.0,11.4,0.7336795606915426
2025-03-06 11:00:00,519.0,857.5,77.0,13.6,0.8210991936677263
2025-03-06 12:00:00,528.0,731.8,128.0,15.2,0.7814397463072199
2025-03-06 13:00:00,485.0,590.1,169.0,16.6,0.6780966996765269
2025-03-06 14:00:00,446.0,683.5,116.0,17.6,0.632285926119006
2025-03-06 15:00:00,370.0,767.4,69.0,17.7,0.5310953921837085
2025-03-06 16:00:00,231.0,641.1,58.0,16.9,0.3289178126230373
2025-03-06 17:00:00,86.0,427.0,33.0,14.1,0.12571576983968263
2025-03-06 18:00:00,3.0,19.1,2.0,12.3,0.0018586592220600857
2025-03-06 19:00:00,0.0,0.0,0.0,11.5,0.0
2025-03-06 20:00:00,0.0,0.0,0.0,10.3,0.0
2025-03-06 21:00:00,0.0,0.0,0.0,9.1,0.0
2025-03-06 22:00:00,0.0,0.0,0.0,8.3,0.0
2025-03-06 23:00:00,0.0,0.0,0.0,8.0,0.0
2025-03-07 00:00:00,0.0,0.0,0.0,7.5,0.0
2025-03-07 01:00:00,0.0,0.0,0.0,7.9,0.0
2025-03-07 02:00:00,0.0,0.0,0.0,7.4,0.0
2025-03-07 03:00:00,0.0,0.0,0.0,7.0,0.0
2025-03-07 04:00:00,0.0,0.0,0.0,6.6,0.0
2025-03-07 05:00:00,0.0,0.0,0.0,6.2,0.0
2025-03-07 06:00:00,0.0,0.0,0.0,5.9,0.0
2025-03-07 07:00:00,33.0,203.7,16.0,6.3,0.08074260856583403
2025-03-07 08:00:00,162.0,532.4,51.0,7.9,0.34212624656712487
2025-03-07 09:00:00,305.0,690.4,68.0,9.9,0.5593131306219266
2025-03-07 10:00:00,427.0,773.4,79.0,11.8,0.7132776272230268
2025-03-07 11:00:00,508.0,807.7,87.0,13.7,0.7940877748826561
2025-03-07 12:00:00,547.0,834.8,86.0,15.3,0.8187857603557349
2025-03-07 13:00:00,527.0,787.5,101.0,16.8,0.7615065765139744
2025-03-07 14:00:00,460.0,723.2,107.0,17.5,0.6507835329822874
2025-03-07 15:00:00,342.0,578.9,112.0,17.9,0.47029782840120177
2025-03-07 16:00:00,218.0,502.2,80.0,16.9,0.2969037693099738
2025-03-07 17:00:00,80.0,294.9,42.0,14.0,0.10700771372180456
2025-03-07 18:00:00,4.0,19.1,3.0,12.5,0.0027721923575738205
2025-03-07 19:00:00,0.0,0.0,0.0,11.2,0.0
2025-03-07 20:00:00,0.0,0.0,0.0,10.1,0.0
2025-03-07 21:00:00,0.0,0.0,0.0,9.4,0.0
2025-03-07 22:00:00,0.0,0.0,0.0,8.7,0.0
2025-03-07 23:00:00,0.0,0.0,0.0,7.9,0.0
2025-03-08 00:00:00,0.0,0.0,0.0,7.0,0.0
2025-03-08 01:00:00,0.0,0.0,0.0,6.1,0.0
2025-03-08 02:00:00,0.0,0.0,0.0,5.8,0.0
2025-03-08 03:00:00,0.0,0.0,0.0,5.6,0.0
2025-03-08 04:00:00,0.0,0.0,0.0,5.4,0.0
2025-03-08 05:00:00,0.0,0.0,0.0,5.3,0.0
2025-03-08 06:00:00,0.0,0.0,0.0,5.3,0.0
2025-03-08 07:00:00,38.0,242.9,17.0,6.1,0.09492820318956977
2025-03-08 08:00:00,175.0,583.1,50.0,8.2,0.36832082767148466
2025-03-08 09:00:00,324.0,738.9,66.0,10.7,0.5885191280970886
2025-03-08 10:00:00,448.0,818.4,75.0,13.0,0.7397219359137891
2025-03-08 11:00:00,531.0,855.9,80.0,14.9,0.8208562779313242
2025-03-08 12:00:00,566.0,865.8,83.0,16.3,0.8369522596710608
2025-03-08 13:00:00,552.0,860.2,82.0,18.3,0.7908282579966587
2025-03-08 14:00:00,490.0,833.1,79.0,18.5,0.6923735672690564
2025-03-08 15:00:00,379.0,758.0,74.0,18.3,0.5305576067229216
2025-03-08 16:00:00,236.0,597.2,69.0,16.9,0.3235041383635932
2025-03-08 17:00:00,92.0,389.2,40.0,14.4,0.12323254393548153
2025-03-08 18:00:00,5.0,19.1,4.0,12.5,0.0036869285123741335
2025-03-08 19:00:00,0.0,0.0,0.0,11.0,0.0
2025-03-08 20:00:00,0.0,0.0,0.0,10.3,0.0
2025-03-08 21:00:00,0.0,0.0,0.0,9.6,0.0
2025-03-08 22:00:00,0.0,0.0,0.0,8.7,0.0
2025-03-08 23:00:00,0.0,0.0,0.0,8.4,0.0
2025-03-09 00:00:00,0.0,0.0,0.0,8.1,0.0
2025-03-09 01:00:00,0.0,0.0,0.0,8.3,0.0
2025-03-09 02:00:00,0.0,0.0,0.0,7.6,0.0
2025-03-09 03:00:00,0.0,0.0,0.0,7.1,0.0
2025-03-09 04:00:00,0.0,0.0,0.0,6.7,0.0
2025-03-09 05:00:00,0.0,0.0,0.0,6.1,0.0
2025-03-09 06:00:00,0.0,0.0,0.0,5.6,0.0
2025-03-09 07:00:00,41.0,257.0,18.0,6.5,0.10095130631535683
2025-03-09 08:00:00,178.0,581.0,50.0,8.4,0.36792853954477184
2025-03-09 09:00:00,326.0,729.4,67.0,10.7,0.584613336762408
2025-03-09 10:00:00,450.0,812.3,75.0,13.1,0.7361192526587329
2025-03-09 11:00:00,536.0,856.0,80.0,15.1,0.8213210536040264
2025-03-09 12:00:00,572.0,869.6,82.0,16.3,0.8397171467517469
2025-03-09 13:00:00,557.0,862.6,81.0,17.6,0.794618157827608
2025-03-09 14:00:00,492.0,828.3,79.0,17.9,0.691312997575411
2025-03-09 15:00:00,384.0,763.3,73.0,17.8,0.5335438104355584
2025-03-09 16:00:00,240.0,608.0,67.0,16.7,0.32530346071501776
2025-03-09 17:00:00,94.0,375.9,42.0,14.3,0.12122227050491892
2025-03-09 18:00:00,5.0,19.1,4.0,12.4,0.0036883068926450865
2025-03-09 19:00:00,0.0,0.0,0.0,11.2,0.0
2025-03-09 20:00:00,0.0,0.0,0.0,10.7,0.0
2025-03-09 21:00:00,0.0,0.0,0.0,10.2,0.0
2025-03-09 22:00:00,0.0,0.0,0.0,8.1,0.0
2025-03-09 23:00:00,0.0,0.0,0.0,7.2,0.0
2025-03-10 00:00:00,0.0,0.0,0.0,6.7,0.0
2025-03-10 01:00:00,0.0,0.0,0.0,6.8,0.0
2025-03-10 02:00:00,0.0,0.0,0.0,6.0,0.0
2025-03-10 03:00:00,0.0,0.0,0.0,5.5,0.0
2025-03-10 04:00:00,0.0,0.0,0.0,4.7,0.0
2025-03-10 05:00:00,0.0,0.0,0.0,4.1,0.0
2025-03-10 06:00:00,0.0,0.0,0.0,3.4,0.0
2025-03-10 07:00:00,45.0,281.0,19.0,4.5,0.1112384032195854
2025-03-10 08:00:00,186.0,592.1,52.0,6.3,0.3803827894953936
2025-03-10 09:00:00,335.0,745.0,66.0,9.2,0.5986669075109182
2025-03-10 10:00:00,461.0,823.5,76.0,12.2,0.7495796731405147
2025-03-10 11:00:00,546.0,865.4,80.0,14.6,0.8314578240350875
2025-03-10 12:00:00,584.0,882.2,82.0,16.1,0.8510807559751286
2025-03-10 13:00:00,569.0,873.9,82.0,17.2,0.8061351572627936
2025-03-10 14:00:00,504.0,845.5,78.0,17.1,0.7046123376637252
2025-03-10 15:00:00,394.0,780.7,72.0,16.4,0.5454928486060898
2025-03-10 16:00:00,254.0,670.3,60.0,15.2,0.34413294146074624
2025-03-10 17:00:00,104.0,461.3,38.0,12.9,0.13283893811159744
2025-03-10 18:00:00,6.0,38.2,4.0,10.7,0.003689047068530422
2025-03-10 19:00:00,0.0,0.0,0.0,9.4,0.0
2025-03-10 20:00:00,0.0,0.0,0.0,8.2,0.0
2025-03-10 21:00:00,0.0,0.0,0.0,7.3,0.0
2025-03-10 22:00:00,0.0,0.0,0.0,7.1,0.0
2025-03-10 23:00:00,0.0,0.0,0.0,6.0,0.0
2025-03-11 00:00:00,0.0,0.0,0.0,5.2,0.0
2025-03-11 01:00:00,0.0,0.0,0.0,5.2,0.0
2025-03-11 02:00:00,0.0,0.0,0.0,4.4,0.0
2025-03-11 03:00:00,0.0,0.0,0.0,3.2,0.0
2025-03-11 04:00:00,0.0,0.0,0.0,2.6,0.0
2025-03-11 05:00:00,0.0,0.0,0.0,2.3,0.0
2025-03-11 06:00:00,0.0,0.0,0.0,2.0,0.0
2025-03-11 07:00:00,48.0,251.0,24.0,2.3,0.10840558470921986
2025-03-11 08:00:00,171.0,413.1,75.0,3.5,0.31321774584297
2025-03-11 09:00:00,294.0,479.5,118.0,5.0,0.4817774829810246
2025-03-11 10:00:00,298.0,266.1,172.0,5.7,0.41001475468032134
2025-03-11 11:00:00,242.0,33.1,224.0,5.8,0.24302124567499517
2025-03-11 12:00:00,300.0,139.2,220.0,6.4,0.35044591307111533
2025-03-11 13:00:00,188.0,26.7,173.0,5.8,0.18841900085788138
2025-03-11 14:00:00,73.0,0.0,73.0,5.8,0.06891863590003462
2025-03-11 15:00:00,65.0,2.4,64.0,6.1,0.06204638874703085
2025-03-11 16:00:00,32.0,3.4,31.0,6.2,0.030874960002274236
2025-03-11 17:00:00,18.0,0.0,18.0,6.2,0.017069354523353477
2025-03-11 18:00:00,2.0,0.0,2.0,6.0,0.0019012789299452165
2025-03-11 19:00:00,0.0,0.0,0.0,5.9,0.0
2025-03-11 20:00:00,0.0,0.0,0.0,5.6,0.0
2025-03-11 21:00:00,0.0,0.0,0.0,5.3,0.0
2025-03-11 22:00:00,0.0,0.0,0.0,4.6,0.0
2025-03-11 23:00:00,0.0,0.0,0.0,3.3,0.0
2025-03-12 00:00:00,0.0,0.0,0.0,2.7,0.0
2025-03-12 01:00:00,0.0,0.0,0.0,2.0,0.0
2025-03-12 02:00:00,0.0,0.0,0.0,1.3,0.0
2025-03-12 03:00:00,0.0,0.0,0.0,0.8,0.0
2025-03-12 04:00:00,0.0,0.0,0.0,0.3,0.0
2025-03-12 05:00:00,0.0,0.0,0.0,-0.1,0.0
2025-03-12 06:00:00,0.0,0.0,0.0,-0.5,0.0
2025-03-12 07:00:00,52.0,263.3,26.0,0.6,0.11603638917174454
2025-03-12 08:00:00,178.0,423.5,77.0,2.0,0.32385855909661615
2025-03-12 09:00:00,312.0,517.3,119.0,4.0,0.5132082431309216
2025-03-12 10:00:00,427.0,592.4,143.0,5.8,0.6627653092218009
2025-03-12 11:00:00,292.0,107.3,233.0,6.5,0.3279197557219007
2025-03-12 12:00:00,296.0,82.7,248.0,7.1,0.3166755647362875
2025-03-12 13:00:00,254.0,72.2,213.0,7.0,0.26990122530070254
2025-03-12 14:00:00,307.0,260.6,173.0,7.2,0.3861604510009309
2025-03-12 15:00:00,225.0,255.6,117.0,7.1,0.28478532089422176
2025-03-12 16:00:00,175.0,267.4,95.0,6.8,0.2157524919350304
2025-03-12 17:00:00,69.0,137.7,48.0,5.5,0.0760929365581703
2025-03-12 18:00:00,6.0,18.7,5.0,4.4,0.00474475339854989
2025-03-12 19:00:00,0.0,0.0,0.0,3.4,0.0
2025-03-12 20:00:00,0.0,0.0,0.0,3.4,0.0
2025-03-12 21:00:00,0.0,0.0,0.0,2.3,0.0
2025-03-12 22:00:00,0.0,0.0,0.0,1.7,0.0
2025-03-12 23:00:00,0.0,0.0,0.0,1.4,0.0
2025-03-13 00:00:00,0.0,0.0,0.0,0.9,0.0
2025-03-13 01:00:00,0.0,0.0,0.0,2.5,0.0
2025-03-13 02:00:00,0.0,0.0,0.0,1.3,0.0
2025-03-13 03:00:00,0.0,0.0,0.0,1.2,0.0
2025-03-13 04:00:00,0.0,0.0,0.0,0.9,0.0
2025-03-13 05:00:00,0.0,0.0,0.0,0.6,0.0
2025-03-13 06:00:00,0.0,0.0,0.0,0.4,0.0
2025-03-13 07:00:00,40.0,166.9,23.0,0.9,0.08000475483190289
2025-03-13 08:00:00,151.0,351.6,65.0,2.3,0.2693948207863589
2025-03-13 09:00:00,328.0,577.6,109.0,4.2,0.5462414531142621
2025-03-13 10:00:00,442.0,694.4,105.0,5.8,0.704930298194276
2025-03-13 11:00:00,473.0,617.1,130.0,6.7,0.7092042130760268
2025-03-13 12:00:00,451.0,433.5,197.0,7.4,0.616354962028903
2025-03-13 13:00:00,392.0,374.9,177.0,6.9,0.5243113800282045
2025-03-13 14:00:00,372.0,365.7,182.0,7.4,0.4819438735361882
2025-03-13 15:00:00,280.0,294.7,154.0,7.3,0.34861905174716484
2025-03-13 16:00:00,165.0,164.5,115.0,7.1,0.18721210074721534
2025-03-13 17:00:00,69.0,57.2,60.0,6.1,0.06973012882978864
2025-03-13 18:00:00,7.0,0.0,7.0,5.1,0.006673168428836377
2025-03-13 19:00:00,0.0,0.0,0.0,4.1,0.0
2025-03-13 20:00:00,0.0,0.0,0.0,3.2,0.0
2025-03-13 21:00:00,0.0,0.0,0.0,2.7,0.0
2025-03-13 22:00:00,0.0,0.0,0.0,2.6,0.0
2025-03-13 23:00:00,0.0,0.0,0.0,1.8,0.0
2025-03-14 00:00:00,0.0,0.0,0.0,1.2,0.0
2025-03-14 01:00:00,0.0,0.0,0.0,1.5,0.0
2025-03-14 02:00:00,0.0,0.0,0.0,1.3,0.0
2025-03-14 03:00:00,0.0,0.0,0.0,1.2,0.0
2025-03-14 04:00:00,0.0,0.0,0.0,1.2,0.0
2025-03-14 05:00:00,0.0,0.0,0.0,0.8,0.0
2025-03-14 06:00:00,0.0,0.0,0.0,0.8,0.0
2025-03-14 07:00:00,51.0,180.9,32.0,1.3,0.09468067164339133
2025-03-14 08:00:00,186.0,402.8,85.0,2.4,0.3216409433789766
2025-03-14 09:00:00,307.0,472.4,125.0,3.6,0.488496774852739
2025-03-14 10:00:00,378.0,441.7,161.0,4.8,0.557353669542341
2025-03-14 11:00:00,435.0,525.2,140.0,5.8,0.6410984375120743
2025-03-14 12:00:00,473.0,510.5,171.0,6.7,0.6635018892312118
2025-03-14 13:00:00,444.0,478.5,167.0,6.0,0.6095040465353165
2025-03-14 14:00:00,405.0,518.4,133.0,6.3,0.5553402504812266
2025-03-14 15:00:00,285.0,386.0,118.0,6.2,0.37320882924496973
2025-03-14 16:00:00,224.0,463.0,81.0,6.0,0.28948164388284114
2025-03-14 17:00:00,87.0,253.2,46.0,5.2,0.09772111126611113
2025-03-14 18:00:00,7.0,17.2,6.0,4.5,0.005691450968144864
2025-03-14 19:00:00,0.0,0.0,0.0,4.0,0.0
2025-03-14 20:00:00,0.0,0.0,0.0,3.5,0.0
2025-03-14 21:00:00,0.0,0.0,0.0,3.1,0.0
2025-03-14 22:00:00,0.0,0.0,0.0,2.8,0.0
2025-03-14 23:00:00,0.0,0.0,0.0,1.9,0.0
2025-03-15 00:00:00,0.0,0.0,0.0,1.1,0.0
2025-03-15 01:00:00,0.0,0.0,0.0,1.4,0.0
2025-03-15 02:00:00,0.0,0.0,0.0,1.2,0.0
2025-03-15 03:00:00,0.0,0.0,0.0,1.1,0.0
2025-03-15 04:00:00,0.0,0.0,0.0,1.2,0.0
2025-03-15 05:00:00,0.0,0.0,0.0,1.0,0.0
2025-03-15 06:00:00,0.0,0.0,0.0,0.7,0.0
2025-03-15 07:00:00,24.0,0.0,24.0,0.8,0.023202525684149024
2025-03-15 08:00:00,70.0,0.0,70.0,1.2,0.06724600797521799
2025-03-15 09:00:00,168.0,69.0,141.0,2.0,0.19111859745865137
2025-03-15 10:00:00,319.0,199.1,220.0,3.4,0.3993251830729428
2025-03-15 11:00:00,393.0,311.9,216.0,4.7,0.5203889381624232
2025-03-15 12:00:00,475.0,425.4,221.0,5.9,0.6365560065438886
2025-03-15 13:00:00,561.0,701.7,151.0,7.8,0.7789768035397823
2025-03-15 14:00:00,442.0,488.8,183.0,7.7,0.5812148814872602
2025-03-15 15:00:00,213.0,109.7,165.0,7.2,0.23132858134781806
2025-03-15 16:00:00,182.0,226.4,111.0,6.8,0.21211194275507722
2025-03-15 17:00:00,108.0,288.0,60.0,6.0,0.11987322485013133
2025-03-15 18:00:00,11.0,49.7,8.0,4.9,0.0074472397844979315
2025-03-15 19:00:00,0.0,0.0,0.0,4.7,0.0
2025-03-15 20:00:00,0.0,0.0,0.0,4.9,0.0
2025-03-15 21:00:00,0.0,0.0,0.0,4.9,0.0
2025-03-15 22:00:00,0.0,0.0,0.0,4.4,0.0
2025-03-15 23:00:00,0.0,0.0,0.0,3.8,0.0
2025-03-16 00:00:00,0.0,0.0,0.0,3.1,0.0
2025-03-16 01:00:00,0.0,0.0,0.0,2.4,0.0
2025-03-16 02:00:00,0.0,0.0,0.0,1.7,0.0
2025-03-16 03:00:00,0.0,0.0,0.0,1.3,0.0
2025-03-16 04:00:00,0.0,0.0,0.0,1.0,0.0
2025-03-16 05:00:00,0.0,0.0,0.0,0.5,0.0
2025-03-16 06:00:00,1.0,0.0,1.0,0.1,0.0009715965946074968
2025-03-16 07:00:00,72.0,350.3,33.0,1.0,0.15625149818972875
2025-03-16 08:00:00,220.0,592.9,64.0,2.4,0.4073771454283398
2025-03-16 09:00:00,370.0,729.7,80.0,4.3,0.6237800905679501
2025-03-16 10:00:00,496.0,808.8,89.0,6.2,0.7789734204693038
2025-03-16 11:00:00,586.0,863.5,91.0,7.5,0.8738435651609213
2025-03-16 12:00:00,605.0,829.6,105.0,8.4,0.8668429786103742
2025-03-16 13:00:00,594.0,819.1,111.0,9.2,0.8265478418108942
2025-03-16 14:00:00,503.0,721.4,117.0,9.2,0.6844843808835427
2025-03-16 15:00:00,410.0,689.2,105.0,9.0,0.5452929010817021
2025-03-16 16:00:00,270.0,580.9,85.0,8.3,0.3424271491597103
2025-03-16 17:00:00,127.0,455.3,49.0,7.0,0.14077090549938004
2025-03-16 18:00:00,14.0,79.7,9.0,5.2,0.008231547403862354
2025-03-16 19:00:00,0.0,0.0,0.0,4.0,0.0
2025-03-16 20:00:00,0.0,0.0,0.0,3.6,0.0
2025-03-16 21:00:00,0.0,0.0,0.0,3.6,0.0
2025-03-16 22:00:00,0.0,0.0,0.0,3.3,0.0
2025-03-16 23:00:00,0.0,0.0,0.0,3.8,0.0
2025-03-17 00:00:00,0.0,0.0,0.0,3.8,0.0
2025-03-17 01:00:00,0.0,0.0,0.0,4.3,0.0
2025-03-17 02:00:00,0.0,0.0,0.0,4.3,0.0
2025-03-17 03:00:00,0.0,0.0,0.0,4.2,0.0
2025-03-17 04:00:00,0.0,0.0,0.0,4.4,0.0
2025-03-17 05:00:00,0.0,0.0,0.0,4.1,0.0
2025-03-17 06:00:00,1.0,0.0,1.0,3.7,0.0009588715468607993
2025-03-17 07:00:00,65.0,199.0,42.0,3.7,0.11174537260653639
2025-03-17 08:00:00,179.0,319.4,93.0,4.7,0.28047309444702156
2025-03-17 09:00:00,261.0,280.0,148.0,5.7,0.3634389070485141
2025-03-17 10:00:00,363.0,324.1,198.0,6.6,0.4878166775794576
2025-03-17 11:00:00,406.0,374.8,189.0,7.7,0.5481930682917825
2025-03-17 12:00:00,490.0,511.3,179.0,8.9,0.6668605264899538
2025-03-17 13:00:00,541.0,647.0,156.0,9.8,0.7327601510257425
2025-03-17 14:00:00,530.0,783.0,107.0,9.8,0.7165271617930489
2025-03-17 15:00:00,421.0,728.5,95.0,9.5,0.5563791248706865
2025-03-17 16:00:00,288.0,674.4,70.0,8.5,0.3643026405906074
2025-03-17 17:00:00,133.0,488.6,47.0,6.8,0.14417389401880737
2025-03-17 18:00:00,16.0,92.2,10.0,5.2,0.009073374488980919
2025-03-17 19:00:00,0.0,0.0,0.0,4.3,0.0
2025-03-17 20:00:00,0.0,0.0,0.0,3.5,0.0
2025-03-17 21:00:00,0.0,0.0,0.0,2.8,0.0
2025-03-17 22:00:00,0.0,0.0,0.0,2.5,0.0
2025-03-17 23:00:00,0.0,0.0,0.0,2.0,0.0
2025-03-18 00:00:00,0.0,0.0,0.0,1.5,0.0
2025-03-18 01:00:00,0.0,0.0,0.0,1.5,0.0
2025-03-18 02:00:00,0.0,0.0,0.0,1.1,0.0
2025-03-18 03:00:00,0.0,0.0,0.0,0.8,0.0
2025-03-18 04:00:00,0.0,0.0,0.0,0.6,0.0
2025-03-18 05:00:00,0.0,0.0,0.0,0.3,0.0
2025-03-18 06:00:00,2.0,19.1,1.0,0.2,0.002670158150645715
2025-03-18 07:00:00,85.0,418.7,34.0,1.4,0.1826992064196638
2025-03-18 08:00:00,241.0,653.4,61.0,3.2,0.4384461198960667
2025-03-18 09:00:00,396.0,783.7,75.0,4.8,0.6565321777715262
2025-03-18 10:00:00,522.0,850.3,84.0,6.4,0.806975764215401
2025-03-18 11:00:00,606.0,884.1,89.0,7.6,0.8897510674746234
2025-03-18 12:00:00,641.0,896.0,91.0,8.8,0.9056042502689859
2025-03-18 13:00:00,627.0,896.1,89.0,10.1,0.8603167013485526
2025-03-18 14:00:00,559.0,871.1,84.0,10.6,0.7512132871635474
2025-03-18 15:00:00,447.0,817.8,77.0,10.7,0.5857852408576812
2025-03-18 16:00:00,302.0,719.4,66.0,10.3,0.37546313739101145
2025-03-18 17:00:00,142.0,531.4,46.0,8.7,0.14946011524273692
2025-03-18 18:00:00,18.0,118.7,10.0,6.7,0.008900413250091282
2025-03-18 19:00:00,0.0,0.0,0.0,5.6,0.0
2025-03-18 20:00:00,0.0,0.0,0.0,4.7,0.0
2025-03-18 21:00:00,0.0,0.0,0.0,4.2,0.0
2025-03-18 22:00:00,0.0,0.0,0.0,3.6,0.0
2025-03-18 23:00:00,0.0,0.0,0.0,2.9,0.0
2025-03-19 00:00:00,0.0,0.0,0.0,2.5,0.0
2025-03-19 01:00:00,0.0,0.0,0.0,3.1,0.0
2025-03-19 02:00:00,0.0,0.0,0.0,2.7,0.0
2025-03-19 03:00:00,0.0,0.0,0.0,2.3,0.0
2025-03-19 04:00:00,0.0,0.0,0.0,1.9,0.0
2025-03-19 05:00:00,0.0,0.0,0.0,1.6,0.0
2025-03-19 06:00:00,3.0,19.1,2.0,1.4,0.0036849127640439065
2025-03-19 07:00:00,90.0,429.5,35.0,2.5,0.1877626993303522
2025-03-19 08:00:00,245.0,653.3,61.0,4.4,0.43752671844814645
2025-03-19 09:00:00,396.0,772.2,75.0,6.6,0.645129686801208
2025-03-19 10:00:00,519.0,833.0,85.0,8.9,0.7876336035111248
2025-03-19 11:00:00,600.0,862.0,91.0,11.1,0.8620735745220364
2025-03-19 12:00:00,632.0,870.3,93.0,12.9,0.8722184439071072
2025-03-19 13:00:00,615.0,865.2,91.0,15.0,0.8216560474561297
2025-03-19 14:00:00,548.0,837.6,87.0,15.6,0.7159479853179678
2025-03-19 15:00:00,439.0,785.0,80.0,15.7,0.5582383367816109
2025-03-19 16:00:00,295.0,676.1,70.0,15.2,0.3545000456012746
2025-03-19 17:00:00,139.0,491.1,48.0,13.5,0.14030901908943985
2025-03-19 18:00:00,19.0,114.7,11.0,11.7,0.009613735590992172
2025-03-19 19:00:00,0.0,0.0,0.0,10.8,0.0
2025-03-19 20:00:00,0.0,0.0,0.0,9.5,0.0
2025-03-19 21:00:00,0.0,0.0,0.0,8.2,0.0
2025-03-19 22:00:00,0.0,0.0,0.0,7.3,0.0
2025-03-19 23:00:00,0.0,0.0,0.0,6.6,0.0
2025-03-20 00:00:00,0.0,0.0,0.0,6.1,0.0
2025-03-20 01:00:00,0.0,0.0,0.0,6.8,0.0
2025-03-20 02:00:00,0.0,0.0,0.0,6.1,0.0
2025-03-20 03:00:00,0.0,0.0,0.0,5.7,0.0
2025-03-20 04:00:00,0.0,0.0,0.0,5.6,0.0
2025-03-20 05:00:00,0.0,0.0,0.0,5.5,0.0
2025-03-20 06:00:00,4.0,19.1,3.0,5.4,0.0046398369377143
2025-03-20 07:00:00,87.0,357.5,39.0,6.4,0.1650089798387779
2025-03-20 08:00:00,239.0,608.0,64.0,8.3,0.4105745395910062
2025-03-20 09:00:00,389.0,735.1,79.0,10.3,0.6158424054907535
2025-03-20 10:00:00,511.0,802.8,88.0,12.3,0.7578534437394169
2025-03-20 11:00:00,593.0,838.7,93.0,13.9,0.8362756147689819
2025-03-20 12:00:00,626.0,851.5,94.0,15.1,0.8507445529761473
2025-03-20 13:00:00,610.0,847.9,92.0,16.7,0.8040093904503713
2025-03-20 14:00:00,542.0,815.6,89.0,16.8,0.6994401836966012
2025-03-20 15:00:00,430.0,750.8,83.0,16.8,0.5391645257298683
2025-03-20 16:00:00,288.0,643.0,71.0,16.5,0.33969900315678975
2025-03-20 17:00:00,137.0,458.0,50.0,15.0,0.13454427084541992
2025-03-20 18:00:00,19.0,111.1,11.0,13.1,0.009587871280672481
2025-03-20 19:00:00,0.0,0.0,0.0,11.5,0.0
2025-03-20 20:00:00,0.0,0.0,0.0,10.6,0.0
2025-03-20 21:00:00,0.0,0.0,0.0,10.1,0.0
2025-03-20 22:00:00,0.0,0.0,0.0,9.9,0.0
2025-03-20 23:00:00,0.0,0.0,0.0,9.1,0.0
2025-03-21 00:00:00,0.0,0.0,0.0,8.5,0.0
2025-03-21 01:00:00,0.0,0.0,0.0,8.5,0.0
2025-03-21 02:00:00,0.0,0.0,0.0,8.3,0.0
2025-03-21 03:00:00,0.0,0.0,0.0,7.9,0.0
2025-03-21 04:00:00,0.0,0.0,0.0,7.8,0.0
2025-03-21 05:00:00,0.0,0.0,0.0,7.7,0.0
2025-03-21 06:00:00,5.0,19.1,4.0,7.6,0.0056006741675999495
2025-03-21 07:00:00,94.0,398.6,38.0,9.3,0.1772278068210889
2025-03-21 08:00:00,245.0,619.1,63.0,12.1,0.4104028599618966
2025-03-21 09:00:00,395.0,738.8,79.0,15.3,0.6067711936660729
2025-03-21 10:00:00,518.0,812.8,85.0,17.5,0.7464629051114382
2025-03-21 11:00:00,600.0,849.1,89.0,18.8,0.8233776388844087
2025-03-21 12:00:00,631.0,853.7,93.0,19.8,0.834590185521548
2025-03-21 13:00:00,616.0,855.4,89.0,21.0,0.7918155414560516
2025-03-21 14:00:00,551.0,833.3,84.0,20.9,0.694013487999681
2025-03-21 15:00:00,435.0,749.5,85.0,20.6,0.5318343902026722
2025-03-21 16:00:00,296.0,657.5,71.0,19.5,0.3410427836592309
2025-03-21 17:00:00,144.0,498.6,47.0,18.0,0.13665787775615942
2025-03-21 18:00:00,21.0,121.1,12.0,16.5,0.010251978517373547
2025-03-21 19:00:00,0.0,0.0,0.0,15.6,0.0
2025-03-21 20:00:00,0.0,0.0,0.0,14.8,0.0
2025-03-21 21:00:00,0.0,0.0,0.0,14.3,0.0
2025-03-21 22:00:00,0.0,0.0,0.0,14.1,0.0
2025-03-21 23:00:00,0.0,0.0,0.0,13.8,0.0
2025-03-22 00:00:00,0.0,0.0,0.0,13.6,0.0
2025-03-22 01:00:00,0.0,0.0,0.0,14.9,0.0
2025-03-22 02:00:00,0.0,0.0,0.0,14.7,0.0
2025-03-22 03:00:00,0.0,0.0,0.0,13.4,0.0
2025-03-22 04:00:00,0.0,0.0,0.0,12.5,0.0
2025-03-22 05:00:00,0.0,0.0,0.0,11.8,0.0
2025-03-22 06:00:00,5.0,0.0,5.0,11.4,0.0046562266126791265
2025-03-22 07:00:00,69.0,47.7,62.0,11.7,0.07486896621983272
2025-03-22 08:00:00,129.0,30.0,120.0,12.3,0.12836148371924558
2025-03-22 09:00:00,270.0,170.6,196.0,13.3,0.3145899860967517
2025-03-22 10:00:00,385.0,282.2,233.0,14.4,0.46938459323134196
2025-03-22 11:00:00,432.0,256.8,276.0,15.2,0.5019473153917214
2025-03-22 12:00:00,383.0,133.7,298.0,15.2,0.4022747228895751
2025-03-22 13:00:00,434.0,228.6,292.0,17.0,0.4765336394926384
2025-03-22 14:00:00,477.0,546.5,168.0,17.6,0.5847163603703346
2025-03-22 15:00:00,431.0,737.6,83.0,17.5,0.5296502273293199
2025-03-22 16:00:00,200.0,308.5,93.0,16.1,0.22079238960897643
2025-03-22 17:00:00,89.0,155.7,58.0,14.1,0.08360400813673297
2025-03-22 18:00:00,18.0,65.3,13.0,13.6,0.011575063228831077
2025-03-22 19:00:00,0.0,0.0,0.0,13.1,0.0
2025-03-22 20:00:00,0.0,0.0,0.0,12.4,0.0
2025-03-22 21:00:00,0.0,0.0,0.0,11.6,0.0
2025-03-22 22:00:00,0.0,0.0,0.0,11.0,0.0
2025-03-22 23:00:00,0.0,0.0,0.0,10.5,0.0
2025-03-23 00:00:00,0.0,0.0,0.0,10.1,0.0
2025-03-23 01:00:00,0.0,0.0,0.0,10.4,0.0
2025-03-23 02:00:00,0.0,0.0,0.0,10.3,0.0
2025-03-23 03:00:00,0.0,0.0,0.0,10.3,0.0
2025-03-23 04:00:00,0.0,0.0,0.0,9.9,0.0
2025-03-23 05:00:00,0.0,0.0,0.0,9.4,0.0
2025-03-23 06:00:00,7.0,19.1,6.0,9.1,0.0075515110282613285
2025-03-23 07:00:00,82.0,189.7,53.0,10.2,0.11885942055200041
2025-03-23 08:00:00,145.0,150.2,99.0,11.2,0.18227227461475384
2025-03-23 09:00:00,173.0,25.0,162.0,11.7,0.16845279076372904
2025-03-23 10:00:00,314.0,198.4,206.0,12.9,0.3717470909632578
2025-03-23 11:00:00,415.0,233.3,272.0,13.8,0.4784005871964999
2025-03-23 12:00:00,573.0,560.1,214.0,15.2,0.7263641238719195
2025-03-23 13:00:00,273.0,135.7,188.0,13.6,0.3009749697734387
2025-03-23 14:00:00,154.0,35.1,134.0,13.4,0.15191702055968223
2025-03-23 15:00:00,315.0,262.3,190.0,14.6,0.3488051895808834
2025-03-23 16:00:00,171.0,173.5,110.0,14.5,0.17866017103994491
2025-03-23 17:00:00,90.0,78.6,74.0,14.0,0.08335813279391557
2025-03-23 18:00:00,15.0,12.7,14.0,12.6,0.012875692703478669
2025-03-23 19:00:00,0.0,0.0,0.0,11.7,0.0
2025-03-23 20:00:00,0.0,0.0,0.0,11.5,0.0
2025-03-23 21:00:00,0.0,0.0,0.0,11.2,0.0
2025-03-23 22:00:00,0.0,0.0,0.0,10.3,0.0
2025-03-23 23:00:00,0.0,0.0,0.0,9.1,0.0
2025-03-24 00:00:00,0.0,0.0,0.0,8.7,0.0
2025-03-24 01:00:00,0.0,0.0,0.0,10.2,0.0
2025-03-24 02:00:00,0.0,0.0,0.0,9.6,0.0
2025-03-24 03:00:00,0.0,0.0,0.0,8.6,0.0
2025-03-24 04:00:00,0.0,0.0,0.0,7.4,0.0
2025-03-24 05:00:00,0.0,0.0,0.0,6.9,0.0
2025-03-24 06:00:00,9.0,36.0,7.0,6.7,0.010376820802662834
2025-03-24 07:00:00,107.0,396.2,44.0,8.3,0.1858758570185717
2025-03-24 08:00:00,258.0,602.2,70.0,10.4,0.4146625506136346
2025-03-24 09:00:00,408.0,731.7,82.0,12.4,0.6156811091049829
2025-03-24 10:00:00,505.0,700.0,120.0,14.2,0.7090453254229154
2025-03-24 11:00:00,450.0,465.7,162.0,14.5,0.5910870277095248
2025-03-24 12:00:00,349.0,182.6,231.0,14.8,0.3919099448779948
2025-03-24 13:00:00,520.0,543.2,177.0,16.0,0.6488665499553073
2025-03-24 14:00:00,346.0,238.2,209.0,15.9,0.3865185945807853
2025-03-24 15:00:00,256.0,268.0,127.0,14.6,0.2922583463236791
2025-03-24 16:00:00,215.0,334.2,96.0,14.0,0.2362090062755708
2025-03-24 17:00:00,94.0,201.7,52.0,12.6,0.08665148852942912
2025-03-24 18:00:00,22.0,86.3,15.0,11.2,0.01330107334980686
2025-03-24 19:00:00,0.0,0.0,0.0,10.8,0.0
2025-03-24 20:00:00,0.0,0.0,0.0,10.4,0.0
2025-03-24 21:00:00,0.0,0.0,0.0,9.4,0.0
2025-03-24 22:00:00,0.0,0.0,0.0,8.1,0.0
2025-03-24 23:00:00,0.0,0.0,0.0,7.0,0.0
2025-03-25 00:00:00,0.0,0.0,0.0,5.9,0.0
2025-03-25 01:00:00,0.0,0.0,0.0,6.7,0.0
2025-03-25 02:00:00,0.0,0.0,0.0,6.0,0.0
2025-03-25 03:00:00,0.0,0.0,0.0,6.2,0.0
2025-03-25 04:00:00,0.0,0.0,0.0,6.2,0.0
2025-03-25 05:00:00,0.0,0.0,0.0,5.9,0.0
2025-03-25 06:00:00,6.0,0.0,6.0,5.5,0.0057119884297573325
2025-03-25 07:00:00,69.0,54.5,60.0,5.8,0.07748601171589471
2025-03-25 08:00:00,151.0,53.4,134.0,6.3,0.1593093312303227
2025-03-25 09:00:00,194.0,68.7,163.0,6.7,0.20881496706288913
2025-03-25 10:00:00,309.0,124.2,240.0,7.8,0.3411977103041302
2025-03-25 11:00:00,398.0,171.5,291.0,9.2,0.4427243229234982
2025-03-25 12:00:00,378.0,104.4,310.0,10.2,0.39057346268796406
2025-03-25 13:00:00,340.0,105.3,273.0,10.0,0.3531055325861734
2025-03-25 14:00:00,242.0,0.0,242.0,11.3,0.21958588777802987
2025-03-25 15:00:00,265.0,193.4,171.0,13.1,0.2865428914715043
2025-03-25 16:00:00,217.0,246.8,128.0,13.6,0.2288990920238512
2025-03-25 17:00:00,119.0,131.6,91.0,12.1,0.11007777697594663
2025-03-25 18:00:00,23.0,12.0,22.0,10.7,0.0203568384786906
2025-03-25 19:00:00,0.0,0.0,0.0,10.0,0.0
2025-03-25 20:00:00,0.0,0.0,0.0,10.1,0.0
2025-03-25 21:00:00,0.0,0.0,0.0,9.5,0.0
2025-03-25 22:00:00,0.0,0.0,0.0,9.0,0.0
2025-03-25 23:00:00,0.0,0.0,0.0,8.6,0.0
2025-03-26 00:00:00,0.0,0.0,0.0,8.3,0.0
2025-03-26 01:00:00,0.0,0.0,0.0,8.3,0.0
2025-03-26 02:00:00,0.0,0.0,0.0,8.2,0.0
2025-03-26 03:00:00,0.0,0.0,0.0,8.2,0.0
2025-03-26 04:00:00,0.0,0.0,0.0,7.7,0.0
2025-03-26 05:00:00,0.0,0.0,0.0,7.0,0.0
2025-03-26 06:00:00,6.0,0.0,6.0,6.8,0.005684417492972822
2025-03-26 07:00:00,45.0,17.5,42.0,7.2,0.046161486489142464
2025-03-26 08:00:00,101.0,18.5,95.0,7.6,0.10040778420513445
2025-03-26 09:00:00,141.0,37.2,124.0,7.9,0.145988632652201
2025-03-26 10:00:00,215.0,65.9,178.0,8.7,0.22767762291113852
2025-03-26 11:00:00,263.0,57.2,227.0,9.7,0.26719014324371637
2025-03-26 12:00:00,291.0,59.4,252.0,10.4,0.2916918883374591
2025-03-26 13:00:00,309.0,87.3,253.0,10.1,0.31720669160534437
2025-03-26 14:00:00,284.0,87.2,233.0,10.1,0.2890050825320004
2025-03-26 15:00:00,197.0,53.0,171.0,10.3,0.19376796626914508
2025-03-26 16:00:00,131.0,32.9,119.0,10.1,0.12522134511510094
2025-03-26 17:00:00,68.0,0.0,68.0,9.8,0.06327147802692447
2025-03-26 18:00:00,15.0,0.0,15.0,9.1,0.014075299671439702
2025-03-26 19:00:00,0.0,0.0,0.0,8.4,0.0
2025-03-26 20:00:00,0.0,0.0,0.0,7.3,0.0
2025-03-26 21:00:00,0.0,0.0,0.0,6.5,0.0
2025-03-26 22:00:00,0.0,0.0,0.0,5.4,0.0
2025-03-26 23:00:00,0.0,0.0,0.0,4.8,0.0
2025-03-27 00:00:00,0.0,0.0,0.0,4.3,0.0
2025-03-27 01:00:00,0.0,0.0,0.0,4.9,0.0
2025-03-27 02:00:00,0.0,0.0,0.0,4.1,0.0
2025-03-27 03:00:00,0.0,0.0,0.0,3.4,0.0
2025-03-27 04:00:00,0.0,0.0,0.0,2.8,0.0
2025-03-27 05:00:00,0.0,0.0,0.0,2.4,0.0
2025-03-27 06:00:00,14.0,77.3,9.0,2.6,0.01744558709811836
2025-03-27 07:00:00,124.0,406.5,52.0,4.6,0.2031776701927131
2025-03-27 08:00:00,273.0,563.7,87.0,6.8,0.41980697525291744
2025-03-27 09:00:00,438.0,751.8,90.0,8.8,0.6503001513531049
2025-03-27 10:00:00,565.0,829.3,95.0,10.0,0.7992715488866663
2025-03-27 11:00:00,644.0,847.8,106.0,11.0,0.8721365795709063
2025-03-27 12:00:00,678.0,864.5,106.0,12.0,0.8880693715095451
2025-03-27 13:00:00,661.0,861.8,104.0,13.0,0.8415321634711952
2025-03-27 14:00:00,594.0,844.8,96.0,13.6,0.7367250432897718
2025-03-27 15:00:00,482.0,799.8,86.0,13.8,0.5760942176847165
2025-03-27 16:00:00,337.0,711.5,74.0,13.5,0.37236893985792646
2025-03-27 17:00:00,176.0,550.4,54.0,12.7,0.15281771570140062
2025-03-27 18:00:00,37.0,216.3,18.0,10.6,0.014732567625320863
2025-03-27 19:00:00,0.0,0.0,0.0,9.1,0.0
2025-03-27 20:00:00,0.0,0.0,0.0,7.6,0.0
2025-03-27 21:00:00,0.0,0.0,0.0,6.3,0.0
2025-03-27 22:00:00,0.0,0.0,0.0,5.5,0.0
2025-03-27 23:00:00,0.0,0.0,0.0,5.3,0.0
2025-03-28 00:00:00,0.0,0.0,0.0,5.6,0.0
2025-03-28 01:00:00,0.0,0.0,0.0,4.4,0.0
2025-03-28 02:00:00,0.0,0.0,0.0,4.6,0.0
2025-03-28 03:00:00,0.0,0.0,0.0,4.5,0.0
2025-03-28 04:00:00,0.0,0.0,0.0,4.2,0.0
2025-03-28 05:00:00,0.0,0.0,0.0,3.9,0.0
2025-03-28 06:00:00,17.0,103.5,10.0,4.1,0.021544060063950536
2025-03-28 07:00:00,137.0,491.6,47.0,5.5,0.22950015103660107
2025-03-28 08:00:00,298.0,682.0,69.0,7.6,0.46716947422479255
2025-03-28 09:00:00,449.0,785.5,81.0,9.9,0.6621130972613357
2025-03-28 10:00:00,570.0,838.9,90.0,12.1,0.7952462338821012
2025-03-28 11:00:00,649.0,865.9,95.0,13.7,0.8661138173920533
2025-03-28 12:00:00,680.0,875.9,96.0,14.8,0.8769076851679237
2025-03-28 13:00:00,662.0,872.3,94.0,15.7,0.8299346065428852
2025-03-28 14:00:00,593.0,846.6,90.0,15.9,0.7246218124630248
2025-03-28 15:00:00,475.0,776.5,87.0,15.8,0.5587333023181983
2025-03-28 16:00:00,255.0,403.6,104.0,15.0,0.2716351784320752
2025-03-28 17:00:00,147.0,349.4,68.0,12.8,0.12863598852158853
2025-03-28 18:00:00,37.0,188.8,20.0,10.2,0.01664235844940106
2025-03-28 19:00:00,0.0,0.0,0.0,8.9,0.0
2025-03-28 20:00:00,0.0,0.0,0.0,8.1,0.0
2025-03-28 21:00:00,0.0,0.0,0.0,7.7,0.0
2025-03-28 22:00:00,0.0,0.0,0.0,6.7,0.0
2025-03-28 23:00:00,0.0,0.0,0.0,7.3,0.0
2025-03-29 00:00:00,0.0,0.0,0.0,7.3,0.0
2025-03-29 01:00:00,0.0,0.0,0.0,8.5,0.0
2025-03-29 02:00:00,0.0,0.0,0.0,8.1,0.0
2025-03-29 03:00:00,0.0,0.0,0.0,7.7,0.0
2025-03-29 04:00:00,0.0,0.0,0.0,7.5,0.0
2025-03-29 05:00:00,0.0,0.0,0.0,7.3,0.0
2025-03-29 06:00:00,8.0,14.2,7.0,7.1,0.008285396940851147
2025-03-29 07:00:00,70.0,37.0,63.0,7.5,0.07348006817237333
2025-03-29 08:00:00,260.0,445.0,108.0,8.5,0.3714128105582959
2025-03-29 09:00:00,452.0,782.5,81.0,9.7,0.661625315583314
2025-03-29 10:00:00,576.0,841.4,90.0,10.7,0.8027121992622223
2025-03-29 11:00:00,660.0,877.5,94.0,11.7,0.8824640522952335
2025-03-29 12:00:00,616.0,675.9,162.0,12.3,0.7861307980125579
2025-03-29 13:00:00,605.0,669.2,166.0,12.9,0.7506411434119034
2025-03-29 14:00:00,523.0,594.5,167.0,12.9,0.6292007828388049
2025-03-29 15:00:00,371.0,408.6,165.0,12.4,0.4207227986650154
2025-03-29 16:00:00,251.0,346.1,120.0,11.9,0.2652682194477425
2025-03-29 17:00:00,158.0,377.5,71.0,11.2,0.13715883855887342
2025-03-29 18:00:00,41.0,216.8,21.0,9.4,0.017192357960935056
2025-03-29 19:00:00,0.0,0.0,0.0,8.2,0.0
2025-03-29 20:00:00,0.0,0.0,0.0,7.7,0.0
2025-03-29 21:00:00,0.0,0.0,0.0,6.4,0.0
2025-03-29 22:00:00,0.0,0.0,0.0,6.2,0.0
2025-03-29 23:00:00,0.0,0.0,0.0,5.4,0.0
2025-03-30 00:00:00,0.0,0.0,0.0,4.9,0.0
2025-03-30 01:00:00,0.0,0.0,0.0,5.3,0.0
2025-03-30 02:00:00,0.0,0.0,0.0,5.5,0.0
2025-03-30 03:00:00,0.0,0.0,0.0,5.8,0.0
2025-03-30 04:00:00,0.0,0.0,0.0,6.4,0.0
2025-03-30 05:00:00,0.0,0.0,0.0,6.6,0.0
2025-03-30 06:00:00,4.0,0.0,4.0,7.1,0.0037861875015776153
2025-03-30 07:00:00,21.0,0.0,21.0,7.5,0.019811310678015122
2025-03-30 08:00:00,59.0,2.9,58.0,8.3,0.05613259662267719
2025-03-30 09:00:00,158.0,27.1,145.0,9.5,0.15626737850125985
2025-03-30 10:00:00,94.0,1.7,93.0,9.7,0.08794736390040063
2025-03-30 11:00:00,342.0,181.5,224.0,11.4,0.3881085769263145
2025-03-30 12:00:00,481.0,410.8,203.0,12.9,0.5876829491267482
2025-03-30 13:00:00,500.0,405.6,232.0,13.0,0.5888863322932477
2025-03-30 14:00:00,334.0,213.8,205.0,12.4,0.3669067947582748
2025-03-30 15:00:00,337.0,379.4,144.0,12.1,0.3818595518780288
2025-03-30 16:00:00,222.0,287.2,112.0,11.6,0.23152142628946218
2025-03-30 17:00:00,109.0,187.3,65.0,10.8,0.0955865053513936
2025-03-30 18:00:00,22.0,42.4,18.0,10.0,0.016430058332203113
2025-03-30 19:00:00,0.0,0.0,0.0,9.3,0.0
2025-03-30 20:00:00,0.0,0.0,0.0,9.0,0.0
2025-03-30 21:00:00,0.0,0.0,0.0,8.6,0.0
2025-03-30 22:00:00,0.0,0.0,0.0,8.6,0.0
2025-03-30 23:00:00,0.0,0.0,0.0,8.2,0.0
2025-03-31 00:00:00,0.0,0.0,0.0,7.8,0.0
2025-03-31 01:00:00,0.0,0.0,0.0,7.5,0.0
2025-03-31 02:00:00,0.0,0.0,0.0,7.3,0.0
2025-03-31 03:00:00,0.0,0.0,0.0,6.9,0.0
2025-03-31 04:00:00,0.0,0.0,0.0,6.6,0.0
2025-03-31 05:00:00,0.0,0.0,0.0,6.6,0.0
2025-03-31 06:00:00,12.0,0.0,12.0,6.8,0.011361477286343954
2025-03-31 07:00:00,83.0,79.7,67.0,7.1,0.09417462527599474
2025-03-31 08:00:00,187.0,164.2,129.0,7.8,0.22372468247396726
2025-03-31 09:00:00,274.0,140.1,206.0,8.8,0.3055900912303849
2025-03-31 10:00:00,371.0,197.1,255.0,9.8,0.4207605414735663
2025-03-31 11:00:00,346.0,122.1,266.0,10.4,0.3678894696906152
2025-03-31 12:00:00,368.0,111.5,292.0,10.8,0.3805330247114449
2025-03-31 13:00:00,368.0,129.2,282.0,11.1,0.38218651950177385
2025-03-31 14:00:00,331.0,146.4,242.0,11.2,0.3458333391765994
2025-03-31 15:00:00,292.0,185.1,197.0,11.5,0.3055918843385766
2025-03-31 16:00:00,255.0,322.7,130.0,11.5,0.26426759190688615
2025-03-31 17:00:00,109.0,125.4,79.0,10.9,0.09680361435813567
2025-03-31 18:00:00,40.0,155.3,25.0,9.5,0.02122928462745702
2025-03-31 19:00:00,0.0,0.0,0.0,8.3,0.0
2025-03-31 20:00:00,0.0,0.0,0.0,7.6,0.0
2025-03-31 21:00:00,0.0,0.0,0.0,6.9,0.0
2025-03-31 22:00:00,0.0,0.0,0.0,6.2,0.0
2025-03-31 23:00:00,0.0,0.0,0.0,5.6,0.0
2025-04-01 00:00:00,0.0,0.0,0.0,5.2,0.0
2025-04-01 01:00:00,0.0,0.0,0.0,5.2,0.0
2025-04-01 02:00:00,0.0,0.0,0.0,4.7,0.0
2025-04-01 03:00:00,0.0,0.0,0.0,4.3,0.0
2025-04-01 04:00:00,0.0,0.0,0.0,3.9,0.0
2025-04-01 05:00:00,0.0,0.0,0.0,3.7,0.0
2025-04-01 06:00:00,27.0,150.9,15.0,4.2,0.033376404740755004
2025-04-01 07:00:00,155.0,493.2,53.0,6.1,0.23973178622698502
2025-04-01 08:00:00,317.0,677.0,74.0,8.3,0.4726870387673061
2025-04-01 09:00:00,469.0,780.2,86.0,10.1,0.6670235911523809
2025-04-01 10:00:00,590.0,833.6,95.0,11.3,0.8020162826303074
2025-04-01 11:00:00,601.0,660.1,165.0,12.5,0.7707281598268519
2025-04-01 12:00:00,451.0,317.5,233.0,12.6,0.5281185627838167
2025-04-01 13:00:00,439.0,271.6,257.0,13.8,0.488894606603817
2025-04-01 14:00:00,341.0,163.2,241.0,13.8,0.35523061424085683
2025-04-01 15:00:00,349.0,293.7,197.0,13.9,0.37359479370100557
2025-04-01 16:00:00,330.0,569.3,107.0,13.8,0.3444080339143386
2025-04-01 17:00:00,193.0,554.1,58.0,12.8,0.15485124258129107
2025-04-01 18:00:00,50.0,263.2,24.0,10.8,0.01888206512197373
2025-04-01 19:00:00,0.0,0.0,0.0,9.5,0.0
2025-04-01 20:00:00,0.0,0.0,0.0,8.9,0.0
2025-04-01 21:00:00,0.0,0.0,0.0,8.2,0.0
2025-04-01 22:00:00,0.0,0.0,0.0,7.3,0.0
2025-04-01 23:00:00,0.0,0.0,0.0,7.0,0.0
2025-04-02 00:00:00,0.0,0.0,0.0,6.8,0.0
2025-04-02 01:00:00,0.0,0.0,0.0,7.1,0.0
2025-04-02 02:00:00,0.0,0.0,0.0,6.6,0.0
2025-04-02 03:00:00,0.0,0.0,0.0,6.3,0.0
2025-04-02 04:00:00,0.0,0.0,0.0,6.2,0.0
2025-04-02 05:00:00,0.0,0.0,0.0,6.4,0.0
2025-04-02 06:00:00,24.0,60.6,19.0,6.8,0.02570850251859403
2025-04-02 07:00:00,145.0,380.8,64.0,8.2,0.20740393705493268
2025-04-02 08:00:00,298.0,545.7,99.0,9.9,0.4214012709804914
2025-04-02 09:00:00,446.0,658.6,119.0,12.4,0.6100520936836671
2025-04-02 10:00:00,569.0,744.4,123.0,14.3,0.7514395929861336
2025-04-02 11:00:00,655.0,811.3,115.0,15.9,0.8363417459234667
2025-04-02 12:00:00,690.0,846.0,105.0,17.1,0.8546575303995894
2025-04-02 13:00:00,622.0,694.9,153.0,18.4,0.7406054577910542
2025-04-02 14:00:00,616.0,860.5,85.0,18.8,0.7196055985284302
2025-04-02 15:00:00,377.0,423.4,156.0,18.5,0.4094336208196139
2025-04-02 16:00:00,298.0,482.2,107.0,17.8,0.302359489872478
2025-04-02 17:00:00,183.0,479.9,64.0,16.8,0.14439837282940637
2025-04-02 18:00:00,48.0,237.8,24.0,15.1,0.01891499687353001
2025-04-02 19:00:00,0.0,0.0,0.0,13.9,0.0
2025-04-02 20:00:00,0.0,0.0,0.0,12.8,0.0
2025-04-02 21:00:00,0.0,0.0,0.0,12.1,0.0
2025-04-02 22:00:00,0.0,0.0,0.0,11.6,0.0
2025-04-02 23:00:00,0.0,0.0,0.0,11.2,0.0
2025-04-03 00:00:00,0.0,0.0,0.0,10.9,0.0
2025-04-03 01:00:00,0.0,0.0,0.0,11.7,0.0
2025-04-03 02:00:00,0.0,0.0,0.0,11.3,0.0
2025-04-03 03:00:00,0.0,0.0,0.0,10.6,0.0
2025-04-03 04:00:00,0.0,0.0,0.0,10.0,0.0
2025-04-03 05:00:00,0.0,0.0,0.0,9.8,0.0
2025-04-03 06:00:00,32.0,187.2,16.0,10.3,0.038954913279314975
2025-04-03 07:00:00,167.0,521.4,53.0,12.3,0.24633335222349131
2025-04-03 08:00:00,331.0,704.6,70.0,14.2,0.47476686792229483
2025-04-03 09:00:00,482.0,796.8,82.0,16.0,0.6597440688519538
2025-04-03 10:00:00,600.0,842.1,91.0,17.3,0.7854246083890395
2025-04-03 11:00:00,678.0,867.8,96.0,18.5,0.8535159670081296
2025-04-03 12:00:00,708.0,877.5,97.0,19.5,0.8627540489479817
2025-04-03 13:00:00,695.0,884.4,94.0,21.0,0.8201067884364773
2025-04-03 14:00:00,624.0,859.1,90.0,21.1,0.7161662362903458
2025-04-03 15:00:00,510.0,811.3,83.0,20.9,0.5606307829946631
2025-04-03 16:00:00,364.0,726.8,73.0,20.5,0.36409240454679315
2025-04-03 17:00:00,202.0,578.7,56.0,19.6,0.152434053936387
2025-04-03 18:00:00,56.0,300.8,25.0,18.0,0.01862263226352893
2025-04-03 19:00:00,0.0,0.0,0.0,16.7,0.0
2025-04-03 20:00:00,0.0,0.0,0.0,15.3,0.0
2025-04-03 21:00:00,0.0,0.0,0.0,14.0,0.0
2025-04-03 22:00:00,0.0,0.0,0.0,13.2,0.0
2025-04-03 23:00:00,0.0,0.0,0.0,12.4,0.0
2025-04-04 00:00:00,0.0,0.0,0.0,11.8,0.0
2025-04-04 01:00:00,0.0,0.0,0.0,12.1,0.0
2025-04-04 02:00:00,0.0,0.0,0.0,11.0,0.0
2025-04-04 03:00:00,0.0,0.0,0.0,9.8,0.0
2025-04-04 04:00:00,0.0,0.0,0.0,9.1,0.0
2025-04-04 05:00:00,0.0,0.0,0.0,8.7,0.0
2025-04-04 06:00:00,37.0,214.9,18.0,9.2,0.045064781469102304
2025-04-04 07:00:00,174.0,543.4,52.0,11.2,0.25556587642221973
2025-04-04 08:00:00,336.0,707.2,70.0,13.9,0.47782207690514517
2025-04-04 09:00:00,487.0,798.0,82.0,16.4,0.6603078916314243
2025-04-04 10:00:00,606.0,848.0,89.0,18.7,0.7837300197869714
2025-04-04 11:00:00,684.0,873.2,94.0,20.4,0.8490121128792116
2025-04-04 12:00:00,714.0,881.5,96.0,21.5,0.8573676480013042
2025-04-04 13:00:00,693.0,875.6,94.0,22.9,0.8067764813442536
2025-04-04 14:00:00,623.0,849.8,91.0,23.2,0.7042274768398964
2025-04-04 15:00:00,510.0,804.6,83.0,23.1,0.5513914436180588
2025-04-04 16:00:00,365.0,721.6,73.0,22.3,0.35897613036862835
2025-04-04 17:00:00,204.0,572.9,57.0,20.9,0.15118278555580308
2025-04-04 18:00:00,58.0,304.2,26.0,19.1,0.019216882888464532
2025-04-04 19:00:00,0.0,0.0,0.0,17.6,0.0
2025-04-04 20:00:00,0.0,0.0,0.0,16.6,0.0
2025-04-04 21:00:00,0.0,0.0,0.0,15.7,0.0
2025-04-04 22:00:00,0.0,0.0,0.0,14.4,0.0
2025-04-04 23:00:00,0.0,0.0,0.0,13.1,0.0
2025-04-05 00:00:00,0.0,0.0,0.0,12.6,0.0
2025-04-05 01:00:00,0.0,0.0,0.0,12.9,0.0
2025-04-05 02:00:00,0.0,0.0,0.0,12.1,0.0
2025-04-05 03:00:00,0.0,0.0,0.0,10.8,0.0
2025-04-05 04:00:00,0.0,0.0,0.0,9.9,0.0
2025-04-05 05:00:00,0.0,0.0,0.0,8.9,0.0
2025-04-05 06:00:00,40.0,218.9,20.0,9.0,0.04801186109748454
2025-04-05 07:00:00,177.0,529.6,55.0,10.3,0.255301797957238
2025-04-05 08:00:00,339.0,696.7,73.0,12.1,0.47953729040117593
2025-04-05 09:00:00,492.0,793.4,85.0,14.1,0.6674569072397343
2025-04-05 10:00:00,615.0,850.5,92.0,15.6,0.7997552154176036
2025-04-05 11:00:00,694.0,880.0,95.0,16.8,0.8693035341391635
2025-04-05 12:00:00,726.0,889.7,98.0,17.3,0.8819971282106001
2025-04-05 13:00:00,707.0,879.9,101.0,17.8,0.8350352446597783
2025-04-05 14:00:00,611.0,755.1,135.0,17.5,0.6987770097288037
2025-04-05 15:00:00,510.0,747.7,110.0,16.7,0.5603428944921648
2025-04-05 16:00:00,314.0,423.1,141.0,15.5,0.31126433403288206
2025-04-05 17:00:00,168.0,237.7,106.0,14.2,0.13951071062021372
2025-04-05 18:00:00,58.0,232.9,33.0,12.8,0.02610113194155763
2025-04-05 19:00:00,0.0,0.0,0.0,11.8,0.0
2025-04-05 20:00:00,0.0,0.0,0.0,10.9,0.0
2025-04-05 21:00:00,0.0,0.0,0.0,10.0,0.0
2025-04-05 22:00:00,0.0,0.0,0.0,9.2,0.0
2025-04-05 23:00:00,0.0,0.0,0.0,8.4,0.0
2025-04-06 00:00:00,0.0,0.0,0.0,7.7,0.0
2025-04-06 01:00:00,0.0,0.0,0.0,7.9,0.0
2025-04-06 02:00:00,0.0,0.0,0.0,7.3,0.0
2025-04-06 03:00:00,0.0,0.0,0.0,6.5,0.0
2025-04-06 04:00:00,0.0,0.0,0.0,5.6,0.0
2025-04-06 05:00:00,0.0,0.0,0.0,4.7,0.0
2025-04-06 06:00:00,46.0,265.2,21.0,4.7,0.05664536521166604
2025-04-06 07:00:00,192.0,584.3,54.0,5.7,0.2808254825729714
2025-04-06 08:00:00,361.0,743.3,73.0,7.0,0.5170004062023658
2025-04-06 09:00:00,514.0,829.5,84.0,8.5,0.7080627073433597
2025-04-06 10:00:00,635.0,877.3,91.0,9.9,0.8396475876135198
2025-04-06 11:00:00,714.0,901.4,96.0,11.2,0.9091404210966486
2025-04-06 12:00:00,743.0,907.7,98.0,12.4,0.915556134105208
2025-04-06 13:00:00,723.0,904.5,96.0,13.4,0.8649793101341073
2025-04-06 14:00:00,650.0,879.1,92.0,13.7,0.7545090402995542
2025-04-06 15:00:00,534.0,832.7,85.0,13.4,0.5918728107395813
2025-04-06 16:00:00,385.0,747.9,76.0,12.3,0.3868187060064878
2025-04-06 17:00:00,219.0,603.5,59.0,10.8,0.16393792328728643
2025-04-06 18:00:00,67.0,347.3,29.0,9.2,0.021482730143892834
2025-04-06 19:00:00,1.0,0.0,1.0,8.2,0.000942965237177428
2025-04-06 20:00:00,0.0,0.0,0.0,7.7,0.0
2025-04-06 21:00:00,0.0,0.0,0.0,7.0,0.0
2025-04-06 22:00:00,0.0,0.0,0.0,6.3,0.0
2025-04-06 23:00:00,0.0,0.0,0.0,5.8,0.0
2025-04-07 00:00:00,0.0,0.0,0.0,5.2,0.0
2025-04-07 01:00:00,0.0,0.0,0.0,5.0,0.0
2025-04-07 02:00:00,0.0,0.0,0.0,4.5,0.0
2025-04-07 03:00:00,0.0,0.0,0.0,4.1,0.0
2025-04-07 04:00:00,0.0,0.0,0.0,3.6,0.0
2025-04-07 05:00:00,0.0,0.0,0.0,3.2,0.0
2025-04-07 06:00:00,48.0,267.6,22.0,3.8,0.05876037451474532
2025-04-07 07:00:00,192.0,558.0,57.0,5.6,0.2749246991062774
2025-04-07 08:00:00,357.0,715.0,76.0,7.7,0.5035719878464945
2025-04-07 09:00:00,510.0,805.8,88.0,9.2,0.6944694309858804
2025-04-07 10:00:00,631.0,857.3,95.0,10.6,0.8263782294499769
2025-04-07 11:00:00,709.0,884.9,98.0,11.8,0.8959377471708
2025-04-07 12:00:00,739.0,893.5,100.0,12.9,0.904343406100588
2025-04-07 13:00:00,718.0,888.7,98.0,13.7,0.8537550737335055
2025-04-07 14:00:00,646.0,862.2,95.0,14.4,0.7433768133392489
2025-04-07 15:00:00,532.0,818.8,87.0,14.9,0.5819292147057356
2025-04-07 16:00:00,384.0,738.0,76.0,14.9,0.3784250742578211
2025-04-07 17:00:00,220.0,594.0,60.0,14.2,0.1606861329304983
2025-04-07 18:00:00,69.0,340.7,31.0,12.0,0.022778671027728133
2025-04-07 19:00:00,1.0,0.0,1.0,10.5,0.0009348353455614824
2025-04-07 20:00:00,0.0,0.0,0.0,9.7,0.0
2025-04-07 21:00:00,0.0,0.0,0.0,9.2,0.0
2025-04-07 22:00:00,0.0,0.0,0.0,8.5,0.0
2025-04-07 23:00:00,0.0,0.0,0.0,7.8,0.0
2025-04-08 00:00:00,0.0,0.0,0.0,7.1,0.0
2025-04-08 01:00:00,0.0,0.0,0.0,6.3,0.0
2025-04-08 02:00:00,0.0,0.0,0.0,5.6,0.0
2025-04-08 03:00:00,0.0,0.0,0.0,5.3,0.0
2025-04-08 04:00:00,0.0,0.0,0.0,4.3,0.0
2025-04-08 05:00:00,0.0,0.0,0.0,3.8,0.0
2025-04-08 06:00:00,51.0,269.9,24.0,5.2,0.06128157371018005
2025-04-08 07:00:00,195.0,553.1,58.0,7.2,0.2733550329155444
2025-04-08 08:00:00,358.0,707.6,76.0,9.4,0.49692668892502867
2025-04-08 09:00:00,508.0,792.0,89.0,11.9,0.6790040625814391
2025-04-08 10:00:00,622.0,815.6,108.0,13.9,0.7960617731699138
2025-04-08 11:00:00,701.0,851.4,109.0,15.2,0.8669539775264156
2025-04-08 12:00:00,734.0,875.3,104.0,16.0,0.8816922815441383
2025-04-08 13:00:00,715.0,873.2,102.0,17.0,0.8336235004103251
2025-04-08 14:00:00,645.0,854.9,95.0,17.3,0.7289993642263386
2025-04-08 15:00:00,529.0,801.6,90.0,17.4,0.5687425458570473
2025-04-08 16:00:00,380.0,699.9,85.0,17.2,0.36801795345261257
2025-04-08 17:00:00,209.0,478.9,78.0,16.7,0.15463639288489547
2025-04-08 18:00:00,64.0,184.4,43.0,15.3,0.03469163137360836
2025-04-08 19:00:00,1.0,0.0,1.0,13.9,0.0009228172449118239
2025-04-08 20:00:00,0.0,0.0,0.0,13.0,0.0
2025-04-08 21:00:00,0.0,0.0,0.0,11.7,0.0
2025-04-08 22:00:00,0.0,0.0,0.0,10.3,0.0
2025-04-08 23:00:00,0.0,0.0,0.0,9.7,0.0
2025-04-09 00:00:00,0.0,0.0,0.0,8.9,0.0
2025-04-09 01:00:00,0.0,0.0,0.0,8.6,0.0
2025-04-09 02:00:00,0.0,0.0,0.0,7.7,0.0
2025-04-09 03:00:00,0.0,0.0,0.0,7.0,0.0
2025-04-09 04:00:00,0.0,0.0,0.0,6.3,0.0
2025-04-09 05:00:00,0.0,0.0,0.0,6.0,0.0
2025-04-09 06:00:00,35.0,0.0,35.0,6.5,0.033092493638606585
2025-04-09 07:00:00,174.0,378.9,78.0,7.7,0.22536752351502287
2025-04-09 08:00:00,362.0,710.4,75.0,9.7,0.4978563717263712
2025-04-09 09:00:00,506.0,774.9,92.0,12.0,0.6705743597889782
2025-04-09 10:00:00,626.0,831.2,98.0,13.8,0.7992733092752344
2025-04-09 11:00:00,707.0,865.7,101.0,14.9,0.8722032630894169
2025-04-09 12:00:00,736.0,873.9,103.0,15.7,0.8808758401473921
2025-04-09 13:00:00,713.0,865.0,102.0,15.5,0.8327841176778021
2025-04-09 14:00:00,641.0,838.6,98.0,15.6,0.7257879180602178
2025-04-09 15:00:00,527.0,790.2,91.0,15.5,0.5673936600544915
2025-04-09 16:00:00,381.0,707.2,80.0,15.2,0.3687210654814119
2025-04-09 17:00:00,220.0,565.4,63.0,14.4,0.15761885658377514
2025-04-09 18:00:00,70.0,287.8,36.0,13.2,0.027291509298134852
2025-04-09 19:00:00,2.0,0.0,2.0,11.5,0.001862396839608086
2025-04-09 20:00:00,0.0,0.0,0.0,9.7,0.0
2025-04-09 21:00:00,0.0,0.0,0.0,8.6,0.0
2025-04-09 22:00:00,0.0,0.0,0.0,7.7,0.0
2025-04-09 23:00:00,0.0,0.0,0.0,7.0,0.0
2025-04-10 00:00:00,0.0,0.0,0.0,7.0,0.0
2025-04-10 01:00:00,0.0,0.0,0.0,7.0,0.0
2025-04-10 02:00:00,0.0,0.0,0.0,7.1,0.0
2025-04-10 03:00:00,0.0,0.0,0.0,7.1,0.0
2025-04-10 04:00:00,0.0,0.0,0.0,7.0,0.0
2025-04-10 05:00:00,0.0,0.0,0.0,7.1,0.0
2025-04-10 06:00:00,26.0,0.0,26.0,7.4,0.024524194987745426
2025-04-10 07:00:00,90.0,34.8,81.0,8.0,0.09005110960290572
2025-04-10 08:00:00,144.0,53.7,122.0,8.7,0.14792823728907728
2025-04-10 09:00:00,262.0,109.4,203.0,9.5,0.27742104134620593
2025-04-10 10:00:00,344.0,109.3,274.0,10.5,0.3539582717652794
2025-04-10 11:00:00,451.0,195.8,313.0,11.8,0.4803505374534245
2025-04-10 12:00:00,508.0,268.9,312.0,12.8,0.5498044544840343
2025-04-10 13:00:00,398.0,164.6,281.0,11.7,0.4126095203561859
2025-04-10 14:00:00,460.0,352.9,230.0,12.4,0.4989484146413672
2025-04-10 15:00:00,439.0,480.4,172.0,13.0,0.4657356273720181
2025-04-10 16:00:00,372.0,649.3,93.0,13.4,0.3600120940792142
2025-04-10 17:00:00,217.0,521.6,70.0,13.2,0.15656826277182825
2025-04-10 18:00:00,76.0,343.2,34.0,12.4,0.024877578999900094
2025-04-10 19:00:00,2.0,0.0,2.0,11.4,0.0018631037867051247
2025-04-10 20:00:00,0.0,0.0,0.0,10.5,0.0
2025-04-10 21:00:00,0.0,0.0,0.0,9.5,0.0
2025-04-10 22:00:00,0.0,0.0,0.0,8.4,0.0
2025-04-10 23:00:00,0.0,0.0,0.0,7.4,0.0
2025-04-11 00:00:00,0.0,0.0,0.0,6.6,0.0
2025-04-11 01:00:00,0.0,0.0,0.0,5.8,0.0
2025-04-11 02:00:00,0.0,0.0,0.0,5.2,0.0
2025-04-11 03:00:00,0.0,0.0,0.0,4.7,0.0
2025-04-11 04:00:00,0.0,0.0,0.0,4.1,0.0
2025-04-11 05:00:00,1.0,0.0,1.0,3.7,0.0009588715468607993
2025-04-11 06:00:00,57.0,230.5,32.0,4.2,0.06494171682257897
2025-04-11 07:00:00,186.0,404.5,79.0,5.8,0.23943638941030704
2025-04-11 08:00:00,360.0,638.9,95.0,8.0,0.48155325210141703
2025-04-11 09:00:00,524.0,797.0,90.0,10.4,0.6898316573914819
2025-04-11 10:00:00,643.0,848.1,96.0,12.6,0.8152926075152411
2025-04-11 11:00:00,720.0,872.6,101.0,14.6,0.8792301304589458
2025-04-11 12:00:00,749.0,882.5,102.0,16.2,0.8847802469907622
2025-04-11 13:00:00,727.0,877.0,100.0,17.3,0.8330642153506839
2025-04-11 14:00:00,652.0,846.3,97.0,18.3,0.721105912757429
2025-04-11 15:00:00,530.0,769.8,99.0,18.7,0.5552000926344921
2025-04-11 16:00:00,385.0,687.1,87.0,18.6,0.36152876182301624
2025-04-11 17:00:00,224.0,542.1,69.0,18.0,0.1560336629705312
2025-04-11 18:00:00,77.0,308.0,38.0,16.6,0.02800284692931371
2025-04-11 19:00:00,3.0,0.0,3.0,15.1,0.0027551135453552996
2025-04-11 20:00:00,0.0,0.0,0.0,13.8,0.0
2025-04-11 21:00:00,0.0,0.0,0.0,13.0,0.0
2025-04-11 22:00:00,0.0,0.0,0.0,12.2,0.0
2025-04-11 23:00:00,0.0,0.0,0.0,11.8,0.0
2025-04-12 00:00:00,0.0,0.0,0.0,11.1,0.0
2025-04-12 01:00:00,0.0,0.0,0.0,10.2,0.0
2025-04-12 02:00:00,0.0,0.0,0.0,9.1,0.0
2025-04-12 03:00:00,0.0,0.0,0.0,8.4,0.0
2025-04-12 04:00:00,0.0,0.0,0.0,7.8,0.0
2025-04-12 05:00:00,1.0,0.0,1.0,7.7,0.0009447326049200245
2025-04-12 06:00:00,66.0,323.7,30.0,9.1,0.07628016983397123
2025-04-12 07:00:00,212.0,563.0,60.0,11.8,0.2780012382077539
2025-04-12 08:00:00,374.0,707.1,77.0,14.7,0.4905778878887183
2025-04-12 09:00:00,523.0,791.6,88.0,17.3,0.6652130019970324
2025-04-12 10:00:00,641.0,840.3,95.0,19.4,0.7853236305171375
2025-04-12 11:00:00,718.0,865.7,100.0,20.8,0.849429228055669
2025-04-12 12:00:00,746.0,874.6,101.0,21.7,0.856416569901184
2025-04-12 13:00:00,728.0,877.5,97.0,23.3,0.8086401364769625
2025-04-12 14:00:00,660.0,860.8,92.0,23.5,0.7095706671009534
2025-04-12 15:00:00,547.0,817.6,86.0,23.3,0.5582800675567999
2025-04-12 16:00:00,400.0,737.9,77.0,22.6,0.3657538327959562
2025-04-12 17:00:00,237.0,610.3,60.0,21.8,0.15740888716648657
2025-04-12 18:00:00,85.0,382.2,35.0,20.4,0.024117430873722694
2025-04-12 19:00:00,3.0,19.1,2.0,19.0,0.0018107248057144928
2025-04-12 20:00:00,0.0,0.0,0.0,18.0,0.0
2025-04-12 21:00:00,0.0,0.0,0.0,16.8,0.0
2025-04-12 22:00:00,0.0,0.0,0.0,16.1,0.0
2025-04-12 23:00:00,0.0,0.0,0.0,15.6,0.0
2025-04-13 00:00:00,0.0,0.0,0.0,14.9,0.0
2025-04-13 01:00:00,0.0,0.0,0.0,16.2,0.0
2025-04-13 02:00:00,0.0,0.0,0.0,15.8,0.0
2025-04-13 03:00:00,0.0,0.0,0.0,14.6,0.0
2025-04-13 04:00:00,0.0,0.0,0.0,13.4,0.0
2025-04-13 05:00:00,0.0,0.0,0.0,12.8,0.0
2025-04-13 06:00:00,18.0,34.7,14.0,13.2,0.01819768044129286
2025-04-13 07:00:00,128.0,79.9,106.0,13.8,0.12919355910108668
2025-04-13 08:00:00,203.0,199.9,118.0,15.0,0.2317497415827509
2025-04-13 09:00:00,297.0,135.3,222.0,16.4,0.30748727765018297
2025-04-13 10:00:00,176.0,6.1,172.0,15.6,0.16047486636483627
2025-04-13 11:00:00,185.0,0.0,185.0,16.1,0.16580399609896898
2025-04-13 12:00:00,627.0,552.7,217.0,18.8,0.7080434272079589
2025-04-13 13:00:00,402.0,315.3,174.0,16.2,0.44636851768094293
2025-04-13 14:00:00,527.0,569.4,149.0,18.3,0.5747029768223783
2025-04-13 15:00:00,443.0,514.3,151.0,17.6,0.45679183547917773
2025-04-13 16:00:00,357.0,595.5,94.0,17.8,0.3318984331355615
2025-04-13 17:00:00,218.0,486.3,75.0,17.0,0.15174850164947232
2025-04-13 18:00:00,77.0,288.9,38.0,15.8,0.028553134597411666
2025-04-13 19:00:00,3.0,19.1,2.0,14.7,0.001841131614964789
2025-04-13 20:00:00,0.0,0.0,0.0,13.8,0.0
2025-04-13 21:00:00,0.0,0.0,0.0,12.7,0.0
2025-04-13 22:00:00,0.0,0.0,0.0,11.9,0.0
2025-04-13 23:00:00,0.0,0.0,0.0,11.0,0.0
2025-04-14 00:00:00,0.0,0.0,0.0,10.4,0.0
2025-04-14 01:00:00,0.0,0.0,0.0,9.6,0.0
2025-04-14 02:00:00,0.0,0.0,0.0,9.3,0.0
2025-04-14 03:00:00,0.0,0.0,0.0,8.9,0.0
2025-04-14 04:00:00,0.0,0.0,0.0,8.6,0.0
2025-04-14 05:00:00,1.0,0.0,1.0,8.5,0.0009419048165318698
2025-04-14 06:00:00,55.0,190.4,32.0,9.1,0.05918792425238646
2025-04-14 07:00:00,191.0,416.8,74.0,10.6,0.23704110940052753
2025-04-14 08:00:00,375.0,669.3,87.0,12.1,0.4855282971319203
2025-04-14 09:00:00,515.0,720.5,112.0,13.9,0.6494922828614184
2025-04-14 10:00:00,590.0,707.1,124.0,15.6,0.7234837128775996
2025-04-14 11:00:00,549.0,476.0,205.0,16.5,0.6355225439271501
2025-04-14 12:00:00,583.0,545.6,176.0,17.6,0.6691782679273546
2025-04-14 13:00:00,568.0,512.9,195.0,18.0,0.6296591490019008
2025-04-14 14:00:00,453.0,423.8,170.0,18.3,0.48595476717379343
2025-04-14 15:00:00,441.0,542.2,131.0,19.5,0.4510506532621516
2025-04-14 16:00:00,304.0,412.9,120.0,20.1,0.27858867196643716
2025-04-14 17:00:00,160.0,285.2,75.0,18.7,0.11635869165426078
2025-04-14 18:00:00,78.0,287.5,38.0,17.3,0.028443669133345048
2025-04-14 19:00:00,4.0,19.1,3.0,15.8,0.0027365168313374265
2025-04-14 20:00:00,0.0,0.0,0.0,15.0,0.0
2025-04-14 21:00:00,0.0,0.0,0.0,14.5,0.0
2025-04-14 22:00:00,0.0,0.0,0.0,14.0,0.0
2025-04-14 23:00:00,0.0,0.0,0.0,13.4,0.0
2025-04-15 00:00:00,0.0,0.0,0.0,12.8,0.0
2025-04-15 01:00:00,0.0,0.0,0.0,12.6,0.0
2025-04-15 02:00:00,0.0,0.0,0.0,12.1,0.0
2025-04-15 03:00:00,0.0,0.0,0.0,11.7,0.0
2025-04-15 04:00:00,0.0,0.0,0.0,11.3,0.0
2025-04-15 05:00:00,3.0,0.0,3.0,11.0,0.0027985907918231818
2025-04-15 06:00:00,74.0,309.0,35.0,12.3,0.07965517127823574
2025-04-15 07:00:00,213.0,475.6,77.0,14.5,0.25973432242179706
2025-04-15 08:00:00,381.0,686.9,82.0,16.6,0.4825390283153962
2025-04-15 09:00:00,525.0,762.3,95.0,18.3,0.6507959288248579
2025-04-15 10:00:00,624.0,761.0,119.0,20.3,0.7456415402173894
2025-04-15 11:00:00,695.0,762.0,141.0,21.7,0.801822600789136
2025-04-15 12:00:00,642.0,548.0,231.0,21.1,0.7084159907560472
2025-04-15 13:00:00,557.0,366.5,289.0,19.4,0.5841196330153992
2025-04-15 14:00:00,342.0,199.5,208.0,19.0,0.34529484240153574
2025-04-15 15:00:00,239.0,40.0,216.0,19.3,0.2164964302126521
2025-04-15 16:00:00,126.0,6.7,123.0,18.0,0.11306578955710726
2025-04-15 17:00:00,50.0,0.0,50.0,16.6,0.04541330678808802
2025-04-15 18:00:00,34.0,0.0,34.0,15.8,0.03103278492919879
2025-04-15 19:00:00,4.0,0.0,4.0,15.2,0.00367166207185734
2025-04-15 20:00:00,0.0,0.0,0.0,14.1,0.0
2025-04-15 21:00:00,0.0,0.0,0.0,13.3,0.0
2025-04-15 22:00:00,0.0,0.0,0.0,12.7,0.0
2025-04-15 23:00:00,0.0,0.0,0.0,12.1,0.0
2025-04-16 00:00:00,0.0,0.0,0.0,11.6,0.0
2025-04-16 01:00:00,0.0,0.0,0.0,11.9,0.0
2025-04-16 02:00:00,0.0,0.0,0.0,11.8,0.0
2025-04-16 03:00:00,0.0,0.0,0.0,11.4,0.0
2025-04-16 04:00:00,0.0,0.0,0.0,10.8,0.0
2025-04-16 05:00:00,3.0,0.0,3.0,10.5,0.0028038928950509727
2025-04-16 06:00:00,63.0,98.8,50.0,11.4,0.061548985949920615
2025-04-16 07:00:00,144.0,154.6,99.0,12.6,0.15426346366560864
2025-04-16 08:00:00,156.0,2.3,155.0,12.9,0.1426289767231381
2025-04-16 09:00:00,157.0,12.3,150.0,12.3,0.14719307337697873
2025-04-16 10:00:00,98.0,0.0,98.0,11.7,0.09022675824399859
2025-04-16 11:00:00,160.0,4.1,157.0,11.4,0.14800339356753503
2025-04-16 12:00:00,187.0,2.7,185.0,11.4,0.17168053770970304
2025-04-16 13:00:00,162.0,8.2,156.0,10.4,0.15142836614570548
2025-04-16 14:00:00,141.0,1.5,140.0,10.8,0.13001380774145058
2025-04-16 15:00:00,128.0,3.5,126.0,11.1,0.11824583487688534
2025-04-16 16:00:00,49.0,0.0,49.0,10.9,0.04549729959668089
2025-04-16 17:00:00,39.0,6.5,37.0,10.6,0.035626526827917185
2025-04-16 18:00:00,20.0,0.0,20.0,10.0,0.01869322196262821
2025-04-16 19:00:00,1.0,0.0,1.0,9.9,0.0009369561868525986
2025-04-16 20:00:00,0.0,0.0,0.0,9.8,0.0
2025-04-16 21:00:00,0.0,0.0,0.0,9.6,0.0
2025-04-16 22:00:00,0.0,0.0,0.0,9.4,0.0
2025-04-16 23:00:00,0.0,0.0,0.0,9.3,0.0
2025-04-17 00:00:00,0.0,0.0,0.0,9.1,0.0
2025-04-17 01:00:00,0.0,0.0,0.0,9.0,0.0
2025-04-17 02:00:00,0.0,0.0,0.0,8.8,0.0
2025-04-17 03:00:00,0.0,0.0,0.0,8.7,0.0
2025-04-17 04:00:00,0.0,0.0,0.0,8.7,0.0
2025-04-17 05:00:00,1.0,0.0,1.0,8.7,0.0009411978694348309
2025-04-17 06:00:00,17.0,0.0,17.0,8.7,0.01597256802634129
2025-04-17 07:00:00,54.0,6.8,52.0,9.0,0.0514640140570164
2025-04-17 08:00:00,78.0,6.7,75.0,9.3,0.07420897141429378
2025-04-17 09:00:00,108.0,0.0,108.0,9.7,0.10008670768048922
2025-04-17 10:00:00,81.0,0.0,81.0,9.6,0.07531715224319838
2025-04-17 11:00:00,100.0,0.0,100.0,9.6,0.09278997705458296
2025-04-17 12:00:00,226.0,7.9,220.0,10.2,0.2092237490082994
2025-04-17 13:00:00,126.0,0.0,126.0,10.3,0.11626883208710345
2025-04-17 14:00:00,260.0,35.3,236.0,11.2,0.24441720658215263
2025-04-17 15:00:00,163.0,32.6,144.0,10.7,0.15415020904642274
2025-04-17 16:00:00,89.0,24.1,78.0,10.2,0.08296303109028053
2025-04-17 17:00:00,40.0,3.2,39.0,9.5,0.03703103390148117
2025-04-17 18:00:00,17.0,0.0,17.0,9.1,0.015948531825041974
2025-04-17 19:00:00,1.0,0.0,1.0,8.8,0.0009408443958863115
2025-04-17 20:00:00,0.0,0.0,0.0,8.5,0.0
2025-04-17 21:00:00,0.0,0.0,0.0,8.0,0.0
2025-04-17 22:00:00,0.0,0.0,0.0,7.8,0.0
2025-04-17 23:00:00,0.0,0.0,0.0,7.6,0.0
2025-04-18 00:00:00,0.0,0.0,0.0,7.4,0.0
2025-04-18 01:00:00,0.0,0.0,0.0,7.5,0.0
2025-04-18 02:00:00,0.0,0.0,0.0,7.5,0.0
2025-04-18 03:00:00,0.0,0.0,0.0,7.5,0.0
2025-04-18 04:00:00,0.0,0.0,0.0,7.4,0.0
2025-04-18 05:00:00,1.0,0.0,1.0,7.4,0.0009457930255655827
2025-04-18 06:00:00,12.0,0.0,12.0,7.6,0.011327543825686093
2025-04-18 07:00:00,42.0,0.0,42.0,7.9,0.03947310597975826
2025-04-18 08:00:00,64.0,0.0,64.0,8.2,0.0599377440016606
2025-04-18 09:00:00,89.0,0.0,89.0,8.5,0.08302917445910786
2025-04-18 10:00:00,91.0,0.0,91.0,8.5,0.08487639997470763
2025-04-18 11:00:00,183.0,6.8,178.0,9.3,0.1710234828680297
2025-04-18 12:00:00,335.0,43.3,302.0,10.2,0.3184841693380801
2025-04-18 13:00:00,483.0,227.6,314.0,11.9,0.49811285963960805
2025-04-18 14:00:00,397.0,209.4,254.0,12.1,0.4034976564015289
2025-04-18 15:00:00,208.0,8.5,203.0,11.9,0.19025509909846358
2025-04-18 16:00:00,153.0,13.0,147.0,11.9,0.14019193068347616
2025-04-18 17:00:00,83.0,0.0,83.0,11.9,0.0764850904253191
2025-04-18 18:00:00,25.0,0.0,25.0,11.1,0.023256548443411722
2025-04-18 19:00:00,4.0,0.0,4.0,10.7,0.0037352873105908264
2025-04-18 20:00:00,0.0,0.0,0.0,9.4,0.0
2025-04-18 21:00:00,0.0,0.0,0.0,8.6,0.0
2025-04-18 22:00:00,0.0,0.0,0.0,8.1,0.0
2025-04-18 23:00:00,0.0,0.0,0.0,8.0,0.0
2025-04-19 00:00:00,0.0,0.0,0.0,7.6,0.0
2025-04-19 01:00:00,0.0,0.0,0.0,8.7,0.0
2025-04-19 02:00:00,0.0,0.0,0.0,8.6,0.0
2025-04-19 03:00:00,0.0,0.0,0.0,8.3,0.0
2025-04-19 04:00:00,0.0,0.0,0.0,8.1,0.0
2025-04-19 05:00:00,4.0,0.0,4.0,8.3,0.003769220771248686
2025-04-19 06:00:00,49.0,61.2,40.0,8.8,0.04747889375862489
2025-04-19 07:00:00,144.0,127.4,105.0,9.8,0.15072730442102328
2025-04-19 08:00:00,273.0,220.0,173.0,11.0,0.299475450022751
2025-04-19 09:00:00,467.0,467.1,195.0,12.2,0.5477332303733861
2025-04-19 10:00:00,575.0,494.9,238.0,13.2,0.6607725374383857
2025-04-19 11:00:00,626.0,458.7,285.0,14.6,0.694229589325371
2025-04-19 12:00:00,609.0,412.6,293.0,15.6,0.657698814201396
2025-04-19 13:00:00,637.0,501.1,263.0,16.5,0.6813832781395132
2025-04-19 14:00:00,560.0,464.6,241.0,17.0,0.5801424801707779
2025-04-19 15:00:00,478.0,520.0,171.0,17.0,0.4767757022837424
2025-04-19 16:00:00,330.0,381.0,153.0,16.1,0.297988699208807
2025-04-19 17:00:00,211.0,318.1,110.0,15.2,0.1529936881766494
2025-04-19 18:00:00,93.0,263.5,51.0,13.7,0.03913172974688125
2025-04-19 19:00:00,8.0,0.0,8.0,12.3,0.007422059918259309
2025-04-19 20:00:00,0.0,0.0,0.0,11.5,0.0
2025-04-19 21:00:00,0.0,0.0,0.0,10.7,0.0
2025-04-19 22:00:00,0.0,0.0,0.0,10.1,0.0
2025-04-19 23:00:00,0.0,0.0,0.0,9.3,0.0
2025-04-20 00:00:00,0.0,0.0,0.0,8.7,0.0
2025-04-20 01:00:00,0.0,0.0,0.0,8.3,0.0
2025-04-20 02:00:00,0.0,0.0,0.0,7.5,0.0
2025-04-20 03:00:00,0.0,0.0,0.0,7.2,0.0
2025-04-20 04:00:00,0.0,0.0,0.0,7.0,0.0
2025-04-20 05:00:00,7.0,38.2,5.0,6.9,0.004660470471939186
2025-04-20 06:00:00,96.0,354.8,42.0,8.1,0.09785289261420856
2025-04-20 07:00:00,247.0,569.3,70.0,10.4,0.2981329800196522
2025-04-20 08:00:00,408.0,701.3,86.0,13.1,0.504783739627207
2025-04-20 09:00:00,554.0,780.6,96.0,15.3,0.6748157602335492
2025-04-20 10:00:00,667.0,820.4,105.0,16.8,0.7905250923348062
2025-04-20 11:00:00,731.0,816.1,121.0,18.4,0.8386931520951888
2025-04-20 12:00:00,762.0,843.3,113.0,19.3,0.8509922240743609
2025-04-20 13:00:00,638.0,542.6,231.0,19.9,0.6774892805280984
2025-04-20 14:00:00,427.0,327.5,201.0,19.6,0.4361830459717097
2025-04-20 15:00:00,168.0,0.0,168.0,17.7,0.14990967173331257
2025-04-20 16:00:00,298.0,322.5,147.0,16.3,0.26801237370710007
2025-04-20 17:00:00,78.0,0.0,78.0,14.2,0.07128327751766088
2025-04-20 18:00:00,22.0,0.0,22.0,13.5,0.020285873154552308
2025-04-20 19:00:00,3.0,0.0,3.0,13.2,0.0027752615376209037
2025-04-20 20:00:00,0.0,0.0,0.0,12.7,0.0
2025-04-20 21:00:00,0.0,0.0,0.0,12.0,0.0
2025-04-20 22:00:00,0.0,0.0,0.0,10.9,0.0
2025-04-20 23:00:00,0.0,0.0,0.0,10.3,0.0
2025-04-21 00:00:00,0.0,0.0,0.0,9.1,0.0
2025-04-21 01:00:00,0.0,0.0,0.0,9.6,0.0
2025-04-21 02:00:00,0.0,0.0,0.0,8.5,0.0
2025-04-21 03:00:00,0.0,0.0,0.0,7.7,0.0
2025-04-21 04:00:00,0.0,0.0,0.0,7.4,0.0
2025-04-21 05:00:00,8.0,37.0,6.0,7.4,0.0055754554243139945
2025-04-21 06:00:00,98.0,318.0,48.0,8.5,0.09756187985652348
2025-04-21 07:00:00,250.0,554.2,75.0,10.1,0.2978024300025515
2025-04-21 08:00:00,419.0,705.2,92.0,12.2,0.5150602751276387
2025-04-21 09:00:00,385.0,252.1,236.0,13.6,0.4164467456751814
2025-04-21 10:00:00,649.0,726.9,148.0,15.6,0.761274167125936
2025-04-21 11:00:00,627.0,616.2,164.0,16.1,0.7207498547824477
2025-04-21 12:00:00,525.0,424.1,197.0,16.2,0.5825689555686681
2025-04-21 13:00:00,598.0,489.6,229.0,16.9,0.6403625493151297
2025-04-21 14:00:00,564.0,586.6,157.0,17.1,0.594148935697883
2025-04-21 15:00:00,476.0,560.5,141.0,16.6,0.47370122075279947
2025-04-21 16:00:00,314.0,409.0,121.0,15.9,0.2806535171447785
2025-04-21 17:00:00,158.0,172.2,102.0,14.7,0.12182318316944538
2025-04-21 18:00:00,53.0,35.9,47.0,13.9,0.04220229895727709
2025-04-21 19:00:00,10.0,16.9,9.0,12.4,0.008271183172448083
2025-04-21 20:00:00,0.0,0.0,0.0,11.9,0.0
2025-04-21 21:00:00,0.0,0.0,0.0,11.2,0.0
2025-04-21 22:00:00,0.0,0.0,0.0,10.7,0.0
2025-04-21 23:00:00,0.0,0.0,0.0,10.1,0.0
2025-04-22 00:00:00,0.0,0.0,0.0,9.7,0.0
2025-04-22 01:00:00,0.0,0.0,0.0,9.9,0.0
2025-04-22 02:00:00,0.0,0.0,0.0,9.5,0.0
2025-04-22 03:00:00,0.0,0.0,0.0,9.1,0.0
2025-04-22 04:00:00,0.0,0.0,0.0,8.0,0.0
2025-04-22 05:00:00,6.0,0.0,6.0,9.1,0.005635638143277149
2025-04-22 06:00:00,42.0,0.0,42.0,10.0,0.03916134230996418
2025-04-22 07:00:00,172.0,237.1,96.0,11.4,0.18753788711627825
2025-04-22 08:00:00,276.0,179.4,192.0,12.7,0.2892714827175793
2025-04-22 09:00:00,371.0,270.4,210.0,13.6,0.40771802598950635
2025-04-22 10:00:00,415.0,180.3,290.0,14.4,0.4272908773133254
2025-04-22 11:00:00,547.0,399.9,245.0,15.2,0.6041949281212077
2025-04-22 12:00:00,662.0,597.1,198.0,16.1,0.7348819904276199
2025-04-22 13:00:00,611.0,582.3,170.0,16.3,0.6662110114816647
2025-04-22 14:00:00,612.0,649.6,159.0,16.7,0.6415893832160899
2025-04-22 15:00:00,491.0,580.5,142.0,16.8,0.4855429577450279
2025-04-22 16:00:00,395.0,586.7,116.0,16.9,0.34645172718445577
2025-04-22 17:00:00,235.0,386.1,108.0,16.6,0.16126968490392687
2025-04-22 18:00:00,94.0,180.9,63.0,15.6,0.050757034397156175
2025-04-22 19:00:00,11.0,32.7,9.0,13.7,0.00816247762731491
2025-04-22 20:00:00,0.0,0.0,0.0,12.5,0.0
2025-04-22 21:00:00,0.0,0.0,0.0,11.8,0.0
2025-04-22 22:00:00,0.0,0.0,0.0,11.0,0.0
2025-04-22 23:00:00,0.0,0.0,0.0,10.9,0.0
2025-04-23 00:00:00,0.0,0.0,0.0,10.6,0.0
2025-04-23 01:00:00,0.0,0.0,0.0,11.2,0.0
2025-04-23 02:00:00,0.0,0.0,0.0,10.5,0.0
2025-04-23 03:00:00,0.0,0.0,0.0,10.3,0.0
2025-04-23 04:00:00,0.0,0.0,0.0,9.9,0.0
2025-04-23 05:00:00,3.0,0.0,3.0,9.8,0.002811315839569879
2025-04-23 06:00:00,48.0,53.8,39.0,10.5,0.04547330571698663
2025-04-23 07:00:00,147.0,123.0,107.0,11.8,0.15010613450132643
2025-04-23 08:00:00,181.0,107.9,130.0,12.3,0.18849176385328048
2025-04-23 09:00:00,388.0,266.8,228.0,13.8,0.4204963126727294
2025-04-23 10:00:00,485.0,332.7,253.0,15.1,0.529681754505768
2025-04-23 11:00:00,666.0,608.7,204.0,16.5,0.747547760743478
2025-04-23 12:00:00,727.0,643.0,225.0,17.8,0.7906572871304072
2025-04-23 13:00:00,331.0,199.8,179.0,14.2,0.34865348806405394
2025-04-23 14:00:00,424.0,212.6,275.0,14.8,0.4187108582720911
2025-04-23 15:00:00,139.0,52.9,107.0,12.8,0.13259757196838878
2025-04-23 16:00:00,131.0,0.0,131.0,12.6,0.11975072420023265
2025-04-23 17:00:00,136.0,33.1,125.0,12.6,0.11983233367098399
2025-04-23 18:00:00,74.0,39.9,67.0,12.3,0.060181285930728454
2025-04-23 19:00:00,4.0,0.0,4.0,12.0,0.0037169066860678183
2025-04-23 20:00:00,0.0,0.0,0.0,11.4,0.0
2025-04-23 21:00:00,0.0,0.0,0.0,11.0,0.0
2025-04-23 22:00:00,0.0,0.0,0.0,10.7,0.0
2025-04-23 23:00:00,0.0,0.0,0.0,10.4,0.0
2025-04-24 00:00:00,0.0,0.0,0.0,10.3,0.0
2025-04-24 01:00:00,0.0,0.0,0.0,10.3,0.0
2025-04-24 02:00:00,0.0,0.0,0.0,10.3,0.0
2025-04-24 03:00:00,0.0,0.0,0.0,10.1,0.0
2025-04-24 04:00:00,0.0,0.0,0.0,10.0,0.0
2025-04-24 05:00:00,3.0,0.0,3.0,9.9,0.0028102554189243212
2025-04-24 06:00:00,24.0,0.0,24.0,9.9,0.022430539454182725
2025-04-24 07:00:00,48.0,0.0,48.0,10.1,0.044709422254080505
2025-04-24 08:00:00,69.0,0.0,69.0,10.6,0.0639997724115175
2025-04-24 09:00:00,78.0,1.7,77.0,10.9,0.07269269118353916
2025-04-24 10:00:00,66.0,0.0,66.0,11.0,0.06114409026811227
2025-04-24 11:00:00,149.0,0.0,149.0,11.8,0.13635228834161603
2025-04-24 12:00:00,130.0,1.3,129.0,12.1,0.11951362418204753
2025-04-24 13:00:00,274.0,20.9,258.0,12.7,0.2525602708174387
2025-04-24 14:00:00,245.0,11.4,237.0,13.2,0.22313627417113005
2025-04-24 15:00:00,130.0,0.0,130.0,12.8,0.11875797814735894
2025-04-24 16:00:00,66.0,0.0,66.0,12.3,0.06084080996348266
2025-04-24 17:00:00,43.0,0.0,43.0,11.9,0.039800573151259296
2025-04-24 18:00:00,20.0,0.0,20.0,11.6,0.018580110427102014
2025-04-24 19:00:00,2.0,0.0,2.0,11.5,0.001862396839608086
2025-04-24 20:00:00,0.0,0.0,0.0,11.0,0.0
2025-04-24 21:00:00,0.0,0.0,0.0,10.8,0.0
2025-04-24 22:00:00,0.0,0.0,0.0,10.8,0.0
2025-04-24 23:00:00,0.0,0.0,0.0,10.6,0.0
2025-04-25 00:00:00,0.0,0.0,0.0,10.2,0.0
2025-04-25 01:00:00,0.0,0.0,0.0,10.1,0.0
2025-04-25 02:00:00,0.0,0.0,0.0,10.0,0.0
2025-04-25 03:00:00,0.0,0.0,0.0,9.5,0.0
2025-04-25 04:00:00,0.0,0.0,0.0,9.2,0.0
2025-04-25 05:00:00,4.0,0.0,4.0,8.8,0.003762151300278298
2025-04-25 06:00:00,60.0,79.1,46.0,8.9,0.05677795893607873
2025-04-25 07:00:00,193.0,209.2,123.0,9.6,0.20253428807538593
2025-04-25 08:00:00,301.0,193.1,208.0,10.8,0.31464762053636286
2025-04-25 09:00:00,470.0,371.8,244.0,12.4,0.5185347135684998
2025-04-25 10:00:00,503.0,302.1,290.0,13.4,0.5382895352747056
2025-04-25 11:00:00,569.0,364.0,290.0,14.5,0.6112237353641788
2025-04-25 12:00:00,551.0,338.9,284.0,15.0,0.5820732769567462
2025-04-25 13:00:00,440.0,115.9,351.0,13.0,0.42270577203723597
2025-04-25 14:00:00,430.0,203.5,286.0,13.6,0.4225248588757568
2025-04-25 15:00:00,366.0,196.2,246.0,13.8,0.3475767025205352
2025-04-25 16:00:00,249.0,133.7,184.0,13.6,0.22348236017782505
2025-04-25 17:00:00,163.0,123.5,121.0,13.3,0.13083884106923258
2025-04-25 18:00:00,68.0,43.7,60.0,12.7,0.05374546076460541
2025-04-25 19:00:00,13.0,44.8,10.0,11.4,0.009087818028350443
2025-04-25 20:00:00,0.0,0.0,0.0,10.6,0.0
2025-04-25 21:00:00,0.0,0.0,0.0,9.6,0.0
2025-04-25 22:00:00,0.0,0.0,0.0,9.1,0.0
2025-04-25 23:00:00,0.0,0.0,0.0,8.6,0.0
2025-04-26 00:00:00,0.0,0.0,0.0,8.3,0.0
2025-04-26 01:00:00,0.0,0.0,0.0,7.0,0.0
2025-04-26 02:00:00,0.0,0.0,0.0,7.0,0.0
2025-04-26 03:00:00,0.0,0.0,0.0,6.8,0.0
2025-04-26 04:00:00,0.0,0.0,0.0,6.4,0.0
2025-04-26 05:00:00,16.0,90.6,10.0,7.0,0.009009325640233344
2025-04-26 06:00:00,123.0,401.8,50.0,8.4,0.1166110613842866
2025-04-26 07:00:00,279.0,592.8,78.0,10.5,0.31875157138869925
2025-04-26 08:00:00,441.0,712.2,95.0,12.7,0.5231500212487118
2025-04-26 09:00:00,590.0,800.7,100.0,14.5,0.6962569629643995
2025-04-26 10:00:00,662.0,747.6,132.0,16.0,0.7616721401990455
2025-04-26 11:00:00,646.0,550.6,222.0,17.3,0.7101835925255988
2025-04-26 12:00:00,720.0,691.3,173.0,18.5,0.7825106010480409
2025-04-26 13:00:00,687.0,679.5,163.0,19.4,0.7264300361192618
2025-04-26 14:00:00,662.0,749.6,129.0,19.7,0.6745355338109672
2025-04-26 15:00:00,568.0,736.5,115.0,19.6,0.5432043016161429
2025-04-26 16:00:00,370.0,461.5,144.0,18.8,0.31727029894438785
2025-04-26 17:00:00,227.0,308.4,121.0,17.5,0.1584877330430913
2025-04-26 18:00:00,122.0,369.2,53.0,15.8,0.03729597706088085
2025-04-26 19:00:00,17.0,87.0,11.0,14.2,0.009653064804845157
2025-04-26 20:00:00,0.0,0.0,0.0,13.0,0.0
2025-04-26 21:00:00,0.0,0.0,0.0,12.4,0.0
2025-04-26 22:00:00,0.0,0.0,0.0,11.6,0.0
2025-04-26 23:00:00,0.0,0.0,0.0,10.7,0.0
2025-04-27 00:00:00,0.0,0.0,0.0,9.4,0.0
2025-04-27 01:00:00,0.0,0.0,0.0,9.6,0.0
2025-04-27 02:00:00,0.0,0.0,0.0,9.0,0.0
2025-04-27 03:00:00,0.0,0.0,0.0,8.9,0.0
2025-04-27 04:00:00,0.0,0.0,0.0,8.4,0.0
2025-04-27 05:00:00,18.0,102.2,11.0,8.5,0.009777754692798974
2025-04-27 06:00:00,128.0,429.3,48.0,10.0,0.11961668338832444
2025-04-27 07:00:00,285.0,614.2,74.0,11.9,0.3225633577056661
2025-04-27 08:00:00,447.0,728.5,90.0,13.7,0.526178316641689
2025-04-27 09:00:00,597.0,813.4,96.0,15.1,0.6997744673576858
2025-04-27 10:00:00,675.0,718.4,163.0,16.3,0.764988245602256
2025-04-27 11:00:00,701.0,607.5,231.0,17.3,0.7656752487338491
2025-04-27 12:00:00,783.0,806.6,142.0,18.4,0.8485127010607723
2025-04-27 13:00:00,773.0,841.8,121.0,19.7,0.8119331411403635
2025-04-27 14:00:00,699.0,814.7,117.0,19.9,0.7070326167132067
2025-04-27 15:00:00,592.0,790.7,103.0,19.8,0.5619704800779912
2025-04-27 16:00:00,435.0,681.2,99.0,19.5,0.3637757817281198
2025-04-27 17:00:00,271.0,521.1,90.0,19.0,0.16704071549793656
2025-04-27 18:00:00,126.0,372.3,55.0,17.4,0.038323096103960716
2025-04-27 19:00:00,19.0,113.0,11.0,15.7,0.009461334251388523
2025-04-27 20:00:00,0.0,0.0,0.0,14.4,0.0
2025-04-27 21:00:00,0.0,0.0,0.0,12.8,0.0
2025-04-27 22:00:00,0.0,0.0,0.0,11.9,0.0
2025-04-27 23:00:00,0.0,0.0,0.0,10.8,0.0
2025-04-28 00:00:00,0.0,0.0,0.0,10.0,0.0
2025-04-28 01:00:00,0.0,0.0,0.0,9.8,0.0
2025-04-28 02:00:00,0.0,0.0,0.0,9.1,0.0
2025-04-28 03:00:00,0.0,0.0,0.0,8.8,0.0
2025-04-28 04:00:00,0.0,0.0,0.0,8.5,0.0
2025-04-28 05:00:00,20.0,113.0,12.0,9.0,0.010567248802054141
2025-04-28 06:00:00,134.0,439.8,50.0,10.4,0.12359884577897001
2025-04-28 07:00:00,293.0,635.3,72.0,12.1,0.3295526983869217
2025-04-28 08:00:00,456.0,746.7,87.0,14.1,0.5333452127124624
2025-04-28 09:00:00,602.0,816.4,96.0,16.3,0.6984092470320299
2025-04-28 10:00:00,717.0,857.2,103.0,18.2,0.8116949514194545
2025-04-28 11:00:00,791.0,880.2,107.0,19.2,0.872193076733951
2025-04-28 12:00:00,818.0,888.4,109.0,19.7,0.8785975434569613
2025-04-28 13:00:00,796.0,887.2,106.0,20.7,0.8283619175579635
2025-04-28 14:00:00,723.0,865.4,102.0,20.7,0.7247908127833693
2025-04-28 15:00:00,607.0,823.5,95.0,20.5,0.5710053390734665
2025-04-28 16:00:00,461.0,755.1,86.0,20.3,0.37979955402841653
2025-04-28 17:00:00,298.0,644.1,72.0,19.6,0.17311724921651966
2025-04-28 18:00:00,138.0,452.5,50.0,17.8,0.03279579814431356
2025-04-28 19:00:00,22.0,123.8,13.0,15.7,0.011074227153140931
2025-04-28 20:00:00,0.0,0.0,0.0,14.2,0.0
2025-04-28 21:00:00,0.0,0.0,0.0,13.0,0.0
2025-04-28 22:00:00,0.0,0.0,0.0,11.7,0.0
2025-04-28 23:00:00,0.0,0.0,0.0,10.8,0.0
2025-04-29 00:00:00,0.0,0.0,0.0,10.3,0.0
2025-04-29 01:00:00,0.0,0.0,0.0,9.5,0.0
2025-04-29 02:00:00,0.0,0.0,0.0,8.8,0.0
2025-04-29 03:00:00,0.0,0.0,0.0,8.9,0.0
2025-04-29 04:00:00,0.0,0.0,0.0,8.3,0.0
2025-04-29 05:00:00,22.0,109.6,14.0,9.1,0.0123169425308294
2025-04-29 06:00:00,136.0,404.1,57.0,11.1,0.1235376026855777
2025-04-29 07:00:00,296.0,610.5,81.0,13.3,0.3266213777619066
2025-04-29 08:00:00,467.0,764.8,86.0,15.7,0.539508952977667
2025-04-29 09:00:00,612.0,825.8,97.0,17.8,0.7012829988457622
2025-04-29 10:00:00,723.0,858.5,105.0,19.5,0.8096606729650964
2025-04-29 11:00:00,789.0,864.8,114.0,20.5,0.8610331055255335
2025-04-29 12:00:00,809.0,866.1,115.0,21.0,0.8612142370917639
2025-04-29 13:00:00,783.0,857.9,113.0,22.0,0.8078730412543157
2025-04-29 14:00:00,710.0,833.8,109.0,22.1,0.7052547311996946
2025-04-29 15:00:00,597.0,793.7,101.0,21.9,0.5562642846372686
2025-04-29 16:00:00,453.0,724.0,91.0,21.6,0.369949706433289
2025-04-29 17:00:00,294.0,623.5,73.0,20.8,0.16973632201925065
2025-04-29 18:00:00,137.0,428.8,52.0,19.1,0.03454981362863103
2025-04-29 19:00:00,23.0,120.8,14.0,17.3,0.011859978110601039
2025-04-29 20:00:00,0.0,0.0,0.0,16.1,0.0
2025-04-29 21:00:00,0.0,0.0,0.0,15.0,0.0
2025-04-29 22:00:00,0.0,0.0,0.0,14.1,0.0
2025-04-29 23:00:00,0.0,0.0,0.0,13.4,0.0
2025-04-30 00:00:00,0.0,0.0,0.0,12.7,0.0
2025-04-30 01:00:00,0.0,0.0,0.0,12.3,0.0
2025-04-30 02:00:00,0.0,0.0,0.0,11.7,0.0
2025-04-30 03:00:00,0.0,0.0,0.0,11.2,0.0
2025-04-30 04:00:00,0.0,0.0,0.0,10.6,0.0
2025-04-30 05:00:00,23.0,119.7,14.0,11.0,0.012160090635863933
2025-04-30 06:00:00,136.0,410.1,54.0,12.7,0.12190922673389966
2025-04-30 07:00:00,290.0,583.7,82.0,14.7,0.31549299134840053
2025-04-30 08:00:00,448.0,697.0,98.0,16.9,0.5095554842335829
2025-04-30 09:00:00,587.0,749.2,117.0,18.9,0.6637373307534946
2025-04-30 10:00:00,699.0,792.1,126.0,20.6,0.7744109082940698
2025-04-30 11:00:00,747.0,714.4,187.0,21.9,0.7991485810680855
2025-04-30 12:00:00,783.0,775.6,159.0,23.0,0.820206730918535
2025-04-30 13:00:00,772.0,825.2,125.0,24.2,0.7859056200896012
2025-04-30 14:00:00,701.0,795.7,125.0,24.3,0.6866520861794484
2025-04-30 15:00:00,594.0,762.6,115.0,24.2,0.5455724635452349
2025-04-30 16:00:00,458.0,733.2,89.0,23.9,0.368104090957855
2025-04-30 17:00:00,294.0,614.7,74.0,23.2,0.16751961334182938
2025-04-30 18:00:00,139.0,435.8,51.0,21.5,0.03345131665164748
2025-04-30 19:00:00,24.0,131.0,14.0,19.5,0.011691119738444122
2025-04-30 20:00:00,0.0,0.0,0.0,18.1,0.0
2025-04-30 21:00:00,0.0,0.0,0.0,16.9,0.0
2025-04-30 22:00:00,0.0,0.0,0.0,15.4,0.0
2025-04-30 23:00:00,0.0,0.0,0.0,14.5,0.0
2025-05-01 00:00:00,0.0,0.0,0.0,13.8,0.0
2025-05-01 01:00:00,0.0,0.0,0.0,12.7,0.0
2025-05-01 02:00:00,0.0,0.0,0.0,12.6,0.0
2025-05-01 03:00:00,0.0,0.0,0.0,12.6,0.0
2025-05-01 04:00:00,0.0,0.0,0.0,12.2,0.0
2025-05-01 05:00:00,25.0,142.2,14.0,12.5,0.011933131422327312
2025-05-01 06:00:00,142.0,440.5,52.0,14.1,0.1254867011017716
2025-05-01 07:00:00,300.0,626.9,74.0,16.2,0.32423010734686397
2025-05-01 08:00:00,462.0,741.1,87.0,18.5,0.521530572761467
2025-05-01 09:00:00,606.0,808.3,96.0,20.8,0.6799166797444277
2025-05-01 10:00:00,720.0,851.7,101.0,22.9,0.7890073404406844
2025-05-01 11:00:00,793.0,875.4,104.0,24.5,0.844803385307789
2025-05-01 12:00:00,818.0,882.8,105.0,25.4,0.8477502850682579
2025-05-01 13:00:00,789.0,863.9,109.0,26.7,0.7911027633043806
2025-05-01 14:00:00,709.0,829.4,106.0,26.8,0.6846546213791113
2025-05-01 15:00:00,598.0,792.0,98.0,26.6,0.5411059095124156
2025-05-01 16:00:00,460.0,740.3,85.0,26.4,0.3635137315893217
2025-05-01 17:00:00,299.0,628.2,72.0,25.6,0.1667480176033299
2025-05-01 18:00:00,143.0,447.5,51.0,23.4,0.032913774688899486
2025-05-01 19:00:00,26.0,153.6,14.0,21.6,0.011441644355779004
2025-05-01 20:00:00,0.0,0.0,0.0,20.0,0.0
2025-05-01 21:00:00,0.0,0.0,0.0,18.6,0.0
2025-05-01 22:00:00,0.0,0.0,0.0,17.5,0.0
2025-05-01 23:00:00,0.0,0.0,0.0,16.8,0.0
2025-05-02 00:00:00,0.0,0.0,0.0,15.8,0.0
2025-05-02 01:00:00,0.0,0.0,0.0,14.2,0.0
2025-05-02 02:00:00,0.0,0.0,0.0,13.5,0.0
2025-05-02 03:00:00,0.0,0.0,0.0,13.1,0.0
2025-05-02 04:00:00,0.0,0.0,0.0,12.7,0.0
2025-05-02 05:00:00,28.0,151.0,16.0,13.3,0.013483731066313787
2025-05-02 06:00:00,146.0,450.7,52.0,14.9,0.12746707871991358
2025-05-02 07:00:00,302.0,628.3,73.0,17.3,0.32295285984871375
2025-05-02 08:00:00,459.0,727.8,88.0,19.8,0.512414529472742
2025-05-02 09:00:00,599.0,791.2,97.0,22.2,0.6653403605154946
2025-05-02 10:00:00,712.0,835.4,102.0,24.2,0.7733520878460958
2025-05-02 11:00:00,777.0,840.2,113.0,25.7,0.8209698231119863
2025-05-02 12:00:00,687.0,653.7,157.0,24.8,0.7156770143611674
2025-05-02 13:00:00,652.0,578.4,195.0,25.7,0.6534767474957154
2025-05-02 14:00:00,646.0,710.9,127.0,25.8,0.6272031699272052
2025-05-02 15:00:00,494.0,561.2,138.0,26.7,0.44834673540072256
2025-05-02 16:00:00,381.0,555.1,98.0,25.9,0.304766991332831
2025-05-02 17:00:00,205.0,298.8,96.0,23.9,0.13286713144474768
2025-05-02 18:00:00,115.0,306.0,51.0,23.0,0.03684960911891187
2025-05-02 19:00:00,27.0,137.6,16.0,21.2,0.013188797708574423
2025-05-02 20:00:00,0.0,0.0,0.0,20.3,0.0
2025-05-02 21:00:00,0.0,0.0,0.0,19.1,0.0
2025-05-02 22:00:00,0.0,0.0,0.0,17.9,0.0
2025-05-02 23:00:00,0.0,0.0,0.0,17.0,0.0
2025-05-03 00:00:00,0.0,0.0,0.0,15.9,0.0
2025-05-03 01:00:00,0.0,0.0,0.0,15.4,0.0
2025-05-03 02:00:00,0.0,0.0,0.0,14.2,0.0
2025-05-03 03:00:00,0.0,0.0,0.0,13.5,0.0
2025-05-03 04:00:00,0.0,0.0,0.0,12.7,0.0
2025-05-03 05:00:00,28.0,122.7,18.0,12.2,0.015476622931173162
2025-05-03 06:00:00,122.0,272.7,64.0,12.8,0.10746323703246374
2025-05-03 07:00:00,220.0,339.3,95.0,13.7,0.2297215214510555
2025-05-03 08:00:00,325.0,360.3,140.0,14.5,0.35338411071607806
2025-05-03 09:00:00,277.0,81.5,225.0,15.1,0.26808814252030627
2025-05-03 10:00:00,338.0,77.7,281.0,16.0,0.3218148568940334
2025-05-03 11:00:00,320.0,108.4,234.0,16.5,0.3156496476638855
2025-05-03 12:00:00,515.0,287.6,281.0,18.0,0.5229240295589135
2025-05-03 13:00:00,540.0,273.6,323.0,19.8,0.5253421783853721
2025-05-03 14:00:00,453.0,191.0,313.0,19.7,0.42321200626989514
2025-05-03 15:00:00,109.0,0.0,109.0,16.6,0.0983438231572196
2025-05-03 16:00:00,53.0,7.8,49.0,15.3,0.048076961960824366
2025-05-03 17:00:00,38.0,0.0,38.0,14.8,0.03480248783027819
2025-05-03 18:00:00,45.0,4.7,44.0,14.9,0.040145201347042206
2025-05-03 19:00:00,12.0,24.5,10.0,14.2,0.009098428624413988
2025-05-03 20:00:00,0.0,0.0,0.0,13.4,0.0
2025-05-03 21:00:00,0.0,0.0,0.0,12.3,0.0
2025-05-03 22:00:00,0.0,0.0,0.0,11.3,0.0
2025-05-03 23:00:00,0.0,0.0,0.0,10.3,0.0
2025-05-04 00:00:00,0.0,0.0,0.0,9.3,0.0
2025-05-04 01:00:00,0.0,0.0,0.0,9.1,0.0
2025-05-04 02:00:00,0.0,0.0,0.0,8.5,0.0
2025-05-04 03:00:00,0.0,0.0,0.0,8.6,0.0
2025-05-04 04:00:00,0.0,0.0,0.0,8.3,0.0
2025-05-04 05:00:00,20.0,35.9,17.0,8.4,0.015657259301037414
2025-05-04 06:00:00,80.0,36.9,72.0,8.9,0.07387464159711686
2025-05-04 07:00:00,182.0,139.7,130.0,9.9,0.18025505412652185
2025-05-04 08:00:00,275.0,158.6,193.0,10.0,0.2801435247495743
2025-05-04 09:00:00,252.0,82.6,199.0,10.9,0.25030207842169533
2025-05-04 10:00:00,491.0,343.5,238.0,12.5,0.5296182553370701
2025-05-04 11:00:00,572.0,420.7,237.0,13.2,0.6177420747360806
2025-05-04 12:00:00,537.0,384.5,223.0,13.6,0.5717415530588661
2025-05-04 13:00:00,450.0,214.8,279.0,13.5,0.44887688064443676
2025-05-04 14:00:00,481.0,362.8,214.0,14.0,0.48068854097875907
2025-05-04 15:00:00,450.0,466.9,151.0,13.8,0.4281999969744286
2025-05-04 16:00:00,336.0,420.5,119.0,13.5,0.2841438129354366
2025-05-04 17:00:00,251.0,438.9,88.0,13.0,0.15607735258979352
2025-05-04 18:00:00,113.0,259.0,57.0,12.3,0.04427660435873333
2025-05-04 19:00:00,26.0,107.9,17.0,11.3,0.014824881443657678
2025-05-04 20:00:00,0.0,0.0,0.0,10.4,0.0
2025-05-04 21:00:00,0.0,0.0,0.0,9.7,0.0
2025-05-04 22:00:00,0.0,0.0,0.0,8.7,0.0
2025-05-04 23:00:00,0.0,0.0,0.0,8.1,0.0
2025-05-05 00:00:00,0.0,0.0,0.0,7.6,0.0
2025-05-05 01:00:00,0.0,0.0,0.0,6.0,0.0
2025-05-05 02:00:00,0.0,0.0,0.0,5.7,0.0
2025-05-05 03:00:00,0.0,0.0,0.0,5.4,0.0
2025-05-05 04:00:00,0.0,0.0,0.0,5.1,0.0
2025-05-05 05:00:00,32.0,140.5,20.0,5.7,0.01739717595086498
2025-05-05 06:00:00,149.0,376.1,66.0,7.0,0.13113204587954694
2025-05-05 07:00:00,317.0,617.1,85.0,8.7,0.3415147560119892
2025-05-05 08:00:00,489.0,766.6,90.0,10.3,0.5578638681115387
2025-05-05 09:00:00,610.0,766.4,116.0,11.5,0.6959392823818604
2025-05-05 10:00:00,290.0,60.8,245.0,11.2,0.28033962010931324
2025-05-05 11:00:00,391.0,107.6,305.0,12.3,0.3818863542350992
2025-05-05 12:00:00,365.0,104.9,279.0,12.8,0.35594124013388556
2025-05-05 13:00:00,357.0,81.4,292.0,13.3,0.33808300110291706
2025-05-05 14:00:00,329.0,116.4,243.0,13.5,0.31360471429966996
2025-05-05 15:00:00,266.0,80.8,214.0,13.5,0.24511405100137085
2025-05-05 16:00:00,283.0,227.3,165.0,13.5,0.2448946836757635
2025-05-05 17:00:00,185.0,176.2,119.0,13.2,0.13782997988865242
2025-05-05 18:00:00,122.0,286.7,59.0,12.6,0.044811976214517484
2025-05-05 19:00:00,29.0,129.3,18.0,11.3,0.015475133759391597
2025-05-05 20:00:00,0.0,0.0,0.0,10.4,0.0
2025-05-05 21:00:00,0.0,0.0,0.0,10.0,0.0
2025-05-05 22:00:00,0.0,0.0,0.0,9.5,0.0
2025-05-05 23:00:00,0.0,0.0,0.0,9.4,0.0
2025-05-06 00:00:00,0.0,0.0,0.0,9.1,0.0
2025-05-06 01:00:00,0.0,0.0,0.0,8.0,0.0
2025-05-06 02:00:00,0.0,0.0,0.0,7.2,0.0
2025-05-06 03:00:00,0.0,0.0,0.0,6.8,0.0
2025-05-06 04:00:00,0.0,0.0,0.0,6.2,0.0
2025-05-06 05:00:00,37.0,194.8,20.0,6.3,0.016749738722470788
2025-05-06 06:00:00,163.0,472.1,57.0,7.3,0.1415325701077987
2025-05-06 07:00:00,326.0,653.5,78.0,8.9,0.35035883257765443
2025-05-06 08:00:00,488.0,757.9,91.0,10.7,0.5529779903344909
2025-05-06 09:00:00,633.0,819.9,102.0,12.2,0.7186873995258098
2025-05-06 10:00:00,707.0,766.2,138.0,13.4,0.7881285259364722
2025-05-06 11:00:00,661.0,497.4,262.0,14.1,0.7040396880700466
2025-05-06 12:00:00,692.0,541.2,247.0,15.0,0.7264706345500409
2025-05-06 13:00:00,744.0,662.5,213.0,16.5,0.7603121789552616
2025-05-06 14:00:00,578.0,403.3,279.0,17.2,0.5591531805730525
2025-05-06 15:00:00,464.0,405.5,202.0,16.6,0.4305622093024722
2025-05-06 16:00:00,313.0,304.5,154.0,15.4,0.26499886107428117
2025-05-06 17:00:00,122.0,31.8,110.0,14.3,0.10546026189436021
2025-05-06 18:00:00,60.0,35.9,52.0,13.7,0.04672851004977939
2025-05-06 19:00:00,17.0,23.1,15.0,13.2,0.013679650638734884
2025-05-06 20:00:00,0.0,0.0,0.0,12.2,0.0
2025-05-06 21:00:00,0.0,0.0,0.0,11.7,0.0
2025-05-06 22:00:00,0.0,0.0,0.0,10.8,0.0
2025-05-06 23:00:00,0.0,0.0,0.0,9.9,0.0
2025-05-07 00:00:00,0.0,0.0,0.0,9.0,0.0
2025-05-07 01:00:00,0.0,0.0,0.0,8.9,0.0
2025-05-07 02:00:00,0.0,0.0,0.0,7.9,0.0
2025-05-07 03:00:00,0.0,0.0,0.0,7.5,0.0
2025-05-07 04:00:00,0.0,0.0,0.0,7.3,0.0
2025-05-07 05:00:00,31.0,89.8,23.0,7.4,0.020510137052831903
2025-05-07 06:00:00,134.0,219.1,84.0,8.1,0.1182399627062384
2025-05-07 07:00:00,310.0,527.4,108.0,9.7,0.32409749154448503
2025-05-07 08:00:00,432.0,521.7,157.0,11.3,0.47134532636254917
2025-05-07 09:00:00,587.0,628.5,178.0,13.0,0.6479333139454281
2025-05-07 10:00:00,683.0,633.2,211.0,14.9,0.7408818031590535
2025-05-07 11:00:00,617.0,467.2,241.0,15.7,0.6548490542670097
2025-05-07 12:00:00,475.0,191.5,317.0,16.2,0.466305951387228
2025-05-07 13:00:00,567.0,388.0,255.0,17.0,0.5709551647602817
2025-05-07 14:00:00,498.0,319.8,260.0,17.3,0.4802827893523183
2025-05-07 15:00:00,356.0,229.6,207.0,16.8,0.3281460450441297
2025-05-07 16:00:00,249.0,188.5,150.0,16.7,0.212824159841612
2025-05-07 17:00:00,233.0,338.6,104.0,16.8,0.15024228367594872
2025-05-07 18:00:00,87.0,110.4,62.0,16.2,0.052499153272792184
2025-05-07 19:00:00,25.0,56.6,20.0,15.4,0.01769391032413175
2025-05-07 20:00:00,0.0,0.0,0.0,14.7,0.0
2025-05-07 21:00:00,0.0,0.0,0.0,13.5,0.0
2025-05-07 22:00:00,0.0,0.0,0.0,12.4,0.0
2025-05-07 23:00:00,0.0,0.0,0.0,11.7,0.0
2025-05-08 00:00:00,0.0,0.0,0.0,11.3,0.0
2025-05-08 01:00:00,0.0,0.0,0.0,11.4,0.0
2025-05-08 02:00:00,0.0,0.0,0.0,10.6,0.0
2025-05-08 03:00:00,0.0,0.0,0.0,10.0,0.0
2025-05-08 04:00:00,0.0,0.0,0.0,9.3,0.0
2025-05-08 05:00:00,40.0,165.1,25.0,9.3,0.02102450983751557
2025-05-08 06:00:00,169.0,465.8,61.0,10.7,0.14275050198270983
2025-05-08 07:00:00,323.0,584.9,97.0,12.8,0.33424102525416205
2025-05-08 08:00:00,450.0,546.9,160.0,14.5,0.48269112846705725
2025-05-08 09:00:00,612.0,697.6,156.0,15.6,0.670444448036128
2025-05-08 10:00:00,729.0,753.8,165.0,16.7,0.7897595385918245
2025-05-08 11:00:00,807.0,804.9,157.0,18.3,0.8557953193589233
2025-05-08 12:00:00,706.0,522.1,274.0,18.5,0.7208195631611696
2025-05-08 13:00:00,760.0,690.4,203.0,18.5,0.7660049506161907
2025-05-08 14:00:00,591.0,389.6,300.0,17.8,0.5644523315625787
2025-05-08 15:00:00,464.0,383.6,214.0,17.4,0.42592403545693425
2025-05-08 16:00:00,366.0,352.3,180.0,17.0,0.30449392954526294
2025-05-08 17:00:00,201.0,151.0,143.0,16.4,0.1525401321519687
2025-05-08 18:00:00,138.0,317.7,65.0,15.5,0.04754579836714785
2025-05-08 19:00:00,40.0,200.0,22.0,14.1,0.017787943106308993
2025-05-08 20:00:00,0.0,0.0,0.0,13.1,0.0
2025-05-08 21:00:00,0.0,0.0,0.0,12.1,0.0
2025-05-08 22:00:00,0.0,0.0,0.0,11.2,0.0
2025-05-08 23:00:00,0.0,0.0,0.0,10.6,0.0
2025-05-09 00:00:00,0.0,0.0,0.0,10.1,0.0
2025-05-09 01:00:00,0.0,0.0,0.0,9.3,0.0
2025-05-09 02:00:00,0.0,0.0,0.0,8.7,0.0
2025-05-09 03:00:00,0.0,0.0,0.0,8.3,0.0
2025-05-09 04:00:00,0.0,0.0,0.0,8.0,0.0
2025-05-09 05:00:00,45.0,237.6,23.0,8.6,0.01848409436283584
2025-05-09 06:00:00,176.0,501.3,58.0,10.3,0.1475349412149066
2025-05-09 07:00:00,338.0,667.2,78.0,13.1,0.3510479547496859
2025-05-09 08:00:00,500.0,766.8,91.0,15.5,0.5475022649848165
2025-05-09 09:00:00,644.0,827.0,101.0,16.7,0.708719758752437
2025-05-09 10:00:00,759.0,878.8,99.0,18.5,0.8212639963239807
2025-05-09 11:00:00,652.0,448.1,289.0,18.7,0.6689787827769181
2025-05-09 12:00:00,670.0,502.4,253.0,19.4,0.6836848911727743
2025-05-09 13:00:00,681.0,530.1,252.0,20.3,0.6751530557831229
2025-05-09 14:00:00,445.0,249.5,258.0,19.7,0.4205373294711853
2025-05-09 15:00:00,440.0,313.2,235.0,19.5,0.39811409913274676
2025-05-09 16:00:00,402.0,457.7,159.0,19.5,0.32530530582433614
2025-05-09 17:00:00,282.0,433.9,114.0,19.3,0.1723971259054658
2025-05-09 18:00:00,138.0,308.9,66.0,18.6,0.048008666329409734
2025-05-09 19:00:00,40.0,163.7,25.0,17.1,0.020427514545297863
2025-05-09 20:00:00,0.0,0.0,0.0,15.8,0.0
2025-05-09 21:00:00,0.0,0.0,0.0,14.7,0.0
2025-05-09 22:00:00,0.0,0.0,0.0,13.6,0.0
2025-05-09 23:00:00,0.0,0.0,0.0,13.0,0.0
2025-05-10 00:00:00,0.0,0.0,0.0,12.3,0.0
2025-05-10 01:00:00,0.0,0.0,0.0,11.5,0.0
2025-05-10 02:00:00,0.0,0.0,0.0,10.8,0.0
2025-05-10 03:00:00,0.0,0.0,0.0,9.8,0.0
2025-05-10 04:00:00,0.0,0.0,0.0,8.9,0.0
2025-05-10 05:00:00,47.0,244.0,24.0,9.9,0.01908704962281976
2025-05-10 06:00:00,177.0,502.4,57.0,11.4,0.14675941957669195
2025-05-10 07:00:00,338.0,664.2,77.0,13.7,0.3484043372932375
2025-05-10 08:00:00,499.0,758.8,92.0,16.1,0.5425239643021085
2025-05-10 09:00:00,640.0,815.9,102.0,18.2,0.6974080477057382
2025-05-10 10:00:00,752.0,854.5,108.0,20.0,0.805276387271897
2025-05-10 11:00:00,821.0,873.6,111.0,21.2,0.8590525905683353
2025-05-10 12:00:00,844.0,879.2,112.0,21.9,0.8610143120619915
2025-05-10 13:00:00,820.0,874.5,110.0,22.6,0.810967976282166
2025-05-10 14:00:00,748.0,851.0,108.0,23.1,0.708847417044273
2025-05-10 15:00:00,633.0,801.9,106.0,23.3,0.55908996979952
2025-05-10 16:00:00,489.0,743.7,92.0,23.1,0.3754372499040519
2025-05-10 17:00:00,329.0,640.6,79.0,22.5,0.17812169166003258
2025-05-10 18:00:00,171.0,482.2,57.0,21.5,0.03598565076395676
2025-05-10 19:00:00,45.0,225.3,24.0,19.7,0.01862056239175573
2025-05-10 20:00:00,0.0,0.0,0.0,18.2,0.0
2025-05-10 21:00:00,0.0,0.0,0.0,17.0,0.0
2025-05-10 22:00:00,0.0,0.0,0.0,16.1,0.0
2025-05-10 23:00:00,0.0,0.0,0.0,15.3,0.0
2025-05-11 00:00:00,0.0,0.0,0.0,14.6,0.0
2025-05-11 01:00:00,0.0,0.0,0.0,13.2,0.0
2025-05-11 02:00:00,0.0,0.0,0.0,12.5,0.0
2025-05-11 03:00:00,0.0,0.0,0.0,12.2,0.0
2025-05-11 04:00:00,0.0,0.0,0.0,11.9,0.0
2025-05-11 05:00:00,49.0,250.2,25.0,12.6,0.019572912239010712
2025-05-11 06:00:00,180.0,507.8,57.0,14.4,0.14646096999393668
2025-05-11 07:00:00,341.0,669.0,76.0,16.7,0.3455195572588783
2025-05-11 08:00:00,501.0,763.9,89.0,18.8,0.5367346414720507
2025-05-11 09:00:00,641.0,820.0,98.0,20.7,0.6890984789161312
2025-05-11 10:00:00,750.0,852.9,105.0,22.3,0.7931572346311119
2025-05-11 11:00:00,818.0,868.5,110.0,23.2,0.8463116280860004
2025-05-11 12:00:00,839.0,871.9,111.0,23.9,0.8465872647290442
2025-05-11 13:00:00,821.0,876.8,107.0,24.6,0.8025304523903901
2025-05-11 14:00:00,737.0,828.3,112.0,24.8,0.6918743274832206
2025-05-11 15:00:00,608.0,748.7,114.0,24.8,0.5333063302590966
2025-05-11 16:00:00,471.0,691.4,100.0,24.3,0.3602659799298759
2025-05-11 17:00:00,319.0,605.1,81.0,23.8,0.17304479827999694
2025-05-11 18:00:00,172.0,479.9,57.0,23.2,0.035844300248043755
2025-05-11 19:00:00,46.0,232.1,24.0,21.8,0.018385559562815786
2025-05-11 20:00:00,0.0,0.0,0.0,20.5,0.0
2025-05-11 21:00:00,0.0,0.0,0.0,19.0,0.0
2025-05-11 22:00:00,0.0,0.0,0.0,17.7,0.0
2025-05-11 23:00:00,0.0,0.0,0.0,16.9,0.0
2025-05-12 00:00:00,0.0,0.0,0.0,16.3,0.0
2025-05-12 01:00:00,0.0,0.0,0.0,15.5,0.0
2025-05-12 02:00:00,0.0,0.0,0.0,14.9,0.0
2025-05-12 03:00:00,0.0,0.0,0.0,14.4,0.0
2025-05-12 04:00:00,0.0,0.0,0.0,13.9,0.0
2025-05-12 05:00:00,50.0,246.1,26.0,14.3,0.020265378342890217
2025-05-12 06:00:00,181.0,496.9,59.0,15.7,0.1456665762195044
2025-05-12 07:00:00,340.0,656.4,78.0,17.4,0.3414035728407486
2025-05-12 08:00:00,500.0,752.5,92.0,19.2,0.532011994307789
2025-05-12 09:00:00,641.0,812.2,101.0,20.8,0.6859437017938068
2025-05-12 10:00:00,751.0,847.4,108.0,22.2,0.7916689214076493
2025-05-12 11:00:00,820.0,868.3,110.0,23.1,0.8461673371329069
2025-05-12 12:00:00,842.0,870.5,113.0,24.1,0.8459814071285783
2025-05-12 13:00:00,818.0,864.4,112.0,24.8,0.7966710316891713
2025-05-12 14:00:00,707.0,767.4,126.0,25.6,0.6610462735777047
2025-05-12 15:00:00,550.0,599.3,153.0,25.1,0.4828930918614064
2025-05-12 16:00:00,396.0,465.3,145.0,24.4,0.31018230728816426
2025-05-12 17:00:00,271.0,418.9,105.0,23.6,0.1607086071096933
2025-05-12 18:00:00,144.0,308.8,69.0,22.6,0.04936782464591541
2025-05-12 19:00:00,47.0,228.4,25.0,20.4,0.0192906640528072
2025-05-12 20:00:00,0.0,0.0,0.0,18.7,0.0
2025-05-12 21:00:00,0.0,0.0,0.0,17.4,0.0
2025-05-12 22:00:00,0.0,0.0,0.0,16.4,0.0
2025-05-12 23:00:00,0.0,0.0,0.0,15.3,0.0
2025-05-13 00:00:00,0.0,0.0,0.0,14.4,0.0
2025-05-13 01:00:00,0.0,0.0,0.0,13.4,0.0
2025-05-13 02:00:00,0.0,0.0,0.0,12.5,0.0
2025-05-13 03:00:00,0.0,0.0,0.0,11.9,0.0
2025-05-13 04:00:00,1.0,0.0,1.0,11.2,0.000932361030721847
2025-05-13 05:00:00,54.0,272.5,27.0,11.5,0.020842982820230893
2025-05-13 06:00:00,189.0,522.6,59.0,13.2,0.15220976379708645
2025-05-13 07:00:00,353.0,683.8,78.0,15.4,0.3553152418396722
2025-05-13 08:00:00,515.0,779.9,90.0,17.7,0.5489765975214592
2025-05-13 09:00:00,659.0,837.5,100.0,19.5,0.7056354713434794
2025-05-13 10:00:00,770.0,872.2,106.0,21.2,0.8112546755994489
2025-05-13 11:00:00,838.0,889.0,109.0,22.5,0.8628144258872021
2025-05-13 12:00:00,859.0,891.9,110.0,23.5,0.8614507325538278
2025-05-13 13:00:00,834.0,885.1,109.0,24.3,0.8104132818085878
2025-05-13 14:00:00,760.0,862.4,105.0,24.7,0.7079111016905303
2025-05-13 15:00:00,646.0,824.0,98.0,24.9,0.5601206570588363
2025-05-13 16:00:00,503.0,763.6,89.0,24.4,0.3787581511218579
2025-05-13 17:00:00,341.0,658.7,78.0,22.9,0.18117179196668504
2025-05-13 18:00:00,181.0,491.8,60.0,21.2,0.03754361331146688
2025-05-13 19:00:00,52.0,255.4,27.0,19.9,0.020426088606701864
2025-05-13 20:00:00,1.0,0.0,1.0,19.1,0.0009044366203888168
2025-05-13 21:00:00,0.0,0.0,0.0,18.3,0.0
2025-05-13 22:00:00,0.0,0.0,0.0,17.2,0.0
2025-05-13 23:00:00,0.0,0.0,0.0,16.3,0.0
2025-05-14 00:00:00,0.0,0.0,0.0,14.9,0.0
2025-05-14 01:00:00,0.0,0.0,0.0,13.7,0.0
2025-05-14 02:00:00,0.0,0.0,0.0,12.8,0.0
2025-05-14 03:00:00,0.0,0.0,0.0,12.4,0.0
2025-05-14 04:00:00,1.0,0.0,1.0,11.3,0.0009320075571733273
2025-05-14 05:00:00,56.0,278.3,28.0,12.0,0.021460418617501087
2025-05-14 06:00:00,188.0,500.2,62.0,13.8,0.15038923896818537
2025-05-14 07:00:00,340.0,607.3,94.0,16.3,0.33695825170973576
2025-05-14 08:00:00,506.0,739.5,101.0,18.6,0.5335822182048907
2025-05-14 09:00:00,640.0,762.7,129.0,20.7,0.6760445403092231
2025-05-14 10:00:00,716.0,671.8,203.0,22.0,0.7386769013093921
2025-05-14 11:00:00,762.0,617.8,254.0,22.7,0.7673532433757976
2025-05-14 12:00:00,796.0,678.1,225.0,23.1,0.7905455854220276
2025-05-14 13:00:00,829.0,869.2,115.0,23.3,0.8072376975928759
2025-05-14 14:00:00,754.0,838.7,115.0,23.3,0.7049138253211609
2025-05-14 15:00:00,648.0,822.4,99.0,23.0,0.5646246772466749
2025-05-14 16:00:00,506.0,763.5,90.0,22.2,0.3831576502025935
2025-05-14 17:00:00,345.0,663.9,78.0,21.3,0.18361783901878792
2025-05-14 18:00:00,184.0,501.6,59.0,20.2,0.036838274668575685
2025-05-14 19:00:00,54.0,261.6,28.0,17.9,0.021232883151038568
2025-05-14 20:00:00,1.0,0.0,1.0,16.1,0.0009150408268443978
2025-05-14 21:00:00,0.0,0.0,0.0,14.4,0.0
2025-05-14 22:00:00,0.0,0.0,0.0,12.9,0.0
2025-05-14 23:00:00,0.0,0.0,0.0,11.7,0.0
2025-05-15 00:00:00,0.0,0.0,0.0,10.8,0.0
2025-05-15 01:00:00,0.0,0.0,0.0,10.3,0.0
2025-05-15 02:00:00,0.0,0.0,0.0,10.0,0.0
2025-05-15 03:00:00,0.0,0.0,0.0,9.8,0.0
2025-05-15 04:00:00,1.0,0.0,1.0,10.0,0.0009366027133040794
2025-05-15 05:00:00,26.0,0.0,26.0,10.5,0.024239295307638818
2025-05-15 06:00:00,66.0,0.0,66.0,10.9,0.06116741952231455
2025-05-15 07:00:00,90.0,0.0,90.0,11.5,0.0829985108261777
2025-05-15 08:00:00,279.0,81.8,234.0,13.2,0.2634063740167349
2025-05-15 09:00:00,548.0,553.2,176.0,15.3,0.5840986041283834
2025-05-15 10:00:00,748.0,817.3,122.0,17.2,0.7975241958191592
2025-05-15 11:00:00,827.0,864.7,114.0,18.9,0.8615969529411829
2025-05-15 12:00:00,815.0,775.8,160.0,19.2,0.8286854639314891
2025-05-15 13:00:00,812.0,803.7,150.0,19.8,0.800234538847467
2025-05-15 14:00:00,764.0,847.9,116.0,19.8,0.7224642190481214
2025-05-15 15:00:00,659.0,832.7,101.0,19.6,0.5801111012716073
2025-05-15 16:00:00,517.0,778.0,91.0,19.2,0.394490945321575
2025-05-15 17:00:00,355.0,681.4,79.0,18.7,0.18967686000584316
2025-05-15 18:00:00,191.0,519.3,60.0,18.1,0.037167203768255455
2025-05-15 19:00:00,57.0,277.6,29.0,17.0,0.021786128919322887
2025-05-15 20:00:00,1.0,0.0,1.0,16.0,0.0009153943003929172
2025-05-15 21:00:00,0.0,0.0,0.0,15.1,0.0
2025-05-15 22:00:00,0.0,0.0,0.0,14.0,0.0
2025-05-15 23:00:00,0.0,0.0,0.0,12.8,0.0
2025-05-16 00:00:00,0.0,0.0,0.0,11.8,0.0
2025-05-16 01:00:00,0.0,0.0,0.0,10.6,0.0
2025-05-16 02:00:00,0.0,0.0,0.0,9.6,0.0
2025-05-16 03:00:00,0.0,0.0,0.0,8.9,0.0
2025-05-16 04:00:00,1.0,0.0,1.0,8.3,0.0009426117636289086
2025-05-16 05:00:00,60.0,276.3,31.0,8.5,0.024053432928950968
2025-05-16 06:00:00,193.0,504.1,63.0,9.5,0.15501101395722092
2025-05-16 07:00:00,354.0,660.0,83.0,11.3,0.3560730139268061
2025-05-16 08:00:00,515.0,759.7,95.0,13.1,0.5520671884112723
2025-05-16 09:00:00,660.0,824.0,104.0,14.7,0.7137850691755697
2025-05-16 10:00:00,771.0,861.7,109.0,16.1,0.823319329843815
2025-05-16 11:00:00,839.0,878.1,113.0,17.4,0.8764443628431691
2025-05-16 12:00:00,859.0,879.0,115.0,18.6,0.8737153181826033
2025-05-16 13:00:00,834.0,870.6,115.0,19.1,0.822838552915408
2025-05-16 14:00:00,765.0,850.5,113.0,20.0,0.7208353159595262
2025-05-16 15:00:00,557.0,602.2,152.0,19.8,0.49412994232471985
2025-05-16 16:00:00,241.0,120.0,175.0,19.1,0.20423722645869008
2025-05-16 17:00:00,280.0,402.1,116.0,18.8,0.17050275221911906
2025-05-16 18:00:00,132.0,211.5,78.0,18.2,0.06085590953574063
2025-05-16 19:00:00,48.0,165.2,31.0,14.8,0.025457551578544024
2025-05-16 20:00:00,1.0,0.0,1.0,13.5,0.0009242311391059014
2025-05-16 21:00:00,0.0,0.0,0.0,12.7,0.0
2025-05-16 22:00:00,0.0,0.0,0.0,12.3,0.0
2025-05-16 23:00:00,0.0,0.0,0.0,12.3,0.0
2025-05-17 00:00:00,0.0,0.0,0.0,12.0,0.0
2025-05-17 01:00:00,0.0,0.0,0.0,11.7,0.0
2025-05-17 02:00:00,0.0,0.0,0.0,11.2,0.0
2025-05-17 03:00:00,0.0,0.0,0.0,10.9,0.0
2025-05-17 04:00:00,1.0,0.0,1.0,10.4,0.0009351888191100017
2025-05-17 05:00:00,58.0,222.1,34.0,10.7,0.02718913904780019
2025-05-17 06:00:00,172.0,360.5,78.0,11.6,0.1392735671663529
2025-05-17 07:00:00,341.0,592.8,96.0,13.1,0.33725114290881886
2025-05-17 08:00:00,507.0,725.8,104.0,14.8,0.5364608547557427
2025-05-17 09:00:00,650.0,790.2,115.0,16.5,0.6944145571088269
2025-05-17 10:00:00,725.0,759.4,140.0,17.6,0.7667344123961469
2025-05-17 11:00:00,733.0,661.2,185.0,18.6,0.7592311862678025
2025-05-17 12:00:00,504.0,245.1,296.0,18.9,0.49105347507877223
2025-05-17 13:00:00,400.0,166.7,262.0,18.8,0.38033223345892775
2025-05-17 14:00:00,371.0,106.7,289.0,18.7,0.3374125987719995
2025-05-17 15:00:00,305.0,168.9,191.0,18.5,0.274278307009285
2025-05-17 16:00:00,358.0,389.0,143.0,18.9,0.2855424645695373
2025-05-17 17:00:00,160.0,124.2,109.0,18.0,0.11895012876267054
2025-05-17 18:00:00,131.0,255.5,65.0,17.6,0.04956706410218042
2025-05-17 19:00:00,52.0,207.3,30.0,16.6,0.023777088495586948
2025-05-17 20:00:00,1.0,0.0,1.0,15.8,0.0009161012474899559
2025-05-17 21:00:00,0.0,0.0,0.0,14.5,0.0
2025-05-17 22:00:00,0.0,0.0,0.0,13.0,0.0
2025-05-17 23:00:00,0.0,0.0,0.0,11.7,0.0
2025-05-18 00:00:00,0.0,0.0,0.0,10.5,0.0
2025-05-18 01:00:00,0.0,0.0,0.0,9.6,0.0
2025-05-18 02:00:00,0.0,0.0,0.0,9.8,0.0
2025-05-18 03:00:00,0.0,0.0,0.0,10.4,0.0
2025-05-18 04:00:00,0.0,0.0,0.0,10.7,0.0
2025-05-18 05:00:00,14.0,0.0,14.0,10.9,0.013049301689594948
2025-05-18 06:00:00,45.0,0.0,45.0,11.4,0.041722097024069815
2025-05-18 07:00:00,83.0,0.0,83.0,11.6,0.07657310533890044
2025-05-18 08:00:00,143.0,5.4,140.0,12.6,0.13136158923114233
2025-05-18 09:00:00,339.0,138.4,245.0,14.1,0.33121513253060514
2025-05-18 10:00:00,509.0,326.2,257.0,15.8,0.520264574522559
2025-05-18 11:00:00,610.0,374.3,299.0,17.1,0.6136987938146297
2025-05-18 12:00:00,549.0,335.1,264.0,17.6,0.5484008577887799
2025-05-18 13:00:00,470.0,208.4,297.0,17.3,0.44873017797379505
2025-05-18 14:00:00,403.0,217.9,235.0,17.6,0.37908127852937107
2025-05-18 15:00:00,239.0,22.1,224.0,17.4,0.21274067773162184
2025-05-18 16:00:00,296.0,214.3,177.0,17.8,0.24533088231788605
2025-05-18 17:00:00,171.0,111.3,125.0,17.6,0.13071052210842896
2025-05-18 18:00:00,106.0,103.3,79.0,17.2,0.06672721392261724
2025-05-18 19:00:00,45.0,146.4,29.0,16.1,0.024061437729419658
2025-05-18 20:00:00,2.0,0.0,2.0,14.8,0.0018390675854058076
2025-05-18 21:00:00,0.0,0.0,0.0,14.1,0.0
2025-05-18 22:00:00,0.0,0.0,0.0,13.6,0.0
2025-05-18 23:00:00,0.0,0.0,0.0,12.6,0.0
2025-05-19 00:00:00,0.0,0.0,0.0,12.1,0.0
2025-05-19 01:00:00,0.0,0.0,0.0,11.3,0.0
2025-05-19 02:00:00,0.0,0.0,0.0,10.2,0.0
2025-05-19 03:00:00,0.0,0.0,0.0,9.5,0.0
2025-05-19 04:00:00,2.0,0.0,2.0,9.0,0.0018800705170340544
2025-05-19 05:00:00,65.0,281.0,33.0,10.1,0.025363858659857946
2025-05-19 06:00:00,200.0,511.0,64.0,11.8,0.15636228585675985
2025-05-19 07:00:00,360.0,662.2,83.0,14.1,0.3530565736848943
2025-05-19 08:00:00,519.0,757.3,95.0,16.3,0.5429461468513971
2025-05-19 09:00:00,660.0,816.0,104.0,18.1,0.6971900376638834
2025-05-19 10:00:00,771.0,853.5,110.0,19.3,0.8054825109405248
2025-05-19 11:00:00,852.0,894.5,107.0,20.3,0.8714941931688787
2025-05-19 12:00:00,876.0,903.2,106.0,20.8,0.8749545413960107
2025-05-19 13:00:00,821.0,823.2,136.0,21.9,0.7943491628637084
2025-05-19 14:00:00,753.0,790.3,142.0,21.7,0.6990580366161068
2025-05-19 15:00:00,622.0,700.5,146.0,21.7,0.5395483207042366
2025-05-19 16:00:00,511.0,726.1,106.0,22.1,0.38263025239931686
2025-05-19 17:00:00,349.0,617.7,92.0,22.2,0.18716171388570968
2025-05-19 18:00:00,174.0,367.2,77.0,21.3,0.0527326174764367
2025-05-19 19:00:00,61.0,258.2,32.0,19.7,0.024127630524368913
2025-05-19 20:00:00,2.0,0.0,2.0,18.2,0.0018150313841064907
2025-05-19 21:00:00,0.0,0.0,0.0,17.2,0.0
2025-05-19 22:00:00,0.0,0.0,0.0,16.7,0.0
2025-05-19 23:00:00,0.0,0.0,0.0,15.8,0.0
2025-05-20 00:00:00,0.0,0.0,0.0,14.9,0.0
2025-05-20 01:00:00,0.0,0.0,0.0,13.0,0.0
2025-05-20 02:00:00,0.0,0.0,0.0,12.5,0.0
2025-05-20 03:00:00,0.0,0.0,0.0,11.6,0.0
2025-05-20 04:00:00,3.0,0.0,3.0,11.2,0.002796469950532066
2025-05-20 05:00:00,65.0,240.0,37.0,12.2,0.029009424714855674
2025-05-20 06:00:00,197.0,480.0,68.0,14.2,0.15239744471178185
2025-05-20 07:00:00,357.0,649.0,84.0,16.3,0.34545275948391824
2025-05-20 08:00:00,515.0,745.4,96.0,18.4,0.5321776024060856
2025-05-20 09:00:00,656.0,801.8,108.0,20.4,0.6838228651129917
2025-05-20 10:00:00,672.0,634.9,179.0,21.9,0.6890757561049565
2025-05-20 11:00:00,598.0,421.7,246.0,22.5,0.596913341636869
2025-05-20 12:00:00,431.0,105.3,341.0,22.3,0.3923684251000816
2025-05-20 13:00:00,405.0,107.9,315.0,22.5,0.36679544332721314
2025-05-20 14:00:00,520.0,300.6,287.0,23.2,0.47374422419065554
2025-05-20 15:00:00,305.0,120.3,223.0,22.5,0.26736220702264274
2025-05-20 16:00:00,312.0,203.5,198.0,22.3,0.2541220580743695
2025-05-20 17:00:00,304.0,456.2,113.0,22.1,0.17595688763522008
2025-05-20 18:00:00,137.0,254.7,69.0,21.3,0.05180526186729614
2025-05-20 19:00:00,47.0,182.1,26.0,20.1,0.020808284907600588
2025-05-20 20:00:00,2.0,0.0,2.0,18.1,0.0018157383312035296
2025-05-20 21:00:00,0.0,0.0,0.0,16.7,0.0
2025-05-20 22:00:00,0.0,0.0,0.0,15.6,0.0
2025-05-20 23:00:00,0.0,0.0,0.0,14.7,0.0
2025-05-21 00:00:00,0.0,0.0,0.0,13.5,0.0
2025-05-21 01:00:00,0.0,0.0,0.0,11.8,0.0
2025-05-21 02:00:00,0.0,0.0,0.0,11.0,0.0
2025-05-21 03:00:00,0.0,0.0,0.0,10.2,0.0
2025-05-21 04:00:00,3.0,0.0,3.0,9.7,0.002812376260215438
2025-05-21 05:00:00,69.0,268.1,37.0,10.1,0.02864203510408464
2025-05-21 06:00:00,198.0,453.5,75.0,11.6,0.1546288259098416
2025-05-21 07:00:00,326.0,454.0,134.0,13.2,0.3123895130119166
2025-05-21 08:00:00,412.0,306.6,239.0,14.8,0.40431461638814276
2025-05-21 09:00:00,607.0,618.6,183.0,17.0,0.6301527208969998
2025-05-21 10:00:00,759.0,778.6,153.0,18.8,0.7861062097499116
2025-05-21 11:00:00,823.0,757.8,189.0,19.9,0.8330433388943647
2025-05-21 12:00:00,772.0,589.8,267.0,20.8,0.7581301174012434
2025-05-21 13:00:00,659.0,429.4,300.0,20.5,0.6286948682435957
2025-05-21 14:00:00,606.0,361.5,325.0,20.2,0.5550346600417427
2025-05-21 15:00:00,586.0,598.0,177.0,20.7,0.5101010010788256
2025-05-21 16:00:00,296.0,140.4,217.0,19.4,0.24789985637855178
2025-05-21 17:00:00,268.0,315.7,135.0,18.7,0.1724574158308356
2025-05-21 18:00:00,127.0,129.8,92.0,16.7,0.07624567679379533
2025-05-21 19:00:00,33.0,0.0,33.0,15.9,0.030111763612575917
2025-05-21 20:00:00,2.0,0.0,2.0,14.9,0.001838360638308769
2025-05-21 21:00:00,0.0,0.0,0.0,13.8,0.0
2025-05-21 22:00:00,0.0,0.0,0.0,12.2,0.0
2025-05-21 23:00:00,0.0,0.0,0.0,11.6,0.0
2025-05-22 00:00:00,0.0,0.0,0.0,10.9,0.0
2025-05-22 01:00:00,0.0,0.0,0.0,9.4,0.0
2025-05-22 02:00:00,0.0,0.0,0.0,9.2,0.0
2025-05-22 03:00:00,0.0,0.0,0.0,9.3,0.0
2025-05-22 04:00:00,3.0,0.0,3.0,8.7,0.0028229804666710188
2025-05-22 05:00:00,70.0,278.8,36.0,9.2,0.02777772111896489
2025-05-22 06:00:00,171.0,303.4,88.0,10.1,0.13821906867757247
2025-05-22 07:00:00,243.0,223.5,148.0,11.1,0.23102885166182532
2025-05-22 08:00:00,363.0,310.8,187.0,11.7,0.3667454585299229
2025-05-22 09:00:00,310.0,158.6,201.0,12.0,0.3110803315794696
2025-05-22 10:00:00,438.0,300.0,204.0,12.9,0.457080926503649
2025-05-22 11:00:00,574.0,368.6,265.0,14.0,0.5868048194141534
2025-05-22 12:00:00,816.0,763.4,161.0,15.5,0.8302741480200703
2025-05-22 13:00:00,818.0,798.5,149.0,16.5,0.8047835847491533
2025-05-22 14:00:00,699.0,662.2,183.0,17.2,0.6588601619848165
2025-05-22 15:00:00,557.0,575.7,162.0,15.9,0.49504225603048757
2025-05-22 16:00:00,390.0,453.2,134.0,14.9,0.3090167485636836
2025-05-22 17:00:00,308.0,460.2,113.0,14.5,0.18274082132139383
2025-05-22 18:00:00,156.0,290.0,77.0,13.7,0.05777729638420503
2025-05-22 19:00:00,61.0,198.1,37.0,12.8,0.02987249594268133
2025-05-22 20:00:00,3.0,0.0,3.0,11.9,0.002789047006013159
2025-05-22 21:00:00,0.0,0.0,0.0,11.0,0.0
2025-05-22 22:00:00,0.0,0.0,0.0,10.0,0.0
2025-05-22 23:00:00,0.0,0.0,0.0,9.2,0.0
2025-05-23 00:00:00,0.0,0.0,0.0,8.5,0.0
2025-05-23 01:00:00,0.0,0.0,0.0,7.1,0.0
2025-05-23 02:00:00,0.0,0.0,0.0,6.6,0.0
2025-05-23 03:00:00,0.0,0.0,0.0,6.3,0.0
2025-05-23 04:00:00,3.0,0.0,3.0,6.1,0.0028505514034555296
2025-05-23 05:00:00,70.0,265.3,37.0,6.7,0.02910391936284867
2025-05-23 06:00:00,191.0,406.1,79.0,8.2,0.15108327198635574
2025-05-23 07:00:00,302.0,449.5,110.0,9.8,0.29388936860265286
2025-05-23 08:00:00,482.0,624.9,127.0,11.3,0.5038452633929621
2025-05-23 09:00:00,600.0,645.8,155.0,12.2,0.6377319048679888
2025-05-23 10:00:00,642.0,612.7,163.0,13.0,0.6833671618323875
2025-05-23 11:00:00,642.0,553.6,177.0,13.6,0.6756710698883205
2025-05-23 12:00:00,605.0,457.1,212.0,14.0,0.6203163027613673
2025-05-23 13:00:00,631.0,526.4,189.0,14.0,0.6325145448576576
2025-05-23 14:00:00,567.0,513.4,166.0,14.5,0.5458052788362969
2025-05-23 15:00:00,399.0,284.8,203.0,14.1,0.3606933351313339
2025-05-23 16:00:00,400.0,393.3,177.0,14.0,0.32212937992077284
2025-05-23 17:00:00,243.0,276.9,125.0,13.7,0.16163156442835733
2025-05-23 18:00:00,142.0,207.3,85.0,13.2,0.06772767802833157
2025-05-23 19:00:00,58.0,145.2,40.0,12.5,0.03353044384851617
2025-05-23 20:00:00,4.0,0.0,4.0,11.2,0.0037282178396204385
2025-05-23 21:00:00,0.0,0.0,0.0,10.4,0.0
2025-05-23 22:00:00,0.0,0.0,0.0,9.8,0.0
2025-05-23 23:00:00,0.0,0.0,0.0,9.1,0.0
2025-05-24 00:00:00,0.0,0.0,0.0,8.5,0.0
2025-05-24 01:00:00,0.0,0.0,0.0,7.0,0.0
2025-05-24 02:00:00,0.0,0.0,0.0,6.3,0.0
2025-05-24 03:00:00,0.0,0.0,0.0,6.2,0.0
2025-05-24 04:00:00,4.0,0.0,4.0,6.3,0.003797498655130235
2025-05-24 05:00:00,62.0,110.4,48.0,7.3,0.041939962637699765
2025-05-24 06:00:00,150.0,136.7,112.0,9.2,0.1287309119423709
2025-05-24 07:00:00,229.0,153.8,163.0,11.3,0.21453802476884068
2025-05-24 08:00:00,283.0,100.0,226.0,12.9,0.2677358995664497
2025-05-24 09:00:00,352.0,144.8,252.0,14.2,0.3414799666473626
2025-05-24 10:00:00,365.0,63.8,315.0,14.4,0.338817266654094
2025-05-24 11:00:00,446.0,136.6,331.0,14.9,0.4255897139314352
2025-05-24 12:00:00,257.0,8.1,250.0,14.5,0.23186292454449145
2025-05-24 13:00:00,190.0,0.0,190.0,15.5,0.17059106426940351
2025-05-24 14:00:00,125.0,1.3,124.0,14.3,0.11375788847475066
2025-05-24 15:00:00,63.0,0.0,63.0,12.8,0.05798328839517701
2025-05-24 16:00:00,65.0,0.0,65.0,12.2,0.059948597657840226
2025-05-24 17:00:00,50.0,0.0,50.0,11.6,0.04629699065938644
2025-05-24 18:00:00,18.0,0.0,18.0,11.1,0.016757590853559396
2025-05-24 19:00:00,8.0,0.0,8.0,11.1,0.0074559933789171695
2025-05-24 20:00:00,1.0,0.0,1.0,11.3,0.0009320075571733273
2025-05-24 21:00:00,0.0,0.0,0.0,11.8,0.0
2025-05-24 22:00:00,0.0,0.0,0.0,12.7,0.0
2025-05-24 23:00:00,0.0,0.0,0.0,13.5,0.0
2025-05-25 00:00:00,0.0,0.0,0.0,14.0,0.0
2025-05-25 01:00:00,0.0,0.0,0.0,13.8,0.0
2025-05-25 02:00:00,0.0,0.0,0.0,14.1,0.0
2025-05-25 03:00:00,0.0,0.0,0.0,14.4,0.0
2025-05-25 04:00:00,1.0,0.0,1.0,14.4,0.0009210498771692271
2025-05-25 05:00:00,25.0,0.0,25.0,14.4,0.02296493276588324
2025-05-25 06:00:00,80.0,10.7,77.0,15.1,0.07213837876046034
2025-05-25 07:00:00,75.0,0.0,75.0,15.2,0.06829950064761661
2025-05-25 08:00:00,117.0,3.5,115.0,15.5,0.10637912718202497
2025-05-25 09:00:00,109.0,10.1,102.0,15.5,0.10071718333477771
2025-05-25 10:00:00,136.0,1.3,135.0,15.8,0.123036870271625
2025-05-25 11:00:00,170.0,3.6,167.0,16.1,0.15354808832377553
2025-05-25 12:00:00,480.0,295.5,225.0,18.1,0.4774840784015294
2025-05-25 13:00:00,743.0,678.5,171.0,19.5,0.7212758494749288
2025-05-25 14:00:00,667.0,615.5,184.0,20.3,0.6185709767516883
2025-05-25 15:00:00,593.0,653.2,141.0,20.2,0.512637898603444
2025-05-25 16:00:00,485.0,663.4,106.0,19.2,0.36439224828460914
2025-05-25 17:00:00,201.0,202.0,114.0,18.3,0.13733050100654212
2025-05-25 18:00:00,113.0,75.0,92.0,17.2,0.07901334305237595
2025-05-25 19:00:00,52.0,162.4,31.0,15.9,0.025499898010355806
2025-05-25 20:00:00,4.0,0.0,4.0,15.1,0.0036730759660514173
2025-05-25 21:00:00,0.0,0.0,0.0,14.8,0.0
2025-05-25 22:00:00,0.0,0.0,0.0,14.2,0.0
2025-05-25 23:00:00,0.0,0.0,0.0,14.1,0.0
2025-05-26 00:00:00,0.0,0.0,0.0,13.4,0.0
2025-05-26 01:00:00,0.0,0.0,0.0,12.9,0.0
2025-05-26 02:00:00,0.0,0.0,0.0,12.2,0.0
2025-05-26 03:00:00,0.0,0.0,0.0,11.5,0.0
2025-05-26 04:00:00,4.0,0.0,4.0,11.0,0.0037310456280085936
2025-05-26 05:00:00,64.0,198.3,38.0,11.5,0.03085282570079323
2025-05-26 06:00:00,202.0,464.6,71.0,12.6,0.15313581186782307
2025-05-26 07:00:00,353.0,575.3,104.0,13.8,0.33497740947693855
2025-05-26 08:00:00,452.0,566.9,127.0,14.8,0.46219558093671814
2025-05-26 09:00:00,551.0,576.4,151.0,15.7,0.5749514059313312
2025-05-26 10:00:00,669.0,587.4,207.0,16.4,0.6889865131552466
2025-05-26 11:00:00,619.0,455.8,234.0,17.0,0.6288324114264828
2025-05-26 12:00:00,719.0,606.2,195.0,17.6,0.7220439767842517
2025-05-26 13:00:00,702.0,569.5,221.0,18.1,0.6815819934431735
2025-05-26 14:00:00,689.0,684.1,151.0,18.4,0.6436511848333772
2025-05-26 15:00:00,505.0,477.0,174.0,18.4,0.443247641912464
2025-05-26 16:00:00,294.0,130.8,219.0,17.9,0.24736328530973292
2025-05-26 17:00:00,270.0,291.0,144.0,17.4,0.17763159649902796
2025-05-26 18:00:00,172.0,336.4,77.0,16.5,0.05519633599025734
2025-05-26 19:00:00,64.0,189.6,39.0,15.6,0.03134850240980705
2025-05-26 20:00:00,4.0,0.0,4.0,14.8,0.0036773176486336497
2025-05-26 21:00:00,0.0,0.0,0.0,14.5,0.0
2025-05-26 22:00:00,0.0,0.0,0.0,13.8,0.0
2025-05-26 23:00:00,0.0,0.0,0.0,13.2,0.0
2025-05-27 00:00:00,0.0,0.0,0.0,13.0,0.0
2025-05-27 01:00:00,0.0,0.0,0.0,13.7,0.0
2025-05-27 02:00:00,0.0,0.0,0.0,12.9,0.0
2025-05-27 03:00:00,0.0,0.0,0.0,12.7,0.0
2025-05-27 04:00:00,2.0,0.0,2.0,12.7,0.0018539134744436213
2025-05-27 05:00:00,43.0,22.5,40.0,13.1,0.03634240092205315
2025-05-27 06:00:00,111.0,24.7,104.0,13.8,0.09937320106654361
2025-05-27 07:00:00,299.0,377.5,135.0,15.4,0.27860771288528124
2025-05-27 08:00:00,175.0,34.8,155.0,15.6,0.1617816452748129
2025-05-27 09:00:00,556.0,476.0,225.0,17.4,0.5607417899772115
2025-05-27 10:00:00,151.0,0.0,151.0,16.2,0.1358031806813119
2025-05-27 11:00:00,99.0,2.4,97.0,15.5,0.09040368558128738
2025-05-27 12:00:00,160.0,9.2,152.0,16.1,0.14585571356542862
2025-05-27 13:00:00,384.0,74.5,321.0,17.4,0.3492643948334122
2025-05-27 14:00:00,368.0,125.6,269.0,18.1,0.33548378820892577
2025-05-27 15:00:00,273.0,56.1,234.0,17.7,0.24225802877823666
2025-05-27 16:00:00,98.0,7.0,94.0,16.1,0.08812780085151832
2025-05-27 17:00:00,61.0,0.0,61.0,15.6,0.05555128347338731
2025-05-27 18:00:00,27.0,0.0,27.0,15.3,0.024710715040162423
2025-05-27 19:00:00,9.0,0.0,9.0,14.8,0.008269366147174651
2025-05-27 20:00:00,1.0,0.0,1.0,15.1,0.0009185755623295916
2025-05-27 21:00:00,0.0,0.0,0.0,15.4,0.0
2025-05-27 22:00:00,0.0,0.0,0.0,15.2,0.0
2025-05-27 23:00:00,0.0,0.0,0.0,15.2,0.0
2025-05-28 00:00:00,0.0,0.0,0.0,15.0,0.0
2025-05-28 01:00:00,0.0,0.0,0.0,14.9,0.0
2025-05-28 02:00:00,0.0,0.0,0.0,14.6,0.0
2025-05-28 03:00:00,0.0,0.0,0.0,14.2,0.0
2025-05-28 04:00:00,1.0,0.0,1.0,14.2,0.0009217568242662658
2025-05-28 05:00:00,18.0,0.0,18.0,14.3,0.01655399008961224
2025-05-28 06:00:00,45.0,0.0,45.0,14.3,0.04126081404325204
2025-05-28 07:00:00,115.0,2.3,114.0,14.9,0.10446296785355
2025-05-28 08:00:00,302.0,206.5,183.0,16.1,0.29254717999282515
2025-05-28 09:00:00,363.0,198.1,225.0,17.1,0.3550494305543612
2025-05-28 10:00:00,322.0,117.8,229.0,16.7,0.310723266400371
2025-05-28 11:00:00,409.0,221.9,221.0,16.8,0.40861822960769384
2025-05-28 12:00:00,688.0,524.7,233.0,18.7,0.6813541561633428
2025-05-28 13:00:00,509.0,270.2,280.0,17.8,0.4853546379547778
2025-05-28 14:00:00,649.0,662.3,126.0,18.9,0.6065645125830696
2025-05-28 15:00:00,537.0,586.4,128.0,18.3,0.4683035503058837
2025-05-28 16:00:00,431.0,556.1,110.0,17.9,0.32792853443439435
2025-05-28 17:00:00,285.0,434.5,95.0,16.9,0.16497884980106778
2025-05-28 18:00:00,130.0,223.0,66.0,15.6,0.05201182680159271
2025-05-28 19:00:00,64.0,182.8,39.0,14.8,0.03161897168736959
2025-05-28 20:00:00,5.0,19.1,4.0,13.9,0.0036651123433144696
2025-05-28 21:00:00,0.0,0.0,0.0,13.1,0.0
2025-05-28 22:00:00,0.0,0.0,0.0,12.3,0.0
2025-05-28 23:00:00,0.0,0.0,0.0,11.7,0.0
2025-05-29 00:00:00,0.0,0.0,0.0,11.1,0.0
2025-05-29 01:00:00,0.0,0.0,0.0,10.9,0.0
2025-05-29 02:00:00,0.0,0.0,0.0,10.4,0.0
2025-05-29 03:00:00,0.0,0.0,0.0,9.8,0.0
2025-05-29 04:00:00,6.0,0.0,6.0,9.9,0.00561867141294822
2025-05-29 05:00:00,46.0,7.3,45.0,10.5,0.04166962166037412
2025-05-29 06:00:00,136.0,55.7,120.0,11.7,0.12005967243407459
2025-05-29 07:00:00,204.0,64.0,176.0,13.1,0.1866097898475188
2025-05-29 08:00:00,284.0,76.2,240.0,15.0,0.262432363647051
2025-05-29 09:00:00,211.0,8.6,205.0,15.6,0.19059397823791585
2025-05-29 10:00:00,101.0,0.0,101.0,15.3,0.09167260838880599
2025-05-29 11:00:00,125.0,2.4,123.0,15.3,0.11375072127435074
2025-05-29 12:00:00,284.0,12.7,273.0,16.6,0.2541773957539661
2025-05-29 13:00:00,259.0,48.3,218.0,16.9,0.23832111446266618
2025-05-29 14:00:00,291.0,48.0,253.0,17.8,0.2615613825579647
2025-05-29 15:00:00,499.0,416.2,208.0,19.1,0.434995249830306
2025-05-29 16:00:00,384.0,302.2,209.0,18.9,0.3067481457508711
2025-05-29 17:00:00,199.0,136.6,139.0,18.7,0.1472849308614371
2025-05-29 18:00:00,132.0,148.7,89.0,18.2,0.0724668497314862
2025-05-29 19:00:00,69.0,186.9,43.0,17.4,0.034339756244037255
2025-05-29 20:00:00,4.0,0.0,4.0,17.2,0.0036433841879757907
2025-05-29 21:00:00,0.0,0.0,0.0,17.3,0.0
2025-05-29 22:00:00,0.0,0.0,0.0,17.0,0.0
2025-05-29 23:00:00,0.0,0.0,0.0,16.3,0.0
2025-05-30 00:00:00,0.0,0.0,0.0,15.9,0.0
2025-05-30 01:00:00,0.0,0.0,0.0,15.5,0.0
2025-05-30 02:00:00,0.0,0.0,0.0,15.0,0.0
2025-05-30 03:00:00,0.0,0.0,0.0,14.5,0.0
2025-05-30 04:00:00,6.0,19.1,5.0,14.2,0.004568950164749005
2025-05-30 05:00:00,77.0,252.6,42.0,14.9,0.03228180710304815
2025-05-30 06:00:00,205.0,453.8,74.0,16.2,0.1510622246288693
2025-05-30 07:00:00,353.0,581.0,98.0,17.6,0.32633976341292303
2025-05-30 08:00:00,412.0,378.3,193.0,18.8,0.39947444554818723
2025-05-30 09:00:00,453.0,240.3,285.0,19.8,0.4324649729605086
2025-05-30 10:00:00,506.0,229.9,324.0,20.8,0.48063230793643047
2025-05-30 11:00:00,556.0,243.6,349.0,21.6,0.5245049820026003
2025-05-30 12:00:00,498.0,181.7,340.0,22.2,0.46069046679664377
2025-05-30 13:00:00,525.0,239.9,321.0,22.9,0.48274016802898956
2025-05-30 14:00:00,506.0,268.7,293.0,23.3,0.45412245836282233
2025-05-30 15:00:00,543.0,448.0,229.0,24.0,0.46108447480713305
2025-05-30 16:00:00,468.0,554.2,146.0,24.6,0.3470991907901689
2025-05-30 17:00:00,310.0,419.2,125.0,24.4,0.1805890001911239
2025-05-30 18:00:00,204.0,463.2,69.0,23.4,0.0437875457583168
2025-05-30 19:00:00,81.0,296.9,39.0,21.7,0.028317969317059603
2025-05-30 20:00:00,7.0,19.1,6.0,20.6,0.005342347018582749
2025-05-30 21:00:00,0.0,0.0,0.0,19.7,0.0
2025-05-30 22:00:00,0.0,0.0,0.0,18.2,0.0
2025-05-30 23:00:00,0.0,0.0,0.0,17.3,0.0
2025-05-31 00:00:00,0.0,0.0,0.0,16.2,0.0
2025-05-31 01:00:00,0.0,0.0,0.0,15.8,0.0
2025-05-31 02:00:00,0.0,0.0,0.0,15.5,0.0
2025-05-31 03:00:00,0.0,0.0,0.0,15.2,0.0
2025-05-31 04:00:00,6.0,19.1,5.0,14.8,0.004558412408319477
2025-05-31 05:00:00,68.0,128.4,50.0,15.8,0.0417682632496932
2025-05-31 06:00:00,180.0,268.9,102.0,17.3,0.13933924223955882
2025-05-31 07:00:00,267.0,229.5,166.0,18.6,0.24094151142182596
2025-05-31 08:00:00,385.0,267.2,230.0,19.9,0.36314819329021375
2025-05-31 09:00:00,584.0,525.5,216.0,21.6,0.5766572767743855
2025-05-31 10:00:00,719.0,661.1,195.0,23.3,0.7128637664039312
2025-05-31 11:00:00,754.0,581.8,259.0,24.3,0.7300662823270253
2025-05-31 12:00:00,638.0,357.1,327.0,24.7,0.5979226947503624
2025-05-31 13:00:00,409.0,136.2,293.0,23.9,0.37034745149314746
2025-05-31 14:00:00,368.0,59.2,321.0,24.7,0.3187192687086915
2025-05-31 15:00:00,389.0,123.9,302.0,24.5,0.3321169895417787
2025-05-31 16:00:00,412.0,422.1,166.0,24.9,0.3117070391240883
2025-05-31 17:00:00,355.0,602.3,88.0,24.9,0.18564881136783976
2025-05-31 18:00:00,204.0,459.9,69.0,24.4,0.04375177931616714
2025-05-31 19:00:00,64.0,146.1,43.0,22.9,0.03460628763356327
2025-05-31 20:00:00,6.0,0.0,6.0,22.0,0.0053620496167231585
2025-05-31 21:00:00,0.0,0.0,0.0,21.8,0.0
2025-05-31 22:00:00,0.0,0.0,0.0,20.0,0.0
2025-05-31 23:00:00,0.0,0.0,0.0,19.2,0.0
2025-06-01 00:00:00,0.0,0.0,0.0,19.2,0.0
2025-06-01 01:00:00,0.0,0.0,0.0,17.7,0.0
2025-06-01 02:00:00,0.0,0.0,0.0,17.1,0.0
2025-06-01 03:00:00,0.0,0.0,0.0,17.1,0.0
2025-06-01 04:00:00,4.0,0.0,4.0,16.8,0.0036490397647521004
2025-06-01 05:00:00,57.0,84.7,45.0,17.1,0.03861011130163185
2025-06-01 06:00:00,138.0,175.0,87.0,17.9,0.10989095007207432
2025-06-01 07:00:00,268.0,335.3,120.0,18.5,0.244817035222726
2025-06-01 08:00:00,430.0,492.1,144.0,19.0,0.4236763256826294
2025-06-01 09:00:00,650.0,730.0,138.0,19.8,0.6572339111735046
2025-06-01 10:00:00,594.0,385.5,288.0,19.8,0.5819989976095078
2025-06-01 11:00:00,427.0,89.2,351.0,19.9,0.3884110818020797
2025-06-01 12:00:00,507.0,164.0,364.0,20.0,0.46813700871429964
2025-06-01 13:00:00,432.0,154.8,300.0,19.8,0.39867108362480447
2025-06-01 14:00:00,557.0,392.2,245.0,20.5,0.5101713565585166
2025-06-01 15:00:00,527.0,464.5,200.0,20.5,0.45393591487673723
2025-06-01 16:00:00,445.0,472.2,169.0,20.2,0.34022932326488403
2025-06-01 17:00:00,297.0,314.4,157.0,20.0,0.1914786248737671
2025-06-01 18:00:00,168.0,209.7,106.0,19.4,0.08183227968677362
2025-06-01 19:00:00,69.0,150.7,47.0,18.4,0.03831972554091615
2025-06-01 20:00:00,6.0,0.0,6.0,17.4,0.005459608316114504
2025-06-01 21:00:00,0.0,0.0,0.0,16.5,0.0
2025-06-01 22:00:00,0.0,0.0,0.0,16.0,0.0
2025-06-01 23:00:00,0.0,0.0,0.0,15.6,0.0
2025-06-02 00:00:00,0.0,0.0,0.0,15.3,0.0
2025-06-02 01:00:00,0.0,0.0,0.0,15.4,0.0
2025-06-02 02:00:00,0.0,0.0,0.0,14.2,0.0
2025-06-02 03:00:00,0.0,0.0,0.0,12.9,0.0
2025-06-02 04:00:00,7.0,19.1,6.0,12.4,0.005514588849327407
2025-06-02 05:00:00,79.0,230.7,46.0,12.8,0.036158644350464335
2025-06-02 06:00:00,223.0,529.6,68.0,13.8,0.16147346623255576
2025-06-02 07:00:00,378.0,644.1,93.0,14.8,0.3502546821383258
2025-06-02 08:00:00,539.0,757.5,98.0,15.9,0.5417730288452447
2025-06-02 09:00:00,671.0,790.3,116.0,17.4,0.6861805643913619
2025-06-02 10:00:00,683.0,612.9,196.0,18.3,0.6915392314136068
2025-06-02 11:00:00,498.0,233.3,299.0,18.6,0.4803794747164096
2025-06-02 12:00:00,534.0,256.5,310.0,19.2,0.5093441969680769
2025-06-02 13:00:00,740.0,676.7,162.0,19.7,0.7105730326120921
2025-06-02 14:00:00,615.0,538.3,186.0,19.2,0.5688145986919092
2025-06-02 15:00:00,548.0,561.2,152.0,18.8,0.47343411685900016
2025-06-02 16:00:00,414.0,494.7,124.0,18.3,0.31564458422150093
2025-06-02 17:00:00,269.0,333.2,120.0,18.3,0.16717335632680616
2025-06-02 18:00:00,149.0,262.0,71.0,15.3,0.05437667258165491
2025-06-02 19:00:00,50.0,114.8,33.0,15.1,0.028122470656670773
2025-06-02 20:00:00,8.0,38.2,6.0,14.2,0.005426052482150164
2025-06-02 21:00:00,0.0,0.0,0.0,13.7,0.0
2025-06-02 22:00:00,0.0,0.0,0.0,13.4,0.0
2025-06-02 23:00:00,0.0,0.0,0.0,13.0,0.0
2025-06-03 00:00:00,0.0,0.0,0.0,12.8,0.0
2025-06-03 01:00:00,0.0,0.0,0.0,12.0,0.0
2025-06-03 02:00:00,0.0,0.0,0.0,11.6,0.0
2025-06-03 03:00:00,0.0,0.0,0.0,11.2,0.0
2025-06-03 04:00:00,8.0,38.2,6.0,11.1,0.005490545160280573
2025-06-03 05:00:00,87.0,311.8,42.0,12.0,0.03122060553027059
2025-06-03 06:00:00,222.0,517.3,70.0,13.6,0.1606441960030829
2025-06-03 07:00:00,374.0,629.1,95.0,15.5,0.34459792302397974
2025-06-03 08:00:00,525.0,704.9,114.0,17.7,0.5211717261855818
2025-06-03 09:00:00,657.0,762.3,121.0,20.1,0.6632757119264224
2025-06-03 10:00:00,507.0,248.9,309.0,20.7,0.48381288072856177
2025-06-03 11:00:00,639.0,446.2,258.0,21.9,0.6247370056303683
2025-06-03 12:00:00,554.0,186.4,391.0,22.5,0.5047512758052174
2025-06-03 13:00:00,630.0,389.3,297.0,22.9,0.5852739952708469
2025-06-03 14:00:00,587.0,464.8,216.0,23.5,0.5315107328612957
2025-06-03 15:00:00,461.0,362.1,205.0,23.5,0.3939543268794953
2025-06-03 16:00:00,463.0,566.4,130.0,23.8,0.3416577721538639
2025-06-03 17:00:00,356.0,565.8,102.0,23.4,0.19181629641505005
2025-06-03 18:00:00,223.0,503.9,72.0,22.2,0.044235434057989534
2025-06-03 19:00:00,86.0,306.3,40.0,20.3,0.029022108358850086
2025-06-03 20:00:00,9.0,57.3,6.0,18.8,0.005280401016261347
2025-06-03 21:00:00,0.0,0.0,0.0,17.9,0.0
2025-06-03 22:00:00,0.0,0.0,0.0,17.3,0.0
2025-06-03 23:00:00,0.0,0.0,0.0,16.2,0.0
2025-06-04 00:00:00,0.0,0.0,0.0,15.3,0.0
2025-06-04 01:00:00,0.0,0.0,0.0,14.5,0.0
2025-06-04 02:00:00,0.0,0.0,0.0,13.9,0.0
2025-06-04 03:00:00,0.0,0.0,0.0,13.4,0.0
2025-06-04 04:00:00,8.0,38.2,6.0,13.4,0.005442617297115062
2025-06-04 05:00:00,87.0,323.1,40.0,14.3,0.029282054046447903
2025-06-04 06:00:00,228.0,556.2,64.0,16.0,0.1615789318742168
2025-06-04 07:00:00,378.0,654.8,87.0,17.9,0.3445880631302981
2025-06-04 08:00:00,522.0,700.4,113.0,19.7,0.5130934972397833
2025-06-04 09:00:00,639.0,737.2,120.0,21.0,0.6427798661300527
2025-06-04 10:00:00,683.0,575.1,225.0,21.8,0.6746395784724966
2025-06-04 11:00:00,779.0,610.7,257.0,22.7,0.7554144881546097
2025-06-04 12:00:00,738.0,548.4,258.0,22.8,0.7067023315037628
2025-06-04 13:00:00,665.0,537.1,205.0,20.6,0.6346131094575898
2025-06-04 14:00:00,539.0,341.5,266.0,20.2,0.49121257070289626
2025-06-04 15:00:00,456.0,347.2,210.0,19.6,0.39588847013078005
2025-06-04 16:00:00,330.0,276.5,167.0,18.8,0.26266852430475607
2025-06-04 17:00:00,232.0,215.2,135.0,18.7,0.15858458042175394
2025-06-04 18:00:00,153.0,258.7,75.0,18.3,0.05679200578354874
2025-06-04 19:00:00,83.0,276.0,41.0,17.5,0.0307586106420276
2025-06-04 20:00:00,8.0,18.9,7.0,16.8,0.006321624469331764
2025-06-04 21:00:00,0.0,0.0,0.0,16.7,0.0
2025-06-04 22:00:00,0.0,0.0,0.0,16.3,0.0
2025-06-04 23:00:00,0.0,0.0,0.0,15.9,0.0
2025-06-05 00:00:00,0.0,0.0,0.0,15.4,0.0
2025-06-05 01:00:00,0.0,0.0,0.0,14.0,0.0
2025-06-05 02:00:00,0.0,0.0,0.0,13.2,0.0
2025-06-05 03:00:00,0.0,0.0,0.0,12.8,0.0
2025-06-05 04:00:00,8.0,38.2,6.0,12.6,0.0054592288592565305
2025-06-05 05:00:00,63.0,163.7,39.0,13.5,0.032239811810598616
2025-06-05 06:00:00,176.0,321.2,81.0,14.8,0.13237892620887814
2025-06-05 07:00:00,266.0,287.5,138.0,16.2,0.24215274796488317
2025-06-05 08:00:00,381.0,326.7,190.0,17.5,0.36718922798915593
2025-06-05 09:00:00,307.0,130.5,215.0,17.5,0.2930070783105994
2025-06-05 10:00:00,594.0,444.1,240.0,19.1,0.590916323087839
2025-06-05 11:00:00,603.0,305.1,342.0,16.9,0.5832416382747222
2025-06-05 12:00:00,421.0,77.6,353.0,18.4,0.3814376549236386
2025-06-05 13:00:00,236.0,1.2,235.0,17.5,0.20935198210752448
2025-06-05 14:00:00,237.0,1.2,236.0,17.8,0.20982307479898368
2025-06-05 15:00:00,253.0,25.4,235.0,18.2,0.22357653112750642
2025-06-05 16:00:00,403.0,363.7,188.0,18.7,0.3154883227075217
2025-06-05 17:00:00,121.0,0.0,121.0,17.9,0.10846627190648898
2025-06-05 18:00:00,77.0,6.6,75.0,17.0,0.06754882661813373
2025-06-05 19:00:00,17.0,0.0,17.0,16.5,0.015503862101004608
2025-06-05 20:00:00,6.0,0.0,6.0,16.4,0.0054808167290256666
2025-06-05 21:00:00,0.0,0.0,0.0,16.3,0.0
2025-06-05 22:00:00,0.0,0.0,0.0,14.8,0.0
2025-06-05 23:00:00,0.0,0.0,0.0,14.2,0.0
2025-06-06 00:00:00,0.0,0.0,0.0,14.5,0.0
2025-06-06 01:00:00,0.0,0.0,0.0,14.7,0.0
2025-06-06 02:00:00,0.0,0.0,0.0,14.9,0.0
2025-06-06 03:00:00,0.0,0.0,0.0,15.0,0.0
2025-06-06 04:00:00,2.0,0.0,2.0,14.4,0.0018418953737939627
2025-06-06 05:00:00,28.0,20.3,25.0,13.8,0.022755835807809245
2025-06-06 06:00:00,100.0,20.2,94.0,14.1,0.08941272273586132
2025-06-06 07:00:00,76.0,6.7,73.0,14.0,0.0696764802301145
2025-06-06 08:00:00,345.0,328.0,153.0,15.6,0.33906210934732584
2025-06-06 09:00:00,468.0,370.0,207.0,16.7,0.4672613794467639
2025-06-06 10:00:00,688.0,648.0,171.0,17.9,0.6980090782077782
2025-06-06 11:00:00,728.0,639.9,180.0,18.8,0.7299278601627561
2025-06-06 12:00:00,778.0,704.6,160.0,19.5,0.764426333456077
2025-06-06 13:00:00,752.0,682.6,166.0,19.3,0.7192031599448931
2025-06-06 14:00:00,673.0,641.0,159.0,19.7,0.6171386746947037
2025-06-06 15:00:00,559.0,559.6,161.0,19.9,0.4784311883359521
2025-06-06 16:00:00,448.0,541.7,127.0,19.8,0.33618908113532303
2025-06-06 17:00:00,351.0,546.2,103.0,19.6,0.19354783022310942
2025-06-06 18:00:00,168.0,239.2,95.0,18.7,0.07222439469839563
2025-06-06 19:00:00,63.0,109.0,46.0,17.4,0.038798449928472596
2025-06-06 20:00:00,8.0,18.2,7.0,16.9,0.006322395969859023
2025-06-06 21:00:00,0.0,0.0,0.0,15.5,0.0
2025-06-06 22:00:00,0.0,0.0,0.0,15.3,0.0
2025-06-06 23:00:00,0.0,0.0,0.0,14.9,0.0
2025-06-07 00:00:00,0.0,0.0,0.0,14.4,0.0
2025-06-07 01:00:00,0.0,0.0,0.0,14.9,0.0
2025-06-07 02:00:00,0.0,0.0,0.0,14.1,0.0
2025-06-07 03:00:00,0.0,0.0,0.0,13.7,0.0
2025-06-07 04:00:00,3.0,0.0,3.0,13.8,0.0027688990137475556
2025-06-07 05:00:00,19.0,0.0,19.0,13.6,0.01751872657248222
2025-06-07 06:00:00,63.0,0.0,63.0,14.0,0.05771606239249638
2025-06-07 07:00:00,67.0,0.0,67.0,14.2,0.061305821841969206
2025-06-07 08:00:00,202.0,37.5,180.0,15.4,0.18532096572341178
2025-06-07 09:00:00,139.0,0.0,139.0,14.6,0.12596745347781663
2025-06-07 10:00:00,291.0,95.2,215.0,15.8,0.27868247660864387
2025-06-07 11:00:00,334.0,35.0,304.0,16.1,0.30269954353774503
2025-06-07 12:00:00,280.0,3.4,277.0,16.2,0.24888011096673512
2025-06-07 13:00:00,586.0,353.7,282.0,18.5,0.5546062918676848
2025-06-07 14:00:00,339.0,85.9,270.0,15.6,0.30846375710975116
2025-06-07 15:00:00,417.0,329.8,182.0,17.0,0.366563600799298
2025-06-07 16:00:00,356.0,336.7,156.0,15.7,0.2821318199538093
2025-06-07 17:00:00,220.0,232.6,114.0,16.2,0.14667813884389969
2025-06-07 18:00:00,160.0,250.9,83.0,15.8,0.06359279534674459
2025-06-07 19:00:00,77.0,177.5,49.0,15.5,0.039645768282141114
2025-06-07 20:00:00,8.0,35.9,6.0,14.8,0.005422635771778381
2025-06-07 21:00:00,0.0,0.0,0.0,14.0,0.0
2025-06-07 22:00:00,0.0,0.0,0.0,14.0,0.0
2025-06-07 23:00:00,0.0,0.0,0.0,13.4,0.0
2025-06-08 00:00:00,0.0,0.0,0.0,12.9,0.0
2025-06-08 01:00:00,0.0,0.0,0.0,13.8,0.0
2025-06-08 02:00:00,0.0,0.0,0.0,13.4,0.0
2025-06-08 03:00:00,0.0,0.0,0.0,12.8,0.0
2025-06-08 04:00:00,4.0,0.0,4.0,12.4,0.0037112511092915086
2025-06-08 05:00:00,75.0,194.3,46.0,12.1,0.037268388401746684
2025-06-08 06:00:00,149.0,204.7,88.0,12.6,0.11778874705677096
2025-06-08 07:00:00,298.0,411.4,114.0,13.3,0.27420549460922944
2025-06-08 08:00:00,280.0,83.5,231.0,13.7,0.259834776714415
2025-06-08 09:00:00,391.0,135.9,295.0,14.7,0.3687771473465696
2025-06-08 10:00:00,365.0,65.1,313.0,15.0,0.3366303386768163
2025-06-08 11:00:00,512.0,239.0,307.0,14.0,0.5006913397682909
2025-06-08 12:00:00,658.0,462.1,252.0,15.8,0.6497136205443473
2025-06-08 13:00:00,439.0,190.6,275.0,15.0,0.4167262882287086
2025-06-08 14:00:00,576.0,506.2,169.0,15.6,0.5404620950229693
2025-06-08 15:00:00,576.0,615.1,137.0,15.6,0.49977999232309117
2025-06-08 16:00:00,493.0,643.3,110.0,15.0,0.371163899439321
2025-06-08 17:00:00,379.0,621.2,95.0,14.5,0.20698834653761508
2025-06-08 18:00:00,204.0,421.4,74.0,14.0,0.050325460681145455
2025-06-08 19:00:00,95.0,319.8,44.0,13.2,0.032404276921960476
2025-06-08 20:00:00,11.0,53.1,8.0,12.3,0.007213456567543921
2025-06-08 21:00:00,0.0,0.0,0.0,11.5,0.0
2025-06-08 22:00:00,0.0,0.0,0.0,10.9,0.0
2025-06-08 23:00:00,0.0,0.0,0.0,10.4,0.0
2025-06-09 00:00:00,0.0,0.0,0.0,10.0,0.0
2025-06-09 01:00:00,0.0,0.0,0.0,9.8,0.0
2025-06-09 02:00:00,0.0,0.0,0.0,9.8,0.0
2025-06-09 03:00:00,0.0,0.0,0.0,9.6,0.0
2025-06-09 04:00:00,8.0,38.2,6.0,9.5,0.005523604218577393
2025-06-09 05:00:00,79.0,233.4,44.0,10.1,0.03494862457282064
2025-06-09 06:00:00,213.0,458.7,76.0,11.2,0.15448464562238007
2025-06-09 07:00:00,362.0,567.3,108.0,12.7,0.33216272099641214
2025-06-09 08:00:00,502.0,635.5,129.0,14.2,0.4992700407828286
2025-06-09 09:00:00,647.0,714.3,142.0,15.7,0.6578843703731855
2025-06-09 10:00:00,642.0,624.2,143.0,16.5,0.6595909386422798
2025-06-09 11:00:00,677.0,577.9,181.0,17.2,0.6840586712746296
2025-06-09 12:00:00,679.0,505.0,235.0,17.8,0.6665984932925969
2025-06-09 13:00:00,569.0,360.0,259.0,17.5,0.5431693815889972
2025-06-09 14:00:00,538.0,325.5,276.0,18.3,0.4917163097772316
2025-06-09 15:00:00,490.0,380.5,218.0,18.5,0.4245858150767823
2025-06-09 16:00:00,366.0,323.5,173.0,18.4,0.28819198817673214
2025-06-09 17:00:00,326.0,453.6,118.0,18.3,0.19010890240258535
2025-06-09 18:00:00,174.0,267.7,91.0,17.6,0.06813488438850958
2025-06-09 19:00:00,89.0,223.5,53.0,16.4,0.04124423624100294
2025-06-09 20:00:00,11.0,17.5,10.0,15.0,0.009088825860025492
2025-06-09 21:00:00,0.0,0.0,0.0,14.6,0.0
2025-06-09 22:00:00,0.0,0.0,0.0,13.8,0.0
2025-06-09 23:00:00,0.0,0.0,0.0,13.2,0.0
2025-06-10 00:00:00,0.0,0.0,0.0,12.9,0.0
2025-06-10 01:00:00,0.0,0.0,0.0,12.8,0.0
2025-06-10 02:00:00,0.0,0.0,0.0,12.4,0.0
2025-06-10 03:00:00,0.0,0.0,0.0,12.3,0.0
2025-06-10 04:00:00,7.0,0.0,7.0,12.6,0.006487594815863709
2025-06-10 05:00:00,45.0,0.0,45.0,13.1,0.0414516897594525
2025-06-10 06:00:00,99.0,10.0,96.0,14.1,0.0893558830576767
2025-06-10 07:00:00,186.0,35.7,170.0,15.2,0.16775202618730034
2025-06-10 08:00:00,178.0,44.3,152.0,15.9,0.16450253179921984
2025-06-10 09:00:00,188.0,4.2,185.0,16.3,0.16901298510024623
2025-06-10 10:00:00,550.0,408.8,223.0,18.4,0.548806846027173
2025-06-10 11:00:00,438.0,124.6,331.0,19.0,0.4057140628272258
2025-06-10 12:00:00,380.0,106.8,286.0,19.5,0.35128063676433074
2025-06-10 13:00:00,296.0,47.6,255.0,18.8,0.2673475154894252
2025-06-10 14:00:00,254.0,26.1,233.0,18.7,0.22626603814369636
2025-06-10 15:00:00,244.0,47.5,210.0,18.0,0.21618054245010937
2025-06-10 16:00:00,120.0,8.4,115.0,17.1,0.10713128985027692
2025-06-10 17:00:00,91.0,0.0,91.0,16.9,0.08217444816982558
2025-06-10 18:00:00,145.0,211.9,79.0,16.7,0.06217281245229877
2025-06-10 19:00:00,56.0,36.9,50.0,16.3,0.04439883993503328
2025-06-10 20:00:00,8.0,17.2,7.0,15.2,0.0063686935460714675
2025-06-10 21:00:00,0.0,0.0,0.0,13.9,0.0
2025-06-10 22:00:00,0.0,0.0,0.0,12.8,0.0
2025-06-10 23:00:00,0.0,0.0,0.0,12.1,0.0
2025-06-11 00:00:00,0.0,0.0,0.0,11.4,0.0
2025-06-11 01:00:00,0.0,0.0,0.0,10.9,0.0
2025-06-11 02:00:00,0.0,0.0,0.0,10.3,0.0
2025-06-11 03:00:00,0.0,0.0,0.0,9.7,0.0
2025-06-11 04:00:00,10.0,57.1,7.0,9.5,0.006370470187125859
2025-06-11 05:00:00,93.0,331.1,43.0,10.5,0.03166537663672193
2025-06-11 06:00:00,230.0,540.9,68.0,11.8,0.16230720180065172
2025-06-11 07:00:00,380.0,637.8,94.0,13.5,0.3467853468581839
2025-06-11 08:00:00,430.0,416.9,185.0,14.6,0.41877608181452824
2025-06-11 09:00:00,450.0,212.0,300.0,15.5,0.4291738855724253
2025-06-11 10:00:00,574.0,348.6,295.0,16.6,0.5626885612632867
2025-06-11 11:00:00,744.0,509.8,306.0,17.6,0.7268104817721385
2025-06-11 12:00:00,824.0,687.1,219.0,18.5,0.8001997790420969
2025-06-11 13:00:00,809.0,737.3,173.0,19.6,0.7649802400374083
2025-06-11 14:00:00,777.0,794.5,136.0,20.2,0.7015683441754526
2025-06-11 15:00:00,680.0,788.1,115.0,20.5,0.5695154899202557
2025-06-11 16:00:00,550.0,752.9,99.0,20.5,0.3991752428412612
2025-06-11 17:00:00,398.0,683.0,83.0,19.9,0.20777856886300675
2025-06-11 18:00:00,242.0,559.4,67.0,19.1,0.040088720502935826
2025-06-11 19:00:00,102.0,359.7,43.0,17.7,0.03021976309230807
2025-06-11 20:00:00,14.0,68.2,10.0,16.3,0.008782721759939967
2025-06-11 21:00:00,0.0,0.0,0.0,15.5,0.0
2025-06-11 22:00:00,0.0,0.0,0.0,15.1,0.0
2025-06-11 23:00:00,0.0,0.0,0.0,14.7,0.0
2025-06-12 00:00:00,0.0,0.0,0.0,14.2,0.0
2025-06-12 01:00:00,0.0,0.0,0.0,14.2,0.0
2025-06-12 02:00:00,0.0,0.0,0.0,13.9,0.0
2025-06-12 03:00:00,0.0,0.0,0.0,13.5,0.0
2025-06-12 04:00:00,10.0,56.9,7.0,13.4,0.006277712982131233
2025-06-12 05:00:00,94.0,350.0,41.0,14.4,0.029369199184276194
2025-06-12 06:00:00,232.0,557.0,65.0,16.3,0.15978464871883963
2025-06-12 07:00:00,389.0,686.4,81.0,18.2,0.34832440646009855
2025-06-12 08:00:00,544.0,768.9,92.0,20.0,0.529301862742522
2025-06-12 09:00:00,681.0,820.7,100.0,21.8,0.6758327206989667
2025-06-12 10:00:00,789.0,853.1,106.0,23.3,0.7780935060714264
2025-06-12 11:00:00,857.0,869.0,110.0,24.3,0.8310676678408586
2025-06-12 12:00:00,881.0,875.1,110.0,25.2,0.8341592812265988
2025-06-12 13:00:00,860.0,865.3,113.0,26.3,0.7874944269563445
2025-06-12 14:00:00,790.0,834.5,116.0,26.7,0.6920837062213957
2025-06-12 15:00:00,686.0,805.2,108.0,26.9,0.5580748072253624
2025-06-12 16:00:00,552.0,761.5,95.0,26.6,0.38989729556895414
2025-06-12 17:00:00,400.0,689.9,81.0,26.0,0.20326067789955776
2025-06-12 18:00:00,242.0,557.1,67.0,24.8,0.039284990197506926
2025-06-12 19:00:00,102.0,350.8,44.0,23.4,0.030423279620602706
2025-06-12 20:00:00,14.0,84.3,9.0,22.2,0.00766587318135626
2025-06-12 21:00:00,0.0,0.0,0.0,21.5,0.0
2025-06-12 22:00:00,0.0,0.0,0.0,21.0,0.0
2025-06-12 23:00:00,0.0,0.0,0.0,20.3,0.0
2025-06-13 00:00:00,0.0,0.0,0.0,19.8,0.0
2025-06-13 01:00:00,0.0,0.0,0.0,19.6,0.0
2025-06-13 02:00:00,0.0,0.0,0.0,19.1,0.0
2025-06-13 03:00:00,0.0,0.0,0.0,18.8,0.0
2025-06-13 04:00:00,10.0,56.8,7.0,18.6,0.0061532426576997945
2025-06-13 05:00:00,88.0,316.3,40.0,19.3,0.028904741733702295
2025-06-13 06:00:00,220.0,513.2,66.0,20.8,0.14963677147815999
2025-06-13 07:00:00,370.0,639.4,83.0,22.7,0.3252073016923183
2025-06-13 08:00:00,519.0,715.9,98.0,24.8,0.49459431195492093
2025-06-13 09:00:00,651.0,757.0,115.0,26.9,0.6315260204670817
2025-06-13 10:00:00,757.0,791.7,123.0,28.7,0.7291973277855188
2025-06-13 11:00:00,824.0,814.0,124.0,30.1,0.7798058041164596
2025-06-13 12:00:00,847.0,819.1,125.0,31.0,0.7829699601928612
2025-06-13 13:00:00,829.0,824.2,117.0,32.0,0.7419783281597286
2025-06-13 14:00:00,765.0,807.8,112.0,32.3,0.6552907202708007
2025-06-13 15:00:00,651.0,731.8,125.0,32.3,0.519655269806118
2025-06-13 16:00:00,532.0,723.6,97.0,32.0,0.3686319560227922
2025-06-13 17:00:00,385.0,642.9,87.0,31.5,0.19457491695406232
2025-06-13 18:00:00,224.0,494.8,68.0,30.6,0.041058952606470876
2025-06-13 19:00:00,92.0,288.2,44.0,29.0,0.031236326624371633
2025-06-13 20:00:00,14.0,66.8,10.0,27.3,0.008417665665983134
2025-06-13 21:00:00,0.0,0.0,0.0,26.2,0.0
2025-06-13 22:00:00,0.0,0.0,0.0,25.4,0.0
2025-06-13 23:00:00,0.0,0.0,0.0,24.8,0.0
2025-06-14 00:00:00,0.0,0.0,0.0,24.2,0.0
2025-06-14 01:00:00,0.0,0.0,0.0,23.2,0.0
2025-06-14 02:00:00,0.0,0.0,0.0,22.5,0.0
2025-06-14 03:00:00,0.0,0.0,0.0,22.1,0.0
2025-06-14 04:00:00,9.0,18.9,8.0,21.5,0.007088383077835715
2025-06-14 05:00:00,89.0,309.3,42.0,21.9,0.03013768985763241
2025-06-14 06:00:00,223.0,529.6,64.0,23.2,0.14922469786784476
2025-06-14 07:00:00,361.0,563.5,108.0,24.8,0.31278093908938553
2025-06-14 08:00:00,497.0,593.4,148.0,26.6,0.4642218733564802
2025-06-14 09:00:00,651.0,754.0,117.0,28.8,0.6254542413496226
2025-06-14 10:00:00,755.0,790.2,122.0,30.9,0.7197831114933949
2025-06-14 11:00:00,823.0,806.7,129.0,32.9,0.7679563531070175
2025-06-14 12:00:00,654.0,539.8,178.0,30.2,0.6145535463210668
2025-06-14 13:00:00,286.0,34.7,256.0,27.6,0.2474698611969069
2025-06-14 14:00:00,484.0,248.4,283.0,26.6,0.42538275785798324
2025-06-14 15:00:00,269.0,72.3,217.0,26.5,0.22974144557766507
2025-06-14 16:00:00,375.0,300.6,194.0,27.3,0.28655618911940506
2025-06-14 17:00:00,162.0,105.5,113.0,26.7,0.11767506691114799
2025-06-14 18:00:00,203.0,325.6,100.0,26.6,0.06878256657254943
2025-06-14 19:00:00,68.0,35.8,62.0,25.4,0.05304110809038646
2025-06-14 20:00:00,14.0,49.7,11.0,24.0,0.009468323781722701
2025-06-14 21:00:00,0.0,0.0,0.0,23.1,0.0
2025-06-14 22:00:00,0.0,0.0,0.0,22.2,0.0
2025-06-14 23:00:00,0.0,0.0,0.0,21.2,0.0
2025-06-15 00:00:00,0.0,0.0,0.0,20.4,0.0
2025-06-15 01:00:00,0.0,0.0,0.0,18.0,0.0
2025-06-15 02:00:00,0.0,0.0,0.0,17.5,0.0
2025-06-15 03:00:00,0.0,0.0,0.0,16.9,0.0
2025-06-15 04:00:00,3.0,0.0,3.0,16.8,0.002737086394380812
2025-06-15 05:00:00,16.0,0.0,16.0,16.6,0.014587849680289842
2025-06-15 06:00:00,45.0,0.0,45.0,16.7,0.04087906261085113
2025-06-15 07:00:00,70.0,0.0,70.0,16.8,0.0633860768253865
2025-06-15 08:00:00,144.0,23.8,130.0,17.7,0.13124198993352035
2025-06-15 09:00:00,417.0,209.0,269.0,19.7,0.39342959898850755
2025-06-15 10:00:00,564.0,338.3,293.0,21.4,0.5407393818672425
2025-06-15 11:00:00,524.0,301.0,265.0,20.9,0.5063266745180316
2025-06-15 12:00:00,464.0,178.0,307.0,20.8,0.43200775410612474
2025-06-15 13:00:00,548.0,256.7,326.0,21.7,0.5025950257879973
2025-06-15 14:00:00,548.0,407.6,218.0,22.8,0.49511802409165545
2025-06-15 15:00:00,437.0,338.8,193.0,23.0,0.37314831342165894
2025-06-15 16:00:00,347.0,215.6,217.0,22.4,0.27711463125399927
2025-06-15 17:00:00,271.0,305.1,129.0,21.9,0.17074449934341246
2025-06-15 18:00:00,194.0,330.9,89.0,20.7,0.06277606974978178
2025-06-15 19:00:00,91.0,254.9,48.0,19.4,0.03620405954429961
2025-06-15 20:00:00,13.0,32.9,11.0,18.3,0.009780288693932654
2025-06-15 21:00:00,0.0,0.0,0.0,17.6,0.0
2025-06-15 22:00:00,0.0,0.0,0.0,16.6,0.0
2025-06-15 23:00:00,0.0,0.0,0.0,15.7,0.0
2025-06-16 00:00:00,0.0,0.0,0.0,15.1,0.0
2025-06-16 01:00:00,0.0,0.0,0.0,14.3,0.0
2025-06-16 02:00:00,0.0,0.0,0.0,13.8,0.0
2025-06-16 03:00:00,0.0,0.0,0.0,13.3,0.0
2025-06-16 04:00:00,10.0,56.5,7.0,13.5,0.006276999006867954
2025-06-16 05:00:00,90.0,308.9,43.0,14.2,0.03177351825503063
2025-06-16 06:00:00,219.0,489.6,72.0,15.7,0.15186419445666643
2025-06-16 07:00:00,365.0,585.8,102.0,17.4,0.32539689690871965
2025-06-16 08:00:00,519.0,690.3,113.0,19.0,0.5036629054906393
2025-06-16 09:00:00,670.0,793.5,108.0,20.7,0.6660667458962931
2025-06-16 10:00:00,688.0,682.7,141.0,21.8,0.6853273453667131
2025-06-16 11:00:00,719.0,608.9,195.0,23.0,0.7018127831840553
2025-06-16 12:00:00,669.0,533.7,198.0,23.5,0.6439878810520965
2025-06-16 13:00:00,670.0,499.3,238.0,23.9,0.6223864408114093
2025-06-16 14:00:00,412.0,253.0,207.0,23.8,0.37208101055620085
2025-06-16 15:00:00,399.0,226.1,236.0,24.4,0.3399174866181435
2025-06-16 16:00:00,352.0,296.5,173.0,24.5,0.271831111296681
2025-06-16 17:00:00,269.0,332.4,114.0,23.1,0.16366783167887158
2025-06-16 18:00:00,207.0,417.9,74.0,22.8,0.0488274433344111
2025-06-16 19:00:00,101.0,324.3,46.0,22.0,0.032619888066124175
2025-06-16 20:00:00,16.0,81.6,11.0,20.3,0.009428225487424693
2025-06-16 21:00:00,0.0,0.0,0.0,19.0,0.0
2025-06-16 22:00:00,0.0,0.0,0.0,17.9,0.0
2025-06-16 23:00:00,0.0,0.0,0.0,17.2,0.0
2025-06-17 00:00:00,0.0,0.0,0.0,16.6,0.0
2025-06-17 01:00:00,0.0,0.0,0.0,15.0,0.0
2025-06-17 02:00:00,0.0,0.0,0.0,14.5,0.0
2025-06-17 03:00:00,0.0,0.0,0.0,13.8,0.0
2025-06-17 04:00:00,10.0,56.5,7.0,13.9,0.006267344311871752
2025-06-17 05:00:00,91.0,322.2,42.0,14.9,0.0306591571810383
2025-06-17 06:00:00,223.0,503.1,72.0,16.5,0.153325249828725
2025-06-17 07:00:00,381.0,661.8,84.0,18.6,0.3382427505934275
2025-06-17 08:00:00,536.0,748.3,96.0,20.8,0.5172009543474271
2025-06-17 09:00:00,674.0,804.9,104.0,22.8,0.6638047140457205
2025-06-17 10:00:00,780.0,832.5,113.0,24.2,0.7642948112502008
2025-06-17 11:00:00,824.0,750.5,178.0,25.2,0.7907924271231285
2025-06-17 12:00:00,862.0,802.1,154.0,26.2,0.8098985440506993
2025-06-17 13:00:00,854.0,844.5,123.0,27.0,0.7785924252293518
2025-06-17 14:00:00,796.0,842.6,113.0,27.4,0.6940448574025184
2025-06-17 15:00:00,682.0,785.8,115.0,27.4,0.5538807411565332
2025-06-17 16:00:00,561.0,776.1,92.0,27.2,0.39498199175741316
2025-06-17 17:00:00,396.0,659.4,88.0,26.7,0.2046927722019601
2025-06-17 18:00:00,248.0,564.2,68.0,26.4,0.03934044235516551
2025-06-17 19:00:00,108.0,369.7,45.0,25.8,0.030351165123786078
2025-06-17 20:00:00,16.0,81.0,11.0,23.9,0.009298997240051454
2025-06-17 21:00:00,0.0,0.0,0.0,22.6,0.0
2025-06-17 22:00:00,0.0,0.0,0.0,21.6,0.0
2025-06-17 23:00:00,0.0,0.0,0.0,20.5,0.0
2025-06-18 00:00:00,0.0,0.0,0.0,19.8,0.0
2025-06-18 01:00:00,0.0,0.0,0.0,17.8,0.0
2025-06-18 02:00:00,0.0,0.0,0.0,17.0,0.0
2025-06-18 03:00:00,0.0,0.0,0.0,16.2,0.0
2025-06-18 04:00:00,10.0,37.8,8.0,16.1,0.007164281021151559
2025-06-18 05:00:00,88.0,289.7,44.0,16.8,0.032636284186573376
2025-06-18 06:00:00,214.0,453.5,78.0,18.2,0.14788743489465384
2025-06-18 07:00:00,360.0,557.4,110.0,19.9,0.3167366733594538
2025-06-18 08:00:00,497.0,593.8,148.0,21.6,0.472861166944363
2025-06-18 09:00:00,654.0,744.3,127.0,23.1,0.6415278282165373
2025-06-18 10:00:00,760.0,772.7,141.0,24.4,0.7425160466558026
2025-06-18 11:00:00,833.0,800.5,144.0,25.4,0.8013441506674076
2025-06-18 12:00:00,864.0,829.1,132.0,26.2,0.8131470564674819
2025-06-18 13:00:00,851.0,850.0,115.0,26.7,0.7775627989490124
2025-06-18 14:00:00,785.0,827.3,114.0,27.0,0.6865991152345616
2025-06-18 15:00:00,619.0,667.5,137.0,27.8,0.5063877725623351
2025-06-18 16:00:00,448.0,490.9,151.0,27.5,0.32863441329051934
2025-06-18 17:00:00,323.0,384.8,143.0,27.3,0.19292566813042525
2025-06-18 18:00:00,219.0,422.1,84.0,25.5,0.05414855804788277
2025-06-18 19:00:00,88.0,251.2,45.0,24.3,0.0334689405010688
2025-06-18 20:00:00,15.0,80.6,10.0,22.6,0.008512560503296148
2025-06-18 21:00:00,0.0,0.0,0.0,21.2,0.0
2025-06-18 22:00:00,0.0,0.0,0.0,19.9,0.0
2025-06-18 23:00:00,0.0,0.0,0.0,18.9,0.0
2025-06-19 00:00:00,0.0,0.0,0.0,18.1,0.0
2025-06-19 01:00:00,0.0,0.0,0.0,17.7,0.0
2025-06-19 02:00:00,0.0,0.0,0.0,17.2,0.0
2025-06-19 03:00:00,0.0,0.0,0.0,16.6,0.0
2025-06-19 04:00:00,10.0,56.8,7.0,16.2,0.006210601517428092
2025-06-19 05:00:00,90.0,323.2,41.0,16.8,0.029712757342417136
2025-06-19 06:00:00,223.0,524.1,66.0,18.1,0.15070736940840546
2025-06-19 07:00:00,376.0,653.7,83.0,19.5,0.332144399797888
2025-06-19 08:00:00,529.0,737.1,96.0,20.7,0.5104399045245945
2025-06-19 09:00:00,666.0,792.6,105.0,21.9,0.6584761177139004
2025-06-19 10:00:00,774.0,829.0,110.0,23.0,0.7630376029659283
2025-06-19 11:00:00,846.0,850.4,114.0,23.9,0.8207427139776641
2025-06-19 12:00:00,873.0,859.6,114.0,24.6,0.827925631071062
2025-06-19 13:00:00,812.0,750.5,162.0,25.4,0.7473479440885786
2025-06-19 14:00:00,722.0,658.1,188.0,25.5,0.6382233064762407
2025-06-19 15:00:00,613.0,591.0,186.0,25.5,0.5078916247773312
2025-06-19 16:00:00,519.0,644.0,129.0,25.4,0.3754025786686217
2025-06-19 17:00:00,361.0,546.5,105.0,24.8,0.19763695373831203
2025-06-19 18:00:00,237.0,508.6,74.0,23.8,0.04505559181276248
2025-06-19 19:00:00,106.0,355.0,45.0,22.4,0.031142981742287572
2025-06-19 20:00:00,16.0,96.2,10.0,21.1,0.008486270669745085
2025-06-19 21:00:00,0.0,0.0,0.0,20.2,0.0
2025-06-19 22:00:00,0.0,0.0,0.0,19.4,0.0
2025-06-19 23:00:00,0.0,0.0,0.0,18.4,0.0
2025-06-20 00:00:00,0.0,0.0,0.0,17.3,0.0
2025-06-20 01:00:00,0.0,0.0,0.0,16.0,0.0
2025-06-20 02:00:00,0.0,0.0,0.0,15.2,0.0
2025-06-20 03:00:00,0.0,0.0,0.0,14.6,0.0
2025-06-20 04:00:00,10.0,57.0,7.0,14.4,0.006252845404026587
2025-06-20 05:00:00,93.0,350.6,40.0,15.3,0.02856070000066194
2025-06-20 06:00:00,231.0,555.0,65.0,17.0,0.15549269791603224
2025-06-20 07:00:00,389.0,687.8,81.0,19.0,0.34371063643708843
2025-06-20 08:00:00,545.0,771.7,92.0,20.7,0.5253939237021037
2025-06-20 09:00:00,681.0,810.0,108.0,22.1,0.6711786163551601
2025-06-20 10:00:00,770.0,768.0,155.0,23.4,0.7529185770284585
2025-06-20 11:00:00,856.0,848.2,126.0,24.5,0.8260173240097903
2025-06-20 12:00:00,889.0,880.0,112.0,25.4,0.8383937051284186
2025-06-20 13:00:00,870.0,877.3,110.0,26.3,0.7946734185308092
2025-06-20 14:00:00,804.0,857.4,108.0,26.7,0.7027684460297947
2025-06-20 15:00:00,695.0,805.0,113.0,26.7,0.5656677683969649
2025-06-20 16:00:00,560.0,750.7,105.0,26.4,0.3978363849795977
2025-06-20 17:00:00,412.0,703.6,82.0,25.7,0.21181677755968462
2025-06-20 18:00:00,255.0,588.6,66.0,24.8,0.037749596617940244
2025-06-20 19:00:00,113.0,400.2,44.0,23.3,0.029290950286665132
2025-06-20 20:00:00,17.0,79.8,12.0,21.8,0.010225659093235088
2025-06-20 21:00:00,0.0,0.0,0.0,20.7,0.0
2025-06-20 22:00:00,0.0,0.0,0.0,20.1,0.0
2025-06-20 23:00:00,0.0,0.0,0.0,19.6,0.0
2025-06-21 00:00:00,0.0,0.0,0.0,19.1,0.0
2025-06-21 01:00:00,0.0,0.0,0.0,17.2,0.0
2025-06-21 02:00:00,0.0,0.0,0.0,16.6,0.0
2025-06-21 03:00:00,0.0,0.0,0.0,16.3,0.0
2025-06-21 04:00:00,10.0,38.2,8.0,16.3,0.007156507722875002
2025-06-21 05:00:00,91.0,311.9,44.0,17.2,0.03201104718138448
2025-06-21 06:00:00,224.0,502.4,74.0,18.8,0.15154870178405797
2025-06-21 07:00:00,388.0,686.4,81.0,20.9,0.33999241616428677
2025-06-21 08:00:00,543.0,770.6,91.0,23.1,0.5182132795775691
2025-06-21 09:00:00,681.0,824.6,98.0,25.3,0.662878589262539
2025-06-21 10:00:00,790.0,857.0,104.0,27.1,0.7635086124158588
2025-06-21 11:00:00,860.0,875.1,107.0,28.5,0.8159900141785335
2025-06-21 12:00:00,887.0,883.4,107.0,29.6,0.8210124943309793
2025-06-21 13:00:00,867.0,878.3,106.0,30.2,0.7784153173455978
2025-06-21 14:00:00,804.0,863.3,103.0,30.8,0.6900613488134155
2025-06-21 15:00:00,701.0,835.0,97.0,31.2,0.5586412313287396
2025-06-21 16:00:00,567.0,788.1,89.0,31.1,0.39295693389539355
2025-06-21 17:00:00,414.0,713.5,79.0,30.8,0.20786620122469465
2025-06-21 18:00:00,256.0,593.9,65.0,30.0,0.03630366033748195
2025-06-21 19:00:00,113.0,399.0,44.0,28.8,0.028680465614241233
2025-06-21 20:00:00,17.0,111.3,10.0,27.1,0.008213489906128347
2025-06-21 21:00:00,0.0,0.0,0.0,25.8,0.0
2025-06-21 22:00:00,0.0,0.0,0.0,24.5,0.0
2025-06-21 23:00:00,0.0,0.0,0.0,23.4,0.0
2025-06-22 00:00:00,0.0,0.0,0.0,22.3,0.0
2025-06-22 01:00:00,0.0,0.0,0.0,20.5,0.0
2025-06-22 02:00:00,0.0,0.0,0.0,19.9,0.0
2025-06-22 03:00:00,0.0,0.0,0.0,19.4,0.0
2025-06-22 04:00:00,10.0,57.3,7.0,19.2,0.006136125136854826
2025-06-22 05:00:00,94.0,366.5,39.0,20.1,0.027008136251344177
2025-06-22 06:00:00,228.0,537.0,68.0,21.9,0.1506395539935009
2025-06-22 07:00:00,386.0,682.9,81.0,24.1,0.33369881363544784
2025-06-22 08:00:00,538.0,766.2,89.0,26.8,0.5057106837522671
2025-06-22 09:00:00,671.0,806.7,101.0,29.5,0.6413800709156002
2025-06-22 10:00:00,762.0,779.9,138.0,31.8,0.7197902423744378
2025-06-22 11:00:00,831.0,799.8,143.0,33.2,0.7713289202896103
2025-06-22 12:00:00,790.0,590.1,269.0,34.1,0.7098086724453881
2025-06-22 13:00:00,812.0,727.0,182.0,35.2,0.7133236921677082
2025-06-22 14:00:00,739.0,661.2,202.0,36.0,0.6216954535788971
2025-06-22 15:00:00,457.0,287.4,249.0,30.8,0.3770632464739483
2025-06-22 16:00:00,383.0,303.2,199.0,29.6,0.29054518043614064
2025-06-22 17:00:00,241.0,106.4,191.0,27.6,0.1817466880140886
2025-06-22 18:00:00,186.0,298.1,90.0,26.7,0.06356489944881245
2025-06-22 19:00:00,74.0,167.3,45.0,25.9,0.03531978515268619
2025-06-22 20:00:00,15.0,79.3,10.0,24.8,0.008446421500853665
2025-06-22 21:00:00,0.0,0.0,0.0,23.8,0.0
2025-06-22 22:00:00,0.0,0.0,0.0,22.7,0.0
2025-06-22 23:00:00,0.0,0.0,0.0,21.7,0.0
2025-06-23 00:00:00,0.0,0.0,0.0,20.9,0.0
2025-06-23 01:00:00,0.0,0.0,0.0,19.1,0.0
2025-06-23 02:00:00,0.0,0.0,0.0,18.5,0.0
2025-06-23 03:00:00,0.0,0.0,0.0,18.7,0.0
2025-06-23 04:00:00,5.0,19.1,4.0,18.6,0.0035988064056448896
2025-06-23 05:00:00,33.0,0.0,33.0,18.9,0.02976182479954174
2025-06-23 06:00:00,146.0,161.5,98.0,19.5,0.11347536065538089
2025-06-23 07:00:00,292.0,291.5,162.0,20.0,0.2558180819515935
2025-06-23 08:00:00,187.0,3.4,185.0,19.8,0.16543726782843465
2025-06-23 09:00:00,116.0,1.4,115.0,19.1,0.1037680860952238
2025-06-23 10:00:00,459.0,221.3,282.0,20.6,0.43631482047632447
2025-06-23 11:00:00,579.0,319.8,304.0,21.5,0.5524732424075546
2025-06-23 12:00:00,595.0,428.2,217.0,21.9,0.575930138497916
2025-06-23 13:00:00,577.0,387.8,241.0,21.7,0.5424544863374585
2025-06-23 14:00:00,618.0,437.0,263.0,22.0,0.5554527558405206
2025-06-23 15:00:00,539.0,519.4,163.0,21.9,0.4578435745291084
2025-06-23 16:00:00,307.0,154.8,213.0,21.0,0.25160003996830926
2025-06-23 17:00:00,195.0,114.8,141.0,20.4,0.14704334249236956
2025-06-23 18:00:00,171.0,214.0,102.0,19.7,0.07856999212485703
2025-06-23 19:00:00,102.0,310.9,48.0,18.7,0.03480435993736622
2025-06-23 20:00:00,16.0,79.1,11.0,17.5,0.009549749177946128
2025-06-23 21:00:00,0.0,0.0,0.0,16.4,0.0
2025-06-23 22:00:00,0.0,0.0,0.0,16.2,0.0
2025-06-23 23:00:00,0.0,0.0,0.0,15.6,0.0
2025-06-24 00:00:00,0.0,0.0,0.0,15.1,0.0
2025-06-24 01:00:00,0.0,0.0,0.0,14.4,0.0
2025-06-24 02:00:00,0.0,0.0,0.0,14.1,0.0
2025-06-24 03:00:00,0.0,0.0,0.0,13.5,0.0
2025-06-24 04:00:00,9.0,38.2,7.0,13.2,0.006344319428503048
2025-06-24 05:00:00,90.0,336.5,40.0,13.8,0.02902264819216668
2025-06-24 06:00:00,223.0,526.3,67.0,14.8,0.15139323494206397
2025-06-24 07:00:00,377.0,660.4,83.0,16.0,0.3369149630825307
2025-06-24 08:00:00,502.0,649.9,122.0,17.4,0.4886868121002046
2025-06-24 09:00:00,650.0,745.6,124.0,19.1,0.6491581370915512
2025-06-24 10:00:00,541.0,322.8,283.0,19.8,0.5226288807654016
2025-06-24 11:00:00,424.0,111.7,328.0,22.0,0.3860516861284696
2025-06-24 12:00:00,498.0,220.9,303.0,22.6,0.4640131295078446
2025-06-24 13:00:00,353.0,64.6,297.0,18.5,0.3186060524745519
2025-06-24 14:00:00,264.0,44.3,228.0,18.2,0.23710676100729244
2025-06-24 15:00:00,482.0,364.6,218.0,20.9,0.4141901254400195
2025-06-24 16:00:00,313.0,144.9,225.0,22.3,0.2562219276650754
2025-06-24 17:00:00,148.0,63.7,118.0,22.0,0.11680839660685961
2025-06-24 18:00:00,152.0,185.9,92.0,21.7,0.07198865846665485
2025-06-24 19:00:00,98.0,270.2,51.0,21.1,0.03771159245505791
2025-06-24 20:00:00,15.0,63.1,11.0,20.4,0.009532322356544555
2025-06-24 21:00:00,0.0,0.0,0.0,20.7,0.0
2025-06-24 22:00:00,0.0,0.0,0.0,20.7,0.0
2025-06-24 23:00:00,0.0,0.0,0.0,20.6,0.0
2025-06-25 00:00:00,0.0,0.0,0.0,20.7,0.0
2025-06-25 01:00:00,0.0,0.0,0.0,20.8,0.0
2025-06-25 02:00:00,0.0,0.0,0.0,19.8,0.0
2025-06-25 03:00:00,0.0,0.0,0.0,19.0,0.0
2025-06-25 04:00:00,9.0,38.2,7.0,18.3,0.00622061787780457
2025-06-25 05:00:00,87.0,318.2,40.0,18.6,0.028893111293625633
2025-06-25 06:00:00,218.0,514.3,66.0,19.4,0.14545838028604063
2025-06-25 07:00:00,369.0,645.9,82.0,20.6,0.32394946389406115
2025-06-25 08:00:00,514.0,709.0,100.0,21.9,0.49335932014232614
2025-06-25 09:00:00,652.0,777.5,104.0,23.4,0.6416528716176374
2025-06-25 10:00:00,757.0,805.0,114.0,25.0,0.7411429421311735
2025-06-25 11:00:00,636.0,395.7,296.0,25.8,0.5995408889274633
2025-06-25 12:00:00,756.0,617.7,211.0,27.4,0.7096786080635555
2025-06-25 13:00:00,713.0,564.4,224.0,27.7,0.6517661191382754
2025-06-25 14:00:00,693.0,629.0,182.0,28.3,0.6082132133617887
2025-06-25 15:00:00,643.0,675.2,154.0,28.9,0.5239842097222487
2025-06-25 16:00:00,530.0,701.0,104.0,28.8,0.3762936579616204
2025-06-25 17:00:00,341.0,418.4,144.0,28.2,0.20151232374932398
2025-06-25 18:00:00,151.0,58.8,132.0,27.7,0.10923245460159148
2025-06-25 19:00:00,104.0,316.0,49.0,26.9,0.034219782001254286
2025-06-25 20:00:00,17.0,94.6,11.0,24.9,0.009189712783074178
2025-06-25 21:00:00,0.0,0.0,0.0,24.4,0.0
2025-06-25 22:00:00,0.0,0.0,0.0,22.6,0.0
2025-06-25 23:00:00,0.0,0.0,0.0,21.8,0.0
2025-06-26 00:00:00,0.0,0.0,0.0,21.0,0.0
2025-06-26 01:00:00,0.0,0.0,0.0,21.2,0.0
2025-06-26 02:00:00,0.0,0.0,0.0,21.0,0.0
2025-06-26 03:00:00,0.0,0.0,0.0,20.4,0.0
2025-06-26 04:00:00,2.0,0.0,2.0,20.0,0.0018023063363597934
2025-06-26 05:00:00,55.0,40.9,49.0,20.0,0.04276153076094072
2025-06-26 06:00:00,78.0,37.3,67.0,20.6,0.06603526163107865
2025-06-26 07:00:00,77.0,0.0,77.0,20.6,0.06863534034821703
2025-06-26 08:00:00,270.0,188.6,160.0,22.4,0.25127857856558283
2025-06-26 09:00:00,654.0,781.2,104.0,24.5,0.6406521296293735
2025-06-26 10:00:00,380.0,218.0,206.0,22.1,0.36800944628654286
2025-06-26 11:00:00,637.0,483.2,222.0,23.9,0.6184674946846901
2025-06-26 12:00:00,575.0,290.2,319.0,23.3,0.5363604573824053
2025-06-26 13:00:00,513.0,233.2,311.0,21.7,0.4715769999309094
2025-06-26 14:00:00,397.0,193.3,240.0,21.7,0.3589388628865487
2025-06-26 15:00:00,399.0,234.7,229.0,22.6,0.34339743846673293
2025-06-26 16:00:00,480.0,556.1,142.0,23.3,0.3567971791475423
2025-06-26 17:00:00,353.0,537.2,100.0,23.3,0.1966175527823204
2025-06-26 18:00:00,172.0,182.6,113.0,22.5,0.08781797419384324
2025-06-26 19:00:00,48.0,0.0,48.0,21.7,0.04274128153592466
2025-06-26 20:00:00,16.0,78.8,11.0,20.6,0.009436655947607198
2025-06-26 21:00:00,0.0,0.0,0.0,20.3,0.0
2025-06-26 22:00:00,0.0,0.0,0.0,20.1,0.0
2025-06-26 23:00:00,0.0,0.0,0.0,19.5,0.0
2025-06-27 00:00:00,0.0,0.0,0.0,18.9,0.0
2025-06-27 01:00:00,0.0,0.0,0.0,18.1,0.0
2025-06-27 02:00:00,0.0,0.0,0.0,17.4,0.0
2025-06-27 03:00:00,0.0,0.0,0.0,16.8,0.0
2025-06-27 04:00:00,7.0,0.0,7.0,16.4,0.006393570851957558
2025-06-27 05:00:00,49.0,13.7,47.0,16.6,0.042327028873581495
2025-06-27 06:00:00,37.0,0.0,37.0,15.7,0.033772707235792274
2025-06-27 07:00:00,59.0,2.3,58.0,15.4,0.05382688531960903
2025-06-27 08:00:00,80.0,0.0,80.0,15.7,0.07267053516248502
2025-06-27 09:00:00,307.0,88.2,245.0,17.3,0.28496325570736775
2025-06-27 10:00:00,647.0,461.4,279.0,19.7,0.6305231961277337
2025-06-27 11:00:00,525.0,247.0,313.0,20.3,0.4987801779660078
2025-06-27 12:00:00,523.0,190.5,355.0,21.4,0.4813808190747116
2025-06-27 13:00:00,340.0,41.6,304.0,20.6,0.30130766794217273
2025-06-27 14:00:00,409.0,86.2,339.0,21.5,0.35908057295803975
2025-06-27 15:00:00,413.0,212.6,259.0,22.2,0.35544232361672484
2025-06-27 16:00:00,410.0,330.7,209.0,22.7,0.3195916443562701
2025-06-27 17:00:00,273.0,259.0,151.0,22.5,0.18205244479625307
2025-06-27 18:00:00,173.0,247.6,93.0,21.8,0.06951411247087926
2025-06-27 19:00:00,84.0,172.3,54.0,20.9,0.04289668346060282
2025-06-27 20:00:00,16.0,47.3,13.0,19.6,0.011389500205385938
2025-06-27 21:00:00,0.0,0.0,0.0,19.2,0.0
2025-06-27 22:00:00,0.0,0.0,0.0,18.7,0.0
2025-06-27 23:00:00,0.0,0.0,0.0,18.4,0.0
2025-06-28 00:00:00,0.0,0.0,0.0,18.2,0.0
2025-06-28 01:00:00,0.0,0.0,0.0,18.5,0.0
2025-06-28 02:00:00,0.0,0.0,0.0,18.3,0.0
2025-06-28 03:00:00,0.0,0.0,0.0,18.1,0.0
2025-06-28 04:00:00,8.0,38.2,6.0,18.1,0.0053441280171975716
2025-06-28 05:00:00,82.0,290.6,40.0,18.9,0.029457428802113314
2025-06-28 06:00:00,207.0,471.9,69.0,19.9,0.13899629089748153
2025-06-28 07:00:00,328.0,498.4,108.0,20.7,0.28777703139460165
2025-06-28 08:00:00,393.0,375.1,175.0,21.7,0.3705785881421142
2025-06-28 09:00:00,433.0,205.0,289.0,22.5,0.40101336737365306
2025-06-28 10:00:00,602.0,414.2,272.0,23.9,0.576984519071755
2025-06-28 11:00:00,665.0,433.7,293.0,25.1,0.6304843550552792
2025-06-28 12:00:00,710.0,438.0,324.0,25.8,0.6584231668590645
2025-06-28 13:00:00,679.0,451.6,288.0,27.1,0.6174215179414742
2025-06-28 14:00:00,649.0,507.3,237.0,27.4,0.5720389077353191
2025-06-28 15:00:00,600.0,578.6,181.0,27.8,0.4953865328574581
2025-06-28 16:00:00,427.0,416.2,174.0,27.7,0.32002681965721164
2025-06-28 17:00:00,313.0,363.1,142.0,26.8,0.19177976900259266
2025-06-28 18:00:00,220.0,433.4,80.0,25.6,0.05125109609832058
2025-06-28 19:00:00,105.0,333.4,47.0,24.2,0.032789976468254496
2025-06-28 20:00:00,16.0,94.7,10.0,22.7,0.008441950545432014
2025-06-28 21:00:00,0.0,0.0,0.0,21.9,0.0
2025-06-28 22:00:00,0.0,0.0,0.0,21.2,0.0
2025-06-28 23:00:00,0.0,0.0,0.0,20.6,0.0
2025-06-29 00:00:00,0.0,0.0,0.0,20.2,0.0
2025-06-29 01:00:00,0.0,0.0,0.0,19.5,0.0
2025-06-29 02:00:00,0.0,0.0,0.0,18.9,0.0
2025-06-29 03:00:00,0.0,0.0,0.0,18.4,0.0
2025-06-29 04:00:00,8.0,38.2,6.0,18.1,0.005344119085995731
2025-06-29 05:00:00,83.0,307.1,39.0,18.7,0.028399035583934102
2025-06-29 06:00:00,212.0,501.3,66.0,19.9,0.14108818198017856
2025-06-29 07:00:00,356.0,601.9,91.0,21.4,0.3116521272875289
2025-06-29 08:00:00,488.0,620.5,128.0,22.9,0.4647745770308584
2025-06-29 09:00:00,628.0,711.3,129.0,24.2,0.6154401424301278
2025-06-29 10:00:00,749.0,791.4,119.0,25.5,0.7332554185036195
2025-06-29 11:00:00,825.0,831.8,112.0,27.4,0.7923556714943881
2025-06-29 12:00:00,775.0,663.0,191.0,28.2,0.7273204317055869
2025-06-29 13:00:00,589.0,307.4,323.0,28.5,0.527746288087314
2025-06-29 14:00:00,608.0,512.4,192.0,29.2,0.5363505144619083
2025-06-29 15:00:00,571.0,584.2,148.0,29.3,0.4700247690204503
2025-06-29 16:00:00,514.0,664.8,110.0,28.7,0.36859935921236686
2025-06-29 17:00:00,394.0,658.4,84.0,27.9,0.20700635363319453
2025-06-29 18:00:00,246.0,557.6,66.0,27.1,0.03845968612995018
2025-06-29 19:00:00,104.0,328.1,47.0,25.8,0.0327141336024485
2025-06-29 20:00:00,16.0,79.1,11.0,24.2,0.00930069755189164
2025-06-29 21:00:00,0.0,0.0,0.0,23.3,0.0
2025-06-29 22:00:00,0.0,0.0,0.0,22.2,0.0
2025-06-29 23:00:00,0.0,0.0,0.0,21.3,0.0
2025-06-30 00:00:00,0.0,0.0,0.0,20.4,0.0
2025-06-30 01:00:00,0.0,0.0,0.0,20.0,0.0
2025-06-30 02:00:00,0.0,0.0,0.0,19.3,0.0
2025-06-30 03:00:00,0.0,0.0,0.0,18.7,0.0
2025-06-30 04:00:00,8.0,38.2,6.0,18.4,0.005337866789275434
2025-06-30 05:00:00,83.0,324.0,37.0,19.2,0.026591508413485097
2025-06-30 06:00:00,214.0,520.8,63.0,20.8,0.14106248340631788
2025-06-30 07:00:00,366.0,651.4,80.0,22.9,0.31896267099298864
2025-06-30 08:00:00,519.0,737.3,92.0,24.9,0.4937661902805764
2025-06-30 09:00:00,656.0,793.6,100.0,26.6,0.6384595939662955
2025-06-30 10:00:00,764.0,828.7,105.0,28.1,0.7398833511073574
2025-06-30 11:00:00,829.0,831.2,117.0,29.4,0.788488267679611
2025-06-30 12:00:00,859.0,850.8,110.0,30.5,0.7976888866609468
2025-06-30 13:00:00,813.0,769.9,147.0,31.6,0.7314367867601406
2025-06-30 14:00:00,771.0,792.2,128.0,32.2,0.6633032758777639
2025-06-30 15:00:00,659.0,736.4,126.0,32.4,0.5295360907044602
2025-06-30 16:00:00,521.0,683.1,106.0,32.3,0.3674813305826878
2025-06-30 17:00:00,366.0,577.9,94.0,31.9,0.19497326583309332
2025-06-30 18:00:00,235.0,505.3,72.0,31.2,0.04277831949800951
2025-06-30 19:00:00,107.0,363.4,44.0,29.9,0.029384821522951837
2025-06-30 20:00:00,16.0,95.2,10.0,27.9,0.008264499786110178
2025-06-30 21:00:00,0.0,0.0,0.0,26.4,0.0
2025-06-30 22:00:00,0.0,0.0,0.0,25.3,0.0
2025-06-30 23:00:00,0.0,0.0,0.0,24.7,0.0
2025-07-01 00:00:00,0.0,0.0,0.0,24.0,0.0
2025-07-01 01:00:00,0.0,0.0,0.0,21.9,0.0
2025-07-01 02:00:00,0.0,0.0,0.0,21.1,0.0
2025-07-01 03:00:00,0.0,0.0,0.0,20.5,0.0
2025-07-01 04:00:00,8.0,38.2,6.0,20.4,0.0052962286452898355
2025-07-01 05:00:00,84.0,334.3,37.0,21.3,0.02614814036493688
2025-07-01 06:00:00,216.0,537.0,61.0,22.7,0.14064473347299924
2025-07-01 07:00:00,370.0,669.2,77.0,24.7,0.32029874564209015
2025-07-01 08:00:00,522.0,750.8,88.0,26.9,0.49304980700444495
2025-07-01 09:00:00,657.0,800.4,97.0,29.2,0.6327964071826114
2025-07-01 10:00:00,764.0,833.3,102.0,31.5,0.729224343291343
2025-07-01 11:00:00,835.0,853.0,105.0,33.0,0.7819740317691081
2025-07-01 12:00:00,823.0,795.6,123.0,33.8,0.7558062146307316
2025-07-01 13:00:00,763.0,725.2,136.0,34.6,0.6822917414017567
2025-07-01 14:00:00,739.0,763.0,120.0,35.0,0.6309327998613435
2025-07-01 15:00:00,623.0,711.8,108.0,35.0,0.4972573571522186
2025-07-01 16:00:00,505.0,667.0,100.0,34.8,0.35327772783417916
2025-07-01 17:00:00,368.0,603.8,84.0,34.4,0.1914975084674148
2025-07-01 18:00:00,230.0,512.1,65.0,34.1,0.038337703473979634
2025-07-01 19:00:00,106.0,370.1,42.0,33.2,0.027593550372113276
2025-07-01 20:00:00,16.0,95.5,10.0,31.5,0.008142042290648032
2025-07-01 21:00:00,0.0,0.0,0.0,29.7,0.0
2025-07-01 22:00:00,0.0,0.0,0.0,28.5,0.0
2025-07-01 23:00:00,0.0,0.0,0.0,27.2,0.0
2025-07-02 00:00:00,0.0,0.0,0.0,26.2,0.0
2025-07-02 01:00:00,0.0,0.0,0.0,24.9,0.0
2025-07-02 02:00:00,0.0,0.0,0.0,24.0,0.0
2025-07-02 03:00:00,0.0,0.0,0.0,23.5,0.0
2025-07-02 04:00:00,7.0,38.2,5.0,23.4,0.004370496410018067
2025-07-02 05:00:00,82.0,337.7,35.0,24.2,0.02444261661317523
2025-07-02 06:00:00,213.0,536.1,59.0,25.7,0.13689073805442797
2025-07-02 07:00:00,365.0,662.0,76.0,27.5,0.31274661449349156
2025-07-02 08:00:00,515.0,743.7,86.0,29.8,0.48132945541656885
2025-07-02 09:00:00,649.0,794.5,94.0,32.4,0.617600202505251
2025-07-02 10:00:00,755.0,824.2,101.0,34.8,0.7111842467183249
2025-07-02 11:00:00,826.0,844.4,104.0,36.4,0.7628075117828274
2025-07-02 12:00:00,850.0,838.3,113.0,37.6,0.7651237557774251
2025-07-02 13:00:00,432.0,116.9,331.0,34.3,0.3683332991022801
2025-07-02 14:00:00,665.0,563.6,208.0,36.2,0.5662132617849246
2025-07-02 15:00:00,648.0,728.8,121.0,35.8,0.5145856617249497
2025-07-02 16:00:00,497.0,654.2,100.0,31.3,0.3540805054391353
2025-07-02 17:00:00,270.0,336.2,112.0,30.2,0.16240998562807454
2025-07-02 18:00:00,190.0,369.8,71.0,27.3,0.04794555850316906
2025-07-02 19:00:00,78.0,127.6,56.0,26.6,0.04484141290324169
2025-07-02 20:00:00,12.0,0.0,12.0,25.3,0.010576766008630955
2025-07-02 21:00:00,0.0,0.0,0.0,22.5,0.0
2025-07-02 22:00:00,0.0,0.0,0.0,21.0,0.0
2025-07-02 23:00:00,0.0,0.0,0.0,19.7,0.0
2025-07-03 00:00:00,0.0,0.0,0.0,19.0,0.0
2025-07-03 01:00:00,0.0,0.0,0.0,17.8,0.0
2025-07-03 02:00:00,0.0,0.0,0.0,17.0,0.0
2025-07-03 03:00:00,0.0,0.0,0.0,16.9,0.0
2025-07-03 04:00:00,5.0,19.1,4.0,16.4,0.0036296668373826226
2025-07-03 05:00:00,69.0,174.4,45.0,16.3,0.03634021399505058
2025-07-03 06:00:00,170.0,304.4,83.0,16.6,0.12287775523677086
2025-07-03 07:00:00,343.0,540.0,108.0,17.5,0.3053228026587627
2025-07-03 08:00:00,521.0,710.6,112.0,18.8,0.5075037909646091
2025-07-03 09:00:00,632.0,703.9,141.0,20.2,0.630296511711022
2025-07-03 10:00:00,728.0,706.6,168.0,21.3,0.723871417292637
2025-07-03 11:00:00,808.0,737.5,178.0,22.5,0.7905646235642086
2025-07-03 12:00:00,809.0,697.8,196.0,23.4,0.7751227105296333
2025-07-03 13:00:00,813.0,733.0,180.0,22.9,0.7606020540080881
2025-07-03 14:00:00,760.0,747.8,154.0,23.7,0.6814528388884825
2025-07-03 15:00:00,636.0,680.8,144.0,23.7,0.5346328104623693
2025-07-03 16:00:00,526.0,661.2,125.0,23.4,0.38885322530660393
2025-07-03 17:00:00,359.0,517.6,116.0,22.9,0.20720729261572676
2025-07-03 18:00:00,218.0,426.5,81.0,22.2,0.052836905579914634
2025-07-03 19:00:00,105.0,355.3,44.0,21.1,0.030625326904532794
2025-07-03 20:00:00,15.0,80.4,10.0,20.1,0.008597597347100095
2025-07-03 21:00:00,0.0,0.0,0.0,19.1,0.0
2025-07-03 22:00:00,0.0,0.0,0.0,18.1,0.0
2025-07-03 23:00:00,0.0,0.0,0.0,17.2,0.0
2025-07-04 00:00:00,0.0,0.0,0.0,16.4,0.0
2025-07-04 01:00:00,0.0,0.0,0.0,15.7,0.0
2025-07-04 02:00:00,0.0,0.0,0.0,15.1,0.0
2025-07-04 03:00:00,0.0,0.0,0.0,14.6,0.0
2025-07-04 04:00:00,6.0,38.2,4.0,14.4,0.003632527499677944
2025-07-04 05:00:00,82.0,330.7,37.0,14.8,0.026856729889146513
2025-07-04 06:00:00,215.0,531.1,64.0,15.9,0.14415555310516423
2025-07-04 07:00:00,371.0,673.1,79.0,17.5,0.33154090645622575
2025-07-04 08:00:00,526.0,757.4,91.0,19.2,0.5144389681843824
2025-07-04 09:00:00,664.0,809.9,100.0,20.7,0.6649726750702954
2025-07-04 10:00:00,773.0,842.6,106.0,21.9,0.7713858871720868
2025-07-04 11:00:00,809.0,756.9,163.0,22.8,0.7927867829688258
2025-07-04 12:00:00,835.0,764.4,164.0,23.7,0.800703511801882
2025-07-04 13:00:00,569.0,260.7,344.0,24.4,0.5163832572053122
2025-07-04 14:00:00,596.0,286.5,364.0,24.7,0.5237673751313806
2025-07-04 15:00:00,512.0,339.3,267.0,24.9,0.43424031230899474
2025-07-04 16:00:00,362.0,188.2,248.0,24.7,0.2915340836878485
2025-07-04 17:00:00,280.0,187.7,192.0,24.4,0.20101091114513975
2025-07-04 18:00:00,159.0,68.6,137.0,23.9,0.11427793399659845
2025-07-04 19:00:00,109.0,380.3,44.0,23.0,0.02978184816739836
2025-07-04 20:00:00,16.0,97.0,10.0,21.5,0.008466891805187901
2025-07-04 21:00:00,0.0,0.0,0.0,20.6,0.0
2025-07-04 22:00:00,0.0,0.0,0.0,19.8,0.0
2025-07-04 23:00:00,0.0,0.0,0.0,18.9,0.0
2025-07-05 00:00:00,0.0,0.0,0.0,18.1,0.0
2025-07-05 01:00:00,0.0,0.0,0.0,16.3,0.0
2025-07-05 02:00:00,0.0,0.0,0.0,15.6,0.0
2025-07-05 03:00:00,0.0,0.0,0.0,15.2,0.0
2025-07-05 04:00:00,6.0,19.1,5.0,15.0,0.004554545704392355
2025-07-05 05:00:00,78.0,260.3,43.0,15.7,0.03265905961833278
2025-07-05 06:00:00,115.0,35.4,105.0,16.8,0.09995813508486079
2025-07-05 07:00:00,218.0,64.8,190.0,18.2,0.19339532924085992
2025-07-05 08:00:00,511.0,699.8,110.0,20.3,0.49633282500595993
2025-07-05 09:00:00,628.0,681.8,154.0,21.7,0.6219060020290157
2025-07-05 10:00:00,762.0,791.9,136.0,23.1,0.7547544116592612
2025-07-05 11:00:00,808.0,735.4,181.0,24.2,0.7855955302272657
2025-07-05 12:00:00,869.0,856.3,118.0,25.3,0.8285035957812094
2025-07-05 13:00:00,596.0,381.6,267.0,25.3,0.5520243446949039
2025-07-05 14:00:00,703.0,638.9,186.0,26.6,0.6260929817082793
2025-07-05 15:00:00,612.0,594.5,183.0,26.5,0.511357696757393
2025-07-05 16:00:00,374.0,259.4,217.0,25.5,0.2950442635987745
2025-07-05 17:00:00,236.0,134.5,173.0,24.9,0.1754666538095875
2025-07-05 18:00:00,150.0,84.4,123.0,24.5,0.10148454515003096
2025-07-05 19:00:00,39.0,0.0,39.0,23.5,0.03451502160243645
2025-07-05 20:00:00,5.0,0.0,5.0,22.7,0.004456514057765684
2025-07-05 21:00:00,0.0,0.0,0.0,21.4,0.0
2025-07-05 22:00:00,0.0,0.0,0.0,20.4,0.0
2025-07-05 23:00:00,0.0,0.0,0.0,19.1,0.0
2025-07-06 00:00:00,0.0,0.0,0.0,18.6,0.0
2025-07-06 01:00:00,0.0,0.0,0.0,17.9,0.0
2025-07-06 02:00:00,0.0,0.0,0.0,18.2,0.0
2025-07-06 03:00:00,0.0,0.0,0.0,17.5,0.0
2025-07-06 04:00:00,3.0,0.0,3.0,17.7,0.002727542608570789
2025-07-06 05:00:00,28.0,7.5,27.0,18.0,0.024344544210919188
2025-07-06 06:00:00,58.0,0.0,58.0,18.1,0.05232449760064822
2025-07-06 07:00:00,145.0,23.2,135.0,18.7,0.12943991710401553
2025-07-06 08:00:00,226.0,85.7,177.0,19.2,0.20783698627698205
2025-07-06 09:00:00,214.0,25.9,196.0,19.6,0.19295833058897627
2025-07-06 10:00:00,233.0,36.7,204.0,19.3,0.21292688513756372
2025-07-06 11:00:00,150.0,3.5,147.0,18.6,0.134422899891789
2025-07-06 12:00:00,217.0,6.8,211.0,18.5,0.19339527930963024
2025-07-06 13:00:00,173.0,0.0,173.0,16.9,0.1547720819119861
2025-07-06 14:00:00,92.0,0.0,92.0,16.1,0.08332821911044336
2025-07-06 15:00:00,78.0,0.0,78.0,16.1,0.07075942971875517
2025-07-06 16:00:00,91.0,0.0,91.0,16.3,0.08236744472731715
2025-07-06 17:00:00,75.0,0.0,75.0,16.4,0.06798137445394917
2025-07-06 18:00:00,67.0,6.3,65.0,16.4,0.05876739625445166
2025-07-06 19:00:00,35.0,0.0,35.0,16.2,0.03189245094138333
2025-07-06 20:00:00,9.0,16.4,8.0,15.8,0.007261160215601665
2025-07-06 21:00:00,0.0,0.0,0.0,15.7,0.0
2025-07-06 22:00:00,0.0,0.0,0.0,15.6,0.0
2025-07-06 23:00:00,0.0,0.0,0.0,15.5,0.0
2025-07-07 00:00:00,0.0,0.0,0.0,15.4,0.0
2025-07-07 01:00:00,0.0,0.0,0.0,15.2,0.0
2025-07-07 02:00:00,0.0,0.0,0.0,14.9,0.0
2025-07-07 03:00:00,0.0,0.0,0.0,14.4,0.0
2025-07-07 04:00:00,3.0,0.0,3.0,14.7,0.002759355227937533
2025-07-07 05:00:00,21.0,0.0,21.0,15.0,0.019254589839097117
2025-07-07 06:00:00,79.0,42.9,67.0,15.8,0.06777264082809839
2025-07-07 07:00:00,197.0,128.1,142.0,16.5,0.17732611284675973
2025-07-07 08:00:00,252.0,129.8,178.0,17.2,0.23650418294340445
2025-07-07 09:00:00,312.0,109.7,236.0,18.1,0.29249727145707805
2025-07-07 10:00:00,323.0,45.7,287.0,18.7,0.2922174469875199
2025-07-07 11:00:00,349.0,63.5,295.0,19.2,0.3183015199744414
2025-07-07 12:00:00,216.0,17.1,201.0,16.7,0.19620501988541042
2025-07-07 13:00:00,763.0,627.4,223.0,19.4,0.7276753753290075
2025-07-07 14:00:00,577.0,373.9,275.0,18.2,0.5318310730571972
2025-07-07 15:00:00,529.0,524.9,151.0,18.8,0.46203415507988604
2025-07-07 16:00:00,444.0,475.3,157.0,18.2,0.3467081073983343
2025-07-07 17:00:00,176.0,109.3,125.0,17.2,0.1352854772742783
2025-07-07 18:00:00,97.0,69.2,75.0,16.9,0.06504109845404954
2025-07-07 19:00:00,76.0,214.3,40.0,15.9,0.03168574681039752
2025-07-07 20:00:00,13.0,66.3,9.0,15.1,0.007963012608083384
2025-07-07 21:00:00,0.0,0.0,0.0,14.5,0.0
2025-07-07 22:00:00,0.0,0.0,0.0,13.7,0.0
2025-07-07 23:00:00,0.0,0.0,0.0,13.1,0.0
2025-07-08 00:00:00,0.0,0.0,0.0,12.7,0.0
2025-07-08 01:00:00,0.0,0.0,0.0,12.9,0.0
2025-07-08 02:00:00,0.0,0.0,0.0,12.3,0.0
2025-07-08 03:00:00,0.0,0.0,0.0,12.1,0.0
2025-07-08 04:00:00,4.0,0.0,4.0,12.0,0.0037169066860678183
2025-07-08 05:00:00,57.0,77.5,47.0,12.4,0.041203600026208834
2025-07-08 06:00:00,176.0,284.5,97.0,13.2,0.13133664147142063
2025-07-08 07:00:00,271.0,294.6,145.0,13.9,0.245732682111275
2025-07-08 08:00:00,403.0,383.3,185.0,15.0,0.39245915109766066
2025-07-08 09:00:00,494.0,435.4,193.0,16.1,0.4983157208223211
2025-07-08 10:00:00,698.0,711.5,138.0,17.3,0.7160507204569895
2025-07-08 11:00:00,662.0,514.4,225.0,17.9,0.6646343687044222
2025-07-08 12:00:00,535.0,374.0,208.0,18.1,0.532682858424081
2025-07-08 13:00:00,613.0,459.4,218.0,18.7,0.592444411123979
2025-07-08 14:00:00,551.0,415.2,216.0,17.3,0.515972297660306
2025-07-08 15:00:00,415.0,321.2,184.0,17.9,0.3680158676949609
2025-07-08 16:00:00,533.0,709.9,105.0,18.6,0.4030318449717738
2025-07-08 17:00:00,351.0,551.9,94.0,18.6,0.20288429808034195
2025-07-08 18:00:00,204.0,410.3,74.0,18.1,0.05034534901796881
2025-07-08 19:00:00,83.0,245.9,42.0,16.1,0.032435471962549395
2025-07-08 20:00:00,10.0,33.5,8.0,15.5,0.007203808860679106
2025-07-08 21:00:00,0.0,0.0,0.0,15.0,0.0
2025-07-08 22:00:00,0.0,0.0,0.0,15.0,0.0
2025-07-08 23:00:00,0.0,0.0,0.0,14.6,0.0
2025-07-09 00:00:00,0.0,0.0,0.0,14.1,0.0
2025-07-09 01:00:00,0.0,0.0,0.0,14.2,0.0
2025-07-09 02:00:00,0.0,0.0,0.0,13.7,0.0
2025-07-09 03:00:00,0.0,0.0,0.0,13.1,0.0
2025-07-09 04:00:00,4.0,19.1,3.0,12.9,0.0027660792260359728
2025-07-09 05:00:00,68.0,236.0,38.0,13.3,0.02974293048924033
2025-07-09 06:00:00,196.0,456.8,70.0,14.4,0.13532992021786244
2025-07-09 07:00:00,354.0,615.2,92.0,15.9,0.32032723894132
2025-07-09 08:00:00,463.0,601.3,122.0,17.0,0.45830731841653427
2025-07-09 09:00:00,429.0,263.8,247.0,17.8,0.4167076185518729
2025-07-09 10:00:00,341.0,80.2,278.0,18.1,0.31580855913033956
2025-07-09 11:00:00,392.0,86.0,319.0,18.7,0.360324805271265
2025-07-09 12:00:00,455.0,115.7,354.0,19.3,0.41698627641131075
2025-07-09 13:00:00,474.0,168.8,329.0,19.8,0.43633275577751657
2025-07-09 14:00:00,532.0,354.8,246.0,20.7,0.4891029491550312
2025-07-09 15:00:00,492.0,332.7,253.0,21.4,0.4266835642413091
2025-07-09 16:00:00,405.0,423.6,150.0,21.6,0.31514937941787974
2025-07-09 17:00:00,355.0,518.7,114.0,21.6,0.20854292934249172
2025-07-09 18:00:00,242.0,541.6,71.0,21.0,0.04301610324118454
2025-07-09 19:00:00,104.0,368.7,43.0,19.7,0.029754671263683072
2025-07-09 20:00:00,14.0,84.5,9.0,18.3,0.007781875441300234
2025-07-09 21:00:00,0.0,0.0,0.0,17.2,0.0
2025-07-09 22:00:00,0.0,0.0,0.0,16.2,0.0
2025-07-09 23:00:00,0.0,0.0,0.0,15.5,0.0
2025-07-10 00:00:00,0.0,0.0,0.0,14.4,0.0
2025-07-10 01:00:00,0.0,0.0,0.0,13.2,0.0
2025-07-10 02:00:00,0.0,0.0,0.0,12.9,0.0
2025-07-10 03:00:00,0.0,0.0,0.0,12.5,0.0
2025-07-10 04:00:00,4.0,19.1,3.0,12.2,0.0027734709743576095
2025-07-10 05:00:00,72.0,311.8,33.0,13.5,0.024474317906665974
2025-07-10 06:00:00,187.0,423.5,71.0,14.9,0.13028059932314862
2025-07-10 07:00:00,250.0,212.2,160.0,16.6,0.2244126450148296
2025-07-10 08:00:00,405.0,440.3,156.0,18.6,0.3943254562120217
2025-07-10 09:00:00,618.0,717.6,124.0,20.4,0.6244101619123439
2025-07-10 10:00:00,760.0,840.0,101.0,21.8,0.7661850799168748
2025-07-10 11:00:00,820.0,829.8,117.0,23.1,0.8120346357620111
2025-07-10 12:00:00,704.0,551.5,223.0,23.8,0.6807790713307993
2025-07-10 13:00:00,505.0,233.2,305.0,23.6,0.4650008831603886
2025-07-10 14:00:00,566.0,396.3,247.0,24.1,0.5132646816583988
2025-07-10 15:00:00,379.0,142.2,277.0,23.5,0.32723890892173774
2025-07-10 16:00:00,353.0,361.1,136.0,23.7,0.27506759602296776
2025-07-10 17:00:00,307.0,360.3,140.0,23.2,0.19507896757890988
2025-07-10 18:00:00,191.0,311.7,93.0,22.6,0.06618460916182162
2025-07-10 19:00:00,83.0,225.6,46.0,21.8,0.03513373197671011
2025-07-10 20:00:00,12.0,68.4,8.0,20.3,0.006937671665705211
2025-07-10 21:00:00,0.0,0.0,0.0,19.4,0.0
2025-07-10 22:00:00,0.0,0.0,0.0,18.6,0.0
2025-07-10 23:00:00,0.0,0.0,0.0,17.9,0.0
2025-07-11 00:00:00,0.0,0.0,0.0,17.0,0.0
2025-07-11 01:00:00,0.0,0.0,0.0,17.0,0.0
2025-07-11 02:00:00,0.0,0.0,0.0,16.7,0.0
2025-07-11 03:00:00,0.0,0.0,0.0,16.3,0.0
2025-07-11 04:00:00,2.0,0.0,2.0,16.2,0.0018291703260472655
2025-07-11 05:00:00,40.0,65.1,32.0,16.6,0.02794284762768348
2025-07-11 06:00:00,95.0,14.7,91.0,17.2,0.08423925834420574
2025-07-11 07:00:00,173.0,99.5,131.0,18.0,0.15556470425511576
2025-07-11 08:00:00,248.0,92.2,196.0,18.7,0.22830735284897272
2025-07-11 09:00:00,250.0,36.4,225.0,19.2,0.22623182013219212
2025-07-11 10:00:00,437.0,223.5,262.0,20.4,0.4222368495950459
2025-07-11 11:00:00,305.0,20.1,288.0,20.4,0.2699167120673416
2025-07-11 12:00:00,347.0,68.9,287.0,21.3,0.3147050951478227
2025-07-11 13:00:00,514.0,233.4,314.0,22.3,0.47521778769373113
2025-07-11 14:00:00,483.0,225.1,302.0,23.0,0.4339148297528612
2025-07-11 15:00:00,415.0,248.5,237.0,23.4,0.3598387351480944
2025-07-11 16:00:00,339.0,211.8,212.0,23.2,0.27481112611879505
2025-07-11 17:00:00,249.0,235.8,140.0,23.0,0.17042303017265303
2025-07-11 18:00:00,117.0,115.0,81.0,22.2,0.06670061605356016
2025-07-11 19:00:00,85.0,233.9,47.0,21.5,0.03568740278363143
2025-07-11 20:00:00,11.0,52.0,8.0,20.5,0.0069930286398379475
2025-07-11 21:00:00,0.0,0.0,0.0,19.6,0.0
2025-07-11 22:00:00,0.0,0.0,0.0,18.8,0.0
2025-07-11 23:00:00,0.0,0.0,0.0,18.1,0.0
2025-07-12 00:00:00,0.0,0.0,0.0,17.4,0.0
2025-07-12 01:00:00,0.0,0.0,0.0,17.1,0.0
2025-07-12 02:00:00,0.0,0.0,0.0,16.5,0.0
2025-07-12 03:00:00,0.0,0.0,0.0,15.9,0.0
2025-07-12 04:00:00,3.0,0.0,3.0,15.2,0.002754053124709742
2025-07-12 05:00:00,70.0,290.0,35.0,15.6,0.02608908076847557
2025-07-12 06:00:00,192.0,463.4,67.0,16.7,0.13158418558487403
2025-07-12 07:00:00,305.0,430.7,124.0,18.0,0.27434101343012146
2025-07-12 08:00:00,427.0,473.3,161.0,19.4,0.41529484980369813
2025-07-12 09:00:00,503.0,373.6,247.0,20.1,0.4912565790630566
2025-07-12 10:00:00,738.0,763.8,141.0,21.9,0.7430859315975828
2025-07-12 11:00:00,772.0,659.5,215.0,23.4,0.7579268649267165
2025-07-12 12:00:00,777.0,607.0,249.0,24.8,0.7430538373128017
2025-07-12 13:00:00,825.0,810.0,132.0,24.2,0.7783450672195228
2025-07-12 14:00:00,710.0,637.8,198.0,25.2,0.641391253176999
2025-07-12 15:00:00,496.0,416.7,198.0,25.5,0.42545017311777816
2025-07-12 16:00:00,441.0,456.1,168.0,26.3,0.33733957231693584
2025-07-12 17:00:00,310.0,399.2,126.0,25.4,0.19064967454643894
2025-07-12 18:00:00,172.0,199.0,110.0,24.5,0.08393355306201135
2025-07-12 19:00:00,87.0,261.1,45.0,23.4,0.033267731908163546
2025-07-12 20:00:00,10.0,52.7,7.0,22.1,0.006087509209058886
2025-07-12 21:00:00,0.0,0.0,0.0,20.8,0.0
2025-07-12 22:00:00,0.0,0.0,0.0,19.7,0.0
2025-07-12 23:00:00,0.0,0.0,0.0,18.8,0.0
2025-07-13 00:00:00,0.0,0.0,0.0,18.3,0.0
2025-07-13 01:00:00,0.0,0.0,0.0,18.9,0.0
2025-07-13 02:00:00,0.0,0.0,0.0,18.1,0.0
2025-07-13 03:00:00,0.0,0.0,0.0,17.3,0.0
2025-07-13 04:00:00,2.0,0.0,2.0,17.0,0.0018235147492709556
2025-07-13 05:00:00,56.0,185.8,34.0,17.4,0.02721407158132357
2025-07-13 06:00:00,141.0,269.1,69.0,18.2,0.10279254312303875
2025-07-13 07:00:00,193.0,255.8,86.0,18.9,0.1758928459403887
2025-07-13 08:00:00,275.0,246.4,137.0,20.0,0.26623839196117244
2025-07-13 09:00:00,363.0,307.2,153.0,21.0,0.36406616383077306
2025-07-13 10:00:00,330.0,82.0,266.0,21.5,0.30312291667020036
2025-07-13 11:00:00,512.0,304.8,255.0,22.8,0.49868765911068064
2025-07-13 12:00:00,675.0,504.3,237.0,24.1,0.6532925367314386
2025-07-13 13:00:00,373.0,59.7,322.0,23.1,0.32964844561587303
2025-07-13 14:00:00,530.0,340.6,257.0,23.9,0.48202705020766895
2025-07-13 15:00:00,518.0,472.0,181.0,24.3,0.4466744520175886
2025-07-13 16:00:00,441.0,492.3,147.0,24.4,0.3385452111823348
2025-07-13 17:00:00,357.0,576.8,92.0,24.5,0.20254646703650586
2025-07-13 18:00:00,217.0,461.2,74.0,24.2,0.046928838673830756
2025-07-13 19:00:00,40.0,25.1,36.0,23.5,0.03138680382811689
2025-07-13 20:00:00,9.0,17.8,8.0,22.6,0.007063192875314229
2025-07-13 21:00:00,0.0,0.0,0.0,21.2,0.0
2025-07-13 22:00:00,0.0,0.0,0.0,20.2,0.0
2025-07-13 23:00:00,0.0,0.0,0.0,19.6,0.0
2025-07-14 00:00:00,0.0,0.0,0.0,18.8,0.0
2025-07-14 01:00:00,0.0,0.0,0.0,17.8,0.0
2025-07-14 02:00:00,0.0,0.0,0.0,17.3,0.0
2025-07-14 03:00:00,0.0,0.0,0.0,16.6,0.0
2025-07-14 04:00:00,3.0,19.1,2.0,16.0,0.0018312270138629732
2025-07-14 05:00:00,65.0,267.2,34.0,16.4,0.025707895965697187
2025-07-14 06:00:00,146.0,154.5,105.0,17.5,0.11595103565595376
2025-07-14 07:00:00,248.0,199.4,165.0,19.3,0.2210615210709891
2025-07-14 08:00:00,285.0,89.6,235.0,20.3,0.25837956692859715
2025-07-14 09:00:00,380.0,124.7,295.0,21.6,0.34870963739730276
2025-07-14 10:00:00,571.0,349.4,299.0,23.1,0.5504031208699418
2025-07-14 11:00:00,746.0,637.9,209.0,24.8,0.732264693385182
2025-07-14 12:00:00,696.0,533.9,233.0,25.9,0.6693330037632877
2025-07-14 13:00:00,702.0,577.9,209.0,25.7,0.661805432629008
2025-07-14 14:00:00,675.0,618.5,180.0,25.7,0.6133813676317098
2025-07-14 15:00:00,511.0,488.3,163.0,24.1,0.4422912246834635
2025-07-14 16:00:00,415.0,461.5,140.0,24.3,0.32048680123303325
2025-07-14 17:00:00,337.0,506.6,105.0,24.3,0.19780308943407526
2025-07-14 18:00:00,176.0,298.3,84.0,23.5,0.060234311065825615
2025-07-14 19:00:00,62.0,152.6,38.0,22.6,0.030594061423804702
2025-07-14 20:00:00,9.0,36.3,7.0,21.3,0.006156614751069456
2025-07-14 21:00:00,0.0,0.0,0.0,20.7,0.0
2025-07-14 22:00:00,0.0,0.0,0.0,20.0,0.0
2025-07-14 23:00:00,0.0,0.0,0.0,19.3,0.0
2025-07-15 00:00:00,0.0,0.0,0.0,18.9,0.0
2025-07-15 01:00:00,0.0,0.0,0.0,18.5,0.0
2025-07-15 02:00:00,0.0,0.0,0.0,17.8,0.0
2025-07-15 03:00:00,0.0,0.0,0.0,16.4,0.0
2025-07-15 04:00:00,0.0,0.0,0.0,15.6,0.0
2025-07-15 05:00:00,23.0,17.6,21.0,15.7,0.01900728101871999
2025-07-15 06:00:00,65.0,11.4,62.0,16.0,0.058119318072499156
2025-07-15 07:00:00,324.0,567.6,89.0,17.2,0.29668602134096966
2025-07-15 08:00:00,503.0,740.6,91.0,18.4,0.504564056446677
2025-07-15 09:00:00,597.0,676.4,137.0,19.6,0.6099371013870039
2025-07-15 10:00:00,683.0,705.3,135.0,20.5,0.7000966838106146
2025-07-15 11:00:00,778.0,773.5,128.0,21.4,0.7853042366994898
2025-07-15 12:00:00,834.0,828.1,117.0,22.3,0.821052223500389
2025-07-15 13:00:00,809.0,765.5,157.0,22.7,0.771889531535791
2025-07-15 14:00:00,551.0,458.1,185.0,22.3,0.5130267578579537
2025-07-15 15:00:00,590.0,618.6,150.0,22.4,0.5113661544424064
2025-07-15 16:00:00,312.0,223.8,179.0,21.9,0.2545697374044692
2025-07-15 17:00:00,259.0,282.7,130.0,21.4,0.1732905129183161
2025-07-15 18:00:00,161.0,247.8,85.0,20.9,0.06387720616795975
2025-07-15 19:00:00,81.0,276.8,38.0,19.5,0.028351916347889253
2025-07-15 20:00:00,10.0,36.9,8.0,18.3,0.007107983350360524
2025-07-15 21:00:00,0.0,0.0,0.0,17.7,0.0
2025-07-15 22:00:00,0.0,0.0,0.0,17.0,0.0
2025-07-15 23:00:00,0.0,0.0,0.0,16.5,0.0
2025-07-16 00:00:00,0.0,0.0,0.0,15.7,0.0
2025-07-16 01:00:00,0.0,0.0,0.0,15.6,0.0
2025-07-16 02:00:00,0.0,0.0,0.0,15.7,0.0
2025-07-16 03:00:00,0.0,0.0,0.0,15.3,0.0
2025-07-16 04:00:00,1.0,0.0,1.0,14.9,0.0009192825094266302
2025-07-16 05:00:00,45.0,144.1,29.0,15.1,0.024171709544618936
2025-07-16 06:00:00,146.0,234.0,85.0,16.4,0.11073741855305083
2025-07-16 07:00:00,223.0,262.2,115.0,17.1,0.20396407614656117
2025-07-16 08:00:00,325.0,301.3,158.0,18.2,0.31764280001551887
2025-07-16 09:00:00,527.0,520.5,174.0,19.3,0.5355235231286342
2025-07-16 10:00:00,560.0,451.5,210.0,20.2,0.5668848931929328
2025-07-16 11:00:00,538.0,307.6,280.0,20.6,0.5268888226453801
2025-07-16 12:00:00,527.0,219.8,337.0,21.4,0.49561285111704484
2025-07-16 13:00:00,487.0,264.6,262.0,17.4,0.4698645973702754
2025-07-16 14:00:00,431.0,253.3,229.0,18.0,0.40471101470440246
2025-07-16 15:00:00,322.0,138.1,224.0,18.1,0.28780808936060936
2025-07-16 16:00:00,182.0,59.0,147.0,16.8,0.1587755502551131
2025-07-16 17:00:00,314.0,373.9,144.0,17.7,0.20594052366363402
2025-07-16 18:00:00,189.0,344.5,84.0,16.9,0.05954442586978602
2025-07-16 19:00:00,53.0,110.9,36.0,16.4,0.030556754289101738
2025-07-16 20:00:00,9.0,37.6,7.0,15.9,0.006281678170910253
2025-07-16 21:00:00,0.0,0.0,0.0,15.8,0.0
2025-07-16 22:00:00,0.0,0.0,0.0,15.5,0.0
2025-07-16 23:00:00,0.0,0.0,0.0,15.0,0.0
2025-07-17 00:00:00,0.0,0.0,0.0,14.5,0.0
2025-07-17 01:00:00,0.0,0.0,0.0,14.5,0.0
2025-07-17 02:00:00,0.0,0.0,0.0,14.3,0.0
2025-07-17 03:00:00,0.0,0.0,0.0,13.7,0.0
2025-07-17 04:00:00,2.0,0.0,2.0,13.4,0.00184896484476435
2025-07-17 05:00:00,48.0,166.0,30.0,13.9,0.024714067212501783
2025-07-17 06:00:00,148.0,317.5,66.0,14.7,0.1080457088995849
2025-07-17 07:00:00,281.0,395.5,119.0,16.0,0.25831920648670215
2025-07-17 08:00:00,367.0,311.5,195.0,17.7,0.3554944156667352
2025-07-17 09:00:00,500.0,440.6,202.0,19.1,0.5037269012053426
2025-07-17 10:00:00,646.0,545.5,224.0,20.2,0.6523543173572602
2025-07-17 11:00:00,802.0,799.1,133.0,21.2,0.8103177108540365
2025-07-17 12:00:00,825.0,800.8,134.0,22.3,0.8144440146761702
2025-07-17 13:00:00,472.0,111.9,377.0,22.1,0.4224939180412666
2025-07-17 14:00:00,479.0,179.6,336.0,22.8,0.42835656979678777
2025-07-17 15:00:00,336.0,69.2,287.0,22.7,0.29153727041744903
2025-07-17 16:00:00,304.0,167.5,205.0,22.8,0.2512074107248284
2025-07-17 17:00:00,337.0,454.8,131.0,22.4,0.20844014597893648
2025-07-17 18:00:00,218.0,482.1,72.0,21.5,0.04515953704254472
2025-07-17 19:00:00,93.0,357.1,39.0,20.2,0.02721256498395976
2025-07-17 20:00:00,9.0,57.3,6.0,18.7,0.005281558980562606
2025-07-17 21:00:00,0.0,0.0,0.0,17.6,0.0
2025-07-17 22:00:00,0.0,0.0,0.0,17.2,0.0
2025-07-17 23:00:00,0.0,0.0,0.0,16.5,0.0
2025-07-18 00:00:00,0.0,0.0,0.0,15.7,0.0
2025-07-18 01:00:00,0.0,0.0,0.0,15.5,0.0
2025-07-18 02:00:00,0.0,0.0,0.0,14.9,0.0
2025-07-18 03:00:00,0.0,0.0,0.0,14.3,0.0
2025-07-18 04:00:00,2.0,0.0,2.0,14.2,0.0018433092679880404
2025-07-18 05:00:00,54.0,179.6,35.0,15.1,0.028314658105984755
2025-07-18 06:00:00,173.0,410.5,68.0,16.5,0.12226282954397426
2025-07-18 07:00:00,320.0,559.8,92.0,18.3,0.2941893774136576
2025-07-18 08:00:00,483.0,703.5,96.0,20.3,0.4845782150222959
2025-07-18 09:00:00,627.0,790.3,94.0,21.9,0.6434786118717255
2025-07-18 10:00:00,739.0,822.8,104.0,23.0,0.7535243245161449
2025-07-18 11:00:00,802.0,775.6,154.0,23.9,0.7996444169428132
2025-07-18 12:00:00,777.0,615.4,247.0,24.5,0.7514261652152515
2025-07-18 13:00:00,779.0,692.8,192.0,25.4,0.7376593574982756
2025-07-18 14:00:00,709.0,649.4,193.0,25.7,0.6462377147203626
2025-07-18 15:00:00,625.0,636.8,175.0,25.8,0.5351150548304795
2025-07-18 16:00:00,464.0,527.6,153.0,25.7,0.3569372792038026
2025-07-18 17:00:00,332.0,412.4,146.0,25.4,0.20879231768183112
2025-07-18 18:00:00,208.0,392.3,90.0,24.9,0.059163805728159324
2025-07-18 19:00:00,89.0,328.9,40.0,23.6,0.028104437269170054
2025-07-18 20:00:00,8.0,38.2,6.0,22.2,0.005258879926129897
2025-07-18 21:00:00,0.0,0.0,0.0,20.8,0.0
2025-07-18 22:00:00,0.0,0.0,0.0,20.0,0.0
2025-07-18 23:00:00,0.0,0.0,0.0,19.5,0.0
2025-07-19 00:00:00,0.0,0.0,0.0,19.1,0.0
2025-07-19 01:00:00,0.0,0.0,0.0,18.5,0.0
2025-07-19 02:00:00,0.0,0.0,0.0,18.3,0.0
2025-07-19 03:00:00,0.0,0.0,0.0,18.0,0.0
2025-07-19 04:00:00,1.0,0.0,1.0,17.8,0.0009090317765195684
2025-07-19 05:00:00,57.0,281.2,28.0,18.6,0.020835558816169143
2025-07-19 06:00:00,181.0,477.8,60.0,20.1,0.12396272494318691
2025-07-19 07:00:00,337.0,651.9,73.0,21.9,0.3077716319596214
2025-07-19 08:00:00,485.0,717.2,92.0,23.8,0.4813313359232084
2025-07-19 09:00:00,587.0,624.6,167.0,25.5,0.5852632716880523
2025-07-19 10:00:00,701.0,678.0,179.0,27.1,0.69572290241393
2025-07-19 11:00:00,794.0,778.4,145.0,28.3,0.7792527333881655
2025-07-19 12:00:00,836.0,839.9,114.0,29.3,0.8030278925142157
2025-07-19 13:00:00,736.0,566.4,257.0,29.8,0.6798537026910778
2025-07-19 14:00:00,732.0,728.9,154.0,30.5,0.6550452722660935
2025-07-19 15:00:00,580.0,495.1,231.0,31.3,0.4870189139775364
2025-07-19 16:00:00,326.0,219.5,197.0,25.8,0.26377240568611926
2025-07-19 17:00:00,256.0,191.5,170.0,26.6,0.18345259107284043
2025-07-19 18:00:00,144.0,103.8,113.0,26.3,0.09141251177098512
2025-07-19 19:00:00,46.0,61.4,37.0,25.0,0.03132069844801066
2025-07-19 20:00:00,3.0,0.0,3.0,24.1,0.0026596756872550704
2025-07-19 21:00:00,0.0,0.0,0.0,22.2,0.0
2025-07-19 22:00:00,0.0,0.0,0.0,20.9,0.0
2025-07-19 23:00:00,0.0,0.0,0.0,20.1,0.0
2025-07-20 00:00:00,0.0,0.0,0.0,19.6,0.0
2025-07-20 01:00:00,0.0,0.0,0.0,19.6,0.0
2025-07-20 02:00:00,0.0,0.0,0.0,19.1,0.0
2025-07-20 03:00:00,0.0,0.0,0.0,19.0,0.0
2025-07-20 04:00:00,1.0,0.0,1.0,18.8,0.0009054970410343748
2025-07-20 05:00:00,34.0,19.9,32.0,19.3,0.028449828589200265
2025-07-20 06:00:00,92.0,19.9,87.0,19.8,0.08047443615985109
2025-07-20 07:00:00,149.0,62.1,124.0,20.7,0.13341751145104788
2025-07-20 08:00:00,416.0,445.2,173.0,23.0,0.40344432976243183
2025-07-20 09:00:00,571.0,586.2,178.0,24.8,0.5707347923952215
2025-07-20 10:00:00,669.0,708.3,125.0,26.3,0.677696657709938
2025-07-20 11:00:00,698.0,609.3,191.0,27.1,0.690299910900238
2025-07-20 12:00:00,412.0,135.2,296.0,27.0,0.37605347911877884
2025-07-20 13:00:00,678.0,536.7,225.0,28.1,0.6379848057062052
2025-07-20 14:00:00,531.0,381.7,229.0,28.4,0.48181533389662207
2025-07-20 15:00:00,285.0,58.3,244.0,26.8,0.24475382747003727
2025-07-20 16:00:00,160.0,18.8,149.0,21.4,0.1397252656127905
2025-07-20 17:00:00,63.0,4.5,61.0,19.6,0.05570973784561076
2025-07-20 18:00:00,64.0,0.0,64.0,20.1,0.0572456894561371
2025-07-20 19:00:00,59.0,48.5,52.0,20.0,0.045123085308051585
2025-07-20 20:00:00,5.0,0.0,5.0,19.5,0.004513069825528783
2025-07-20 21:00:00,0.0,0.0,0.0,19.2,0.0
2025-07-20 22:00:00,0.0,0.0,0.0,19.2,0.0
2025-07-20 23:00:00,0.0,0.0,0.0,18.8,0.0
2025-07-21 00:00:00,0.0,0.0,0.0,18.4,0.0
2025-07-21 01:00:00,0.0,0.0,0.0,18.0,0.0
2025-07-21 02:00:00,0.0,0.0,0.0,17.9,0.0
2025-07-21 03:00:00,0.0,0.0,0.0,17.7,0.0
2025-07-21 04:00:00,1.0,0.0,1.0,17.3,0.0009107991442621654
2025-07-21 05:00:00,38.0,30.4,35.0,17.8,0.031067382880155363
2025-07-21 06:00:00,91.0,20.2,86.0,18.5,0.08003206932419464
2025-07-21 07:00:00,216.0,202.4,135.0,19.8,0.19597803519484588
2025-07-21 08:00:00,382.0,301.7,218.0,21.2,0.36418814137489386
2025-07-21 09:00:00,313.0,56.9,275.0,21.0,0.28246230326958477
2025-07-21 10:00:00,345.0,53.5,304.0,21.5,0.310234061661273
2025-07-21 11:00:00,548.0,242.1,347.0,23.3,0.5184106642952434
2025-07-21 12:00:00,503.0,182.2,347.0,24.1,0.4650787754514191
2025-07-21 13:00:00,585.0,336.0,302.0,24.1,0.5498815586109678
2025-07-21 14:00:00,466.0,222.9,290.0,21.5,0.4270071718928949
2025-07-21 15:00:00,465.0,365.0,209.0,22.2,0.4114686602765054
2025-07-21 16:00:00,326.0,248.4,181.0,20.5,0.2689089927886067
2025-07-21 17:00:00,265.0,328.1,119.0,21.7,0.17366919277101087
2025-07-21 18:00:00,151.0,255.0,76.0,21.4,0.056883686849500535
2025-07-21 19:00:00,60.0,49.4,53.0,20.5,0.04586071887819563
2025-07-21 20:00:00,5.0,19.1,4.0,18.9,0.0035946264213104935
2025-07-21 21:00:00,0.0,0.0,0.0,17.6,0.0
2025-07-21 22:00:00,0.0,0.0,0.0,17.4,0.0
2025-07-21 23:00:00,0.0,0.0,0.0,16.9,0.0
2025-07-22 00:00:00,0.0,0.0,0.0,16.7,0.0
2025-07-22 01:00:00,0.0,0.0,0.0,16.3,0.0
2025-07-22 02:00:00,0.0,0.0,0.0,15.5,0.0
2025-07-22 03:00:00,0.0,0.0,0.0,15.1,0.0
2025-07-22 04:00:00,0.0,0.0,0.0,15.0,0.0
2025-07-22 05:00:00,29.0,30.8,26.0,15.5,0.02332215046911885
2025-07-22 06:00:00,102.0,163.0,62.0,16.0,0.08038703860554589
2025-07-22 07:00:00,132.0,0.0,132.0,16.6,0.1187850224137646
2025-07-22 08:00:00,264.0,242.0,133.0,18.2,0.26206155227230293
2025-07-22 09:00:00,401.0,262.7,226.0,19.5,0.3963696968351958
2025-07-22 10:00:00,504.0,284.0,287.0,20.5,0.49471423769678863
2025-07-22 11:00:00,679.0,516.7,251.0,21.8,0.6801965231574155
2025-07-22 12:00:00,743.0,634.3,201.0,22.8,0.7375032164594632
2025-07-22 13:00:00,675.0,572.2,194.0,21.8,0.659613451682952
2025-07-22 14:00:00,385.0,243.7,193.0,21.5,0.36241006689750227
2025-07-22 15:00:00,512.0,523.3,146.0,22.4,0.45409104744855144
2025-07-22 16:00:00,321.0,367.8,107.0,20.6,0.2587478617328865
2025-07-22 17:00:00,201.0,192.0,116.0,18.6,0.1446499377732524
2025-07-22 18:00:00,140.0,233.1,72.0,19.0,0.05538135912978664
2025-07-22 19:00:00,69.0,230.0,37.0,18.8,0.028578751880223834
2025-07-22 20:00:00,5.0,19.1,4.0,18.4,0.003601655749435491
2025-07-22 21:00:00,0.0,0.0,0.0,17.8,0.0
2025-07-22 22:00:00,0.0,0.0,0.0,17.5,0.0
2025-07-22 23:00:00,0.0,0.0,0.0,17.2,0.0
2025-07-23 00:00:00,0.0,0.0,0.0,16.9,0.0
2025-07-23 01:00:00,0.0,0.0,0.0,17.2,0.0
2025-07-23 02:00:00,0.0,0.0,0.0,16.8,0.0
2025-07-23 03:00:00,0.0,0.0,0.0,16.1,0.0
2025-07-23 04:00:00,0.0,0.0,0.0,15.5,0.0
2025-07-23 05:00:00,46.0,208.0,26.0,15.6,0.020674098381194887
2025-07-23 06:00:00,154.0,354.4,68.0,16.3,0.11274524176824689
2025-07-23 07:00:00,272.0,425.1,104.0,17.3,0.25469789136792237
2025-07-23 08:00:00,402.0,489.8,138.0,18.7,0.4062485634491903
2025-07-23 09:00:00,471.0,370.4,225.0,19.9,0.4725625467352606
2025-07-23 10:00:00,447.0,246.6,259.0,20.4,0.4406923564444889
2025-07-23 11:00:00,505.0,326.7,235.0,21.1,0.507149029112557
2025-07-23 12:00:00,558.0,360.1,251.0,21.8,0.551162033705981
2025-07-23 13:00:00,496.0,299.3,245.0,22.4,0.4771566031723959
2025-07-23 14:00:00,676.0,638.8,174.0,23.5,0.6317153752676283
2025-07-23 15:00:00,530.0,546.3,149.0,22.6,0.46995195710410076
2025-07-23 16:00:00,338.0,331.2,146.0,21.0,0.2751113246946694
2025-07-23 17:00:00,232.0,263.4,116.0,21.4,0.15790299422383622
2025-07-23 18:00:00,124.0,145.2,82.0,18.6,0.06692223855788515
2025-07-23 19:00:00,44.0,117.3,28.0,17.8,0.023612488628167685
2025-07-23 20:00:00,4.0,19.1,3.0,17.5,0.002717575379142415
2025-07-23 21:00:00,0.0,0.0,0.0,17.2,0.0
2025-07-23 22:00:00,0.0,0.0,0.0,17.1,0.0
2025-07-23 23:00:00,0.0,0.0,0.0,16.9,0.0
2025-07-24 00:00:00,0.0,0.0,0.0,16.2,0.0
2025-07-24 01:00:00,0.0,0.0,0.0,16.0,0.0
2025-07-24 02:00:00,0.0,0.0,0.0,15.9,0.0
2025-07-24 03:00:00,0.0,0.0,0.0,15.4,0.0
2025-07-24 04:00:00,0.0,0.0,0.0,15.1,0.0
2025-07-24 05:00:00,23.0,42.2,19.0,15.9,0.016932394224329243
2025-07-24 06:00:00,81.0,75.0,63.0,16.6,0.06804629055215762
2025-07-24 07:00:00,218.0,229.2,128.0,17.8,0.20148596122612283
2025-07-24 08:00:00,295.0,225.5,174.0,18.7,0.28727244759349785
2025-07-24 09:00:00,431.0,241.7,271.0,19.9,0.4183061022168915
2025-07-24 10:00:00,458.0,147.3,346.0,20.8,0.4275881271374308
2025-07-24 11:00:00,505.0,213.4,329.0,21.8,0.4820876878092924
2025-07-24 12:00:00,605.0,338.5,317.0,22.8,0.5836015048953714
2025-07-24 13:00:00,467.0,329.8,191.0,21.0,0.46113232763722556
2025-07-24 14:00:00,425.0,294.7,194.0,21.2,0.4031613083821351
2025-07-24 15:00:00,596.0,595.4,182.0,22.5,0.5261730087404148
2025-07-24 16:00:00,440.0,531.7,133.0,23.0,0.3472459286140389
2025-07-24 17:00:00,329.0,547.9,89.0,23.0,0.194974874799744
2025-07-24 18:00:00,180.0,394.2,67.0,22.7,0.04509495888492838
2025-07-24 19:00:00,57.0,187.1,32.0,21.4,0.025307829450695395
2025-07-24 20:00:00,4.0,19.1,3.0,20.1,0.0026901333608347093
2025-07-24 21:00:00,0.0,0.0,0.0,19.3,0.0
2025-07-24 22:00:00,0.0,0.0,0.0,18.7,0.0
2025-07-24 23:00:00,0.0,0.0,0.0,18.1,0.0
2025-07-25 00:00:00,0.0,0.0,0.0,17.8,0.0
2025-07-25 01:00:00,0.0,0.0,0.0,17.8,0.0
2025-07-25 02:00:00,0.0,0.0,0.0,17.5,0.0
2025-07-25 03:00:00,0.0,0.0,0.0,16.8,0.0
2025-07-25 04:00:00,0.0,0.0,0.0,16.3,0.0
2025-07-25 05:00:00,43.0,203.2,24.0,16.5,0.019113339014849552
2025-07-25 06:00:00,163.0,446.9,57.0,17.5,0.11641134429183585
2025-07-25 07:00:00,313.0,602.4,78.0,19.1,0.29611155023646046
2025-07-25 08:00:00,470.0,709.4,91.0,20.8,0.48243013384166616
2025-07-25 09:00:00,598.0,736.6,112.0,22.2,0.6235658804085642
2025-07-25 10:00:00,641.0,654.2,145.0,23.4,0.6639315102573353
2025-07-25 11:00:00,701.0,658.9,159.0,24.2,0.7147864664971622
2025-07-25 12:00:00,638.0,488.9,223.0,23.7,0.6344423504027477
2025-07-25 13:00:00,672.0,598.9,172.0,24.5,0.6559022937323135
2025-07-25 14:00:00,543.0,489.9,160.0,23.1,0.5163436936180572
2025-07-25 15:00:00,502.0,491.9,161.0,22.9,0.44744897081550106
2025-07-25 16:00:00,359.0,356.4,154.0,23.0,0.2903294970276203
2025-07-25 17:00:00,280.0,427.1,94.0,22.9,0.17339646716514068
2025-07-25 18:00:00,109.0,109.2,78.0,21.2,0.06462729384201456
2025-07-25 19:00:00,43.0,84.2,32.0,20.6,0.027187720388036362
2025-07-25 20:00:00,3.0,0.0,3.0,20.1,0.0027020925130773945
2025-07-25 21:00:00,0.0,0.0,0.0,19.6,0.0
2025-07-25 22:00:00,0.0,0.0,0.0,18.7,0.0
2025-07-25 23:00:00,0.0,0.0,0.0,17.9,0.0
2025-07-26 00:00:00,0.0,0.0,0.0,17.3,0.0
2025-07-26 01:00:00,0.0,0.0,0.0,16.9,0.0
2025-07-26 02:00:00,0.0,0.0,0.0,16.2,0.0
2025-07-26 03:00:00,0.0,0.0,0.0,15.6,0.0
2025-07-26 04:00:00,0.0,0.0,0.0,15.4,0.0
2025-07-26 05:00:00,43.0,217.0,23.0,15.8,0.018203651823287367
2025-07-26 06:00:00,158.0,413.8,61.0,17.1,0.11462384293143832
2025-07-26 07:00:00,309.0,580.6,84.0,18.8,0.2933081777922739
2025-07-26 08:00:00,441.0,620.5,111.0,20.3,0.45248068646790307
2025-07-26 09:00:00,597.0,745.2,107.0,21.7,0.6266142826665837
2025-07-26 10:00:00,697.0,750.0,130.0,23.4,0.7228573215348031
2025-07-26 11:00:00,608.0,444.8,243.0,24.0,0.6091435482818417
2025-07-26 12:00:00,641.0,525.5,196.0,24.4,0.6414731688976075
2025-07-26 13:00:00,673.0,570.3,198.0,24.9,0.6538571216288969
2025-07-26 14:00:00,382.0,142.4,271.0,24.5,0.3450755173497736
2025-07-26 15:00:00,461.0,429.8,164.0,25.2,0.4089550613112216
2025-07-26 16:00:00,447.0,511.6,154.0,25.6,0.35206590471814075
2025-07-26 17:00:00,276.0,392.7,106.0,25.1,0.17385480989961022
2025-07-26 18:00:00,147.0,277.4,69.0,24.2,0.05037229003589898
2025-07-26 19:00:00,38.0,101.8,25.0,22.3,0.020940128680424202
2025-07-26 20:00:00,3.0,0.0,3.0,21.6,0.002686186203394023
2025-07-26 21:00:00,0.0,0.0,0.0,20.7,0.0
2025-07-26 22:00:00,0.0,0.0,0.0,20.2,0.0
2025-07-26 23:00:00,0.0,0.0,0.0,19.7,0.0
2025-07-27 00:00:00,0.0,0.0,0.0,19.2,0.0
2025-07-27 01:00:00,0.0,0.0,0.0,18.5,0.0
2025-07-27 02:00:00,0.0,0.0,0.0,17.8,0.0
2025-07-27 03:00:00,0.0,0.0,0.0,17.5,0.0
2025-07-27 04:00:00,0.0,0.0,0.0,17.0,0.0
2025-07-27 05:00:00,18.0,11.0,17.0,17.0,0.015375312197808593
2025-07-27 06:00:00,80.0,34.5,72.0,17.6,0.06981497368404874
2025-07-27 07:00:00,161.0,98.7,123.0,18.1,0.14775255298621942
2025-07-27 08:00:00,153.0,30.2,137.0,18.2,0.14062682989848718
2025-07-27 09:00:00,327.0,241.1,169.0,19.8,0.33228268873312566
2025-07-27 10:00:00,486.0,338.3,231.0,20.9,0.49357041045568983
2025-07-27 11:00:00,383.0,119.7,285.0,21.1,0.3614641941938644
2025-07-27 12:00:00,628.0,466.4,234.0,22.1,0.6294965238373402
2025-07-27 13:00:00,659.0,530.8,218.0,22.7,0.645587372224075
2025-07-27 14:00:00,502.0,198.1,348.0,22.4,0.4547061276241995
2025-07-27 15:00:00,428.0,265.7,245.0,22.1,0.3815680227972227
2025-07-27 16:00:00,329.0,235.0,195.0,20.4,0.2752393883318662
2025-07-27 17:00:00,159.0,79.0,125.0,20.9,0.1271088024108095
2025-07-27 18:00:00,127.0,172.5,79.0,20.7,0.06275941450681323
2025-07-27 19:00:00,38.0,72.2,29.0,19.8,0.0249291609104438
2025-07-27 20:00:00,2.0,0.0,2.0,18.8,0.0018107897015242585
2025-07-27 21:00:00,0.0,0.0,0.0,18.2,0.0
2025-07-27 22:00:00,0.0,0.0,0.0,17.7,0.0
2025-07-27 23:00:00,0.0,0.0,0.0,16.9,0.0
2025-07-28 00:00:00,0.0,0.0,0.0,16.4,0.0
2025-07-28 01:00:00,0.0,0.0,0.0,15.2,0.0
2025-07-28 02:00:00,0.0,0.0,0.0,14.8,0.0
2025-07-28 03:00:00,0.0,0.0,0.0,14.4,0.0
2025-07-28 04:00:00,0.0,0.0,0.0,14.0,0.0
2025-07-28 05:00:00,32.0,134.3,20.0,14.4,0.01689165973549196
2025-07-28 06:00:00,143.0,354.2,62.0,15.1,0.10730828431057701
2025-07-28 07:00:00,240.0,327.1,115.0,16.0,0.22846000796797178
2025-07-28 08:00:00,316.0,326.4,144.0,17.1,0.3218911734196023
2025-07-28 09:00:00,461.0,392.1,205.0,18.6,0.4748708712620605
2025-07-28 10:00:00,235.0,0.0,235.0,18.7,0.2072554278561875
2025-07-28 11:00:00,304.0,38.0,273.0,19.9,0.2754024270088091
2025-07-28 12:00:00,256.0,3.6,253.0,20.4,0.2246835731944499
2025-07-28 13:00:00,726.0,697.6,148.0,22.0,0.7209375593214137
2025-07-28 14:00:00,581.0,532.7,168.0,21.1,0.5592422186526084
2025-07-28 15:00:00,391.0,310.4,178.0,20.6,0.3555677116068875
2025-07-28 16:00:00,340.0,403.4,111.0,20.0,0.27816292484763105
2025-07-28 17:00:00,224.0,308.8,92.0,19.8,0.14832606229088205
2025-07-28 18:00:00,125.0,218.0,65.0,17.6,0.05092897121337808
2025-07-28 19:00:00,47.0,123.6,32.0,17.2,0.026820485681535656
2025-07-28 20:00:00,2.0,0.0,2.0,16.7,0.0018256355905620718
2025-07-28 21:00:00,0.0,0.0,0.0,16.4,0.0
2025-07-28 22:00:00,0.0,0.0,0.0,15.9,0.0
2025-07-28 23:00:00,0.0,0.0,0.0,15.4,0.0
2025-07-29 00:00:00,0.0,0.0,0.0,14.9,0.0
2025-07-29 01:00:00,0.0,0.0,0.0,14.4,0.0
2025-07-29 02:00:00,0.0,0.0,0.0,13.8,0.0
2025-07-29 03:00:00,0.0,0.0,0.0,13.5,0.0
2025-07-29 04:00:00,0.0,0.0,0.0,13.2,0.0
2025-07-29 05:00:00,29.0,125.1,18.0,13.9,0.015352169752477258
2025-07-29 06:00:00,112.0,234.8,59.0,14.5,0.08784124785385092
2025-07-29 07:00:00,180.0,181.9,111.0,15.3,0.17066491442997198
2025-07-29 08:00:00,194.0,62.9,161.0,15.9,0.18289697965457183
2025-07-29 09:00:00,509.0,530.4,164.0,17.7,0.540027411467696
2025-07-29 10:00:00,487.0,301.6,261.0,18.8,0.49298207762807
2025-07-29 11:00:00,485.0,223.6,303.0,19.9,0.4748974925673783
2025-07-29 12:00:00,173.0,0.0,173.0,17.8,0.15422172359694142
2025-07-29 13:00:00,321.0,173.1,178.0,17.9,0.31847870283576374
2025-07-29 14:00:00,537.0,498.1,152.0,19.4,0.5246317445474212
2025-07-29 15:00:00,447.0,410.9,166.0,19.3,0.40965018581412427
2025-07-29 16:00:00,218.0,125.7,147.0,16.8,0.1891378631252821
2025-07-29 17:00:00,276.0,409.8,102.0,17.8,0.17883618204919333
2025-07-29 18:00:00,167.0,319.7,80.0,17.8,0.057538499216554524
2025-07-29 19:00:00,24.0,16.9,22.0,16.7,0.019841583356820906
2025-07-29 20:00:00,2.0,0.0,2.0,16.3,0.0018284633789502269
2025-07-29 21:00:00,0.0,0.0,0.0,15.7,0.0
2025-07-29 22:00:00,0.0,0.0,0.0,15.2,0.0
2025-07-29 23:00:00,0.0,0.0,0.0,15.1,0.0
2025-07-30 00:00:00,0.0,0.0,0.0,15.0,0.0
2025-07-30 01:00:00,0.0,0.0,0.0,15.6,0.0
2025-07-30 02:00:00,0.0,0.0,0.0,15.5,0.0
2025-07-30 03:00:00,0.0,0.0,0.0,15.1,0.0
2025-07-30 04:00:00,0.0,0.0,0.0,14.6,0.0
2025-07-30 05:00:00,34.0,173.5,19.0,14.3,0.015649462450712085
2025-07-30 06:00:00,125.0,305.4,57.0,14.9,0.09601706674005656
2025-07-30 07:00:00,261.0,459.4,88.0,16.2,0.25462623630199044
2025-07-30 08:00:00,416.0,506.0,152.0,17.8,0.42947155542592425
2025-07-30 09:00:00,440.0,293.2,250.0,18.7,0.44162564092712625
2025-07-30 10:00:00,618.0,555.6,203.0,20.0,0.6477141130090334
2025-07-30 11:00:00,640.0,556.8,188.0,20.5,0.6688827435546947
2025-07-30 12:00:00,698.0,563.2,226.0,21.1,0.7083323271681135
2025-07-30 13:00:00,545.0,371.4,239.0,21.2,0.537345314294409
2025-07-30 14:00:00,564.0,441.3,224.0,21.4,0.5389438702929594
2025-07-30 15:00:00,487.0,478.6,161.0,21.4,0.4429247822011442
2025-07-30 16:00:00,418.0,498.1,138.0,22.3,0.338098911212513
2025-07-30 17:00:00,297.0,410.4,124.0,21.8,0.19312830640797182
2025-07-30 18:00:00,172.0,338.4,81.0,20.0,0.05684238927580897
2025-07-30 19:00:00,53.0,87.3,43.0,18.2,0.036626765621096596
2025-07-30 20:00:00,2.0,0.0,2.0,17.3,0.0018213939079798395
2025-07-30 21:00:00,0.0,0.0,0.0,16.4,0.0
2025-07-30 22:00:00,0.0,0.0,0.0,15.8,0.0
2025-07-30 23:00:00,0.0,0.0,0.0,15.2,0.0
2025-07-31 00:00:00,0.0,0.0,0.0,14.5,0.0
2025-07-31 01:00:00,0.0,0.0,0.0,15.3,0.0
2025-07-31 02:00:00,0.0,0.0,0.0,15.3,0.0
2025-07-31 03:00:00,0.0,0.0,0.0,15.8,0.0
2025-07-31 04:00:00,0.0,0.0,0.0,15.1,0.0
2025-07-31 05:00:00,10.0,0.0,10.0,15.3,0.009169489027823411
2025-07-31 06:00:00,25.0,0.0,25.0,15.3,0.02288540121746638
2025-07-31 07:00:00,46.0,0.0,46.0,15.6,0.04196164308745309
2025-07-31 08:00:00,96.0,0.0,96.0,16.2,0.08687801063352327
2025-07-31 09:00:00,427.0,404.3,166.0,19.0,0.4503755769740223
2025-07-31 10:00:00,544.0,427.1,226.0,20.5,0.5638628726067209
2025-07-31 11:00:00,576.0,397.8,254.0,21.8,0.5854971318956074
2025-07-31 12:00:00,226.0,0.0,226.0,20.6,0.1980080255346966
2025-07-31 13:00:00,363.0,180.1,215.0,19.6,0.3544591391872803
2025-07-31 14:00:00,496.0,403.7,186.0,21.2,0.47995022248414804
2025-07-31 15:00:00,283.0,160.7,174.0,21.1,0.2573217445946059
2025-07-31 16:00:00,161.0,53.6,131.0,20.6,0.1402171597372281
2025-07-31 17:00:00,193.0,131.4,138.0,20.1,0.14912408863402807
2025-07-31 18:00:00,89.0,26.4,82.0,18.6,0.07239733477780934
2025-07-31 19:00:00,14.0,0.0,14.0,17.8,0.012707846241725239
2025-07-31 20:00:00,1.0,0.0,1.0,17.5,0.0009100921971651267
2025-07-31 21:00:00,0.0,0.0,0.0,16.7,0.0
2025-07-31 22:00:00,0.0,0.0,0.0,16.5,0.0
2025-07-31 23:00:00,0.0,0.0,0.0,16.0,0.0
2025-08-01 00:00:00,0.0,0.0,0.0,16.0,0.0
2025-08-01 01:00:00,0.0,0.0,0.0,16.1,0.0
2025-08-01 02:00:00,0.0,0.0,0.0,15.5,0.0
2025-08-01 03:00:00,0.0,0.0,0.0,14.9,0.0
2025-08-01 04:00:00,0.0,0.0,0.0,14.7,0.0
2025-08-01 05:00:00,23.0,59.9,18.0,14.7,0.015936236752083978
2025-08-01 06:00:00,93.0,83.2,75.0,15.4,0.07970112429163488
2025-08-01 07:00:00,214.0,261.6,117.0,16.7,0.20503508914548915
2025-08-01 08:00:00,357.0,350.6,176.0,17.8,0.36284687966935786
2025-08-01 09:00:00,279.0,32.7,258.0,18.5,0.25261708876251715
2025-08-01 10:00:00,264.0,36.4,237.0,19.1,0.24165790434176856
2025-08-01 11:00:00,259.0,28.5,236.0,19.4,0.2354105078915018
2025-08-01 12:00:00,332.0,78.0,267.0,20.0,0.3096443095647818
2025-08-01 13:00:00,344.0,140.4,229.0,18.0,0.3329495901817121
2025-08-01 14:00:00,386.0,219.5,218.0,17.7,0.3718255472799269
2025-08-01 15:00:00,416.0,257.5,242.0,18.8,0.3796871335918563
2025-08-01 16:00:00,340.0,311.0,167.0,19.3,0.28594434337882957
2025-08-01 17:00:00,165.0,113.2,118.0,16.1,0.13038332772957967
2025-08-01 18:00:00,91.0,53.4,77.0,16.6,0.0673800264372566
2025-08-01 19:00:00,53.0,204.9,31.0,16.2,0.024604802597301068
2025-08-01 20:00:00,1.0,0.0,1.0,15.6,0.0009168081945869947
2025-08-01 21:00:00,0.0,0.0,0.0,15.2,0.0
2025-08-01 22:00:00,0.0,0.0,0.0,14.7,0.0
2025-08-01 23:00:00,0.0,0.0,0.0,14.2,0.0
2025-08-02 00:00:00,0.0,0.0,0.0,13.7,0.0
2025-08-02 01:00:00,0.0,0.0,0.0,13.6,0.0
2025-08-02 02:00:00,0.0,0.0,0.0,13.2,0.0
2025-08-02 03:00:00,0.0,0.0,0.0,13.1,0.0
2025-08-02 04:00:00,0.0,0.0,0.0,13.0,0.0
2025-08-02 05:00:00,25.0,97.7,17.0,13.2,0.014792433709338065
2025-08-02 06:00:00,96.0,121.9,70.0,14.0,0.08107347047798295
2025-08-02 07:00:00,92.0,0.0,92.0,14.5,0.08384853217386387
2025-08-02 08:00:00,139.0,42.8,117.0,15.1,0.1322765200389989
2025-08-02 09:00:00,127.0,0.0,127.0,15.6,0.11479939197607217
2025-08-02 10:00:00,447.0,275.8,243.0,18.1,0.4584102047297659
2025-08-02 11:00:00,262.0,75.8,201.0,17.3,0.2534214264593817
2025-08-02 12:00:00,464.0,312.9,204.0,18.1,0.4802867277188747
2025-08-02 13:00:00,494.0,202.1,329.0,18.4,0.4723963212986659
2025-08-02 14:00:00,429.0,170.5,299.0,19.6,0.3987025523420338
2025-08-02 15:00:00,276.0,118.9,196.0,17.4,0.25312051461788737
2025-08-02 16:00:00,209.0,103.0,152.0,17.3,0.18281562892205738
2025-08-02 17:00:00,288.0,432.1,110.0,18.0,0.18852316023500199
2025-08-02 18:00:00,141.0,278.5,69.0,17.6,0.051522161070000114
2025-08-02 19:00:00,47.0,153.9,31.0,16.6,0.025462533244537358
2025-08-02 20:00:00,1.0,0.0,1.0,15.9,0.0009157477739414365
2025-08-02 21:00:00,0.0,0.0,0.0,15.1,0.0
2025-08-02 22:00:00,0.0,0.0,0.0,14.6,0.0
2025-08-02 23:00:00,0.0,0.0,0.0,14.5,0.0
2025-08-03 00:00:00,0.0,0.0,0.0,14.5,0.0
2025-08-03 01:00:00,0.0,0.0,0.0,14.5,0.0
2025-08-03 02:00:00,0.0,0.0,0.0,14.5,0.0
2025-08-03 03:00:00,0.0,0.0,0.0,14.4,0.0
2025-08-03 04:00:00,0.0,0.0,0.0,14.3,0.0
2025-08-03 05:00:00,11.0,0.0,11.0,14.3,0.010124195927948183
2025-08-03 06:00:00,47.0,0.0,47.0,14.6,0.043035182344797585
2025-08-03 07:00:00,133.0,57.6,112.0,15.2,0.12390454986883248
2025-08-03 08:00:00,226.0,101.8,174.0,16.1,0.21774513477730792
2025-08-03 09:00:00,446.0,476.7,142.0,17.8,0.4844674816648534
2025-08-03 10:00:00,708.0,782.9,131.0,19.7,0.7630370841964919
2025-08-03 11:00:00,781.0,842.8,105.0,20.7,0.8293468501129874
2025-08-03 12:00:00,622.0,458.8,242.0,21.2,0.6344986028179029
2025-08-03 13:00:00,451.0,251.9,246.0,21.5,0.4412951526118805
2025-08-03 14:00:00,471.0,248.7,282.0,21.8,0.44194266082033734
2025-08-03 15:00:00,477.0,394.1,213.0,22.2,0.4342987212579448
2025-08-03 16:00:00,312.0,203.6,200.0,21.8,0.2642814902295187
2025-08-03 17:00:00,194.0,83.2,160.0,21.0,0.15737823984116064
2025-08-03 18:00:00,99.0,109.8,71.0,20.1,0.05910586857738988
2025-08-03 19:00:00,31.0,48.9,26.0,19.5,0.022705179306291005
2025-08-03 20:00:00,1.0,0.0,1.0,18.4,0.0009069109352284523
2025-08-03 21:00:00,0.0,0.0,0.0,17.8,0.0
2025-08-03 22:00:00,0.0,0.0,0.0,17.5,0.0
2025-08-03 23:00:00,0.0,0.0,0.0,16.6,0.0
2025-08-04 00:00:00,0.0,0.0,0.0,16.2,0.0
2025-08-04 01:00:00,0.0,0.0,0.0,16.4,0.0
2025-08-04 02:00:00,0.0,0.0,0.0,16.6,0.0
2025-08-04 03:00:00,0.0,0.0,0.0,16.7,0.0
2025-08-04 04:00:00,0.0,0.0,0.0,16.7,0.0
2025-08-04 05:00:00,8.0,0.0,8.0,16.8,0.007294809440792336
2025-08-04 06:00:00,34.0,0.0,34.0,17.3,0.03085251341945391
2025-08-04 07:00:00,99.0,8.3,96.0,18.2,0.08940075670639823
2025-08-04 08:00:00,320.0,328.8,153.0,19.6,0.3286543220688255
2025-08-04 09:00:00,334.0,226.8,190.0,20.4,0.3400380237409601
2025-08-04 10:00:00,347.0,95.3,277.0,21.0,0.3261482254680182
2025-08-04 11:00:00,216.0,0.0,216.0,21.1,0.1890855880312891
2025-08-04 12:00:00,666.0,508.7,246.0,23.8,0.6729894783286984
2025-08-04 13:00:00,665.0,548.6,220.0,24.6,0.6584988948570513
2025-08-04 14:00:00,506.0,306.5,274.0,24.6,0.4740432895908722
2025-08-04 15:00:00,424.0,215.9,280.0,24.4,0.37677589487772284
2025-08-04 16:00:00,226.0,32.9,208.0,23.4,0.19503980040600766
2025-08-04 17:00:00,52.0,0.0,52.0,22.2,0.046189896298009576
2025-08-04 18:00:00,86.0,43.8,75.0,22.1,0.06463442561157842
2025-08-04 19:00:00,23.0,19.9,21.0,21.6,0.018543189479902366
2025-08-04 20:00:00,0.0,0.0,0.0,21.4,0.0
2025-08-04 21:00:00,0.0,0.0,0.0,20.6,0.0
2025-08-04 22:00:00,0.0,0.0,0.0,20.0,0.0
2025-08-04 23:00:00,0.0,0.0,0.0,19.8,0.0
2025-08-05 00:00:00,0.0,0.0,0.0,19.7,0.0
2025-08-05 01:00:00,0.0,0.0,0.0,18.4,0.0
2025-08-05 02:00:00,0.0,0.0,0.0,17.7,0.0
2025-08-05 03:00:00,0.0,0.0,0.0,17.3,0.0
2025-08-05 04:00:00,0.0,0.0,0.0,17.1,0.0
2025-08-05 05:00:00,6.0,0.0,6.0,17.1,0.005465970839987852
2025-08-05 06:00:00,25.0,0.0,25.0,17.3,0.022708664443206697
2025-08-05 07:00:00,71.0,0.0,71.0,17.5,0.06410866034566272
2025-08-05 08:00:00,91.0,0.0,91.0,17.4,0.08201361770524926
2025-08-05 09:00:00,332.0,221.5,192.0,18.6,0.34048522538375503
2025-08-05 10:00:00,730.0,840.5,115.0,20.3,0.7906480083921293
2025-08-05 11:00:00,730.0,716.6,159.0,20.6,0.7768608146939541
2025-08-05 12:00:00,761.0,727.8,162.0,21.1,0.7920745945499078
2025-08-05 13:00:00,694.0,619.7,193.0,21.4,0.7021016722109377
2025-08-05 14:00:00,617.0,556.9,197.0,21.1,0.6025736002634273
2025-08-05 15:00:00,544.0,571.0,165.0,20.7,0.5030958050904047
2025-08-05 16:00:00,406.0,511.5,128.0,20.0,0.3377733653918497
2025-08-05 17:00:00,293.0,498.2,93.0,19.4,0.18630540578506935
2025-08-05 18:00:00,152.0,367.9,61.0,18.2,0.042607552336128195
2025-08-05 19:00:00,47.0,233.4,24.0,16.8,0.018722307961393854
2025-08-05 20:00:00,0.0,0.0,0.0,15.9,0.0
2025-08-05 21:00:00,0.0,0.0,0.0,15.3,0.0
2025-08-05 22:00:00,0.0,0.0,0.0,14.7,0.0
2025-08-05 23:00:00,0.0,0.0,0.0,14.3,0.0
2025-08-06 00:00:00,0.0,0.0,0.0,13.9,0.0
2025-08-06 01:00:00,0.0,0.0,0.0,13.4,0.0
2025-08-06 02:00:00,0.0,0.0,0.0,13.1,0.0
2025-08-06 03:00:00,0.0,0.0,0.0,12.6,0.0
2025-08-06 04:00:00,0.0,0.0,0.0,12.2,0.0
2025-08-06 05:00:00,24.0,132.5,14.0,12.4,0.011985018077426007
2025-08-06 06:00:00,135.0,424.7,50.0,13.5,0.10680770815531042
2025-08-06 07:00:00,287.0,604.6,72.0,15.2,0.2960146097950623
2025-08-06 08:00:00,447.0,719.1,86.0,17.0,0.4928061328324527
2025-08-06 09:00:00,591.0,788.1,95.0,18.6,0.6564374321156876
2025-08-06 10:00:00,706.0,829.9,101.0,20.0,0.7725947269707013
2025-08-06 11:00:00,747.0,773.2,133.0,21.0,0.7988838848074477
2025-08-06 12:00:00,481.0,237.7,286.0,20.7,0.47605862148370637
2025-08-06 13:00:00,594.0,446.9,234.0,21.7,0.5966344408808866
2025-08-06 14:00:00,410.0,149.1,298.0,21.3,0.37859783019164067
2025-08-06 15:00:00,414.0,204.4,279.0,21.5,0.3734586028418298
2025-08-06 16:00:00,360.0,362.9,164.0,21.3,0.3029598710760694
2025-08-06 17:00:00,285.0,467.6,99.0,21.3,0.1829262694736327
2025-08-06 18:00:00,176.0,492.9,56.0,20.7,0.03512597990906166
2025-08-06 19:00:00,48.0,248.4,24.0,18.7,0.018373665017891658
2025-08-06 20:00:00,0.0,0.0,0.0,17.4,0.0
2025-08-06 21:00:00,0.0,0.0,0.0,17.0,0.0
2025-08-06 22:00:00,0.0,0.0,0.0,16.0,0.0
2025-08-06 23:00:00,0.0,0.0,0.0,15.2,0.0
2025-08-07 00:00:00,0.0,0.0,0.0,15.4,0.0
2025-08-07 01:00:00,0.0,0.0,0.0,14.7,0.0
2025-08-07 02:00:00,0.0,0.0,0.0,14.5,0.0
2025-08-07 03:00:00,0.0,0.0,0.0,14.3,0.0
2025-08-07 04:00:00,0.0,0.0,0.0,13.8,0.0
2025-08-07 05:00:00,15.0,27.1,13.0,14.4,0.01177382640499724
2025-08-07 06:00:00,55.0,20.3,51.0,15.1,0.04948532490876266
2025-08-07 07:00:00,210.0,272.4,114.0,16.7,0.20682706468597692
2025-08-07 08:00:00,401.0,575.1,114.0,18.9,0.4349606642498347
2025-08-07 09:00:00,572.0,715.1,124.0,21.0,0.6266965905130192
2025-08-07 10:00:00,707.0,839.9,97.0,22.9,0.7669907725062043
2025-08-07 11:00:00,779.0,849.2,107.0,23.8,0.8258737793368139
2025-08-07 12:00:00,812.0,868.6,102.0,24.5,0.8398452720782854
2025-08-07 13:00:00,744.0,671.5,205.0,25.3,0.7399539739864384
2025-08-07 14:00:00,634.0,518.7,246.0,25.4,0.6048249556264645
2025-08-07 15:00:00,506.0,403.2,241.0,25.2,0.45758329247527896
2025-08-07 16:00:00,312.0,139.8,237.0,24.7,0.264411300353621
2025-08-07 17:00:00,223.0,205.6,142.0,24.1,0.16364979235364352
2025-08-07 18:00:00,89.0,29.2,82.0,22.9,0.07102779772656305
2025-08-07 19:00:00,29.0,31.7,26.0,21.6,0.02275909709925799
2025-08-07 20:00:00,0.0,0.0,0.0,21.0,0.0
2025-08-07 21:00:00,0.0,0.0,0.0,20.1,0.0
2025-08-07 22:00:00,0.0,0.0,0.0,19.1,0.0
2025-08-07 23:00:00,0.0,0.0,0.0,18.4,0.0
2025-08-08 00:00:00,0.0,0.0,0.0,17.9,0.0
2025-08-08 01:00:00,0.0,0.0,0.0,19.5,0.0
2025-08-08 02:00:00,0.0,0.0,0.0,19.1,0.0
2025-08-08 03:00:00,0.0,0.0,0.0,18.9,0.0
2025-08-08 04:00:00,0.0,0.0,0.0,18.5,0.0
2025-08-08 05:00:00,13.0,27.7,11.0,18.5,0.009811392521081097
2025-08-08 06:00:00,61.0,20.7,57.0,19.1,0.05409535706904457
2025-08-08 07:00:00,175.0,143.2,125.0,20.1,0.16527681878907566
2025-08-08 08:00:00,293.0,227.8,180.0,21.3,0.29235785003252945
2025-08-08 09:00:00,200.0,4.8,197.0,21.2,0.17651525093315287
2025-08-08 10:00:00,291.0,15.2,280.0,22.1,0.2560422104382058
2025-08-08 11:00:00,308.0,63.4,258.0,22.6,0.2846698589681838
2025-08-08 12:00:00,313.0,36.8,283.0,23.2,0.27963391106896357
2025-08-08 13:00:00,397.0,90.0,325.0,23.5,0.3605177838327836
2025-08-08 14:00:00,345.0,98.0,272.0,23.8,0.31292385526606376
2025-08-08 15:00:00,478.0,356.3,245.0,24.8,0.43353790611567034
2025-08-08 16:00:00,258.0,61.9,225.0,24.3,0.221196537625934
2025-08-08 17:00:00,177.0,48.7,158.0,24.0,0.14690342791397765
2025-08-08 18:00:00,110.0,63.7,95.0,23.3,0.08012059457073961
2025-08-08 19:00:00,35.0,64.7,29.0,21.6,0.024821820540360855
2025-08-08 20:00:00,0.0,0.0,0.0,20.6,0.0
2025-08-08 21:00:00,0.0,0.0,0.0,19.9,0.0
2025-08-08 22:00:00,0.0,0.0,0.0,18.9,0.0
2025-08-08 23:00:00,0.0,0.0,0.0,17.6,0.0
2025-08-09 00:00:00,0.0,0.0,0.0,16.8,0.0
2025-08-09 01:00:00,0.0,0.0,0.0,16.4,0.0
2025-08-09 02:00:00,0.0,0.0,0.0,15.5,0.0
2025-08-09 03:00:00,0.0,0.0,0.0,15.0,0.0
2025-08-09 04:00:00,0.0,0.0,0.0,14.7,0.0
2025-08-09 05:00:00,16.0,28.4,14.0,15.3,0.012618194431220166
2025-08-09 06:00:00,81.0,31.6,75.0,16.3,0.07227053155030641
2025-08-09 07:00:00,183.0,127.2,139.0,18.0,0.17286337808383273
2025-08-09 08:00:00,267.0,93.3,221.0,19.8,0.2503355955132735
2025-08-09 09:00:00,393.0,219.1,257.0,21.6,0.39033508993103755
2025-08-09 10:00:00,686.0,796.6,112.0,24.2,0.7447033778756551
2025-08-09 11:00:00,764.0,841.3,103.0,25.8,0.8099672276149814
2025-08-09 12:00:00,793.0,848.9,104.0,26.8,0.818550814698194
2025-08-09 13:00:00,775.0,842.2,104.0,27.0,0.7784114993778083
2025-08-09 14:00:00,711.0,821.1,102.0,27.1,0.6883585836610099
2025-08-09 15:00:00,613.0,802.4,91.0,27.3,0.557428734528571
2025-08-09 16:00:00,481.0,748.1,85.0,26.9,0.38748800578285597
2025-08-09 17:00:00,324.0,644.5,75.0,25.8,0.19430076213366543
2025-08-09 18:00:00,168.0,497.2,53.0,24.7,0.032632465535419444
2025-08-09 19:00:00,40.0,220.6,20.0,22.8,0.015435760636105807
2025-08-09 20:00:00,0.0,0.0,0.0,20.5,0.0
2025-08-09 21:00:00,0.0,0.0,0.0,19.3,0.0
2025-08-09 22:00:00,0.0,0.0,0.0,18.3,0.0
2025-08-09 23:00:00,0.0,0.0,0.0,17.4,0.0
2025-08-10 00:00:00,0.0,0.0,0.0,16.6,0.0
2025-08-10 01:00:00,0.0,0.0,0.0,15.5,0.0
2025-08-10 02:00:00,0.0,0.0,0.0,14.3,0.0
2025-08-10 03:00:00,0.0,0.0,0.0,13.9,0.0
2025-08-10 04:00:00,0.0,0.0,0.0,13.5,0.0
2025-08-10 05:00:00,18.0,101.9,11.0,13.8,0.009574556643762335
2025-08-10 06:00:00,125.0,418.5,47.0,15.2,0.10235934759352694
2025-08-10 07:00:00,275.0,601.1,69.0,17.4,0.2899073773743447
2025-08-10 08:00:00,432.0,710.5,84.0,19.5,0.4823768050794369
2025-08-10 09:00:00,575.0,778.7,94.0,21.5,0.6427426878476948
2025-08-10 10:00:00,689.0,820.7,100.0,23.1,0.7561766348295627
2025-08-10 11:00:00,763.0,836.7,108.0,24.4,0.8161643795614488
2025-08-10 12:00:00,792.0,844.6,109.0,25.5,0.8245663602369473
2025-08-10 13:00:00,665.0,580.9,204.0,25.8,0.6688851242945536
2025-08-10 14:00:00,678.0,713.7,151.0,26.4,0.6595425526481188
2025-08-10 15:00:00,576.0,697.0,125.0,26.5,0.5288867648719466
2025-08-10 16:00:00,452.0,669.7,100.0,26.1,0.36916879386355556
2025-08-10 17:00:00,304.0,591.1,78.0,25.5,0.1855780823201374
2025-08-10 18:00:00,147.0,400.7,56.0,25.0,0.037124556034106755
2025-08-10 19:00:00,37.0,203.2,19.0,23.7,0.014802253378667049
2025-08-10 20:00:00,0.0,0.0,0.0,22.2,0.0
2025-08-10 21:00:00,0.0,0.0,0.0,21.2,0.0
2025-08-10 22:00:00,0.0,0.0,0.0,20.3,0.0
2025-08-10 23:00:00,0.0,0.0,0.0,19.5,0.0
2025-08-11 00:00:00,0.0,0.0,0.0,18.7,0.0
2025-08-11 01:00:00,0.0,0.0,0.0,17.5,0.0
2025-08-11 02:00:00,0.0,0.0,0.0,16.7,0.0
2025-08-11 03:00:00,0.0,0.0,0.0,16.0,0.0
2025-08-11 04:00:00,0.0,0.0,0.0,15.8,0.0
2025-08-11 05:00:00,17.0,104.5,10.0,16.1,0.008627927012769841
2025-08-11 06:00:00,123.0,426.5,45.0,17.4,0.10092880082884255
2025-08-11 07:00:00,275.0,615.8,66.0,19.6,0.2902431776929566
2025-08-11 08:00:00,434.0,727.3,80.0,21.9,0.48330407395008784
2025-08-11 09:00:00,576.0,792.2,89.0,24.1,0.6403351648170991
2025-08-11 10:00:00,691.0,832.5,96.0,25.8,0.7525479164240199
2025-08-11 11:00:00,766.0,855.3,99.0,27.1,0.8129794645513622
2025-08-11 12:00:00,795.0,862.6,100.0,28.2,0.8206889811441754
2025-08-11 13:00:00,776.0,856.5,99.0,28.8,0.7783216236234647
2025-08-11 14:00:00,712.0,839.3,95.0,29.3,0.6874167982784973
2025-08-11 15:00:00,607.0,803.4,90.0,29.6,0.5508716583062654
2025-08-11 16:00:00,470.0,743.6,82.0,29.6,0.3776789338950486
2025-08-11 17:00:00,314.0,647.6,69.0,29.3,0.18602915904853073
2025-08-11 18:00:00,158.0,484.7,50.0,28.1,0.03076633262846093
2025-08-11 19:00:00,35.0,208.1,17.0,25.6,0.013141662604892385
2025-08-11 20:00:00,0.0,0.0,0.0,23.9,0.0
2025-08-11 21:00:00,0.0,0.0,0.0,23.0,0.0
2025-08-11 22:00:00,0.0,0.0,0.0,22.1,0.0
2025-08-11 23:00:00,0.0,0.0,0.0,21.6,0.0
2025-08-12 00:00:00,0.0,0.0,0.0,21.1,0.0
2025-08-12 01:00:00,0.0,0.0,0.0,18.6,0.0
2025-08-12 02:00:00,0.0,0.0,0.0,18.1,0.0
2025-08-12 03:00:00,0.0,0.0,0.0,17.2,0.0
2025-08-12 04:00:00,0.0,0.0,0.0,17.3,0.0
2025-08-12 05:00:00,16.0,107.3,9.0,17.6,0.007722713580715224
2025-08-12 06:00:00,121.0,434.9,43.0,19.1,0.09977025005864432
2025-08-12 07:00:00,272.0,618.9,64.0,21.6,0.28743095681250114
2025-08-12 08:00:00,429.0,725.9,78.0,23.8,0.4772447646463679
2025-08-12 09:00:00,566.0,773.3,93.0,26.0,0.626644078115444
2025-08-12 10:00:00,684.0,831.8,92.0,28.2,0.7409798045939384
2025-08-12 11:00:00,752.0,841.9,98.0,29.9,0.7922280314450243
2025-08-12 12:00:00,780.0,847.2,100.0,31.1,0.7986498076304323
2025-08-12 13:00:00,768.0,851.1,98.0,31.5,0.7641173698836742
2025-08-12 14:00:00,697.0,822.7,95.0,32.0,0.6682566269809248
2025-08-12 15:00:00,592.0,784.5,90.0,32.1,0.5342403932071306
2025-08-12 16:00:00,458.0,727.9,81.0,31.9,0.36640711022424133
2025-08-12 17:00:00,304.0,628.0,69.0,31.5,0.1797582006281908
2025-08-12 18:00:00,151.0,462.3,50.0,30.3,0.031025100430875713
2025-08-12 19:00:00,32.0,177.8,17.0,28.3,0.013251824930457044
2025-08-12 20:00:00,0.0,0.0,0.0,27.2,0.0
2025-08-12 21:00:00,0.0,0.0,0.0,26.5,0.0
2025-08-12 22:00:00,0.0,0.0,0.0,25.7,0.0
2025-08-12 23:00:00,0.0,0.0,0.0,24.8,0.0
2025-08-13 00:00:00,0.0,0.0,0.0,24.0,0.0
2025-08-13 01:00:00,0.0,0.0,0.0,22.9,0.0
2025-08-13 02:00:00,0.0,0.0,0.0,22.1,0.0
2025-08-13 03:00:00,0.0,0.0,0.0,21.3,0.0
2025-08-13 04:00:00,0.0,0.0,0.0,20.6,0.0
2025-08-13 05:00:00,14.0,78.7,9.0,20.5,0.007752908684845548
2025-08-13 06:00:00,112.0,392.5,43.0,21.7,0.09282624232199375
2025-08-13 07:00:00,260.0,583.0,66.0,23.4,0.274263842391908
2025-08-13 08:00:00,414.0,697.4,79.0,25.2,0.46054978312817324
2025-08-13 09:00:00,556.0,767.3,89.0,27.2,0.6164751518318459
2025-08-13 10:00:00,668.0,807.1,96.0,29.2,0.7239095339890015
2025-08-13 11:00:00,740.0,821.9,104.0,30.9,0.7790597066745716
2025-08-13 12:00:00,770.0,836.8,101.0,32.4,0.7872181868600091
2025-08-13 13:00:00,753.0,833.0,100.0,33.7,0.7453560446264841
2025-08-13 14:00:00,690.0,815.6,96.0,34.3,0.6573700373654181
2025-08-13 15:00:00,586.0,779.6,90.0,34.4,0.5257521261312812
2025-08-13 16:00:00,452.0,723.7,80.0,34.2,0.35969897557920205
2025-08-13 17:00:00,298.0,618.9,69.0,33.7,0.17554565657774202
2025-08-13 18:00:00,146.0,443.8,51.0,32.6,0.0317383463237527
2025-08-13 19:00:00,29.0,170.3,15.0,30.6,0.011676324478668088
2025-08-13 20:00:00,0.0,0.0,0.0,29.1,0.0
2025-08-13 21:00:00,0.0,0.0,0.0,28.5,0.0
2025-08-13 22:00:00,0.0,0.0,0.0,27.3,0.0
2025-08-13 23:00:00,0.0,0.0,0.0,26.4,0.0
2025-08-14 00:00:00,0.0,0.0,0.0,25.7,0.0
2025-08-14 01:00:00,0.0,0.0,0.0,22.7,0.0
2025-08-14 02:00:00,0.0,0.0,0.0,22.1,0.0
2025-08-14 03:00:00,0.0,0.0,0.0,21.3,0.0
2025-08-14 04:00:00,0.0,0.0,0.0,20.8,0.0
2025-08-14 05:00:00,12.0,32.4,10.0,20.9,0.00881119374923493
2025-08-14 06:00:00,94.0,220.6,56.0,22.4,0.07959170669143341
2025-08-14 07:00:00,217.0,334.0,107.0,24.3,0.21801531322712653
2025-08-14 08:00:00,327.0,345.8,162.0,25.8,0.33963092923124794
2025-08-14 09:00:00,467.0,431.0,206.0,27.6,0.4901381173233113
2025-08-14 10:00:00,638.0,691.6,150.0,30.1,0.6831508934713921
2025-08-14 11:00:00,425.0,186.8,281.0,30.5,0.40710891484773276
2025-08-14 12:00:00,637.0,467.2,265.0,32.6,0.6317113451308033
2025-08-14 13:00:00,693.0,680.2,162.0,34.5,0.6836261973122715
2025-08-14 14:00:00,539.0,380.8,263.0,34.4,0.49987013208265496
2025-08-14 15:00:00,501.0,513.9,176.0,34.5,0.45015282963210584
2025-08-14 16:00:00,387.0,482.3,141.0,34.3,0.31430641817634286
2025-08-14 17:00:00,232.0,325.3,113.0,33.7,0.15441828112374842
2025-08-14 18:00:00,120.0,238.6,70.0,32.3,0.050468635360602324
2025-08-14 19:00:00,25.0,100.0,17.0,30.6,0.013786919608120363
2025-08-14 20:00:00,0.0,0.0,0.0,29.6,0.0
2025-08-14 21:00:00,0.0,0.0,0.0,26.0,0.0
2025-08-14 22:00:00,0.0,0.0,0.0,24.1,0.0
2025-08-14 23:00:00,0.0,0.0,0.0,23.4,0.0
2025-08-15 00:00:00,0.0,0.0,0.0,22.7,0.0
2025-08-15 01:00:00,0.0,0.0,0.0,21.3,0.0
2025-08-15 02:00:00,0.0,0.0,0.0,20.5,0.0
2025-08-15 03:00:00,0.0,0.0,0.0,19.7,0.0
2025-08-15 04:00:00,0.0,0.0,0.0,19.0,0.0
2025-08-15 05:00:00,11.0,66.7,7.0,18.8,0.006130252287228844
2025-08-15 06:00:00,105.0,367.6,43.0,19.5,0.09008139093930176
2025-08-15 07:00:00,251.0,564.4,67.0,20.9,0.27150123865734094
2025-08-15 08:00:00,406.0,683.6,82.0,22.7,0.46133153489837825
2025-08-15 09:00:00,547.0,757.0,91.0,24.7,0.6190968721846261
2025-08-15 10:00:00,661.0,801.4,98.0,26.3,0.7318493648907474
2025-08-15 11:00:00,738.0,831.2,100.0,27.7,0.794957891556337
2025-08-15 12:00:00,772.0,846.1,101.0,28.8,0.8078443737350606
2025-08-15 13:00:00,756.0,844.0,100.0,29.2,0.7690024201057348
2025-08-15 14:00:00,694.0,827.8,97.0,29.2,0.6812825268726916
2025-08-15 15:00:00,590.0,792.2,92.0,29.1,0.5460583548079029
2025-08-15 16:00:00,433.0,628.5,115.0,28.8,0.3584207039686128
2025-08-15 17:00:00,270.0,456.4,105.0,28.5,0.1751496496346464
2025-08-15 18:00:00,135.0,380.4,57.0,27.8,0.0377503235620996
2025-08-15 19:00:00,24.0,128.6,14.0,25.7,0.011415731512877914
2025-08-15 20:00:00,0.0,0.0,0.0,24.4,0.0
2025-08-15 21:00:00,0.0,0.0,0.0,23.4,0.0
2025-08-15 22:00:00,0.0,0.0,0.0,22.5,0.0
2025-08-15 23:00:00,0.0,0.0,0.0,21.6,0.0
2025-08-16 00:00:00,0.0,0.0,0.0,20.7,0.0
2025-08-16 01:00:00,0.0,0.0,0.0,19.7,0.0
2025-08-16 02:00:00,0.0,0.0,0.0,19.1,0.0
2025-08-16 03:00:00,0.0,0.0,0.0,18.7,0.0
2025-08-16 04:00:00,0.0,0.0,0.0,18.6,0.0
2025-08-16 05:00:00,5.0,0.0,5.0,18.4,0.004532510870697348
2025-08-16 06:00:00,32.0,12.1,30.0,18.4,0.028866888108791042
2025-08-16 07:00:00,103.0,12.4,99.0,19.0,0.09339693015205236
2025-08-16 08:00:00,178.0,61.6,149.0,20.0,0.16945507162850224
2025-08-16 09:00:00,227.0,36.7,205.0,21.0,0.20864554315341968
2025-08-16 10:00:00,305.0,62.9,261.0,21.8,0.28384694889054185
2025-08-16 11:00:00,330.0,78.5,270.0,22.2,0.31031096506864253
2025-08-16 12:00:00,399.0,101.3,319.0,22.7,0.37301287854248955
2025-08-16 13:00:00,325.0,63.3,276.0,21.7,0.2983606804427614
2025-08-16 14:00:00,328.0,93.4,261.0,22.0,0.30263525475177655
2025-08-16 15:00:00,278.0,73.6,232.0,22.2,0.24970521017320424
2025-08-16 16:00:00,197.0,67.8,163.0,22.1,0.17271464344951198
2025-08-16 17:00:00,158.0,109.2,119.0,21.7,0.12575465984625164
2025-08-16 18:00:00,98.0,139.7,70.0,21.1,0.05673031526281851
2025-08-16 19:00:00,20.0,79.5,14.0,20.4,0.012005797443690168
2025-08-16 20:00:00,0.0,0.0,0.0,19.7,0.0
2025-08-16 21:00:00,0.0,0.0,0.0,18.9,0.0
2025-08-16 22:00:00,0.0,0.0,0.0,17.7,0.0
2025-08-16 23:00:00,0.0,0.0,0.0,16.3,0.0
2025-08-17 00:00:00,0.0,0.0,0.0,15.4,0.0
2025-08-17 01:00:00,0.0,0.0,0.0,14.3,0.0
2025-08-17 02:00:00,0.0,0.0,0.0,13.6,0.0
2025-08-17 03:00:00,0.0,0.0,0.0,13.1,0.0
2025-08-17 04:00:00,0.0,0.0,0.0,12.6,0.0
2025-08-17 05:00:00,10.0,53.2,7.0,12.5,0.006318516904723711
2025-08-17 06:00:00,102.0,371.7,42.0,13.3,0.09199496682416285
2025-08-17 07:00:00,247.0,554.6,70.0,14.7,0.27774540692881405
2025-08-17 08:00:00,404.0,686.8,83.0,16.4,0.4769746049701491
2025-08-17 09:00:00,552.0,770.2,93.0,18.5,0.6473471753683933
2025-08-17 10:00:00,499.0,360.5,248.0,19.5,0.5361770174582466
2025-08-17 11:00:00,334.0,65.7,284.0,19.6,0.31307233466159
2025-08-17 12:00:00,372.0,99.2,294.0,20.2,0.3540038528426595
2025-08-17 13:00:00,356.0,114.2,268.0,20.1,0.34065941676005257
2025-08-17 14:00:00,315.0,61.6,271.0,20.3,0.2873097098424498
2025-08-17 15:00:00,234.0,40.3,209.0,20.3,0.210188716386344
2025-08-17 16:00:00,199.0,76.4,161.0,20.4,0.1758923991847462
2025-08-17 17:00:00,92.0,14.2,87.0,20.0,0.08040580794520952
2025-08-17 18:00:00,46.0,5.1,45.0,19.5,0.040309829853748105
2025-08-17 19:00:00,8.0,0.0,8.0,19.1,0.007229770307864774
2025-08-17 20:00:00,0.0,0.0,0.0,18.8,0.0
2025-08-17 21:00:00,0.0,0.0,0.0,18.4,0.0
2025-08-17 22:00:00,0.0,0.0,0.0,18.0,0.0
2025-08-17 23:00:00,0.0,0.0,0.0,18.0,0.0
2025-08-18 00:00:00,0.0,0.0,0.0,17.9,0.0
2025-08-18 01:00:00,0.0,0.0,0.0,17.4,0.0
2025-08-18 02:00:00,0.0,0.0,0.0,17.1,0.0
2025-08-18 03:00:00,0.0,0.0,0.0,16.6,0.0
2025-08-18 04:00:00,0.0,0.0,0.0,15.9,0.0
2025-08-18 05:00:00,9.0,55.0,6.0,15.5,0.005358684308584633
2025-08-18 06:00:00,98.0,355.1,42.0,16.4,0.08854344110064648
2025-08-18 07:00:00,244.0,554.4,69.0,18.1,0.2732414929202037
2025-08-18 08:00:00,401.0,685.4,83.0,20.2,0.4690869108603677
2025-08-18 09:00:00,546.0,767.7,91.0,22.3,0.6338252964514529
2025-08-18 10:00:00,661.0,815.4,96.0,23.8,0.7496669174878116
2025-08-18 11:00:00,714.0,772.0,129.0,24.6,0.7863240537458028
2025-08-18 12:00:00,767.0,851.9,100.0,25.5,0.82419173289697
2025-08-18 13:00:00,742.0,829.6,106.0,26.3,0.7738294100720355
2025-08-18 14:00:00,677.0,810.0,102.0,27.0,0.6799000888284908
2025-08-18 15:00:00,563.0,746.0,103.0,27.3,0.5329667517340804
2025-08-18 16:00:00,424.0,665.1,96.0,27.2,0.3576048122956783
2025-08-18 17:00:00,272.0,560.4,77.0,26.7,0.17146944908255468
2025-08-18 18:00:00,124.0,387.9,50.0,25.6,0.033346653714286384
2025-08-18 19:00:00,18.0,84.9,12.0,23.9,0.01013174308183687
2025-08-18 20:00:00,0.0,0.0,0.0,22.9,0.0
2025-08-18 21:00:00,0.0,0.0,0.0,21.8,0.0
2025-08-18 22:00:00,0.0,0.0,0.0,20.8,0.0
2025-08-18 23:00:00,0.0,0.0,0.0,19.9,0.0
2025-08-19 00:00:00,0.0,0.0,0.0,19.1,0.0
2025-08-19 01:00:00,0.0,0.0,0.0,17.4,0.0
2025-08-19 02:00:00,0.0,0.0,0.0,17.0,0.0
2025-08-19 03:00:00,0.0,0.0,0.0,16.2,0.0
2025-08-19 04:00:00,0.0,0.0,0.0,15.7,0.0
2025-08-19 05:00:00,8.0,38.0,6.0,15.9,0.005392147124217801
2025-08-19 06:00:00,99.0,389.6,39.0,17.4,0.09058478404307543
2025-08-19 07:00:00,247.0,589.6,63.0,20.0,0.27900186010115374
2025-08-19 08:00:00,405.0,712.1,77.0,22.4,0.47410830443019064
2025-08-19 09:00:00,549.0,783.9,87.0,24.5,0.6351902394787111
2025-08-19 10:00:00,663.0,825.2,94.0,26.3,0.7469516729742068
2025-08-19 11:00:00,739.0,849.7,98.0,27.7,0.8081470811112391
2025-08-19 12:00:00,768.0,859.6,98.0,28.7,0.8162790586613309
2025-08-19 13:00:00,749.0,857.2,95.0,29.6,0.7725811476644251
2025-08-19 14:00:00,676.0,810.2,104.0,30.0,0.6722851615225335
2025-08-19 15:00:00,557.0,720.1,116.0,29.9,0.5233336562382687
2025-08-19 16:00:00,429.0,697.7,88.0,29.6,0.35921806778899223
2025-08-19 17:00:00,271.0,574.0,74.0,29.0,0.16907268738546555
2025-08-19 18:00:00,122.0,392.8,49.0,27.6,0.03228447197884232
2025-08-19 19:00:00,16.0,73.3,11.0,25.8,0.009287361392522562
2025-08-19 20:00:00,0.0,0.0,0.0,24.9,0.0
2025-08-19 21:00:00,0.0,0.0,0.0,23.7,0.0
2025-08-19 22:00:00,0.0,0.0,0.0,21.2,0.0
2025-08-19 23:00:00,0.0,0.0,0.0,19.9,0.0
2025-08-20 00:00:00,0.0,0.0,0.0,18.9,0.0
2025-08-20 01:00:00,0.0,0.0,0.0,18.1,0.0
2025-08-20 02:00:00,0.0,0.0,0.0,17.2,0.0
2025-08-20 03:00:00,0.0,0.0,0.0,16.5,0.0
2025-08-20 04:00:00,0.0,0.0,0.0,15.7,0.0
2025-08-20 05:00:00,6.0,19.1,5.0,15.2,0.0045516743828810415
2025-08-20 06:00:00,82.0,199.7,52.0,15.5,0.07547923713800826
2025-08-20 07:00:00,231.0,492.7,79.0,16.6,0.2611961510512399
2025-08-20 08:00:00,396.0,678.1,86.0,18.4,0.4720650577032879
2025-08-20 09:00:00,545.0,779.9,88.0,19.9,0.6466595656596302
2025-08-20 10:00:00,659.0,821.9,95.0,21.4,0.7623196608037716
2025-08-20 11:00:00,729.0,832.3,104.0,22.6,0.819259997224954
2025-08-20 12:00:00,759.0,844.3,104.0,23.6,0.8291703542417311
2025-08-20 13:00:00,697.0,710.0,158.0,24.1,0.7366418066531226
2025-08-20 14:00:00,626.0,621.1,190.0,24.4,0.6342775698545328
2025-08-20 15:00:00,518.0,613.3,145.0,24.7,0.499581248576219
2025-08-20 16:00:00,415.0,650.6,100.0,24.7,0.3576462957278048
2025-08-20 17:00:00,273.0,608.7,67.0,24.5,0.17208863205769362
2025-08-20 18:00:00,121.0,420.4,45.0,23.9,0.02954000112258239
2025-08-20 19:00:00,15.0,76.1,10.0,22.7,0.00854284542618341
2025-08-20 20:00:00,0.0,0.0,0.0,21.6,0.0
2025-08-20 21:00:00,0.0,0.0,0.0,20.8,0.0
2025-08-20 22:00:00,0.0,0.0,0.0,19.9,0.0
2025-08-20 23:00:00,0.0,0.0,0.0,18.9,0.0
2025-08-21 00:00:00,0.0,0.0,0.0,18.1,0.0
2025-08-21 01:00:00,0.0,0.0,0.0,16.6,0.0
2025-08-21 02:00:00,0.0,0.0,0.0,15.9,0.0
2025-08-21 03:00:00,0.0,0.0,0.0,15.4,0.0
2025-08-21 04:00:00,0.0,0.0,0.0,14.9,0.0
2025-08-21 05:00:00,6.0,38.2,4.0,14.5,0.003632192415557954
2025-08-21 06:00:00,93.0,368.7,39.0,15.2,0.08841516719145404
2025-08-21 07:00:00,241.0,577.2,65.0,16.6,0.2805037388162637
2025-08-21 08:00:00,393.0,670.1,89.0,18.5,0.47057935030351267
2025-08-21 09:00:00,525.0,712.4,110.0,20.4,0.620240728912014
2025-08-21 10:00:00,651.0,792.4,110.0,21.9,0.7524241106322723
2025-08-21 11:00:00,740.0,861.6,96.0,23.3,0.8323303290873779
2025-08-21 12:00:00,752.0,835.3,107.0,24.1,0.8230715865211677
2025-08-21 13:00:00,566.0,460.8,218.0,24.3,0.5908858425394268
2025-08-21 14:00:00,594.0,614.8,165.0,24.4,0.6083851332521634
2025-08-21 15:00:00,521.0,649.2,129.0,24.0,0.5072798255319514
2025-08-21 16:00:00,399.0,556.8,132.0,23.9,0.3482122032645748
2025-08-21 17:00:00,153.0,146.9,104.0,21.2,0.11920294112928792
2025-08-21 18:00:00,72.0,159.4,44.0,20.5,0.03555294368679033
2025-08-21 19:00:00,12.0,47.5,9.0,19.5,0.007917189142430696
2025-08-21 20:00:00,0.0,0.0,0.0,18.2,0.0
2025-08-21 21:00:00,0.0,0.0,0.0,17.5,0.0
2025-08-21 22:00:00,0.0,0.0,0.0,16.6,0.0
2025-08-21 23:00:00,0.0,0.0,0.0,16.3,0.0
2025-08-22 00:00:00,0.0,0.0,0.0,15.6,0.0
2025-08-22 01:00:00,0.0,0.0,0.0,13.7,0.0
2025-08-22 02:00:00,0.0,0.0,0.0,12.9,0.0
2025-08-22 03:00:00,0.0,0.0,0.0,12.4,0.0
2025-08-22 04:00:00,0.0,0.0,0.0,12.1,0.0
2025-08-22 05:00:00,5.0,19.1,4.0,12.1,0.003690603333457895
2025-08-22 06:00:00,80.0,245.4,45.0,13.2,0.07661861901061767
2025-08-22 07:00:00,184.0,285.5,98.0,14.7,0.20144728031767292
2025-08-22 08:00:00,259.0,273.3,136.0,16.1,0.2896536708174795
2025-08-22 09:00:00,335.0,269.4,179.0,16.9,0.3716608668079532
2025-08-22 10:00:00,309.0,51.5,274.0,17.4,0.29000793665391983
2025-08-22 11:00:00,292.0,55.1,251.0,17.6,0.2771688596499156
2025-08-22 12:00:00,405.0,114.5,317.0,18.9,0.3907817915396751
2025-08-22 13:00:00,411.0,211.6,252.0,19.0,0.41764210562771364
2025-08-22 14:00:00,339.0,131.2,248.0,19.0,0.32612600935809694
2025-08-22 15:00:00,283.0,191.9,168.0,19.1,0.2734456977124056
2025-08-22 16:00:00,162.0,12.6,156.0,18.6,0.14445433375396532
2025-08-22 17:00:00,90.0,12.2,86.0,17.8,0.07971928780825471
2025-08-22 18:00:00,53.0,35.2,47.0,17.3,0.04165715557380744
2025-08-22 19:00:00,7.0,0.0,7.0,16.9,0.0063811992777593795
2025-08-22 20:00:00,0.0,0.0,0.0,16.6,0.0
2025-08-22 21:00:00,0.0,0.0,0.0,16.1,0.0
2025-08-22 22:00:00,0.0,0.0,0.0,15.9,0.0
2025-08-22 23:00:00,0.0,0.0,0.0,15.2,0.0
2025-08-23 00:00:00,0.0,0.0,0.0,14.7,0.0
2025-08-23 01:00:00,0.0,0.0,0.0,14.4,0.0
2025-08-23 02:00:00,0.0,0.0,0.0,14.2,0.0
2025-08-23 03:00:00,0.0,0.0,0.0,14.2,0.0
2025-08-23 04:00:00,0.0,0.0,0.0,14.2,0.0
2025-08-23 05:00:00,1.0,0.0,1.0,14.4,0.0009210498771692271
2025-08-23 06:00:00,9.0,0.0,9.0,14.1,0.008291634980731374
2025-08-23 07:00:00,42.0,3.4,41.0,14.0,0.03901222376465037
2025-08-23 08:00:00,54.0,0.0,54.0,14.2,0.04948239995121108
2025-08-23 09:00:00,128.0,0.0,128.0,15.1,0.11591646691256113
2025-08-23 10:00:00,316.0,125.8,231.0,16.8,0.32215969300951774
2025-08-23 11:00:00,447.0,294.5,229.0,18.1,0.4873531936627654
2025-08-23 12:00:00,511.0,367.5,230.0,19.0,0.5549648692517488
2025-08-23 13:00:00,394.0,192.7,250.0,18.9,0.3991051853566153
2025-08-23 14:00:00,461.0,369.9,206.0,19.7,0.476022044215788
2025-08-23 15:00:00,324.0,193.3,209.0,19.2,0.31000321157453786
2025-08-23 16:00:00,263.0,272.3,135.0,19.1,0.23787972281105638
2025-08-23 17:00:00,208.0,377.1,86.0,19.0,0.14620514185780278
2025-08-23 18:00:00,70.0,133.2,48.0,18.1,0.03974197079531455
2025-08-23 19:00:00,8.0,34.5,6.0,17.2,0.005379225505950394
2025-08-23 20:00:00,0.0,0.0,0.0,16.2,0.0
2025-08-23 21:00:00,0.0,0.0,0.0,15.5,0.0
2025-08-23 22:00:00,0.0,0.0,0.0,14.7,0.0
2025-08-23 23:00:00,0.0,0.0,0.0,14.1,0.0
2025-08-24 00:00:00,0.0,0.0,0.0,13.5,0.0
2025-08-24 01:00:00,0.0,0.0,0.0,10.8,0.0
2025-08-24 02:00:00,0.0,0.0,0.0,10.1,0.0
2025-08-24 03:00:00,0.0,0.0,0.0,9.6,0.0
2025-08-24 04:00:00,0.0,0.0,0.0,9.4,0.0
2025-08-24 05:00:00,4.0,19.1,3.0,9.3,0.0028045358806528266
2025-08-24 06:00:00,85.0,363.2,36.0,10.8,0.08666888846052506
2025-08-24 07:00:00,232.0,575.1,63.0,12.5,0.28327142861744303
2025-08-24 08:00:00,387.0,688.6,82.0,14.6,0.48322237149840647
2025-08-24 09:00:00,539.0,788.5,88.0,16.6,0.6632518401991618
2025-08-24 10:00:00,634.0,779.7,110.0,17.9,0.757266595903514
2025-08-24 11:00:00,665.0,687.0,159.0,18.8,0.766464631732996
2025-08-24 12:00:00,622.0,532.4,217.0,19.4,0.6884232759924888
2025-08-24 13:00:00,407.0,133.2,308.0,19.5,0.39333949518229794
2025-08-24 14:00:00,389.0,156.2,282.0,19.8,0.3742737231281181
2025-08-24 15:00:00,387.0,299.9,210.0,19.8,0.3771097329981318
2025-08-24 16:00:00,264.0,189.2,176.0,19.4,0.2378968460449008
2025-08-24 17:00:00,194.0,285.8,103.0,19.0,0.1435265269685947
2025-08-24 18:00:00,86.0,237.7,48.0,18.2,0.036863569653528945
2025-08-24 19:00:00,9.0,54.2,6.0,16.5,0.0053417492967650256
2025-08-24 20:00:00,0.0,0.0,0.0,15.7,0.0
2025-08-24 21:00:00,0.0,0.0,0.0,14.8,0.0
2025-08-24 22:00:00,0.0,0.0,0.0,13.8,0.0
2025-08-24 23:00:00,0.0,0.0,0.0,13.1,0.0
2025-08-25 00:00:00,0.0,0.0,0.0,12.7,0.0
2025-08-25 01:00:00,0.0,0.0,0.0,10.7,0.0
2025-08-25 02:00:00,0.0,0.0,0.0,10.1,0.0
2025-08-25 03:00:00,0.0,0.0,0.0,9.7,0.0
2025-08-25 04:00:00,0.0,0.0,0.0,9.9,0.0
2025-08-25 05:00:00,3.0,19.1,2.0,9.8,0.0018753762430001836
2025-08-25 06:00:00,83.0,358.8,36.0,10.9,0.08604479626925969
2025-08-25 07:00:00,232.0,575.6,65.0,12.9,0.2851521467516763
2025-08-25 08:00:00,393.0,712.5,80.0,15.4,0.49345956067008273
2025-08-25 09:00:00,532.0,753.1,104.0,17.9,0.6508310655238367
2025-08-25 10:00:00,645.0,782.4,122.0,19.7,0.7644197814724087
2025-08-25 11:00:00,714.0,777.9,144.0,20.8,0.8195225716097218
2025-08-25 12:00:00,729.0,732.0,175.0,21.7,0.8100188667412246
2025-08-25 13:00:00,656.0,558.8,243.0,22.2,0.6975903504073466
2025-08-25 14:00:00,602.0,570.0,214.0,22.5,0.6236985920818359
2025-08-25 15:00:00,540.0,717.3,120.0,22.7,0.5387684099747085
2025-08-25 16:00:00,414.0,723.6,81.0,22.6,0.3687716265892086
2025-08-25 17:00:00,255.0,606.7,65.0,22.1,0.1661760488390052
2025-08-25 18:00:00,102.0,395.0,41.0,21.1,0.027711386569213056
2025-08-25 19:00:00,8.0,57.0,5.0,19.5,0.004404132703478664
2025-08-25 20:00:00,0.0,0.0,0.0,18.5,0.0
2025-08-25 21:00:00,0.0,0.0,0.0,17.6,0.0
2025-08-25 22:00:00,0.0,0.0,0.0,16.7,0.0
2025-08-25 23:00:00,0.0,0.0,0.0,16.2,0.0
2025-08-26 00:00:00,0.0,0.0,0.0,15.5,0.0
2025-08-26 01:00:00,0.0,0.0,0.0,13.7,0.0
2025-08-26 02:00:00,0.0,0.0,0.0,13.4,0.0
2025-08-26 03:00:00,0.0,0.0,0.0,13.4,0.0
2025-08-26 04:00:00,0.0,0.0,0.0,13.5,0.0
2025-08-26 05:00:00,3.0,19.1,2.0,13.4,0.0018499244813331803
2025-08-26 06:00:00,78.0,362.0,32.0,14.4,0.08199925230048634
2025-08-26 07:00:00,227.0,593.7,57.0,16.3,0.2810344988467092
2025-08-26 08:00:00,360.0,573.9,110.0,18.7,0.4379347563352566
2025-08-26 09:00:00,507.0,678.2,124.0,21.4,0.6091990399940033
2025-08-26 10:00:00,583.0,580.7,197.0,23.7,0.6638388980309762
2025-08-26 11:00:00,658.0,637.9,193.0,25.7,0.7336280628659472
2025-08-26 12:00:00,690.0,630.9,215.0,27.1,0.7443918831786309
2025-08-26 13:00:00,680.0,687.2,175.0,28.8,0.7184180724421472
2025-08-26 14:00:00,595.0,607.8,184.0,29.6,0.6050262595651525
2025-08-26 15:00:00,362.0,191.1,251.0,29.0,0.33101645741696173
2025-08-26 16:00:00,142.0,13.2,136.0,28.4,0.12218576510140197
2025-08-26 17:00:00,127.0,68.2,106.0,27.3,0.10332378593728464
2025-08-26 18:00:00,45.0,0.0,45.0,26.3,0.03935205688124746
2025-08-26 19:00:00,5.0,0.0,5.0,24.6,0.0044229340706563435
2025-08-26 20:00:00,0.0,0.0,0.0,23.4,0.0
2025-08-26 21:00:00,0.0,0.0,0.0,22.3,0.0
2025-08-26 22:00:00,0.0,0.0,0.0,21.6,0.0
2025-08-26 23:00:00,0.0,0.0,0.0,20.6,0.0
2025-08-27 00:00:00,0.0,0.0,0.0,19.5,0.0
2025-08-27 01:00:00,0.0,0.0,0.0,18.3,0.0
2025-08-27 02:00:00,0.0,0.0,0.0,18.3,0.0
2025-08-27 03:00:00,0.0,0.0,0.0,17.7,0.0
2025-08-27 04:00:00,0.0,0.0,0.0,17.0,0.0
2025-08-27 05:00:00,2.0,0.0,2.0,16.6,0.0018263425376591105
2025-08-27 06:00:00,51.0,97.5,39.0,17.3,0.04935879421256057
2025-08-27 07:00:00,142.0,177.0,92.0,18.2,0.15228408360591472
2025-08-27 08:00:00,179.0,178.3,102.0,19.3,0.19992887359304767
2025-08-27 09:00:00,186.0,121.2,118.0,20.2,0.2003772224829286
2025-08-27 10:00:00,490.0,470.5,179.0,23.0,0.5630310786864446
2025-08-27 11:00:00,615.0,633.1,156.0,24.6,0.7020496804691545
2025-08-27 12:00:00,565.0,435.4,239.0,25.6,0.6068630842419515
2025-08-27 13:00:00,640.0,702.2,127.0,27.1,0.6941113135601762
2025-08-27 14:00:00,473.0,527.1,119.0,27.1,0.49893300469271906
2025-08-27 15:00:00,372.0,401.0,141.0,26.7,0.3666602651912253
2025-08-27 16:00:00,294.0,415.4,107.0,25.3,0.26435467189206574
2025-08-27 17:00:00,172.0,198.3,112.0,25.4,0.13114151727323584
2025-08-27 18:00:00,70.0,104.6,55.0,23.4,0.045314326030039334
2025-08-27 19:00:00,4.0,0.0,4.0,22.0,0.003575517266660071
2025-08-27 20:00:00,0.0,0.0,0.0,21.3,0.0
2025-08-27 21:00:00,0.0,0.0,0.0,20.5,0.0
2025-08-27 22:00:00,0.0,0.0,0.0,19.8,0.0
2025-08-27 23:00:00,0.0,0.0,0.0,19.4,0.0
2025-08-28 00:00:00,0.0,0.0,0.0,19.0,0.0
2025-08-28 01:00:00,0.0,0.0,0.0,19.6,0.0
2025-08-28 02:00:00,0.0,0.0,0.0,19.4,0.0
2025-08-28 03:00:00,0.0,0.0,0.0,19.1,0.0
2025-08-28 04:00:00,0.0,0.0,0.0,18.7,0.0
2025-08-28 05:00:00,1.0,0.0,1.0,18.2,0.0009076178823254912
2025-08-28 06:00:00,35.0,0.0,35.0,18.6,0.031595533160627055
2025-08-28 07:00:00,113.0,39.5,102.0,19.4,0.10671995541452532
2025-08-28 08:00:00,168.0,28.0,156.0,20.4,0.15528103466465218
2025-08-28 09:00:00,252.0,61.0,218.0,21.7,0.23896358034179857
2025-08-28 10:00:00,397.0,144.6,302.0,23.1,0.39123793623489894
2025-08-28 11:00:00,329.0,109.5,250.0,19.5,0.3280301195915453
2025-08-28 12:00:00,431.0,157.1,314.0,21.2,0.4263921266244078
2025-08-28 13:00:00,391.0,221.7,230.0,22.0,0.4029762012853662
2025-08-28 14:00:00,250.0,79.5,197.0,19.9,0.2389656409311777
2025-08-28 15:00:00,345.0,192.6,235.0,20.6,0.3299238854615642
2025-08-28 16:00:00,302.0,303.4,167.0,22.1,0.2744657439390882
2025-08-28 17:00:00,202.0,447.5,69.0,22.3,0.13857359348140108
2025-08-28 18:00:00,72.0,253.8,37.0,21.3,0.027872661840192305
2025-08-28 19:00:00,4.0,19.1,3.0,20.3,0.002688457104878073
2025-08-28 20:00:00,0.0,0.0,0.0,19.3,0.0
2025-08-28 21:00:00,0.0,0.0,0.0,18.5,0.0
2025-08-28 22:00:00,0.0,0.0,0.0,17.9,0.0
2025-08-28 23:00:00,0.0,0.0,0.0,17.2,0.0
2025-08-29 00:00:00,0.0,0.0,0.0,16.6,0.0
2025-08-29 01:00:00,0.0,0.0,0.0,15.5,0.0
2025-08-29 02:00:00,0.0,0.0,0.0,15.2,0.0
2025-08-29 03:00:00,0.0,0.0,0.0,14.9,0.0
2025-08-29 04:00:00,0.0,0.0,0.0,14.9,0.0
2025-08-29 05:00:00,1.0,0.0,1.0,14.9,0.0009192825094266302
2025-08-29 06:00:00,43.0,8.7,42.0,15.4,0.03962035690270373
2025-08-29 07:00:00,192.0,454.7,67.0,17.2,0.2377186986515194
2025-08-29 08:00:00,353.0,612.6,93.0,19.2,0.4442582956247731
2025-08-29 09:00:00,482.0,655.8,119.0,20.9,0.5919592049750061
2025-08-29 10:00:00,528.0,581.6,148.0,21.8,0.6282632922677807
2025-08-29 11:00:00,538.0,553.6,141.0,22.5,0.6299434754074632
2025-08-29 12:00:00,639.0,661.7,149.0,23.6,0.724992077925098
2025-08-29 13:00:00,670.0,781.3,106.0,23.5,0.7458969087729079
2025-08-29 14:00:00,502.0,570.6,124.0,23.8,0.5407595294395675
2025-08-29 15:00:00,316.0,257.8,170.0,22.7,0.3111022511648547
2025-08-29 16:00:00,294.0,368.3,132.0,17.4,0.27513756207088347
2025-08-29 17:00:00,65.0,24.0,58.0,16.3,0.056961804290693266
2025-08-29 18:00:00,37.0,15.1,35.0,17.2,0.03147416095190194
2025-08-29 19:00:00,3.0,0.0,3.0,16.8,0.002737086394380812
2025-08-29 20:00:00,0.0,0.0,0.0,14.8,0.0
2025-08-29 21:00:00,0.0,0.0,0.0,15.3,0.0
2025-08-29 22:00:00,0.0,0.0,0.0,15.5,0.0
2025-08-29 23:00:00,0.0,0.0,0.0,14.9,0.0
2025-08-30 00:00:00,0.0,0.0,0.0,14.7,0.0
2025-08-30 01:00:00,0.0,0.0,0.0,14.5,0.0
2025-08-30 02:00:00,0.0,0.0,0.0,14.5,0.0
2025-08-30 03:00:00,0.0,0.0,0.0,14.3,0.0
2025-08-30 04:00:00,0.0,0.0,0.0,14.0,0.0
2025-08-30 05:00:00,1.0,0.0,1.0,13.9,0.0009228172449118239
2025-08-30 06:00:00,46.0,125.1,32.0,14.6,0.04770428095827788
2025-08-30 07:00:00,97.0,14.8,93.0,15.5,0.09039471559401943
2025-08-30 08:00:00,143.0,28.5,131.0,16.4,0.13595865083474393
2025-08-30 09:00:00,255.0,72.8,215.0,17.6,0.25001538158906433
2025-08-30 10:00:00,452.0,391.1,198.0,19.1,0.5240704121726762
2025-08-30 11:00:00,599.0,580.5,185.0,20.2,0.698158946632814
2025-08-30 12:00:00,522.0,323.2,284.0,20.7,0.5582513461053333
2025-08-30 13:00:00,587.0,591.0,163.0,21.2,0.6568340861590308
2025-08-30 14:00:00,552.0,669.0,112.0,21.5,0.604101031732886
2025-08-30 15:00:00,427.0,561.2,112.0,21.5,0.441729027100336
2025-08-30 16:00:00,349.0,607.4,85.0,22.0,0.3227715433067552
2025-08-30 17:00:00,204.0,481.9,66.0,21.3,0.1405595879127704
2025-08-30 18:00:00,72.0,300.0,34.0,20.0,0.024887528684471992
2025-08-30 19:00:00,2.0,0.0,2.0,19.2,0.0018079619131361035
2025-08-30 20:00:00,0.0,0.0,0.0,18.3,0.0
2025-08-30 21:00:00,0.0,0.0,0.0,17.3,0.0
2025-08-30 22:00:00,0.0,0.0,0.0,16.6,0.0
2025-08-30 23:00:00,0.0,0.0,0.0,16.2,0.0
2025-08-31 00:00:00,0.0,0.0,0.0,15.7,0.0
2025-08-31 01:00:00,0.0,0.0,0.0,16.0,0.0
2025-08-31 02:00:00,0.0,0.0,0.0,16.0,0.0
2025-08-31 03:00:00,0.0,0.0,0.0,15.9,0.0
2025-08-31 04:00:00,0.0,0.0,0.0,16.2,0.0
2025-08-31 05:00:00,0.0,0.0,0.0,16.4,0.0
2025-08-31 06:00:00,39.0,118.2,26.0,16.7,0.040994165496054176
2025-08-31 07:00:00,144.0,187.2,94.0,18.1,0.1587474460483309
2025-08-31 08:00:00,173.0,74.4,142.0,19.1,0.17276619480423397
2025-08-31 09:00:00,146.0,29.3,130.0,19.4,0.13924468166894544
2025-08-31 10:00:00,151.0,12.4,143.0,19.6,0.13856171099717435
2025-08-31 11:00:00,181.0,0.0,181.0,20.5,0.15947796724866192
2025-08-31 12:00:00,393.0,155.7,279.0,22.5,0.39369533254839384
2025-08-31 13:00:00,400.0,284.7,197.0,23.0,0.4279313780531373
2025-08-31 14:00:00,449.0,408.9,182.0,23.5,0.47566304819032756
2025-08-31 15:00:00,426.0,533.9,129.0,24.0,0.4362664460565056
2025-08-31 16:00:00,299.0,456.5,103.0,23.4,0.2769776420592533
2025-08-31 17:00:00,134.0,202.9,77.0,20.1,0.10301423440500992
2025-08-31 18:00:00,17.0,0.0,17.0,18.9,0.015359644893208704
2025-08-31 19:00:00,1.0,0.0,1.0,18.1,0.0009079713558740105
2025-08-31 20:00:00,0.0,0.0,0.0,17.9,0.0
2025-08-31 21:00:00,0.0,0.0,0.0,17.6,0.0
2025-08-31 22:00:00,0.0,0.0,0.0,17.8,0.0
2025-08-31 23:00:00,0.0,0.0,0.0,17.5,0.0
2025-09-01 00:00:00,0.0,0.0,0.0,17.5,0.0
2025-09-01 01:00:00,0.0,0.0,0.0,18.1,0.0
2025-09-01 02:00:00,0.0,0.0,0.0,17.6,0.0
2025-09-01 03:00:00,0.0,0.0,0.0,17.4,0.0
2025-09-01 04:00:00,0.0,0.0,0.0,16.9,0.0
2025-09-01 05:00:00,0.0,0.0,0.0,16.4,0.0
2025-09-01 06:00:00,21.0,0.0,21.0,16.2,0.01916551450487024
2025-09-01 07:00:00,65.0,0.0,65.0,16.3,0.05900659065103611
2025-09-01 08:00:00,134.0,12.1,129.0,16.7,0.12373052206086528
2025-09-01 09:00:00,140.0,1.8,139.0,16.9,0.12630508924312
2025-09-01 10:00:00,378.0,140.3,288.0,18.5,0.38363412076667586
2025-09-01 11:00:00,441.0,241.1,271.0,19.4,0.4731252844576204
2025-09-01 12:00:00,606.0,577.1,186.0,20.5,0.6973461751688557
2025-09-01 13:00:00,623.0,690.2,134.0,21.4,0.7077448256743915
2025-09-01 14:00:00,573.0,652.6,150.0,22.0,0.6250426086365694
2025-09-01 15:00:00,339.0,406.4,115.0,21.2,0.3529466231233145
2025-09-01 16:00:00,298.0,502.3,85.0,20.7,0.2811262191371964
2025-09-01 17:00:00,184.0,414.0,70.0,20.2,0.13141959876173928
2025-09-01 18:00:00,66.0,312.3,30.0,19.0,0.021883175249987022
2025-09-01 19:00:00,1.0,0.0,1.0,18.1,0.0009079713558740105
2025-09-01 20:00:00,0.0,0.0,0.0,17.7,0.0
2025-09-01 21:00:00,0.0,0.0,0.0,17.1,0.0
2025-09-01 22:00:00,0.0,0.0,0.0,16.6,0.0
2025-09-01 23:00:00,0.0,0.0,0.0,16.4,0.0
2025-09-02 00:00:00,0.0,0.0,0.0,16.1,0.0
2025-09-02 01:00:00,0.0,0.0,0.0,16.0,0.0
2025-09-02 02:00:00,0.0,0.0,0.0,15.2,0.0
2025-09-02 03:00:00,0.0,0.0,0.0,14.9,0.0
2025-09-02 04:00:00,0.0,0.0,0.0,14.8,0.0
2025-09-02 05:00:00,0.0,0.0,0.0,14.5,0.0
2025-09-02 06:00:00,51.0,197.9,30.0,14.9,0.056704755965976045
2025-09-02 07:00:00,175.0,405.0,70.0,15.8,0.22385122453173506
2025-09-02 08:00:00,317.0,540.3,96.0,16.7,0.4121154117704031
2025-09-02 09:00:00,476.0,683.9,108.0,17.8,0.6106558381556851
2025-09-02 10:00:00,579.0,741.8,106.0,18.8,0.7244891079425837
2025-09-02 11:00:00,659.0,781.9,111.0,19.8,0.7982660022261633
2025-09-02 12:00:00,615.0,678.7,124.0,20.3,0.727031408124791
2025-09-02 13:00:00,640.0,757.2,107.0,20.8,0.736083321148657
2025-09-02 14:00:00,542.0,666.8,113.0,21.0,0.6032075537901496
2025-09-02 15:00:00,459.0,653.7,102.0,21.1,0.4841862699592154
2025-09-02 16:00:00,333.0,587.5,87.0,20.9,0.31549505626816743
2025-09-02 17:00:00,185.0,463.3,60.0,20.1,0.13002661838468055
2025-09-02 18:00:00,50.0,89.8,40.0,18.7,0.03399763413775572
2025-09-02 19:00:00,1.0,0.0,1.0,17.8,0.0009090317765195684
2025-09-02 20:00:00,0.0,0.0,0.0,17.4,0.0
2025-09-02 21:00:00,0.0,0.0,0.0,17.6,0.0
2025-09-02 22:00:00,0.0,0.0,0.0,17.0,0.0
2025-09-02 23:00:00,0.0,0.0,0.0,16.6,0.0
2025-09-03 00:00:00,0.0,0.0,0.0,15.7,0.0
2025-09-03 01:00:00,0.0,0.0,0.0,16.2,0.0
2025-09-03 02:00:00,0.0,0.0,0.0,16.4,0.0
2025-09-03 03:00:00,0.0,0.0,0.0,16.5,0.0
2025-09-03 04:00:00,0.0,0.0,0.0,16.6,0.0
2025-09-03 05:00:00,0.0,0.0,0.0,16.4,0.0
2025-09-03 06:00:00,50.0,201.6,29.0,16.7,0.05603800265963152
2025-09-03 07:00:00,126.0,113.6,97.0,17.8,0.13289142343398772
2025-09-03 08:00:00,288.0,357.9,143.0,19.1,0.3462130942413817
2025-09-03 09:00:00,160.0,28.1,145.0,19.4,0.15153166457955453
2025-09-03 10:00:00,163.0,0.0,163.0,20.1,0.14414857091036987
2025-09-03 11:00:00,309.0,57.4,269.0,21.7,0.2906579305930874
2025-09-03 12:00:00,481.0,393.5,198.0,23.2,0.542037869966589
2025-09-03 13:00:00,416.0,254.5,238.0,23.2,0.436687169578662
2025-09-03 14:00:00,467.0,399.3,212.0,23.3,0.4948706437846597
2025-09-03 15:00:00,467.0,646.9,117.0,23.8,0.4880460965186789
2025-09-03 16:00:00,188.0,208.0,102.0,23.2,0.17503906700948393
2025-09-03 17:00:00,116.0,98.4,90.0,23.0,0.09513906328820486
2025-09-03 18:00:00,50.0,193.3,29.0,22.4,0.022744294162801514
2025-09-03 19:00:00,1.0,0.0,1.0,21.7,0.0008952463081273133
2025-09-03 20:00:00,0.0,0.0,0.0,21.3,0.0
2025-09-03 21:00:00,0.0,0.0,0.0,18.8,0.0
2025-09-03 22:00:00,0.0,0.0,0.0,19.0,0.0
2025-09-03 23:00:00,0.0,0.0,0.0,18.9,0.0
2025-09-04 00:00:00,0.0,0.0,0.0,18.7,0.0
2025-09-04 01:00:00,0.0,0.0,0.0,18.2,0.0
2025-09-04 02:00:00,0.0,0.0,0.0,17.7,0.0
2025-09-04 03:00:00,0.0,0.0,0.0,17.7,0.0
2025-09-04 04:00:00,0.0,0.0,0.0,17.8,0.0
2025-09-04 05:00:00,0.0,0.0,0.0,16.9,0.0
2025-09-04 06:00:00,35.0,78.3,27.0,17.3,0.03607534919151506
2025-09-04 07:00:00,170.0,425.7,63.0,18.1,0.22375906156443862
2025-09-04 08:00:00,329.0,600.7,88.0,19.5,0.4347190505568829
2025-09-04 09:00:00,411.0,537.5,126.0,20.4,0.5191918126424783
2025-09-04 10:00:00,486.0,533.7,150.0,21.3,0.5949628559549623
2025-09-04 11:00:00,555.0,518.4,196.0,22.1,0.6507822864908508
2025-09-04 12:00:00,610.0,530.3,231.0,23.0,0.6898065496761828
2025-09-04 13:00:00,490.0,334.0,258.0,22.9,0.5232716949234539
2025-09-04 14:00:00,376.0,159.4,275.0,23.0,0.36606005846171746
2025-09-04 15:00:00,202.0,18.7,192.0,22.2,0.17982660038374043
2025-09-04 16:00:00,155.0,31.9,142.0,21.1,0.13880811343153152
2025-09-04 17:00:00,103.0,46.4,91.0,21.1,0.08825022715702695
2025-09-04 18:00:00,32.0,9.4,31.0,19.8,0.027702780186049568
2025-09-04 19:00:00,0.0,0.0,0.0,18.8,0.0
2025-09-04 20:00:00,0.0,0.0,0.0,18.0,0.0
2025-09-04 21:00:00,0.0,0.0,0.0,17.4,0.0
2025-09-04 22:00:00,0.0,0.0,0.0,16.9,0.0
2025-09-04 23:00:00,0.0,0.0,0.0,16.5,0.0
2025-09-05 00:00:00,0.0,0.0,0.0,15.9,0.0
2025-09-05 01:00:00,0.0,0.0,0.0,15.3,0.0
2025-09-05 02:00:00,0.0,0.0,0.0,14.5,0.0
2025-09-05 03:00:00,0.0,0.0,0.0,13.8,0.0
2025-09-05 04:00:00,0.0,0.0,0.0,13.3,0.0
2025-09-05 05:00:00,0.0,0.0,0.0,12.9,0.0
2025-09-05 06:00:00,49.0,249.4,24.0,13.4,0.059525074321182925
2025-09-05 07:00:00,183.0,501.2,59.0,14.6,0.25261116049795146
2025-09-05 08:00:00,326.0,604.1,86.0,16.0,0.4414265560946522
2025-09-05 09:00:00,460.0,682.2,101.0,17.4,0.604902842235101
2025-09-05 10:00:00,517.0,633.1,121.0,18.4,0.6556739455311951
2025-09-05 11:00:00,608.0,706.1,122.0,19.2,0.7495930771858271
2025-09-05 12:00:00,609.0,664.6,137.0,19.7,0.7287735989169826
2025-09-05 13:00:00,347.0,200.0,209.0,19.6,0.3691393402210954
2025-09-05 14:00:00,502.0,599.7,125.0,20.4,0.5671555088473272
2025-09-05 15:00:00,417.0,586.1,106.0,19.3,0.4505841466567054
2025-09-05 16:00:00,264.0,442.2,86.0,18.5,0.25750528843256065
2025-09-05 17:00:00,161.0,399.3,60.0,18.1,0.11792998935266343
2025-09-05 18:00:00,46.0,213.7,24.0,17.1,0.019031058290952276
2025-09-05 19:00:00,0.0,0.0,0.0,16.5,0.0
2025-09-05 20:00:00,0.0,0.0,0.0,16.0,0.0
2025-09-05 21:00:00,0.0,0.0,0.0,15.3,0.0
2025-09-05 22:00:00,0.0,0.0,0.0,14.8,0.0
2025-09-05 23:00:00,0.0,0.0,0.0,14.3,0.0
2025-09-06 00:00:00,0.0,0.0,0.0,13.9,0.0
2025-09-06 01:00:00,0.0,0.0,0.0,11.8,0.0
2025-09-06 02:00:00,0.0,0.0,0.0,12.2,0.0
2025-09-06 03:00:00,0.0,0.0,0.0,11.9,0.0
2025-09-06 04:00:00,0.0,0.0,0.0,11.5,0.0
2025-09-06 05:00:00,0.0,0.0,0.0,11.3,0.0
2025-09-06 06:00:00,46.0,223.9,24.0,12.2,0.05606350031468197
2025-09-06 07:00:00,180.0,493.1,60.0,14.0,0.2513708063645503
2025-09-06 08:00:00,336.0,658.6,77.0,15.8,0.46431636179770447
2025-09-06 09:00:00,479.0,754.5,85.0,18.0,0.6379702759150623
2025-09-06 10:00:00,588.0,787.0,99.0,19.9,0.7493922844448967
2025-09-06 11:00:00,645.0,745.7,135.0,21.0,0.787287727255353
2025-09-06 12:00:00,679.0,799.2,115.0,21.7,0.8096998118470914
2025-09-06 13:00:00,622.0,646.6,179.0,22.5,0.7097706483022004
2025-09-06 14:00:00,525.0,551.6,181.0,22.8,0.5781938837802776
2025-09-06 15:00:00,442.0,569.2,143.0,22.8,0.4683452104397077
2025-09-06 16:00:00,271.0,279.6,160.0,22.4,0.25564125152542605
2025-09-06 17:00:00,119.0,72.8,101.0,21.3,0.1008893701584327
2025-09-06 18:00:00,47.0,209.8,26.0,19.6,0.02040699794998107
2025-09-06 19:00:00,0.0,0.0,0.0,18.9,0.0
2025-09-06 20:00:00,0.0,0.0,0.0,18.0,0.0
2025-09-06 21:00:00,0.0,0.0,0.0,17.3,0.0
2025-09-06 22:00:00,0.0,0.0,0.0,16.8,0.0
2025-09-06 23:00:00,0.0,0.0,0.0,16.7,0.0
2025-09-07 00:00:00,0.0,0.0,0.0,16.4,0.0
2025-09-07 01:00:00,0.0,0.0,0.0,15.9,0.0
2025-09-07 02:00:00,0.0,0.0,0.0,15.6,0.0
2025-09-07 03:00:00,0.0,0.0,0.0,15.3,0.0
2025-09-07 04:00:00,0.0,0.0,0.0,15.0,0.0
2025-09-07 05:00:00,0.0,0.0,0.0,15.0,0.0
2025-09-07 06:00:00,46.0,259.7,21.0,15.7,0.058007523203831
2025-09-07 07:00:00,184.0,543.2,54.0,17.2,0.2618305042914745
2025-09-07 08:00:00,342.0,691.1,73.0,18.6,0.4735253447949169
2025-09-07 09:00:00,485.0,766.3,88.0,20.2,0.6430855054082616
2025-09-07 10:00:00,596.0,802.1,101.0,21.7,0.7566803983636182
2025-09-07 11:00:00,669.0,824.1,109.0,23.0,0.8177579850199518
2025-09-07 12:00:00,700.0,862.9,95.0,24.0,0.8315739813154895
2025-09-07 13:00:00,674.0,846.7,98.0,25.4,0.7759328622582182
2025-09-07 14:00:00,601.0,818.1,95.0,25.7,0.671617294352497
2025-09-07 15:00:00,487.0,769.3,87.0,25.6,0.5195259954792989
2025-09-07 16:00:00,344.0,695.1,72.0,25.1,0.33143890918468805
2025-09-07 17:00:00,186.0,546.8,54.0,23.9,0.13048061304057657
2025-09-07 18:00:00,47.0,267.6,21.0,22.2,0.015775387730304055
2025-09-07 19:00:00,0.0,0.0,0.0,21.2,0.0
2025-09-07 20:00:00,0.0,0.0,0.0,20.3,0.0
2025-09-07 21:00:00,0.0,0.0,0.0,19.7,0.0
2025-09-07 22:00:00,0.0,0.0,0.0,19.1,0.0
2025-09-07 23:00:00,0.0,0.0,0.0,18.5,0.0
2025-09-08 00:00:00,0.0,0.0,0.0,17.9,0.0
2025-09-08 01:00:00,0.0,0.0,0.0,17.7,0.0
2025-09-08 02:00:00,0.0,0.0,0.0,17.2,0.0
2025-09-08 03:00:00,0.0,0.0,0.0,16.8,0.0
2025-09-08 04:00:00,0.0,0.0,0.0,16.8,0.0
2025-09-08 05:00:00,0.0,0.0,0.0,16.2,0.0
2025-09-08 06:00:00,16.0,0.0,16.0,16.2,0.014610471987395079
2025-09-08 07:00:00,113.0,110.5,87.0,17.3,0.12340669838423957
2025-09-08 08:00:00,265.0,410.2,107.0,18.9,0.3456813822594892
2025-09-08 09:00:00,216.0,118.7,155.0,19.2,0.23326948046041895
2025-09-08 10:00:00,144.0,42.4,118.0,19.8,0.14437463525102662
2025-09-08 11:00:00,307.0,136.3,215.0,21.1,0.3226122908687773
2025-09-08 12:00:00,286.0,53.1,249.0,21.7,0.26969235996522695
2025-09-08 13:00:00,338.0,234.0,180.0,22.2,0.36963018268547315
2025-09-08 14:00:00,422.0,466.4,136.0,22.9,0.4751150765424285
2025-09-08 15:00:00,331.0,359.6,146.0,22.9,0.3480555876042221
2025-09-08 16:00:00,161.0,111.5,118.0,22.1,0.1496717610346696
2025-09-08 17:00:00,117.0,254.8,57.0,21.5,0.08941511222452622
2025-09-08 18:00:00,29.0,106.2,19.0,20.1,0.016033617690113702
2025-09-08 19:00:00,0.0,0.0,0.0,19.3,0.0
2025-09-08 20:00:00,0.0,0.0,0.0,18.8,0.0
2025-09-08 21:00:00,0.0,0.0,0.0,18.2,0.0
2025-09-08 22:00:00,0.0,0.0,0.0,17.6,0.0
2025-09-08 23:00:00,0.0,0.0,0.0,17.3,0.0
2025-09-09 00:00:00,0.0,0.0,0.0,17.1,0.0
2025-09-09 01:00:00,0.0,0.0,0.0,16.6,0.0
2025-09-09 02:00:00,0.0,0.0,0.0,16.4,0.0
2025-09-09 03:00:00,0.0,0.0,0.0,16.4,0.0
2025-09-09 04:00:00,0.0,0.0,0.0,15.9,0.0
2025-09-09 05:00:00,0.0,0.0,0.0,15.5,0.0
2025-09-09 06:00:00,3.0,0.0,3.0,15.3,0.002752992704064184
2025-09-09 07:00:00,11.0,0.0,11.0,15.1,0.010093090255678477
2025-09-09 08:00:00,18.0,0.0,18.0,15.0,0.016509452422498797
2025-09-09 09:00:00,28.0,0.0,28.0,14.7,0.02568244893684496
2025-09-09 10:00:00,36.0,0.0,36.0,14.5,0.03301631078731585
2025-09-09 11:00:00,82.0,0.0,82.0,14.9,0.07470241798472756
2025-09-09 12:00:00,124.0,0.0,124.0,15.5,0.1121694408165119
2025-09-09 13:00:00,122.0,3.0,120.0,15.1,0.1116258648380462
2025-09-09 14:00:00,92.0,0.0,92.0,14.8,0.08375097347447252
2025-09-09 15:00:00,224.0,145.4,150.0,15.3,0.2289213770484818
2025-09-09 16:00:00,224.0,379.1,80.0,15.7,0.226575926118367
2025-09-09 17:00:00,132.0,261.4,72.0,15.6,0.10562780530698629
2025-09-09 18:00:00,32.0,142.6,19.0,14.7,0.015996524652841636
2025-09-09 19:00:00,0.0,0.0,0.0,14.2,0.0
2025-09-09 20:00:00,0.0,0.0,0.0,13.9,0.0
2025-09-09 21:00:00,0.0,0.0,0.0,13.0,0.0
2025-09-09 22:00:00,0.0,0.0,0.0,12.2,0.0
2025-09-09 23:00:00,0.0,0.0,0.0,12.0,0.0
2025-09-10 00:00:00,0.0,0.0,0.0,11.5,0.0
2025-09-10 01:00:00,0.0,0.0,0.0,11.2,0.0
2025-09-10 02:00:00,0.0,0.0,0.0,11.3,0.0
2025-09-10 03:00:00,0.0,0.0,0.0,11.4,0.0
2025-09-10 04:00:00,0.0,0.0,0.0,11.5,0.0
2025-09-10 05:00:00,0.0,0.0,0.0,11.9,0.0
2025-09-10 06:00:00,20.0,0.0,20.0,12.3,0.0185306241303093
2025-09-10 07:00:00,96.0,92.5,75.0,12.9,0.10720133921831851
2025-09-10 08:00:00,205.0,151.2,148.0,13.9,0.23186580763411752
2025-09-10 09:00:00,265.0,73.2,228.0,14.9,0.26558452484056033
2025-09-10 10:00:00,455.0,367.4,233.0,16.7,0.5438731005963096
2025-09-10 11:00:00,505.0,378.4,253.0,17.4,0.5913736306779216
2025-09-10 12:00:00,661.0,760.0,139.0,18.8,0.8102025096460792
2025-09-10 13:00:00,531.0,500.6,198.0,19.0,0.619328253365034
2025-09-10 14:00:00,503.0,613.9,133.0,19.4,0.584389789399633
2025-09-10 15:00:00,404.0,596.0,104.0,19.2,0.45060084154772795
2025-09-10 16:00:00,275.0,516.0,82.0,18.8,0.27821914247931745
2025-09-10 17:00:00,159.0,465.3,55.0,18.4,0.11881157695024397
2025-09-10 18:00:00,30.0,102.1,21.0,17.4,0.017909924327186827
2025-09-10 19:00:00,0.0,0.0,0.0,16.7,0.0
2025-09-10 20:00:00,0.0,0.0,0.0,15.9,0.0
2025-09-10 21:00:00,0.0,0.0,0.0,15.3,0.0
2025-09-10 22:00:00,0.0,0.0,0.0,15.1,0.0
2025-09-10 23:00:00,0.0,0.0,0.0,15.2,0.0
2025-09-11 00:00:00,0.0,0.0,0.0,15.0,0.0
2025-09-11 01:00:00,0.0,0.0,0.0,15.9,0.0
2025-09-11 02:00:00,0.0,0.0,0.0,15.8,0.0
2025-09-11 03:00:00,0.0,0.0,0.0,15.7,0.0
2025-09-11 04:00:00,0.0,0.0,0.0,15.5,0.0
2025-09-11 05:00:00,0.0,0.0,0.0,15.0,0.0
2025-09-11 06:00:00,13.0,0.0,13.0,15.1,0.011925540627814354
2025-09-11 07:00:00,36.0,0.0,36.0,15.5,0.03288906030984887
2025-09-11 08:00:00,81.0,5.4,79.0,15.6,0.07523041308136
2025-09-11 09:00:00,314.0,434.9,96.0,16.8,0.4251634409737875
2025-09-11 10:00:00,501.0,651.9,110.0,17.4,0.6638171118382861
2025-09-11 11:00:00,536.0,600.2,139.0,18.2,0.680479686625871
2025-09-11 12:00:00,454.0,423.7,165.0,16.9,0.553788039413675
2025-09-11 13:00:00,501.0,521.1,157.0,18.3,0.5999091068675374
2025-09-11 14:00:00,370.0,391.8,136.0,18.0,0.4283189020093609
2025-09-11 15:00:00,312.0,385.8,120.0,16.7,0.3468608193669381
2025-09-11 16:00:00,233.0,377.6,94.0,16.5,0.2374843637961468
2025-09-11 17:00:00,103.0,179.3,64.0,14.2,0.08556841139584646
2025-09-11 18:00:00,22.0,94.0,14.0,14.5,0.012211884653490749
2025-09-11 19:00:00,0.0,0.0,0.0,13.6,0.0
2025-09-11 20:00:00,0.0,0.0,0.0,13.3,0.0
2025-09-11 21:00:00,0.0,0.0,0.0,12.6,0.0
2025-09-11 22:00:00,0.0,0.0,0.0,12.8,0.0
2025-09-11 23:00:00,0.0,0.0,0.0,13.0,0.0
2025-09-12 00:00:00,0.0,0.0,0.0,12.9,0.0
2025-09-12 01:00:00,0.0,0.0,0.0,12.7,0.0
2025-09-12 02:00:00,0.0,0.0,0.0,12.4,0.0
2025-09-12 03:00:00,0.0,0.0,0.0,12.2,0.0
2025-09-12 04:00:00,0.0,0.0,0.0,12.2,0.0
2025-09-12 05:00:00,0.0,0.0,0.0,12.3,0.0
2025-09-12 06:00:00,30.0,151.1,17.0,12.8,0.03888809562559353
2025-09-12 07:00:00,149.0,411.5,59.0,13.7,0.22055408851649994
2025-09-12 08:00:00,284.0,521.0,92.0,14.3,0.4046744232503812
2025-09-12 09:00:00,367.0,480.9,128.0,15.1,0.4935727728971369
2025-09-12 10:00:00,515.0,685.3,107.0,16.2,0.6908369496151139
2025-09-12 11:00:00,543.0,636.5,125.0,16.9,0.7017026756100678
2025-09-12 12:00:00,561.0,638.0,129.0,17.6,0.7042412466119801
2025-09-12 13:00:00,515.0,558.8,149.0,16.3,0.6281198551537813
2025-09-12 14:00:00,344.0,337.9,144.0,16.6,0.39712866184146
2025-09-12 15:00:00,392.0,599.6,97.0,17.5,0.44719834374318623
2025-09-12 16:00:00,282.0,568.7,76.0,17.4,0.2922259940232426
2025-09-12 17:00:00,145.0,440.0,52.0,16.7,0.11127760356648653
2025-09-12 18:00:00,26.0,146.3,14.0,15.3,0.011797443625076932
2025-09-12 19:00:00,0.0,0.0,0.0,14.5,0.0
2025-09-12 20:00:00,0.0,0.0,0.0,13.9,0.0
2025-09-12 21:00:00,0.0,0.0,0.0,13.4,0.0
2025-09-12 22:00:00,0.0,0.0,0.0,12.9,0.0
2025-09-12 23:00:00,0.0,0.0,0.0,12.5,0.0
2025-09-13 00:00:00,0.0,0.0,0.0,12.5,0.0
2025-09-13 01:00:00,0.0,0.0,0.0,12.5,0.0
2025-09-13 02:00:00,0.0,0.0,0.0,12.3,0.0
2025-09-13 03:00:00,0.0,0.0,0.0,12.5,0.0
2025-09-13 04:00:00,0.0,0.0,0.0,12.3,0.0
2025-09-13 05:00:00,0.0,0.0,0.0,12.6,0.0
2025-09-13 06:00:00,10.0,0.0,10.0,12.6,0.009264926885923643
2025-09-13 07:00:00,55.0,9.3,53.0,13.0,0.05264029668135261
2025-09-13 08:00:00,106.0,8.2,103.0,13.7,0.09935475087009772
2025-09-13 09:00:00,389.0,479.0,153.0,15.6,0.5155225396799955
2025-09-13 10:00:00,538.0,726.1,109.0,17.2,0.7217028846164384
2025-09-13 11:00:00,528.0,585.9,146.0,18.1,0.6751107218616696
2025-09-13 12:00:00,533.0,538.6,171.0,18.5,0.6562456848703672
2025-09-13 13:00:00,578.0,688.0,131.0,18.1,0.7085702270264422
2025-09-13 14:00:00,420.0,434.9,165.0,16.9,0.4892020365151784
2025-09-13 15:00:00,413.0,631.4,106.0,18.4,0.4716338404946089
2025-09-13 16:00:00,196.0,261.1,103.0,17.7,0.19787745439403492
2025-09-13 17:00:00,98.0,155.9,66.0,15.5,0.08291790424838295
2025-09-13 18:00:00,15.0,25.3,13.0,13.5,0.01183388621878522
2025-09-13 19:00:00,0.0,0.0,0.0,14.2,0.0
2025-09-13 20:00:00,0.0,0.0,0.0,14.0,0.0
2025-09-13 21:00:00,0.0,0.0,0.0,13.8,0.0
2025-09-13 22:00:00,0.0,0.0,0.0,13.8,0.0
2025-09-13 23:00:00,0.0,0.0,0.0,13.0,0.0
2025-09-14 00:00:00,0.0,0.0,0.0,12.5,0.0
2025-09-14 01:00:00,0.0,0.0,0.0,11.6,0.0
2025-09-14 02:00:00,0.0,0.0,0.0,11.2,0.0
2025-09-14 03:00:00,0.0,0.0,0.0,10.9,0.0
2025-09-14 04:00:00,0.0,0.0,0.0,10.9,0.0
2025-09-14 05:00:00,0.0,0.0,0.0,10.8,0.0
2025-09-14 06:00:00,26.0,134.4,15.0,11.2,0.03478030164805553
2025-09-14 07:00:00,139.0,370.9,61.0,12.6,0.20787709239431354
2025-09-14 08:00:00,261.0,436.0,104.0,13.7,0.3676419067074726
2025-09-14 09:00:00,353.0,391.1,162.0,14.8,0.4596651891127142
2025-09-14 10:00:00,469.0,550.9,146.0,15.9,0.621190871714649
2025-09-14 11:00:00,569.0,653.5,146.0,16.8,0.7360638718151844
2025-09-14 12:00:00,557.0,554.6,187.0,17.6,0.6873509570425547
2025-09-14 13:00:00,605.0,760.3,115.0,18.4,0.7472790508800308
2025-09-14 14:00:00,443.0,385.7,219.0,18.5,0.4991770859274679
2025-09-14 15:00:00,292.0,162.4,214.0,18.5,0.2935914021912165
2025-09-14 16:00:00,210.0,165.6,152.0,17.9,0.20444947476155334
2025-09-14 17:00:00,81.0,110.5,59.0,17.0,0.06928173658953354
2025-09-14 18:00:00,6.0,0.0,6.0,16.7,0.005474454205152317
2025-09-14 19:00:00,0.0,0.0,0.0,17.0,0.0
2025-09-14 20:00:00,0.0,0.0,0.0,16.7,0.0
2025-09-14 21:00:00,0.0,0.0,0.0,16.4,0.0
2025-09-14 22:00:00,0.0,0.0,0.0,16.6,0.0
2025-09-14 23:00:00,0.0,0.0,0.0,16.1,0.0
2025-09-15 00:00:00,0.0,0.0,0.0,16.6,0.0
2025-09-15 01:00:00,0.0,0.0,0.0,18.5,0.0
2025-09-15 02:00:00,0.0,0.0,0.0,18.7,0.0
2025-09-15 03:00:00,0.0,0.0,0.0,18.5,0.0
2025-09-15 04:00:00,0.0,0.0,0.0,17.1,0.0
2025-09-15 05:00:00,0.0,0.0,0.0,17.4,0.0
2025-09-15 06:00:00,8.0,12.5,7.0,17.2,0.008259407024881094
2025-09-15 07:00:00,84.0,121.3,59.0,17.3,0.10274944646857258
2025-09-15 08:00:00,207.0,371.0,75.0,17.5,0.29533731745997444
2025-09-15 09:00:00,418.0,671.6,93.0,18.1,0.5904217010731507
2025-09-15 10:00:00,518.0,710.0,105.0,18.6,0.7010735509702206
2025-09-15 11:00:00,590.0,758.0,103.0,19.2,0.7724408209977947
2025-09-15 12:00:00,574.0,666.1,133.0,19.5,0.7245101832886698
2025-09-15 13:00:00,555.0,679.1,121.0,19.3,0.6872989692027877
2025-09-15 14:00:00,477.0,643.3,107.0,19.3,0.5765606875947492
2025-09-15 15:00:00,385.0,602.6,99.0,18.8,0.44586888403965264
2025-09-15 16:00:00,251.0,511.3,75.0,18.4,0.26553601435867236
2025-09-15 17:00:00,119.0,342.2,53.0,17.3,0.0959271225836383
2025-09-15 18:00:00,18.0,96.2,11.0,16.4,0.009532351741674286
2025-09-15 19:00:00,0.0,0.0,0.0,15.9,0.0
2025-09-15 20:00:00,0.0,0.0,0.0,15.7,0.0
2025-09-15 21:00:00,0.0,0.0,0.0,15.6,0.0
2025-09-15 22:00:00,0.0,0.0,0.0,15.1,0.0
2025-09-15 23:00:00,0.0,0.0,0.0,14.8,0.0
2025-09-16 00:00:00,0.0,0.0,0.0,14.5,0.0
2025-09-16 01:00:00,0.0,0.0,0.0,14.2,0.0
2025-09-16 02:00:00,0.0,0.0,0.0,14.1,0.0
2025-09-16 03:00:00,0.0,0.0,0.0,13.9,0.0
2025-09-16 04:00:00,0.0,0.0,0.0,13.6,0.0
2025-09-16 05:00:00,0.0,0.0,0.0,13.4,0.0
2025-09-16 06:00:00,20.0,90.2,13.0,13.5,0.025901026398843053
2025-09-16 07:00:00,132.0,366.7,58.0,14.1,0.20252563235851967
2025-09-16 08:00:00,281.0,571.9,80.0,14.8,0.4227420875139328
2025-09-16 09:00:00,376.0,565.2,105.0,15.5,0.5329749591999714
2025-09-16 10:00:00,490.0,642.9,119.0,16.5,0.6681721525698199
2025-09-16 11:00:00,548.0,664.9,124.0,17.2,0.7230176246141267
2025-09-16 12:00:00,588.0,720.0,115.0,17.9,0.7560888855406436
2025-09-16 13:00:00,563.0,670.6,138.0,17.8,0.701029806017015
2025-09-16 14:00:00,426.0,533.7,122.0,17.7,0.5169616240594339
2025-09-16 15:00:00,316.0,428.8,115.0,17.6,0.3634306115506251
2025-09-16 16:00:00,207.0,349.0,89.0,17.0,0.21814525526131384
2025-09-16 17:00:00,90.0,208.9,51.0,15.8,0.07555920371293255
2025-09-16 18:00:00,11.0,43.1,8.0,15.0,0.007197581779441828
2025-09-16 19:00:00,0.0,0.0,0.0,14.7,0.0
2025-09-16 20:00:00,0.0,0.0,0.0,13.9,0.0
2025-09-16 21:00:00,0.0,0.0,0.0,13.4,0.0
2025-09-16 22:00:00,0.0,0.0,0.0,13.4,0.0
2025-09-16 23:00:00,0.0,0.0,0.0,13.1,0.0
2025-09-17 00:00:00,0.0,0.0,0.0,12.9,0.0
2025-09-17 01:00:00,0.0,0.0,0.0,12.5,0.0
2025-09-17 02:00:00,0.0,0.0,0.0,12.1,0.0
2025-09-17 03:00:00,0.0,0.0,0.0,11.7,0.0
2025-09-17 04:00:00,0.0,0.0,0.0,11.5,0.0
2025-09-17 05:00:00,0.0,0.0,0.0,11.5,0.0
2025-09-17 06:00:00,21.0,92.7,14.0,11.4,0.027483900231556325
2025-09-17 07:00:00,65.0,40.5,57.0,12.4,0.06948572723134414
2025-09-17 08:00:00,75.0,0.0,75.0,13.1,0.06885622148653461
2025-09-17 09:00:00,83.0,4.2,81.0,13.4,0.07769155783462746
2025-09-17 10:00:00,90.0,1.7,89.0,13.6,0.08304226566830528
2025-09-17 11:00:00,131.0,3.2,129.0,14.1,0.12052962907131924
2025-09-17 12:00:00,312.0,112.0,239.0,16.0,0.32665255824416145
2025-09-17 13:00:00,110.0,4.8,107.0,16.3,0.10116985707667933
2025-09-17 14:00:00,132.0,17.7,122.0,16.7,0.1241985323447579
2025-09-17 15:00:00,89.0,2.2,88.0,17.1,0.08079641933131622
2025-09-17 16:00:00,52.0,0.0,52.0,17.2,0.04710892752415993
2025-09-17 17:00:00,17.0,0.0,17.0,17.1,0.01546780779905563
2025-09-17 18:00:00,5.0,0.0,5.0,17.1,0.004555486651351107
2025-09-17 19:00:00,0.0,0.0,0.0,16.5,0.0
2025-09-17 20:00:00,0.0,0.0,0.0,16.2,0.0
2025-09-17 21:00:00,0.0,0.0,0.0,16.1,0.0
2025-09-17 22:00:00,0.0,0.0,0.0,16.2,0.0
2025-09-17 23:00:00,0.0,0.0,0.0,15.9,0.0
2025-09-18 00:00:00,0.0,0.0,0.0,15.9,0.0
2025-09-18 01:00:00,0.0,0.0,0.0,16.0,0.0
2025-09-18 02:00:00,0.0,0.0,0.0,15.9,0.0
2025-09-18 03:00:00,0.0,0.0,0.0,15.5,0.0
2025-09-18 04:00:00,0.0,0.0,0.0,15.2,0.0
2025-09-18 05:00:00,0.0,0.0,0.0,14.8,0.0
2025-09-18 06:00:00,10.0,0.0,10.0,15.3,0.009169489027823411
2025-09-18 07:00:00,67.0,77.6,52.0,16.2,0.07909519047067068
2025-09-18 08:00:00,224.0,385.1,92.0,17.8,0.32067028093873595
2025-09-18 09:00:00,410.0,656.7,101.0,19.0,0.58625813905013
2025-09-18 10:00:00,523.0,750.3,97.0,20.2,0.7189916918932555
2025-09-18 11:00:00,587.0,745.4,119.0,21.3,0.7698251239741125
2025-09-18 12:00:00,611.0,771.6,112.0,22.1,0.7791631920611097
2025-09-18 13:00:00,445.0,277.7,272.0,21.3,0.49016283978721936
2025-09-18 14:00:00,382.0,281.2,225.0,21.5,0.41887557210161924
2025-09-18 15:00:00,333.0,426.7,138.0,21.7,0.3773391419366045
2025-09-18 16:00:00,216.0,352.8,101.0,21.4,0.22646895149194432
2025-09-18 17:00:00,110.0,350.0,49.0,20.5,0.09044153626317572
2025-09-18 18:00:00,13.0,78.9,8.0,19.0,0.006953271105998435
2025-09-18 19:00:00,0.0,0.0,0.0,18.4,0.0
2025-09-18 20:00:00,0.0,0.0,0.0,17.8,0.0
2025-09-18 21:00:00,0.0,0.0,0.0,17.1,0.0
2025-09-18 22:00:00,0.0,0.0,0.0,16.5,0.0
2025-09-18 23:00:00,0.0,0.0,0.0,16.0,0.0
2025-09-19 00:00:00,0.0,0.0,0.0,15.6,0.0
2025-09-19 01:00:00,0.0,0.0,0.0,16.7,0.0
2025-09-19 02:00:00,0.0,0.0,0.0,15.9,0.0
2025-09-19 03:00:00,0.0,0.0,0.0,15.1,0.0
2025-09-19 04:00:00,0.0,0.0,0.0,14.5,0.0
2025-09-19 05:00:00,0.0,0.0,0.0,13.9,0.0
2025-09-19 06:00:00,18.0,112.4,10.0,13.9,0.026552892620088902
2025-09-19 07:00:00,132.0,450.0,47.0,15.1,0.2242280663761016
2025-09-19 08:00:00,282.0,638.3,66.0,17.0,0.44321235351637217
2025-09-19 09:00:00,424.0,742.5,78.0,18.9,0.6224779918466439
2025-09-19 10:00:00,534.0,801.0,83.0,20.8,0.7411281978008005
2025-09-19 11:00:00,602.0,821.9,90.0,22.5,0.7970952575395939
2025-09-19 12:00:00,619.0,809.0,100.0,23.7,0.7903811834995266
2025-09-19 13:00:00,541.0,573.3,187.0,24.9,0.6491790759086865
2025-09-19 14:00:00,456.0,495.9,182.0,25.3,0.5291400570912599
2025-09-19 15:00:00,349.0,427.9,156.0,25.2,0.38924990062422804
2025-09-19 16:00:00,265.0,622.0,66.0,24.7,0.2858358086975158
2025-09-19 17:00:00,118.0,458.1,41.0,23.3,0.09505662933196128
2025-09-19 18:00:00,12.0,83.0,7.0,21.5,0.0060231778218204635
2025-09-19 19:00:00,0.0,0.0,0.0,20.3,0.0
2025-09-19 20:00:00,0.0,0.0,0.0,19.4,0.0
2025-09-19 21:00:00,0.0,0.0,0.0,18.7,0.0
2025-09-19 22:00:00,0.0,0.0,0.0,18.1,0.0
2025-09-19 23:00:00,0.0,0.0,0.0,17.7,0.0
2025-09-20 00:00:00,0.0,0.0,0.0,17.4,0.0
2025-09-20 01:00:00,0.0,0.0,0.0,17.0,0.0
2025-09-20 02:00:00,0.0,0.0,0.0,16.6,0.0
2025-09-20 03:00:00,0.0,0.0,0.0,16.2,0.0
2025-09-20 04:00:00,0.0,0.0,0.0,15.9,0.0
2025-09-20 05:00:00,0.0,0.0,0.0,15.8,0.0
2025-09-20 06:00:00,16.0,57.9,12.0,16.1,0.019887256677407535
2025-09-20 07:00:00,114.0,314.2,56.0,17.6,0.17792601984578776
2025-09-20 08:00:00,264.0,568.9,74.0,19.2,0.40835548937287924
2025-09-20 09:00:00,354.0,448.6,147.0,21.0,0.4781125358889031
2025-09-20 10:00:00,465.0,592.8,134.0,23.1,0.6247021264305236
2025-09-20 11:00:00,494.0,488.7,192.0,25.0,0.6154301053917565
2025-09-20 12:00:00,507.0,462.1,213.0,26.1,0.6072476890862221
2025-09-20 13:00:00,537.0,661.7,132.0,26.3,0.6608892392349413
2025-09-20 14:00:00,392.0,354.8,198.0,25.1,0.44259216697904175
2025-09-20 15:00:00,325.0,386.4,153.0,24.7,0.36307176794289664
2025-09-20 16:00:00,173.0,223.0,103.0,24.0,0.1761966369367513
2025-09-20 17:00:00,41.0,24.7,37.0,22.7,0.03599607488343431
2025-09-20 18:00:00,3.0,0.0,3.0,21.8,0.002684065362102907
2025-09-20 19:00:00,0.0,0.0,0.0,21.4,0.0
2025-09-20 20:00:00,0.0,0.0,0.0,20.8,0.0
2025-09-20 21:00:00,0.0,0.0,0.0,20.3,0.0
2025-09-20 22:00:00,0.0,0.0,0.0,20.2,0.0
2025-09-20 23:00:00,0.0,0.0,0.0,20.1,0.0
2025-09-21 00:00:00,0.0,0.0,0.0,20.0,0.0
2025-09-21 01:00:00,0.0,0.0,0.0,19.3,0.0
2025-09-21 02:00:00,0.0,0.0,0.0,19.0,0.0
2025-09-21 03:00:00,0.0,0.0,0.0,18.6,0.0
2025-09-21 04:00:00,0.0,0.0,0.0,17.8,0.0
2025-09-21 05:00:00,0.0,0.0,0.0,16.9,0.0
2025-09-21 06:00:00,3.0,0.0,3.0,15.6,0.002749811442127509
2025-09-21 07:00:00,13.0,0.0,13.0,14.7,0.011943921252337363
2025-09-21 08:00:00,23.0,0.0,23.0,14.1,0.02115682857198372
2025-09-21 09:00:00,110.0,30.6,96.0,14.9,0.11246425382005501
2025-09-21 10:00:00,222.0,119.2,156.0,15.5,0.2532523078033219
2025-09-21 11:00:00,133.0,11.4,126.0,15.2,0.1256304999826253
2025-09-21 12:00:00,134.0,1.6,133.0,15.1,0.1219948650581802
2025-09-21 13:00:00,167.0,8.2,162.0,15.8,0.153502949723598
2025-09-21 14:00:00,152.0,1.8,151.0,15.5,0.1376485032189826
2025-09-21 15:00:00,135.0,9.1,131.0,15.1,0.12434761699008888
2025-09-21 16:00:00,60.0,0.0,60.0,14.5,0.05488003065349259
2025-09-21 17:00:00,32.0,0.0,32.0,13.9,0.029428779087110602
2025-09-21 18:00:00,3.0,0.0,3.0,13.5,0.0027720802756842295
2025-09-21 19:00:00,0.0,0.0,0.0,13.2,0.0
2025-09-21 20:00:00,0.0,0.0,0.0,13.1,0.0
2025-09-21 21:00:00,0.0,0.0,0.0,12.5,0.0
2025-09-21 22:00:00,0.0,0.0,0.0,12.0,0.0
2025-09-21 23:00:00,0.0,0.0,0.0,11.5,0.0
2025-09-22 00:00:00,0.0,0.0,0.0,11.0,0.0
2025-09-22 01:00:00,0.0,0.0,0.0,9.8,0.0
2025-09-22 02:00:00,0.0,0.0,0.0,9.6,0.0
2025-09-22 03:00:00,0.0,0.0,0.0,9.3,0.0
2025-09-22 04:00:00,0.0,0.0,0.0,9.2,0.0
2025-09-22 05:00:00,0.0,0.0,0.0,9.2,0.0
2025-09-22 06:00:00,6.0,0.0,6.0,9.3,0.0056313964606949166
2025-09-22 07:00:00,62.0,0.0,62.0,9.9,0.05770479997522779
2025-09-22 08:00:00,175.0,98.4,143.0,11.1,0.19707837402870318
2025-09-22 09:00:00,346.0,411.2,160.0,12.7,0.47949192190655293
2025-09-22 10:00:00,467.0,517.5,183.0,14.2,0.6347823726799561
2025-09-22 11:00:00,540.0,653.0,143.0,15.3,0.7363205062476008
2025-09-22 12:00:00,377.0,220.5,239.0,15.5,0.43417664243910237
2025-09-22 13:00:00,439.0,494.1,142.0,15.8,0.5650803260274999
2025-09-22 14:00:00,305.0,336.2,125.0,15.7,0.37523561728016297
2025-09-22 15:00:00,268.0,325.4,127.0,15.5,0.3142386487638642
2025-09-22 16:00:00,160.0,192.2,102.0,15.1,0.16907675712839557
2025-09-22 17:00:00,74.0,173.8,48.0,14.2,0.06725000076207163
2025-09-22 18:00:00,5.0,0.0,5.0,13.4,0.004620879257827191
2025-09-22 19:00:00,0.0,0.0,0.0,13.0,0.0
2025-09-22 20:00:00,0.0,0.0,0.0,12.2,0.0
2025-09-22 21:00:00,0.0,0.0,0.0,11.8,0.0
2025-09-22 22:00:00,0.0,0.0,0.0,11.5,0.0
2025-09-22 23:00:00,0.0,0.0,0.0,11.3,0.0
2025-09-23 00:00:00,0.0,0.0,0.0,11.1,0.0
2025-09-23 01:00:00,0.0,0.0,0.0,10.6,0.0
2025-09-23 02:00:00,0.0,0.0,0.0,10.3,0.0
2025-09-23 03:00:00,0.0,0.0,0.0,10.1,0.0
2025-09-23 04:00:00,0.0,0.0,0.0,9.9,0.0
2025-09-23 05:00:00,0.0,0.0,0.0,9.6,0.0
2025-09-23 06:00:00,10.0,32.0,8.0,9.3,0.012557122462558409
2025-09-23 07:00:00,114.0,396.4,46.0,9.9,0.2070998108155342
2025-09-23 08:00:00,264.0,605.0,70.0,11.2,0.43945389834183085
2025-09-23 09:00:00,406.0,723.7,82.0,12.8,0.6297518935565568
2025-09-23 10:00:00,519.0,796.0,86.0,14.2,0.7608850321076088
2025-09-23 11:00:00,595.0,849.2,83.0,15.3,0.8352164402573442
2025-09-23 12:00:00,535.0,625.3,147.0,16.1,0.7115794573700727
2025-09-23 13:00:00,463.0,473.5,181.0,16.6,0.5836732478046129
2025-09-23 14:00:00,243.0,56.6,213.0,16.2,0.23690724380579367
2025-09-23 15:00:00,290.0,372.0,131.0,16.2,0.3445358176834294
2025-09-23 16:00:00,151.0,186.0,96.0,15.7,0.16027361777235888
2025-09-23 17:00:00,72.0,167.3,48.0,15.0,0.06622982502360818
2025-09-23 18:00:00,5.0,19.1,4.0,14.1,0.0036633424640740157
2025-09-23 19:00:00,0.0,0.0,0.0,13.3,0.0
2025-09-23 20:00:00,0.0,0.0,0.0,13.0,0.0
2025-09-23 21:00:00,0.0,0.0,0.0,12.3,0.0
2025-09-23 22:00:00,0.0,0.0,0.0,11.7,0.0
2025-09-23 23:00:00,0.0,0.0,0.0,11.0,0.0
2025-09-24 00:00:00,0.0,0.0,0.0,10.4,0.0
2025-09-24 01:00:00,0.0,0.0,0.0,10.4,0.0
2025-09-24 02:00:00,0.0,0.0,0.0,9.9,0.0
2025-09-24 03:00:00,0.0,0.0,0.0,9.4,0.0
2025-09-24 04:00:00,0.0,0.0,0.0,8.9,0.0
2025-09-24 05:00:00,0.0,0.0,0.0,8.7,0.0
2025-09-24 06:00:00,11.0,33.1,9.0,8.7,0.013728418052400033
2025-09-24 07:00:00,90.0,107.7,72.0,9.5,0.11361453353536363
2025-09-24 08:00:00,226.0,335.2,120.0,10.4,0.32925677914931395
2025-09-24 09:00:00,359.0,462.7,154.0,11.8,0.5155114732075091
2025-09-24 10:00:00,451.0,474.8,195.0,13.2,0.6130717929132704
2025-09-24 11:00:00,488.0,423.1,235.0,14.7,0.6248495018280712
2025-09-24 12:00:00,477.0,354.3,259.0,16.1,0.5783807372862421
2025-09-24 13:00:00,476.0,428.8,223.0,15.7,0.5882877640877573
2025-09-24 14:00:00,389.0,330.2,216.0,16.0,0.4573145399137318
2025-09-24 15:00:00,301.0,296.5,176.0,15.7,0.34410137644178757
2025-09-24 16:00:00,185.0,248.6,113.0,15.4,0.20157020533008246
2025-09-24 17:00:00,81.0,211.1,52.0,14.5,0.07652873305478902
2025-09-24 18:00:00,3.0,0.0,3.0,13.8,0.0027688990137475556
2025-09-24 19:00:00,0.0,0.0,0.0,13.3,0.0
2025-09-24 20:00:00,0.0,0.0,0.0,13.0,0.0
2025-09-24 21:00:00,0.0,0.0,0.0,12.7,0.0
2025-09-24 22:00:00,0.0,0.0,0.0,12.2,0.0
2025-09-24 23:00:00,0.0,0.0,0.0,11.7,0.0
2025-09-25 00:00:00,0.0,0.0,0.0,11.6,0.0
2025-09-25 01:00:00,0.0,0.0,0.0,11.6,0.0
2025-09-25 02:00:00,0.0,0.0,0.0,11.2,0.0
2025-09-25 03:00:00,0.0,0.0,0.0,10.7,0.0
2025-09-25 04:00:00,0.0,0.0,0.0,10.3,0.0
2025-09-25 05:00:00,0.0,0.0,0.0,9.6,0.0
2025-09-25 06:00:00,2.0,0.0,2.0,9.1,0.0018793635699370158
2025-09-25 07:00:00,19.0,0.0,19.0,9.2,0.017814230459044414
2025-09-25 08:00:00,50.0,3.2,49.0,9.7,0.047774572982818814
2025-09-25 09:00:00,82.0,2.3,81.0,10.0,0.07712424812274683
2025-09-25 10:00:00,96.0,0.0,96.0,10.2,0.08891401827299483
2025-09-25 11:00:00,104.0,0.0,104.0,10.6,0.0960914524930519
2025-09-25 12:00:00,196.0,23.0,182.0,11.3,0.1900214181523555
2025-09-25 13:00:00,142.0,1.7,141.0,11.3,0.1310185177723201
2025-09-25 14:00:00,110.0,3.9,108.0,10.7,0.10288049975973979
2025-09-25 15:00:00,84.0,2.4,83.0,10.6,0.07835751545951646
2025-09-25 16:00:00,46.0,7.1,44.0,10.4,0.043651671872901004
2025-09-25 17:00:00,18.0,0.0,18.0,10.2,0.016814853568419535
2025-09-25 18:00:00,1.0,0.0,1.0,10.0,0.0009366027133040794
2025-09-25 19:00:00,0.0,0.0,0.0,9.7,0.0
2025-09-25 20:00:00,0.0,0.0,0.0,9.8,0.0
2025-09-25 21:00:00,0.0,0.0,0.0,9.6,0.0
2025-09-25 22:00:00,0.0,0.0,0.0,9.6,0.0
2025-09-25 23:00:00,0.0,0.0,0.0,9.5,0.0
2025-09-26 00:00:00,0.0,0.0,0.0,9.7,0.0
2025-09-26 01:00:00,0.0,0.0,0.0,10.0,0.0
2025-09-26 02:00:00,0.0,0.0,0.0,10.0,0.0
2025-09-26 03:00:00,0.0,0.0,0.0,9.7,0.0
2025-09-26 04:00:00,0.0,0.0,0.0,9.7,0.0
2025-09-26 05:00:00,0.0,0.0,0.0,9.9,0.0
2025-09-26 06:00:00,7.0,17.9,6.0,9.9,0.00843580824443083
2025-09-26 07:00:00,95.0,303.1,47.0,10.8,0.17005373691028638
2025-09-26 08:00:00,233.0,511.1,76.0,12.1,0.3893614673469908
2025-09-26 09:00:00,372.0,634.0,97.0,13.4,0.5803750292232522
2025-09-26 10:00:00,413.0,464.7,167.0,14.6,0.5736736957755484
2025-09-26 11:00:00,325.0,136.1,245.0,15.1,0.35801578923250643
2025-09-26 12:00:00,331.0,130.7,252.0,16.0,0.35683707195642234
2025-09-26 13:00:00,358.0,228.0,226.0,16.3,0.41340309423574656
2025-09-26 14:00:00,364.0,370.8,174.0,16.8,0.4457368733033919
2025-09-26 15:00:00,260.0,278.3,146.0,16.4,0.3024894821387316
2025-09-26 16:00:00,183.0,309.9,97.0,15.1,0.20913592421614371
2025-09-26 17:00:00,62.0,88.0,51.0,13.9,0.05935258886854157
2025-09-26 18:00:00,2.0,0.0,2.0,13.0,0.001851792633152505
2025-09-26 19:00:00,0.0,0.0,0.0,12.8,0.0
2025-09-26 20:00:00,0.0,0.0,0.0,12.9,0.0
2025-09-26 21:00:00,0.0,0.0,0.0,12.8,0.0
2025-09-26 22:00:00,0.0,0.0,0.0,12.6,0.0
2025-09-26 23:00:00,0.0,0.0,0.0,12.4,0.0
2025-09-27 00:00:00,0.0,0.0,0.0,11.9,0.0
2025-09-27 01:00:00,0.0,0.0,0.0,11.4,0.0
2025-09-27 02:00:00,0.0,0.0,0.0,10.9,0.0
2025-09-27 03:00:00,0.0,0.0,0.0,10.3,0.0
2025-09-27 04:00:00,0.0,0.0,0.0,10.0,0.0
2025-09-27 05:00:00,0.0,0.0,0.0,10.2,0.0
2025-09-27 06:00:00,6.0,18.6,5.0,10.3,0.00759118924171263
2025-09-27 07:00:00,76.0,168.9,50.0,11.5,0.11738286372187925
2025-09-27 08:00:00,200.0,304.0,108.0,12.8,0.295199702139902
2025-09-27 09:00:00,358.0,615.4,94.0,14.3,0.5616415992884217
2025-09-27 10:00:00,380.0,455.7,141.0,15.4,0.5384298228583014
2025-09-27 11:00:00,371.0,291.8,201.0,16.2,0.46724173205453073
2025-09-27 12:00:00,351.0,225.3,216.0,16.7,0.4154949792809543
2025-09-27 13:00:00,324.0,139.6,244.0,16.8,0.3482248554878224
2025-09-27 14:00:00,310.0,232.9,192.0,17.0,0.3572168608838055
2025-09-27 15:00:00,185.0,161.1,120.0,16.7,0.206367879162802
2025-09-27 16:00:00,162.0,261.6,91.0,16.5,0.18324279717929942
2025-09-27 17:00:00,71.0,319.7,33.0,15.2,0.07158112983534949
2025-09-27 18:00:00,2.0,0.0,2.0,13.6,0.0018475509505702726
2025-09-27 19:00:00,0.0,0.0,0.0,13.1,0.0
2025-09-27 20:00:00,0.0,0.0,0.0,12.8,0.0
2025-09-27 21:00:00,0.0,0.0,0.0,12.3,0.0
2025-09-27 22:00:00,0.0,0.0,0.0,11.2,0.0
2025-09-27 23:00:00,0.0,0.0,0.0,10.9,0.0
2025-09-28 00:00:00,0.0,0.0,0.0,11.0,0.0
2025-09-28 01:00:00,0.0,0.0,0.0,10.8,0.0
2025-09-28 02:00:00,0.0,0.0,0.0,10.5,0.0
2025-09-28 03:00:00,0.0,0.0,0.0,10.3,0.0
2025-09-28 04:00:00,0.0,0.0,0.0,10.1,0.0
2025-09-28 05:00:00,0.0,0.0,0.0,9.5,0.0
2025-09-28 06:00:00,7.0,38.2,5.0,9.3,0.010713153608967704
2025-09-28 07:00:00,93.0,327.7,44.0,10.3,0.1776315175764276
2025-09-28 08:00:00,222.0,463.0,84.0,11.8,0.3698705760374373
2025-09-28 09:00:00,365.0,631.7,97.0,14.0,0.5772847592101702
2025-09-28 10:00:00,474.0,727.6,96.0,15.9,0.7116644988391576
2025-09-28 11:00:00,494.0,630.5,130.0,17.3,0.6965928874322354
2025-09-28 12:00:00,533.0,705.7,114.0,18.3,0.7353772874484681
2025-09-28 13:00:00,483.0,630.8,125.0,19.0,0.6461208306527613
2025-09-28 14:00:00,407.0,581.2,116.0,19.0,0.5332944760941828
2025-09-28 15:00:00,314.0,571.0,87.0,18.7,0.40469854600477273
2025-09-28 16:00:00,183.0,441.2,66.0,18.2,0.22132110972521618
2025-09-28 17:00:00,55.0,212.7,31.0,17.1,0.055886284953854566
2025-09-28 18:00:00,1.0,0.0,1.0,16.1,0.0009150408268443978
2025-09-28 19:00:00,0.0,0.0,0.0,14.8,0.0
2025-09-28 20:00:00,0.0,0.0,0.0,13.9,0.0
2025-09-28 21:00:00,0.0,0.0,0.0,13.4,0.0
2025-09-28 22:00:00,0.0,0.0,0.0,13.1,0.0
2025-09-28 23:00:00,0.0,0.0,0.0,13.2,0.0
2025-09-29 00:00:00,0.0,0.0,0.0,13.0,0.0
2025-09-29 01:00:00,0.0,0.0,0.0,10.6,0.0
2025-09-29 02:00:00,0.0,0.0,0.0,10.3,0.0
2025-09-29 03:00:00,0.0,0.0,0.0,9.9,0.0
2025-09-29 04:00:00,0.0,0.0,0.0,9.7,0.0
2025-09-29 05:00:00,0.0,0.0,0.0,9.5,0.0
2025-09-29 06:00:00,6.0,19.1,5.0,9.6,0.007702750810079328
2025-09-29 07:00:00,81.0,268.9,42.0,10.7,0.15123529856623252
2025-09-29 08:00:00,204.0,381.7,92.0,12.2,0.3282667922833501
2025-09-29 09:00:00,348.0,579.4,105.0,14.2,0.5475009271119401
2025-09-29 10:00:00,460.0,701.7,99.0,16.0,0.694016384751144
2025-09-29 11:00:00,519.0,722.0,106.0,17.6,0.7460836498616105
2025-09-29 12:00:00,524.0,705.5,109.0,18.1,0.7300540319772874
2025-09-29 13:00:00,452.0,610.5,109.0,18.5,0.6145528805516032
2025-09-29 14:00:00,354.0,495.2,109.0,18.5,0.46630946706219434
2025-09-29 15:00:00,261.0,408.7,101.0,17.3,0.330852692503916
2025-09-29 16:00:00,161.0,370.6,65.0,17.1,0.19527954086035307
2025-09-29 17:00:00,46.0,200.6,24.0,15.8,0.04739918283729299
2025-09-29 18:00:00,1.0,0.0,1.0,15.1,0.0009185755623295916
2025-09-29 19:00:00,0.0,0.0,0.0,14.2,0.0
2025-09-29 20:00:00,0.0,0.0,0.0,13.4,0.0
2025-09-29 21:00:00,0.0,0.0,0.0,12.9,0.0
2025-09-29 22:00:00,0.0,0.0,0.0,12.5,0.0
2025-09-29 23:00:00,0.0,0.0,0.0,12.1,0.0
2025-09-30 00:00:00,0.0,0.0,0.0,11.7,0.0
2025-09-30 01:00:00,0.0,0.0,0.0,11.5,0.0
2025-09-30 02:00:00,0.0,0.0,0.0,11.2,0.0
2025-09-30 03:00:00,0.0,0.0,0.0,10.9,0.0
2025-09-30 04:00:00,0.0,0.0,0.0,10.6,0.0
2025-09-30 05:00:00,0.0,0.0,0.0,10.3,0.0
2025-09-30 06:00:00,4.0,0.0,4.0,10.1,0.0037437706757552907
2025-09-30 07:00:00,62.0,170.8,38.0,10.7,0.10667985652221851
2025-09-30 08:00:00,162.0,207.8,102.0,11.8,0.22959954043180744
2025-09-30 09:00:00,257.0,236.4,159.0,13.0,0.34120396779808854
2025-09-30 10:00:00,320.0,233.6,201.0,14.1,0.4030349759643807
2025-09-30 11:00:00,429.0,381.1,213.0,15.3,0.5639113711626192
2025-09-30 12:00:00,434.0,365.6,221.0,15.8,0.5536465481180581
2025-09-30 13:00:00,390.0,384.8,176.0,16.0,0.5032122251036983
2025-09-30 14:00:00,281.0,261.9,153.0,15.6,0.34369372814820004
2025-09-30 15:00:00,277.0,412.6,118.0,15.7,0.3527735055340906
2025-09-30 16:00:00,157.0,336.2,72.0,15.4,0.191418179648992
2025-09-30 17:00:00,56.0,216.0,33.0,14.2,0.06295243175040692
2025-09-30 18:00:00,0.0,0.0,0.0,13.2,0.0
2025-09-30 19:00:00,0.0,0.0,0.0,12.5,0.0
2025-09-30 20:00:00,0.0,0.0,0.0,12.1,0.0
2025-09-30 21:00:00,0.0,0.0,0.0,11.7,0.0
2025-09-30 22:00:00,0.0,0.0,0.0,11.0,0.0
2025-09-30 23:00:00,0.0,0.0,0.0,10.7,0.0
2025-10-01 00:00:00,0.0,0.0,0.0,10.1,0.0
2025-10-01 01:00:00,0.0,0.0,0.0,9.4,0.0
2025-10-01 02:00:00,0.0,0.0,0.0,8.9,0.0
2025-10-01 03:00:00,0.0,0.0,0.0,8.5,0.0
2025-10-01 04:00:00,0.0,0.0,0.0,8.2,0.0
2025-10-01 05:00:00,0.0,0.0,0.0,7.8,0.0
2025-10-01 06:00:00,4.0,19.1,3.0,7.8,0.005842144236568759
2025-10-01 07:00:00,91.0,411.6,35.0,8.7,0.20341734170630446
2025-10-01 08:00:00,239.0,633.5,59.0,10.6,0.4456359472993681
2025-10-01 09:00:00,377.0,746.8,71.0,12.4,0.6338249540597917
2025-10-01 10:00:00,487.0,811.0,78.0,13.9,0.761490749527051
2025-10-01 11:00:00,552.0,826.5,88.0,15.0,0.818257532169541
2025-10-01 12:00:00,569.0,826.6,92.0,15.7,0.8149036201334516
2025-10-01 13:00:00,523.0,737.8,117.0,16.1,0.7262552674388465
2025-10-01 14:00:00,438.0,662.8,118.0,16.1,0.5962054183268699
2025-10-01 15:00:00,319.0,569.6,103.0,15.9,0.4243017980482107
2025-10-01 16:00:00,187.0,474.5,70.0,15.4,0.2393802533991232
2025-10-01 17:00:00,56.0,251.7,30.0,13.7,0.06830510078451124
2025-10-01 18:00:00,0.0,0.0,0.0,12.8,0.0
2025-10-01 19:00:00,0.0,0.0,0.0,11.4,0.0
2025-10-01 20:00:00,0.0,0.0,0.0,11.1,0.0
2025-10-01 21:00:00,0.0,0.0,0.0,10.4,0.0
2025-10-01 22:00:00,0.0,0.0,0.0,9.6,0.0
2025-10-01 23:00:00,0.0,0.0,0.0,8.9,0.0
2025-10-02 00:00:00,0.0,0.0,0.0,8.6,0.0
2025-10-02 01:00:00,0.0,0.0,0.0,8.0,0.0
2025-10-02 02:00:00,0.0,0.0,0.0,7.7,0.0
2025-10-02 03:00:00,0.0,0.0,0.0,7.4,0.0
2025-10-02 04:00:00,0.0,0.0,0.0,7.2,0.0
2025-10-02 05:00:00,0.0,0.0,0.0,7.2,0.0
2025-10-02 06:00:00,4.0,19.1,3.0,7.0,0.005865076270003211
2025-10-02 07:00:00,56.0,174.9,33.0,7.8,0.10451899514201482
2025-10-02 08:00:00,145.0,243.3,77.0,9.0,0.22965667409091528
2025-10-02 09:00:00,324.0,506.3,119.0,11.0,0.5152439216396927
2025-10-02 10:00:00,483.0,807.2,80.0,12.8,0.7638283910660297
2025-10-02 11:00:00,538.0,791.3,98.0,14.1,0.8033931501375965
2025-10-02 12:00:00,557.0,806.6,96.0,15.0,0.8049889820770849
2025-10-02 13:00:00,534.0,833.8,80.0,15.4,0.7590192998746195
2025-10-02 14:00:00,442.0,725.7,96.0,15.4,0.6153068951334415
2025-10-02 15:00:00,298.0,485.1,117.0,15.1,0.39331423080374867
2025-10-02 16:00:00,179.0,457.6,69.0,14.3,0.23288166011167802
2025-10-02 17:00:00,54.0,289.7,25.0,12.9,0.06813281230798476
2025-10-02 18:00:00,0.0,0.0,0.0,12.2,0.0
2025-10-02 19:00:00,0.0,0.0,0.0,11.4,0.0
2025-10-02 20:00:00,0.0,0.0,0.0,10.6,0.0
2025-10-02 21:00:00,0.0,0.0,0.0,9.8,0.0
2025-10-02 22:00:00,0.0,0.0,0.0,9.4,0.0
2025-10-02 23:00:00,0.0,0.0,0.0,9.1,0.0
2025-10-03 00:00:00,0.0,0.0,0.0,9.4,0.0
2025-10-03 01:00:00,0.0,0.0,0.0,9.1,0.0
2025-10-03 02:00:00,0.0,0.0,0.0,9.4,0.0
2025-10-03 03:00:00,0.0,0.0,0.0,9.6,0.0
2025-10-03 04:00:00,0.0,0.0,0.0,9.6,0.0
2025-10-03 05:00:00,0.0,0.0,0.0,9.7,0.0
2025-10-03 06:00:00,1.0,0.0,1.0,9.9,0.0009369561868525986
2025-10-03 07:00:00,18.0,0.0,18.0,10.0,0.016827578616166232
2025-10-03 08:00:00,52.0,0.0,52.0,10.4,0.048358809991724414
2025-10-03 09:00:00,159.0,125.0,109.0,11.2,0.20424479360957148
2025-10-03 10:00:00,188.0,40.5,168.0,11.6,0.1929640702358745
2025-10-03 11:00:00,246.0,49.0,219.0,12.4,0.2493353502975417
2025-10-03 12:00:00,292.0,74.2,250.0,13.9,0.3008443731454903
2025-10-03 13:00:00,311.0,124.4,244.0,14.2,0.3375008902306671
2025-10-03 14:00:00,53.0,0.0,53.0,13.0,0.048796284472661176
2025-10-03 15:00:00,46.0,0.0,46.0,12.6,0.042449436584409826
2025-10-03 16:00:00,24.0,0.0,24.0,12.3,0.022226938690235568
2025-10-03 17:00:00,14.0,0.0,14.0,12.2,0.012984969503764422
2025-10-03 18:00:00,0.0,0.0,0.0,11.6,0.0
2025-10-03 19:00:00,0.0,0.0,0.0,10.8,0.0
2025-10-03 20:00:00,0.0,0.0,0.0,10.7,0.0
2025-10-03 21:00:00,0.0,0.0,0.0,10.7,0.0
2025-10-03 22:00:00,0.0,0.0,0.0,10.5,0.0
2025-10-03 23:00:00,0.0,0.0,0.0,10.9,0.0
2025-10-04 00:00:00,0.0,0.0,0.0,11.3,0.0
2025-10-04 01:00:00,0.0,0.0,0.0,11.7,0.0
2025-10-04 02:00:00,0.0,0.0,0.0,12.1,0.0
2025-10-04 03:00:00,0.0,0.0,0.0,13.1,0.0
2025-10-04 04:00:00,0.0,0.0,0.0,14.7,0.0
2025-10-04 05:00:00,0.0,0.0,0.0,16.1,0.0
2025-10-04 06:00:00,0.0,0.0,0.0,16.6,0.0
2025-10-04 07:00:00,9.0,0.0,9.0,16.6,0.008212103432314514
2025-10-04 08:00:00,16.0,0.0,16.0,13.8,0.014746205830026516
2025-10-04 09:00:00,27.0,0.0,27.0,12.7,0.024958853471223022
2025-10-04 10:00:00,59.0,0.0,59.0,12.9,0.05430507173179915
2025-10-04 11:00:00,77.0,0.0,77.0,13.0,0.07070386755415237
2025-10-04 12:00:00,349.0,412.3,118.0,13.5,0.49856898449031534
2025-10-04 13:00:00,437.0,581.8,127.0,13.7,0.6195833869653281
2025-10-04 14:00:00,404.0,651.9,101.0,13.5,0.5736198760410973
2025-10-04 15:00:00,219.0,321.5,103.0,11.9,0.2873950953137165
2025-10-04 16:00:00,173.0,517.5,55.0,12.1,0.23852287676732137
2025-10-04 17:00:00,41.0,224.0,20.0,12.0,0.04855928884091469
2025-10-04 18:00:00,0.0,0.0,0.0,11.5,0.0
2025-10-04 19:00:00,0.0,0.0,0.0,11.6,0.0
2025-10-04 20:00:00,0.0,0.0,0.0,11.6,0.0
2025-10-04 21:00:00,0.0,0.0,0.0,11.8,0.0
2025-10-04 22:00:00,0.0,0.0,0.0,11.4,0.0
2025-10-04 23:00:00,0.0,0.0,0.0,10.4,0.0
2025-10-05 00:00:00,0.0,0.0,0.0,10.8,0.0
2025-10-05 01:00:00,0.0,0.0,0.0,11.0,0.0
2025-10-05 02:00:00,0.0,0.0,0.0,10.5,0.0
2025-10-05 03:00:00,0.0,0.0,0.0,10.2,0.0
2025-10-05 04:00:00,0.0,0.0,0.0,10.0,0.0
2025-10-05 05:00:00,0.0,0.0,0.0,9.7,0.0
2025-10-05 06:00:00,1.0,0.0,1.0,10.0,0.0009366027133040794
2025-10-05 07:00:00,34.0,0.0,34.0,10.2,0.031705798565579674
2025-10-05 08:00:00,56.0,0.0,56.0,10.6,0.05201623879420909
2025-10-05 09:00:00,275.0,387.1,124.0,11.9,0.42763464504270127
2025-10-05 10:00:00,361.0,477.5,130.0,12.7,0.5509064257669053
2025-10-05 11:00:00,366.0,276.0,217.0,12.6,0.4740743205258183
2025-10-05 12:00:00,372.0,387.6,157.0,11.5,0.5195039392425312
2025-10-05 13:00:00,226.0,163.2,140.0,12.8,0.2776862860686222
2025-10-05 14:00:00,162.0,71.9,129.0,12.6,0.17524267433043503
2025-10-05 15:00:00,61.0,0.0,61.0,12.6,0.05619814006717775
2025-10-05 16:00:00,45.0,0.0,45.0,12.8,0.04149940868850262
2025-10-05 17:00:00,9.0,0.0,9.0,12.6,0.008339353909781489
2025-10-05 18:00:00,0.0,0.0,0.0,11.9,0.0
2025-10-05 19:00:00,0.0,0.0,0.0,11.7,0.0
2025-10-05 20:00:00,0.0,0.0,0.0,11.5,0.0
2025-10-05 21:00:00,0.0,0.0,0.0,11.2,0.0
2025-10-05 22:00:00,0.0,0.0,0.0,10.5,0.0
2025-10-05 23:00:00,0.0,0.0,0.0,10.1,0.0
2025-10-06 00:00:00,0.0,0.0,0.0,10.0,0.0
2025-10-06 01:00:00,0.0,0.0,0.0,10.2,0.0
2025-10-06 02:00:00,0.0,0.0,0.0,10.3,0.0
2025-10-06 03:00:00,0.0,0.0,0.0,10.5,0.0
2025-10-06 04:00:00,0.0,0.0,0.0,11.1,0.0
2025-10-06 05:00:00,0.0,0.0,0.0,11.2,0.0
2025-10-06 06:00:00,1.0,0.0,1.0,11.4,0.0009316540836248081
2025-10-06 07:00:00,25.0,0.0,25.0,11.6,0.0232123642498468
2025-10-06 08:00:00,61.0,11.5,58.0,12.1,0.06096220540356289
2025-10-06 09:00:00,45.0,0.0,45.0,12.2,0.041594846546602844
2025-10-06 10:00:00,68.0,4.2,66.0,12.5,0.06472268592374333
2025-10-06 11:00:00,80.0,0.0,80.0,12.9,0.07346231591116842
2025-10-06 12:00:00,139.0,10.9,133.0,13.7,0.131944341735124
2025-10-06 13:00:00,91.0,0.0,91.0,13.5,0.0832680953289445
2025-10-06 14:00:00,54.0,0.0,54.0,13.2,0.04967327566741154
2025-10-06 15:00:00,43.0,0.0,43.0,13.0,0.039633380162809644
2025-10-06 16:00:00,31.0,0.0,31.0,12.9,0.02862187443911902
2025-10-06 17:00:00,5.0,0.0,5.0,12.7,0.004633250832025368
2025-10-06 18:00:00,0.0,0.0,0.0,12.8,0.0
2025-10-06 19:00:00,0.0,0.0,0.0,12.5,0.0
2025-10-06 20:00:00,0.0,0.0,0.0,12.4,0.0
2025-10-06 21:00:00,0.0,0.0,0.0,12.3,0.0
2025-10-06 22:00:00,0.0,0.0,0.0,12.4,0.0
2025-10-06 23:00:00,0.0,0.0,0.0,12.4,0.0
2025-10-07 00:00:00,0.0,0.0,0.0,12.4,0.0
2025-10-07 01:00:00,0.0,0.0,0.0,12.4,0.0
2025-10-07 02:00:00,0.0,0.0,0.0,12.4,0.0
2025-10-07 03:00:00,0.0,0.0,0.0,12.5,0.0
2025-10-07 04:00:00,0.0,0.0,0.0,12.5,0.0
2025-10-07 05:00:00,0.0,0.0,0.0,12.6,0.0
2025-10-07 06:00:00,0.0,0.0,0.0,12.8,0.0
2025-10-07 07:00:00,22.0,0.0,22.0,13.3,0.02030142599068716
2025-10-07 08:00:00,68.0,3.9,67.0,13.9,0.0638919437561093
2025-10-07 09:00:00,99.0,0.0,99.0,14.4,0.09019248781842543
2025-10-07 10:00:00,163.0,38.0,145.0,15.4,0.16702864960926772
2025-10-07 11:00:00,204.0,73.7,165.0,16.3,0.2219421723794031
2025-10-07 12:00:00,214.0,31.3,197.0,17.0,0.20719028685539684
2025-10-07 13:00:00,211.0,75.7,172.0,17.4,0.2233229036588368
2025-10-07 14:00:00,217.0,127.6,160.0,17.7,0.24338148052018188
2025-10-07 15:00:00,138.0,29.2,128.0,17.5,0.1326768015225704
2025-10-07 16:00:00,61.0,14.3,58.0,17.0,0.05778482352220041
2025-10-07 17:00:00,12.0,0.0,12.0,16.3,0.010958517441031872
2025-10-07 18:00:00,0.0,0.0,0.0,14.9,0.0
2025-10-07 19:00:00,0.0,0.0,0.0,14.6,0.0
2025-10-07 20:00:00,0.0,0.0,0.0,14.0,0.0
2025-10-07 21:00:00,0.0,0.0,0.0,13.4,0.0
2025-10-07 22:00:00,0.0,0.0,0.0,13.4,0.0
2025-10-07 23:00:00,0.0,0.0,0.0,13.4,0.0
2025-10-08 00:00:00,0.0,0.0,0.0,13.5,0.0
2025-10-08 01:00:00,0.0,0.0,0.0,13.4,0.0
2025-10-08 02:00:00,0.0,0.0,0.0,13.4,0.0
2025-10-08 03:00:00,0.0,0.0,0.0,13.2,0.0
2025-10-08 04:00:00,0.0,0.0,0.0,13.3,0.0
2025-10-08 05:00:00,0.0,0.0,0.0,13.3,0.0
2025-10-08 06:00:00,0.0,0.0,0.0,13.2,0.0
2025-10-08 07:00:00,15.0,0.0,15.0,13.5,0.01384200712941692
2025-10-08 08:00:00,40.0,0.0,40.0,13.8,0.0367674119137104
2025-10-08 09:00:00,105.0,24.0,96.0,14.4,0.1072338419128513
2025-10-08 10:00:00,150.0,66.2,119.0,14.8,0.17017887664016748
2025-10-08 11:00:00,156.0,22.9,144.0,15.0,0.15325630913076418
2025-10-08 12:00:00,138.0,11.2,132.0,14.9,0.13070378288755796
2025-10-08 13:00:00,179.0,17.7,170.0,15.3,0.16963578335279328
2025-10-08 14:00:00,207.0,79.4,172.0,15.6,0.2184494761937951
2025-10-08 15:00:00,161.0,107.0,125.0,15.6,0.17829959127988648
2025-10-08 16:00:00,64.0,4.9,63.0,15.3,0.059258580248001076
2025-10-08 17:00:00,16.0,24.6,14.0,14.4,0.015039868056461753
2025-10-08 18:00:00,0.0,0.0,0.0,14.2,0.0
2025-10-08 19:00:00,0.0,0.0,0.0,13.9,0.0
2025-10-08 20:00:00,0.0,0.0,0.0,13.7,0.0
2025-10-08 21:00:00,0.0,0.0,0.0,13.5,0.0
2025-10-08 22:00:00,0.0,0.0,0.0,13.4,0.0
2025-10-08 23:00:00,0.0,0.0,0.0,13.3,0.0
2025-10-09 00:00:00,0.0,0.0,0.0,13.3,0.0
2025-10-09 01:00:00,0.0,0.0,0.0,13.2,0.0
2025-10-09 02:00:00,0.0,0.0,0.0,13.0,0.0
2025-10-09 03:00:00,0.0,0.0,0.0,13.0,0.0
2025-10-09 04:00:00,0.0,0.0,0.0,13.0,0.0
2025-10-09 05:00:00,0.0,0.0,0.0,12.8,0.0
2025-10-09 06:00:00,0.0,0.0,0.0,12.3,0.0
2025-10-09 07:00:00,28.0,9.5,27.0,12.3,0.028928213774627894
2025-10-09 08:00:00,134.0,178.6,90.0,12.8,0.1989599913377916
2025-10-09 09:00:00,300.0,550.9,96.0,13.5,0.5176624438833924
2025-10-09 10:00:00,394.0,611.2,111.0,14.1,0.6368250460697628
2025-10-09 11:00:00,366.0,366.7,176.0,14.2,0.5160091542545191
2025-10-09 12:00:00,269.0,90.2,221.0,14.3,0.29037687060511236
2025-10-09 13:00:00,232.0,83.4,190.0,14.5,0.24938312960137346
2025-10-09 14:00:00,218.0,165.6,146.0,14.7,0.2623711676592325
2025-10-09 15:00:00,121.0,39.3,108.0,14.7,0.12195593660134281
2025-10-09 16:00:00,54.0,5.1,53.0,14.5,0.05038100089411654
2025-10-09 17:00:00,25.0,140.7,14.0,12.9,0.024761985449303737
2025-10-09 18:00:00,0.0,0.0,0.0,12.7,0.0
2025-10-09 19:00:00,0.0,0.0,0.0,12.8,0.0
2025-10-09 20:00:00,0.0,0.0,0.0,12.9,0.0
2025-10-09 21:00:00,0.0,0.0,0.0,12.8,0.0
2025-10-09 22:00:00,0.0,0.0,0.0,12.0,0.0
2025-10-09 23:00:00,0.0,0.0,0.0,11.2,0.0
2025-10-10 00:00:00,0.0,0.0,0.0,11.5,0.0
2025-10-10 01:00:00,0.0,0.0,0.0,11.7,0.0
2025-10-10 02:00:00,0.0,0.0,0.0,12.2,0.0
2025-10-10 03:00:00,0.0,0.0,0.0,12.2,0.0
2025-10-10 04:00:00,0.0,0.0,0.0,12.2,0.0
2025-10-10 05:00:00,0.0,0.0,0.0,12.1,0.0
2025-10-10 06:00:00,0.0,0.0,0.0,12.2,0.0
2025-10-10 07:00:00,23.0,0.0,23.0,12.7,0.021270647054606955
2025-10-10 08:00:00,113.0,74.5,95.0,13.6,0.13591662397805218
2025-10-10 09:00:00,191.0,235.4,105.0,14.4,0.28581842602911045
2025-10-10 10:00:00,257.0,211.9,160.0,15.5,0.34212869937428775
2025-10-10 11:00:00,284.0,173.6,195.0,16.3,0.3475449255240989
2025-10-10 12:00:00,270.0,121.6,206.0,16.4,0.30533666996930514
2025-10-10 13:00:00,206.0,68.3,172.0,16.9,0.216841037506924
2025-10-10 14:00:00,182.0,46.6,162.0,17.1,0.18207057037576652
2025-10-10 15:00:00,146.0,107.8,111.0,16.9,0.1644829527085419
2025-10-10 16:00:00,71.0,41.8,63.0,16.6,0.07276152374394429
2025-10-10 17:00:00,15.0,26.6,13.0,15.6,0.013957872708282899
2025-10-10 18:00:00,0.0,0.0,0.0,15.4,0.0
2025-10-10 19:00:00,0.0,0.0,0.0,15.0,0.0
2025-10-10 20:00:00,0.0,0.0,0.0,14.6,0.0
2025-10-10 21:00:00,0.0,0.0,0.0,14.3,0.0
2025-10-10 22:00:00,0.0,0.0,0.0,13.9,0.0
2025-10-10 23:00:00,0.0,0.0,0.0,13.8,0.0
2025-10-11 00:00:00,0.0,0.0,0.0,14.3,0.0
2025-10-11 01:00:00,0.0,0.0,0.0,14.2,0.0
2025-10-11 02:00:00,0.0,0.0,0.0,13.8,0.0
2025-10-11 03:00:00,0.0,0.0,0.0,13.3,0.0
2025-10-11 04:00:00,0.0,0.0,0.0,13.1,0.0
2025-10-11 05:00:00,0.0,0.0,0.0,13.1,0.0
2025-10-11 06:00:00,0.0,0.0,0.0,13.1,0.0
2025-10-11 07:00:00,16.0,10.0,15.0,13.4,0.01786294207997552
2025-10-11 08:00:00,52.0,8.4,50.0,13.7,0.05125819618648855
2025-10-11 09:00:00,125.0,25.0,116.0,14.4,0.12626490247152478
2025-10-11 10:00:00,196.0,61.9,168.0,15.2,0.21060526868297855
2025-10-11 11:00:00,167.0,7.9,163.0,15.2,0.15496764890328604
2025-10-11 12:00:00,170.0,28.8,155.0,14.9,0.16875990827216106
2025-10-11 13:00:00,190.0,40.6,170.0,15.4,0.19075305444552543
2025-10-11 14:00:00,177.0,66.2,149.0,15.6,0.18676887096202774
2025-10-11 15:00:00,83.0,0.0,83.0,15.3,0.07548758807139744
2025-10-11 16:00:00,54.0,32.3,48.0,15.0,0.0555316197250561
2025-10-11 17:00:00,12.0,13.9,11.0,14.3,0.011104142104094113
2025-10-11 18:00:00,0.0,0.0,0.0,14.2,0.0
2025-10-11 19:00:00,0.0,0.0,0.0,14.0,0.0
2025-10-11 20:00:00,0.0,0.0,0.0,13.5,0.0
2025-10-11 21:00:00,0.0,0.0,0.0,12.9,0.0
2025-10-11 22:00:00,0.0,0.0,0.0,12.7,0.0
2025-10-11 23:00:00,0.0,0.0,0.0,12.5,0.0
2025-10-12 00:00:00,0.0,0.0,0.0,13.7,0.0
2025-10-12 01:00:00,0.0,0.0,0.0,13.8,0.0
2025-10-12 02:00:00,0.0,0.0,0.0,13.5,0.0
2025-10-12 03:00:00,0.0,0.0,0.0,13.3,0.0
2025-10-12 04:00:00,0.0,0.0,0.0,13.2,0.0
2025-10-12 05:00:00,0.0,0.0,0.0,12.8,0.0
2025-10-12 06:00:00,0.0,0.0,0.0,13.0,0.0
2025-10-12 07:00:00,16.0,0.0,16.0,13.1,0.014785794867460688
2025-10-12 08:00:00,79.0,68.9,63.0,13.4,0.10197619267004174
2025-10-12 09:00:00,189.0,244.8,102.0,14.1,0.29041176522108264
2025-10-12 10:00:00,249.0,245.8,139.0,14.5,0.35348703145124283
2025-10-12 11:00:00,193.0,91.6,147.0,14.5,0.22446600023286625
2025-10-12 12:00:00,191.0,31.1,175.0,15.1,0.1888298392412031
2025-10-12 13:00:00,211.0,63.7,180.0,15.4,0.22108843937519682
2025-10-12 14:00:00,162.0,43.1,144.0,15.4,0.1641196021403098
2025-10-12 15:00:00,87.0,9.6,84.0,15.2,0.08205982559738337
2025-10-12 16:00:00,43.0,5.6,42.0,14.7,0.04045299055848948
2025-10-12 17:00:00,4.0,0.0,4.0,14.1,0.0036872149079921917
2025-10-12 18:00:00,0.0,0.0,0.0,13.9,0.0
2025-10-12 19:00:00,0.0,0.0,0.0,13.7,0.0
2025-10-12 20:00:00,0.0,0.0,0.0,13.7,0.0
2025-10-12 21:00:00,0.0,0.0,0.0,13.6,0.0
2025-10-12 22:00:00,0.0,0.0,0.0,13.6,0.0
2025-10-12 23:00:00,0.0,0.0,0.0,13.7,0.0
2025-10-13 00:00:00,0.0,0.0,0.0,13.5,0.0
2025-10-13 01:00:00,0.0,0.0,0.0,13.5,0.0
2025-10-13 02:00:00,0.0,0.0,0.0,13.5,0.0
2025-10-13 03:00:00,0.0,0.0,0.0,13.4,0.0
2025-10-13 04:00:00,0.0,0.0,0.0,13.4,0.0
2025-10-13 05:00:00,0.0,0.0,0.0,13.4,0.0
2025-10-13 06:00:00,0.0,0.0,0.0,13.2,0.0
2025-10-13 07:00:00,18.0,10.5,17.0,13.4,0.019921895483434718
2025-10-13 08:00:00,50.0,8.8,48.0,13.8,0.04964785383760149
2025-10-13 09:00:00,108.0,25.7,99.0,14.5,0.11128646726540539
2025-10-13 10:00:00,150.0,11.3,145.0,15.0,0.14188144951187415
2025-10-13 11:00:00,233.0,110.8,178.0,15.6,0.2709292000649545
2025-10-13 12:00:00,286.0,208.0,180.0,15.2,0.36587798294024676
2025-10-13 13:00:00,184.0,54.1,158.0,15.4,0.19223312594164382
2025-10-13 14:00:00,153.0,55.9,130.0,15.4,0.16128231063377405
2025-10-13 15:00:00,103.0,35.8,92.0,15.3,0.10476363703474623
2025-10-13 16:00:00,57.0,63.2,46.0,14.9,0.06485990521142004
2025-10-13 17:00:00,8.0,0.0,8.0,14.3,0.00736550415049621
2025-10-13 18:00:00,0.0,0.0,0.0,13.9,0.0
2025-10-13 19:00:00,0.0,0.0,0.0,13.4,0.0
2025-10-13 20:00:00,0.0,0.0,0.0,12.7,0.0
2025-10-13 21:00:00,0.0,0.0,0.0,12.2,0.0
2025-10-13 22:00:00,0.0,0.0,0.0,11.9,0.0
2025-10-13 23:00:00,0.0,0.0,0.0,11.3,0.0
2025-10-14 00:00:00,0.0,0.0,0.0,11.8,0.0
2025-10-14 01:00:00,0.0,0.0,0.0,11.5,0.0
2025-10-14 02:00:00,0.0,0.0,0.0,11.1,0.0
2025-10-14 03:00:00,0.0,0.0,0.0,10.9,0.0
2025-10-14 04:00:00,0.0,0.0,0.0,10.3,0.0
2025-10-14 05:00:00,0.0,0.0,0.0,9.6,0.0
2025-10-14 06:00:00,0.0,0.0,0.0,9.7,0.0
2025-10-14 07:00:00,39.0,150.4,25.0,10.3,0.0854791359843798
2025-10-14 08:00:00,118.0,224.6,68.0,11.2,0.2069323742480261
2025-10-14 09:00:00,178.0,202.6,108.0,12.3,0.264894873237962
2025-10-14 10:00:00,168.0,27.5,156.0,12.9,0.16854371147826827
2025-10-14 11:00:00,198.0,48.9,174.0,13.7,0.20727316616877992
2025-10-14 12:00:00,190.0,71.4,154.0,13.7,0.2107142709296875
2025-10-14 13:00:00,79.0,0.0,79.0,13.3,0.07244041235245409
2025-10-14 14:00:00,88.0,4.9,86.0,13.5,0.08249066315527208
2025-10-14 15:00:00,54.0,0.0,54.0,13.6,0.049596925380931356
2025-10-14 16:00:00,29.0,0.0,29.0,13.5,0.026719724533007604
2025-10-14 17:00:00,3.0,0.0,3.0,13.3,0.002774201116975346
2025-10-14 18:00:00,0.0,0.0,0.0,13.0,0.0
2025-10-14 19:00:00,0.0,0.0,0.0,12.8,0.0
2025-10-14 20:00:00,0.0,0.0,0.0,12.8,0.0
2025-10-14 21:00:00,0.0,0.0,0.0,12.9,0.0
2025-10-14 22:00:00,0.0,0.0,0.0,12.8,0.0
2025-10-14 23:00:00,0.0,0.0,0.0,12.2,0.0
2025-10-15 00:00:00,0.0,0.0,0.0,11.6,0.0
2025-10-15 01:00:00,0.0,0.0,0.0,11.5,0.0
2025-10-15 02:00:00,0.0,0.0,0.0,11.7,0.0
2025-10-15 03:00:00,0.0,0.0,0.0,11.8,0.0
2025-10-15 04:00:00,0.0,0.0,0.0,11.8,0.0
2025-10-15 05:00:00,0.0,0.0,0.0,11.8,0.0
2025-10-15 06:00:00,0.0,0.0,0.0,11.5,0.0
2025-10-15 07:00:00,25.0,55.2,20.0,12.0,0.0410320513939845
2025-10-15 08:00:00,92.0,78.0,75.0,12.6,0.11969105429858533
2025-10-15 09:00:00,162.0,99.9,128.0,13.1,0.20024529583439346
2025-10-15 10:00:00,231.0,171.3,157.0,13.8,0.3040296702299953
2025-10-15 11:00:00,265.0,168.8,183.0,14.3,0.3340010587039952
2025-10-15 12:00:00,194.0,24.1,182.0,13.5,0.18921537558738197
2025-10-15 13:00:00,211.0,106.5,161.0,13.6,0.24421830261010313
2025-10-15 14:00:00,159.0,72.5,130.0,13.5,0.17537173527757718
2025-10-15 15:00:00,96.0,27.1,88.0,13.4,0.09664245472718808
2025-10-15 16:00:00,52.0,24.6,48.0,13.2,0.05331158919838189
2025-10-15 17:00:00,6.0,0.0,6.0,12.8,0.005557167015505849
2025-10-15 18:00:00,0.0,0.0,0.0,12.5,0.0
2025-10-15 19:00:00,0.0,0.0,0.0,12.3,0.0
2025-10-15 20:00:00,0.0,0.0,0.0,12.1,0.0
2025-10-15 21:00:00,0.0,0.0,0.0,12.0,0.0
2025-10-15 22:00:00,0.0,0.0,0.0,11.8,0.0
2025-10-15 23:00:00,0.0,0.0,0.0,11.8,0.0
2025-10-16 00:00:00,0.0,0.0,0.0,11.7,0.0
2025-10-16 01:00:00,0.0,0.0,0.0,11.6,0.0
2025-10-16 02:00:00,0.0,0.0,0.0,11.4,0.0
2025-10-16 03:00:00,0.0,0.0,0.0,11.2,0.0
2025-10-16 04:00:00,0.0,0.0,0.0,10.8,0.0
2025-10-16 05:00:00,0.0,0.0,0.0,9.9,0.0
2025-10-16 06:00:00,0.0,0.0,0.0,9.8,0.0
2025-10-16 07:00:00,20.0,11.3,19.0,9.9,0.022402838149231396
2025-10-16 08:00:00,38.0,0.0,38.0,10.4,0.03539349560340258
2025-10-16 09:00:00,124.0,101.3,90.0,11.2,0.16618452693864133
2025-10-16 10:00:00,93.0,0.0,93.0,11.6,0.08570374372774811
2025-10-16 11:00:00,186.0,77.0,149.0,12.7,0.21316633186020867
2025-10-16 12:00:00,267.0,225.1,156.0,13.9,0.3601708246826246
2025-10-16 13:00:00,243.0,209.1,146.0,14.3,0.3204385617085487
2025-10-16 14:00:00,174.0,167.3,108.0,14.4,0.22572383126440593
2025-10-16 15:00:00,124.0,127.7,87.0,14.4,0.15407194824326573
2025-10-16 16:00:00,58.0,108.3,41.0,13.7,0.07675157941005617
2025-10-16 17:00:00,8.0,17.4,7.0,12.7,0.007323816002251107
2025-10-16 18:00:00,0.0,0.0,0.0,12.2,0.0
2025-10-16 19:00:00,0.0,0.0,0.0,11.8,0.0
2025-10-16 20:00:00,0.0,0.0,0.0,11.5,0.0
2025-10-16 21:00:00,0.0,0.0,0.0,11.5,0.0
2025-10-16 22:00:00,0.0,0.0,0.0,11.2,0.0
2025-10-16 23:00:00,0.0,0.0,0.0,11.1,0.0
2025-10-17 00:00:00,0.0,0.0,0.0,11.6,0.0
2025-10-17 01:00:00,0.0,0.0,0.0,11.3,0.0
2025-10-17 02:00:00,0.0,0.0,0.0,11.2,0.0
2025-10-17 03:00:00,0.0,0.0,0.0,10.6,0.0
2025-10-17 04:00:00,0.0,0.0,0.0,10.0,0.0
2025-10-17 05:00:00,0.0,0.0,0.0,9.8,0.0
2025-10-17 06:00:00,0.0,0.0,0.0,10.8,0.0
2025-10-17 07:00:00,25.0,93.2,17.0,11.3,0.053466931710130144
2025-10-17 08:00:00,95.0,105.6,73.0,11.9,0.13590210101765648
2025-10-17 09:00:00,239.0,484.1,79.0,12.5,0.44919129286808046
2025-10-17 10:00:00,310.0,479.2,108.0,13.3,0.5240196958339369
2025-10-17 11:00:00,311.0,374.7,133.0,13.7,0.4783971386602682
2025-10-17 12:00:00,265.0,205.1,165.0,13.9,0.3499074088467084
2025-10-17 13:00:00,312.0,403.8,127.0,14.3,0.4662187362306936
2025-10-17 14:00:00,240.0,355.0,102.0,13.9,0.35743867948241254
2025-10-17 15:00:00,121.0,126.7,85.0,13.7,0.151884286794649
2025-10-17 16:00:00,69.0,158.5,45.0,13.1,0.10026568240373106
2025-10-17 17:00:00,7.0,36.6,5.0,12.1,0.0062313216332544885
2025-10-17 18:00:00,0.0,0.0,0.0,11.8,0.0
2025-10-17 19:00:00,0.0,0.0,0.0,11.5,0.0
2025-10-17 20:00:00,0.0,0.0,0.0,10.9,0.0
2025-10-17 21:00:00,0.0,0.0,0.0,10.5,0.0
2025-10-17 22:00:00,0.0,0.0,0.0,9.7,0.0
2025-10-17 23:00:00,0.0,0.0,0.0,9.3,0.0
2025-10-18 00:00:00,0.0,0.0,0.0,10.1,0.0
2025-10-18 01:00:00,0.0,0.0,0.0,9.5,0.0
2025-10-18 02:00:00,0.0,0.0,0.0,9.1,0.0
2025-10-18 03:00:00,0.0,0.0,0.0,9.0,0.0
2025-10-18 04:00:00,0.0,0.0,0.0,9.2,0.0
2025-10-18 05:00:00,0.0,0.0,0.0,8.9,0.0
2025-10-18 06:00:00,0.0,0.0,0.0,9.1,0.0
2025-10-18 07:00:00,24.0,96.0,16.0,9.6,0.05387641599289714
2025-10-18 08:00:00,85.0,152.3,54.0,10.2,0.14722783251265673
2025-10-18 09:00:00,160.0,184.3,100.0,11.0,0.24317014083839616
2025-10-18 10:00:00,298.0,415.6,125.0,12.0,0.4912211839279148
2025-10-18 11:00:00,428.0,704.7,97.0,12.7,0.7243684807601615
2025-10-18 12:00:00,347.0,390.0,159.0,12.7,0.5171618067128169
2025-10-18 13:00:00,283.0,285.1,154.0,13.1,0.3961059440305093
2025-10-18 14:00:00,214.0,190.6,141.0,13.0,0.2777215600300857
2025-10-18 15:00:00,175.0,262.2,102.0,12.9,0.2495457810724916
2025-10-18 16:00:00,87.0,205.8,57.0,11.8,0.13506574993286224
2025-10-18 17:00:00,7.0,0.0,7.0,11.0,0.00652718385329788
2025-10-18 18:00:00,0.0,0.0,0.0,10.2,0.0
2025-10-18 19:00:00,0.0,0.0,0.0,9.6,0.0
2025-10-18 20:00:00,0.0,0.0,0.0,9.1,0.0
2025-10-18 21:00:00,0.0,0.0,0.0,8.8,0.0
2025-10-18 22:00:00,0.0,0.0,0.0,8.5,0.0
2025-10-18 23:00:00,0.0,0.0,0.0,8.3,0.0
2025-10-19 00:00:00,0.0,0.0,0.0,8.2,0.0
2025-10-19 01:00:00,0.0,0.0,0.0,8.0,0.0
2025-10-19 02:00:00,0.0,0.0,0.0,7.9,0.0
2025-10-19 03:00:00,0.0,0.0,0.0,7.8,0.0
2025-10-19 04:00:00,0.0,0.0,0.0,7.8,0.0
2025-10-19 05:00:00,0.0,0.0,0.0,7.9,0.0
2025-10-19 06:00:00,0.0,0.0,0.0,7.8,0.0
2025-10-19 07:00:00,20.0,0.0,20.0,7.9,0.018841680853006342
2025-10-19 08:00:00,97.0,50.3,87.0,8.7,0.11490245300743224
2025-10-19 09:00:00,139.0,25.0,131.0,9.3,0.1426888249543037
2025-10-19 10:00:00,292.0,311.4,164.0,10.8,0.44320003107025935
2025-10-19 11:00:00,402.0,557.9,143.0,12.4,0.6538131934293328
2025-10-19 12:00:00,283.0,113.3,229.0,12.7,0.322748894847286
2025-10-19 13:00:00,417.0,725.1,93.0,13.5,0.6805359762660803
2025-10-19 14:00:00,352.0,763.2,64.0,13.9,0.5864776718504829
2025-10-19 15:00:00,233.0,652.6,55.0,13.8,0.4010464771693491
2025-10-19 16:00:00,99.0,449.4,36.0,13.0,0.19386908217239487
2025-10-19 17:00:00,7.0,38.2,5.0,12.1,0.006086252624472643
2025-10-19 18:00:00,0.0,0.0,0.0,11.6,0.0
2025-10-19 19:00:00,0.0,0.0,0.0,11.8,0.0
2025-10-19 20:00:00,0.0,0.0,0.0,11.9,0.0
2025-10-19 21:00:00,0.0,0.0,0.0,11.8,0.0
2025-10-19 22:00:00,0.0,0.0,0.0,12.0,0.0
2025-10-19 23:00:00,0.0,0.0,0.0,12.2,0.0
2025-10-20 00:00:00,0.0,0.0,0.0,12.2,0.0
2025-10-20 01:00:00,0.0,0.0,0.0,12.0,0.0
2025-10-20 02:00:00,0.0,0.0,0.0,12.2,0.0
2025-10-20 03:00:00,0.0,0.0,0.0,12.2,0.0
2025-10-20 04:00:00,0.0,0.0,0.0,12.3,0.0
2025-10-20 05:00:00,0.0,0.0,0.0,12.7,0.0
2025-10-20 06:00:00,0.0,0.0,0.0,12.7,0.0
2025-10-20 07:00:00,7.0,0.0,7.0,12.8,0.0064826461861844376
2025-10-20 08:00:00,36.0,0.0,36.0,13.5,0.03314356126478282
2025-10-20 09:00:00,68.0,0.0,68.0,14.1,0.06223792137105385
2025-10-20 10:00:00,208.0,226.7,116.0,15.8,0.3106938009946209
2025-10-20 11:00:00,165.0,50.1,142.0,15.7,0.17762835167651528
2025-10-20 12:00:00,175.0,34.0,159.0,15.5,0.17685002728365312
2025-10-20 13:00:00,146.0,27.2,134.0,15.7,0.1455845996283403
2025-10-20 14:00:00,149.0,13.5,144.0,16.5,0.14009121283820256
2025-10-20 15:00:00,211.0,576.5,57.0,16.7,0.36009576551422273
2025-10-20 16:00:00,83.0,326.8,39.0,16.0,0.15551368606065383
2025-10-20 17:00:00,5.0,19.1,4.0,15.1,0.004324051024933825
2025-10-20 18:00:00,0.0,0.0,0.0,14.7,0.0
2025-10-20 19:00:00,0.0,0.0,0.0,14.1,0.0
2025-10-20 20:00:00,0.0,0.0,0.0,14.6,0.0
2025-10-20 21:00:00,0.0,0.0,0.0,14.6,0.0
2025-10-20 22:00:00,0.0,0.0,0.0,14.6,0.0
2025-10-20 23:00:00,0.0,0.0,0.0,14.5,0.0
2025-10-21 00:00:00,0.0,0.0,0.0,13.5,0.0
2025-10-21 01:00:00,0.0,0.0,0.0,12.4,0.0
2025-10-21 02:00:00,0.0,0.0,0.0,12.3,0.0
2025-10-21 03:00:00,0.0,0.0,0.0,12.8,0.0
2025-10-21 04:00:00,0.0,0.0,0.0,12.8,0.0
2025-10-21 05:00:00,0.0,0.0,0.0,13.2,0.0
2025-10-21 06:00:00,0.0,0.0,0.0,12.7,0.0
2025-10-21 07:00:00,13.0,26.3,11.0,12.3,0.020577583802587816
2025-10-21 08:00:00,93.0,232.7,49.0,13.3,0.18939414490296483
2025-10-21 09:00:00,151.0,170.8,98.0,13.9,0.22747588250429962
2025-10-21 10:00:00,258.0,386.9,103.0,14.5,0.4371845437523075
2025-10-21 11:00:00,309.0,410.2,123.0,15.2,0.49512767398016283
2025-10-21 12:00:00,301.0,376.0,126.0,14.4,0.46517280927612564
2025-10-21 13:00:00,277.0,287.0,152.0,15.0,0.3921383082997414
2025-10-21 14:00:00,112.0,8.2,109.0,14.8,0.10534571046455513
2025-10-21 15:00:00,150.0,321.2,66.0,15.0,0.239021987971894
2025-10-21 16:00:00,63.0,123.9,47.0,14.3,0.09273807559169647
2025-10-21 17:00:00,4.0,0.0,4.0,13.3,0.003698526061544812
2025-10-21 18:00:00,0.0,0.0,0.0,12.6,0.0
2025-10-21 19:00:00,0.0,0.0,0.0,12.3,0.0
2025-10-21 20:00:00,0.0,0.0,0.0,12.1,0.0
2025-10-21 21:00:00,0.0,0.0,0.0,12.3,0.0
2025-10-21 22:00:00,0.0,0.0,0.0,12.1,0.0
2025-10-21 23:00:00,0.0,0.0,0.0,11.7,0.0
2025-10-22 00:00:00,0.0,0.0,0.0,12.4,0.0
2025-10-22 01:00:00,0.0,0.0,0.0,12.2,0.0
2025-10-22 02:00:00,0.0,0.0,0.0,11.9,0.0
2025-10-22 03:00:00,0.0,0.0,0.0,11.7,0.0
2025-10-22 04:00:00,0.0,0.0,0.0,11.5,0.0
2025-10-22 05:00:00,0.0,0.0,0.0,11.3,0.0
2025-10-22 06:00:00,0.0,0.0,0.0,11.4,0.0
2025-10-22 07:00:00,17.0,81.5,11.0,11.6,0.04234640985605936
2025-10-22 08:00:00,74.0,97.7,56.0,12.5,0.11360994749203773
2025-10-22 09:00:00,120.0,68.8,99.0,13.1,0.14702667308332473
2025-10-22 10:00:00,156.0,86.0,122.0,13.6,0.191468881378206
2025-10-22 11:00:00,208.0,127.2,151.0,14.0,0.26270691857695677
2025-10-22 12:00:00,290.0,197.9,199.0,14.1,0.3754453471818329
2025-10-22 13:00:00,175.0,65.1,147.0,14.5,0.1924258071923787
2025-10-22 14:00:00,215.0,255.2,123.0,14.8,0.30544140021245525
2025-10-22 15:00:00,135.0,175.8,90.0,14.7,0.18523505085533165
2025-10-22 16:00:00,67.0,266.9,34.0,13.8,0.13074823738209773
2025-10-22 17:00:00,3.0,0.0,3.0,12.7,0.002780563640848694
2025-10-22 18:00:00,0.0,0.0,0.0,12.2,0.0
2025-10-22 19:00:00,0.0,0.0,0.0,11.5,0.0
2025-10-22 20:00:00,0.0,0.0,0.0,10.9,0.0
2025-10-22 21:00:00,0.0,0.0,0.0,10.9,0.0
2025-10-22 22:00:00,0.0,0.0,0.0,10.8,0.0
2025-10-22 23:00:00,0.0,0.0,0.0,10.9,0.0
2025-10-23 00:00:00,0.0,0.0,0.0,12.1,0.0
2025-10-23 01:00:00,0.0,0.0,0.0,12.6,0.0
2025-10-23 02:00:00,0.0,0.0,0.0,13.0,0.0
2025-10-23 03:00:00,0.0,0.0,0.0,13.6,0.0
2025-10-23 04:00:00,0.0,0.0,0.0,14.1,0.0
2025-10-23 05:00:00,0.0,0.0,0.0,14.6,0.0
2025-10-23 06:00:00,0.0,0.0,0.0,14.5,0.0
2025-10-23 07:00:00,10.0,42.2,7.0,14.5,0.022625191378196786
2025-10-23 08:00:00,119.0,418.0,44.0,14.6,0.292341699357282
2025-10-23 09:00:00,232.0,566.1,62.0,14.3,0.4821113202591938
2025-10-23 10:00:00,313.0,615.2,73.0,14.9,0.5866107286975836
2025-10-23 11:00:00,397.0,716.1,80.0,15.3,0.7011214375953583
2025-10-23 12:00:00,413.0,739.5,77.0,13.9,0.7122044987072609
2025-10-23 13:00:00,127.0,176.7,52.0,11.9,0.19845308923266053
2025-10-23 14:00:00,39.0,0.0,39.0,11.0,0.03623820515146837
2025-10-23 15:00:00,29.0,8.0,27.0,11.0,0.029401877851303954
2025-10-23 16:00:00,14.0,0.0,14.0,11.7,0.013009712652160778
2025-10-23 17:00:00,0.0,0.0,0.0,11.7,0.0
2025-10-23 18:00:00,0.0,0.0,0.0,11.1,0.0
2025-10-23 19:00:00,0.0,0.0,0.0,10.5,0.0
2025-10-23 20:00:00,0.0,0.0,0.0,9.9,0.0
2025-10-23 21:00:00,0.0,0.0,0.0,9.9,0.0
2025-10-23 22:00:00,0.0,0.0,0.0,9.4,0.0
2025-10-23 23:00:00,0.0,0.0,0.0,9.1,0.0
2025-10-24 00:00:00,0.0,0.0,0.0,8.7,0.0
2025-10-24 01:00:00,0.0,0.0,0.0,8.7,0.0
2025-10-24 02:00:00,0.0,0.0,0.0,8.6,0.0
2025-10-24 03:00:00,0.0,0.0,0.0,8.5,0.0
2025-10-24 04:00:00,0.0,0.0,0.0,8.0,0.0
2025-10-24 05:00:00,0.0,0.0,0.0,7.9,0.0
2025-10-24 06:00:00,0.0,0.0,0.0,7.5,0.0
2025-10-24 07:00:00,9.0,0.0,9.0,7.8,0.008492054482741854
2025-10-24 08:00:00,50.0,0.0,50.0,8.0,0.0469332430467213
2025-10-24 09:00:00,151.0,94.8,123.0,8.5,0.19469207873913147
2025-10-24 10:00:00,274.0,379.3,128.0,9.6,0.466213880227117
2025-10-24 11:00:00,296.0,338.5,148.0,10.5,0.4651985607333037
2025-10-24 12:00:00,432.0,784.2,80.0,10.9,0.7592593164619997
2025-10-24 13:00:00,338.0,589.7,91.0,10.8,0.5775533671958337
2025-10-24 14:00:00,230.0,426.5,81.0,9.6,0.38769575281607727
2025-10-24 15:00:00,109.0,216.3,56.0,9.1,0.1741520947606823
2025-10-24 16:00:00,61.0,230.3,35.0,8.7,0.12616363325673127
2025-10-24 17:00:00,2.0,0.0,2.0,8.5,0.001883605252519248
2025-10-24 18:00:00,0.0,0.0,0.0,8.7,0.0
2025-10-24 19:00:00,0.0,0.0,0.0,9.0,0.0
2025-10-24 20:00:00,0.0,0.0,0.0,8.8,0.0
2025-10-24 21:00:00,0.0,0.0,0.0,8.8,0.0
2025-10-24 22:00:00,0.0,0.0,0.0,8.7,0.0
2025-10-24 23:00:00,0.0,0.0,0.0,8.6,0.0
2025-10-25 00:00:00,0.0,0.0,0.0,8.8,0.0
2025-10-25 01:00:00,0.0,0.0,0.0,8.8,0.0
2025-10-25 02:00:00,0.0,0.0,0.0,8.7,0.0
2025-10-25 03:00:00,0.0,0.0,0.0,8.8,0.0
2025-10-25 04:00:00,0.0,0.0,0.0,8.8,0.0
2025-10-25 05:00:00,0.0,0.0,0.0,8.6,0.0
2025-10-25 06:00:00,0.0,0.0,0.0,8.6,0.0
2025-10-25 07:00:00,3.0,0.0,3.0,9.0,0.002819799204734344
2025-10-25 08:00:00,31.0,0.0,31.0,9.5,0.028994435559258437
2025-10-25 09:00:00,88.0,0.0,88.0,9.9,0.08166977571871539
2025-10-25 10:00:00,224.0,292.3,113.0,10.5,0.3716369830494316
2025-10-25 11:00:00,91.0,32.4,77.0,10.1,0.10296287001413426
2025-10-25 12:00:00,126.0,18.0,118.0,10.5,0.12658272103695056
2025-10-25 13:00:00,82.0,0.0,82.0,10.6,0.07594876571680685
2025-10-25 14:00:00,34.0,0.0,34.0,10.1,0.03171781666622933
2025-10-25 15:00:00,38.0,0.0,38.0,10.3,0.03540692759824632
2025-10-25 16:00:00,42.0,102.2,31.0,9.4,0.0704419335858489
2025-10-25 17:00:00,1.0,0.0,1.0,8.7,0.0009411978694348309
2025-10-25 18:00:00,0.0,0.0,0.0,8.6,0.0
2025-10-25 19:00:00,0.0,0.0,0.0,8.1,0.0
2025-10-25 20:00:00,0.0,0.0,0.0,7.7,0.0
2025-10-25 21:00:00,0.0,0.0,0.0,7.7,0.0
2025-10-25 22:00:00,0.0,0.0,0.0,7.8,0.0
2025-10-25 23:00:00,0.0,0.0,0.0,7.2,0.0
2025-10-26 00:00:00,0.0,0.0,0.0,6.7,0.0
2025-10-26 01:00:00,0.0,0.0,0.0,6.1,0.0
2025-10-26 02:00:00,0.0,0.0,0.0,5.7,0.0
2025-10-26 03:00:00,0.0,0.0,0.0,5.3,0.0
2025-10-26 04:00:00,0.0,0.0,0.0,5.1,0.0
2025-10-26 05:00:00,0.0,0.0,0.0,5.0,0.0
2025-10-26 06:00:00,0.0,0.0,0.0,5.3,0.0
2025-10-26 07:00:00,6.0,0.0,6.0,5.8,0.005705625905883985
2025-10-26 08:00:00,11.0,0.0,11.0,5.7,0.010458581904847504
2025-10-26 09:00:00,36.0,0.0,36.0,6.4,0.03404703965479832
2025-10-26 10:00:00,106.0,0.0,106.0,7.8,0.0989668101952846
2025-10-26 11:00:00,132.0,53.9,109.0,8.4,0.1550116781614073
2025-10-26 12:00:00,141.0,70.8,110.0,9.3,0.17108161715562645
2025-10-26 13:00:00,76.0,0.0,76.0,9.0,0.07086796155618409
2025-10-26 14:00:00,171.0,298.4,70.0,9.5,0.2834253177349064
2025-10-26 15:00:00,164.0,461.0,56.0,9.3,0.3074704350686654
2025-10-26 16:00:00,63.0,330.5,29.0,8.4,0.16279014716720241
2025-10-26 17:00:00,1.0,0.0,1.0,7.6,0.0009450860784685442
2025-10-26 18:00:00,0.0,0.0,0.0,7.2,0.0
2025-10-26 19:00:00,0.0,0.0,0.0,7.5,0.0
2025-10-26 20:00:00,0.0,0.0,0.0,7.1,0.0
2025-10-26 21:00:00,0.0,0.0,0.0,6.9,0.0
2025-10-26 22:00:00,0.0,0.0,0.0,7.2,0.0
2025-10-26 23:00:00,0.0,0.0,0.0,7.3,0.0
2025-10-27 00:00:00,0.0,0.0,0.0,7.3,0.0
2025-10-27 01:00:00,0.0,0.0,0.0,7.6,0.0
2025-10-27 02:00:00,0.0,0.0,0.0,7.6,0.0
2025-10-27 03:00:00,0.0,0.0,0.0,8.2,0.0
2025-10-27 04:00:00,0.0,0.0,0.0,8.8,0.0
2025-10-27 05:00:00,0.0,0.0,0.0,8.8,0.0
2025-10-27 06:00:00,0.0,0.0,0.0,8.9,0.0
2025-10-27 07:00:00,7.0,0.0,7.0,8.7,0.006584093094609497
2025-10-27 08:00:00,109.0,380.5,48.0,9.4,0.2803554956099446
2025-10-27 09:00:00,204.0,406.6,90.0,9.8,0.40608275777372943
2025-10-27 10:00:00,224.0,251.8,131.0,9.6,0.3556473403677737
2025-10-27 11:00:00,178.0,54.6,155.0,9.2,0.1986338412147721
2025-10-27 12:00:00,167.0,25.4,156.0,9.1,0.16973287067162318
2025-10-27 13:00:00,173.0,64.6,147.0,9.5,0.19559089004560987
2025-10-27 14:00:00,144.0,132.1,100.0,9.8,0.19387389227188856
2025-10-27 15:00:00,105.0,113.5,79.0,10.0,0.1409003653812187
2025-10-27 16:00:00,40.0,149.8,25.0,8.9,0.0851464774891681
2025-10-27 17:00:00,1.0,0.0,1.0,8.5,0.0009419048165318698
2025-10-27 18:00:00,0.0,0.0,0.0,8.8,0.0
2025-10-27 19:00:00,0.0,0.0,0.0,8.2,0.0
2025-10-27 20:00:00,0.0,0.0,0.0,8.0,0.0
2025-10-27 21:00:00,0.0,0.0,0.0,8.0,0.0
2025-10-27 22:00:00,0.0,0.0,0.0,7.8,0.0
2025-10-27 23:00:00,0.0,0.0,0.0,7.6,0.0
2025-10-28 00:00:00,0.0,0.0,0.0,7.4,0.0
2025-10-28 01:00:00,0.0,0.0,0.0,7.9,0.0
2025-10-28 02:00:00,0.0,0.0,0.0,8.2,0.0
2025-10-28 03:00:00,0.0,0.0,0.0,8.7,0.0
2025-10-28 04:00:00,0.0,0.0,0.0,8.8,0.0
2025-10-28 05:00:00,0.0,0.0,0.0,8.9,0.0
2025-10-28 06:00:00,0.0,0.0,0.0,9.6,0.0
2025-10-28 07:00:00,5.0,0.0,5.0,10.2,0.004677435025590288
2025-10-28 08:00:00,18.0,0.0,18.0,11.0,0.016763953377432746
2025-10-28 09:00:00,75.0,50.8,61.0,11.6,0.09674444734781484
2025-10-28 10:00:00,47.0,0.0,47.0,11.6,0.04353358004820989
2025-10-28 11:00:00,115.0,40.9,98.0,12.5,0.12959754967147322
2025-10-28 12:00:00,195.0,79.6,161.0,13.0,0.2250926943897398
2025-10-28 13:00:00,124.0,32.7,111.0,12.6,0.13091668967987088
2025-10-28 14:00:00,84.0,39.7,71.0,13.1,0.09448770808479831
2025-10-28 15:00:00,101.0,125.1,73.0,12.8,0.13992395157851578
2025-10-28 16:00:00,51.0,195.0,32.0,12.0,0.1223909800127613
2025-10-28 17:00:00,0.0,0.0,0.0,11.5,0.0
2025-10-28 18:00:00,0.0,0.0,0.0,11.1,0.0
2025-10-28 19:00:00,0.0,0.0,0.0,10.3,0.0
2025-10-28 20:00:00,0.0,0.0,0.0,9.5,0.0
2025-10-28 21:00:00,0.0,0.0,0.0,10.0,0.0
2025-10-28 22:00:00,0.0,0.0,0.0,10.0,0.0
2025-10-28 23:00:00,0.0,0.0,0.0,9.5,0.0
2025-10-29 00:00:00,0.0,0.0,0.0,9.6,0.0
2025-10-29 01:00:00,0.0,0.0,0.0,9.3,0.0
2025-10-29 02:00:00,0.0,0.0,0.0,9.5,0.0
2025-10-29 03:00:00,0.0,0.0,0.0,10.6,0.0
2025-10-29 04:00:00,0.0,0.0,0.0,10.3,0.0
2025-10-29 05:00:00,0.0,0.0,0.0,9.8,0.0
2025-10-29 06:00:00,0.0,0.0,0.0,10.0,0.0
2025-10-29 07:00:00,11.0,53.0,8.0,10.0,0.028051598029897505
2025-10-29 08:00:00,88.0,185.6,60.0,10.8,0.17387516963205987
2025-10-29 09:00:00,200.0,388.1,95.0,12.0,0.39412478939802603
2025-10-29 10:00:00,272.0,386.9,133.0,13.4,0.4701434558326948
2025-10-29 11:00:00,306.0,333.4,169.0,14.1,0.47516322078018947
2025-10-29 12:00:00,234.0,120.8,183.0,14.1,0.2850328220838652
2025-10-29 13:00:00,186.0,76.5,156.0,14.6,0.21087724407059322
2025-10-29 14:00:00,163.0,46.5,148.0,14.5,0.17118670167258773
2025-10-29 15:00:00,116.0,82.3,98.0,14.2,0.1400450915965345
2025-10-29 16:00:00,31.0,0.0,31.0,13.8,0.02852325531908212
2025-10-29 17:00:00,0.0,0.0,0.0,13.3,0.0
2025-10-29 18:00:00,0.0,0.0,0.0,12.7,0.0
2025-10-29 19:00:00,0.0,0.0,0.0,12.7,0.0
2025-10-29 20:00:00,0.0,0.0,0.0,12.8,0.0
2025-10-29 21:00:00,0.0,0.0,0.0,12.3,0.0
2025-10-29 22:00:00,0.0,0.0,0.0,11.5,0.0
2025-10-29 23:00:00,0.0,0.0,0.0,11.5,0.0
2025-10-30 00:00:00,0.0,0.0,0.0,11.6,0.0
2025-10-30 01:00:00,0.0,0.0,0.0,11.5,0.0
2025-10-30 02:00:00,0.0,0.0,0.0,10.8,0.0
2025-10-30 03:00:00,0.0,0.0,0.0,10.5,0.0
2025-10-30 04:00:00,0.0,0.0,0.0,10.2,0.0
2025-10-30 05:00:00,0.0,0.0,0.0,9.1,0.0
2025-10-30 06:00:00,0.0,0.0,0.0,8.7,0.0
2025-10-30 07:00:00,10.0,73.7,6.0,8.6,0.033971297537689175
2025-10-30 08:00:00,97.0,383.0,41.0,9.2,0.27223453097263883
2025-10-30 09:00:00,214.0,560.9,65.0,9.7,0.48752839992629216
2025-10-30 10:00:00,288.0,542.1,96.0,10.5,0.5621866766543082
2025-10-30 11:00:00,309.0,443.5,129.0,11.4,0.5358087836717305
2025-10-30 12:00:00,354.0,614.0,98.0,12.3,0.635855296256314
2025-10-30 13:00:00,302.0,540.3,93.0,12.7,0.533600277065667
2025-10-30 14:00:00,221.0,377.9,101.0,12.7,0.3720856381513474
2025-10-30 15:00:00,165.0,514.6,55.0,12.3,0.3317464410129297
2025-10-30 16:00:00,51.0,271.2,26.0,10.6,0.16500036345023178
2025-10-30 17:00:00,0.0,0.0,0.0,9.4,0.0
2025-10-30 18:00:00,0.0,0.0,0.0,9.3,0.0
2025-10-30 19:00:00,0.0,0.0,0.0,8.8,0.0
2025-10-30 20:00:00,0.0,0.0,0.0,8.5,0.0
2025-10-30 21:00:00,0.0,0.0,0.0,8.2,0.0
2025-10-30 22:00:00,0.0,0.0,0.0,7.5,0.0
2025-10-30 23:00:00,0.0,0.0,0.0,7.2,0.0
2025-10-31 00:00:00,0.0,0.0,0.0,6.8,0.0
2025-10-31 01:00:00,0.0,0.0,0.0,6.5,0.0
2025-10-31 02:00:00,0.0,0.0,0.0,6.7,0.0
2025-10-31 03:00:00,0.0,0.0,0.0,7.3,0.0
2025-10-31 04:00:00,0.0,0.0,0.0,7.8,0.0
2025-10-31 05:00:00,0.0,0.0,0.0,7.8,0.0
2025-10-31 06:00:00,0.0,0.0,0.0,7.9,0.0
2025-10-31 07:00:00,6.0,0.0,6.0,7.9,0.005661088238770544
2025-10-31 08:00:00,66.0,35.3,61.0,8.6,0.08004743023592838
2025-10-31 09:00:00,139.0,88.2,116.0,9.5,0.18155091053813605
2025-10-31 10:00:00,181.0,57.3,161.0,10.5,0.20335561635224755
2025-10-31 11:00:00,266.0,197.1,187.0,12.1,0.36779854910667376
2025-10-31 12:00:00,244.0,121.4,194.0,12.2,0.29836115255306406
2025-10-31 13:00:00,219.0,86.4,186.0,12.9,0.2498520920591565
2025-10-31 14:00:00,195.0,153.6,147.0,13.1,0.25611901344784155
2025-10-31 15:00:00,108.0,81.4,91.0,13.0,0.13352754981283724
2025-10-31 16:00:00,21.0,0.0,21.0,12.4,0.0194475863965887
2025-10-31 17:00:00,0.0,0.0,0.0,12.3,0.0
2025-10-31 18:00:00,0.0,0.0,0.0,12.3,0.0
2025-10-31 19:00:00,0.0,0.0,0.0,12.2,0.0
2025-10-31 20:00:00,0.0,0.0,0.0,12.1,0.0
2025-10-31 21:00:00,0.0,0.0,0.0,11.5,0.0
2025-10-31 22:00:00,0.0,0.0,0.0,11.3,0.0
2025-10-31 23:00:00,0.0,0.0,0.0,11.3,0.0
2025-11-01 00:00:00,0.0,0.0,0.0,11.1,0.0
2025-11-01 01:00:00,0.0,0.0,0.0,11.0,0.0
2025-11-01 02:00:00,0.0,0.0,0.0,10.8,0.0
2025-11-01 03:00:00,0.0,0.0,0.0,10.8,0.0
2025-11-01 04:00:00,0.0,0.0,0.0,11.2,0.0
2025-11-01 05:00:00,0.0,0.0,0.0,11.3,0.0
2025-11-01 06:00:00,0.0,0.0,0.0,11.6,0.0
2025-11-01 07:00:00,2.0,0.0,2.0,12.4,0.0018560343157347373
2025-11-01 08:00:00,13.0,0.0,13.0,12.9,0.012026634062690894
2025-11-01 09:00:00,18.0,0.0,18.0,13.1,0.016630340376092425
2025-11-01 10:00:00,19.0,0.0,19.0,14.1,0.017485146585372882
2025-11-01 11:00:00,34.0,0.0,34.0,14.0,0.031249110740892642
2025-11-01 12:00:00,20.0,0.0,20.0,14.3,0.018389234710901557
2025-11-01 13:00:00,32.0,0.0,32.0,14.2,0.02939484562645274
2025-11-01 14:00:00,26.0,0.0,26.0,13.5,0.02396358593979371
2025-11-01 15:00:00,26.0,0.0,26.0,13.3,0.023981966564316715
2025-11-01 16:00:00,5.0,0.0,5.0,12.7,0.004633250832025368
2025-11-01 17:00:00,0.0,0.0,0.0,12.3,0.0
2025-11-01 18:00:00,0.0,0.0,0.0,11.7,0.0
2025-11-01 19:00:00,0.0,0.0,0.0,10.6,0.0
2025-11-01 20:00:00,0.0,0.0,0.0,10.2,0.0
2025-11-01 21:00:00,0.0,0.0,0.0,9.9,0.0
2025-11-01 22:00:00,0.0,0.0,0.0,9.5,0.0
2025-11-01 23:00:00,0.0,0.0,0.0,9.0,0.0
2025-11-02 00:00:00,0.0,0.0,0.0,9.0,0.0
2025-11-02 01:00:00,0.0,0.0,0.0,8.7,0.0
2025-11-02 02:00:00,0.0,0.0,0.0,8.8,0.0
2025-11-02 03:00:00,0.0,0.0,0.0,8.6,0.0
2025-11-02 04:00:00,0.0,0.0,0.0,8.6,0.0
2025-11-02 05:00:00,0.0,0.0,0.0,8.9,0.0
2025-11-02 06:00:00,0.0,0.0,0.0,9.0,0.0
2025-11-02 07:00:00,5.0,0.0,5.0,9.0,0.00469864343850145
2025-11-02 08:00:00,63.0,135.9,45.0,9.9,0.12671713878419946
2025-11-02 09:00:00,164.0,282.5,93.0,11.5,0.3110210493815659
2025-11-02 10:00:00,207.0,226.8,130.0,12.2,0.32783118889372803
2025-11-02 11:00:00,297.0,447.8,122.0,12.9,0.5271609035490789
2025-11-02 12:00:00,361.0,704.2,78.0,12.5,0.6799085757974286
2025-11-02 13:00:00,323.0,634.7,87.0,13.7,0.594110315922569
2025-11-02 14:00:00,191.0,363.3,81.0,11.9,0.3381159512831762
2025-11-02 15:00:00,117.0,185.5,80.0,12.2,0.1854129691323196
2025-11-02 16:00:00,24.0,11.8,23.0,11.3,0.02714358489981219
2025-11-02 17:00:00,0.0,0.0,0.0,10.3,0.0
2025-11-02 18:00:00,0.0,0.0,0.0,9.9,0.0
2025-11-02 19:00:00,0.0,0.0,0.0,9.7,0.0
2025-11-02 20:00:00,0.0,0.0,0.0,9.1,0.0
2025-11-02 21:00:00,0.0,0.0,0.0,8.8,0.0
2025-11-02 22:00:00,0.0,0.0,0.0,8.6,0.0
2025-11-02 23:00:00,0.0,0.0,0.0,8.3,0.0
2025-11-03 00:00:00,0.0,0.0,0.0,8.2,0.0
2025-11-03 01:00:00,0.0,0.0,0.0,7.6,0.0
2025-11-03 02:00:00,0.0,0.0,0.0,7.0,0.0
2025-11-03 03:00:00,0.0,0.0,0.0,6.7,0.0
2025-11-03 04:00:00,0.0,0.0,0.0,6.6,0.0
2025-11-03 05:00:00,0.0,0.0,0.0,6.5,0.0
2025-11-03 06:00:00,0.0,0.0,0.0,6.9,0.0
2025-11-03 07:00:00,6.0,38.2,4.0,6.7,0.018277656839971686
2025-11-03 08:00:00,89.0,422.2,35.0,7.8,0.2873645445710578
2025-11-03 09:00:00,208.0,628.4,53.0,9.2,0.5172410635766016
2025-11-03 10:00:00,277.0,534.8,98.0,10.7,0.5562580917033448
2025-11-03 11:00:00,224.0,147.7,167.0,11.5,0.3002075342569094
2025-11-03 12:00:00,337.0,607.1,96.0,12.8,0.6237646139089136
2025-11-03 13:00:00,203.0,209.8,126.0,13.2,0.29979881113858414
2025-11-03 14:00:00,185.0,224.8,118.0,13.4,0.27985468994726365
2025-11-03 15:00:00,46.0,0.0,46.0,12.7,0.04243317680117794
2025-11-03 16:00:00,29.0,145.7,17.0,11.8,0.0774480652970135
2025-11-03 17:00:00,0.0,0.0,0.0,10.9,0.0
2025-11-03 18:00:00,0.0,0.0,0.0,11.3,0.0
2025-11-03 19:00:00,0.0,0.0,0.0,11.7,0.0
2025-11-03 20:00:00,0.0,0.0,0.0,11.5,0.0
2025-11-03 21:00:00,0.0,0.0,0.0,10.9,0.0
2025-11-03 22:00:00,0.0,0.0,0.0,10.4,0.0
2025-11-03 23:00:00,0.0,0.0,0.0,10.8,0.0
2025-11-04 00:00:00,0.0,0.0,0.0,11.3,0.0
2025-11-04 01:00:00,0.0,0.0,0.0,11.1,0.0
2025-11-04 02:00:00,0.0,0.0,0.0,11.4,0.0
2025-11-04 03:00:00,0.0,0.0,0.0,11.9,0.0
2025-11-04 04:00:00,0.0,0.0,0.0,12.2,0.0
2025-11-04 05:00:00,0.0,0.0,0.0,11.7,0.0
2025-11-04 06:00:00,0.0,0.0,0.0,11.7,0.0
2025-11-04 07:00:00,5.0,19.1,4.0,11.9,0.010814088890976842
2025-11-04 08:00:00,78.0,299.8,41.0,12.7,0.21877420843087889
2025-11-04 09:00:00,194.0,537.2,64.0,13.5,0.45947530168631
2025-11-04 10:00:00,263.0,472.9,107.0,14.3,0.5085640936296127
2025-11-04 11:00:00,326.0,585.1,103.0,14.7,0.6156871554648092
2025-11-04 12:00:00,352.0,675.8,87.0,15.3,0.6597893560272774
2025-11-04 13:00:00,308.0,604.6,89.0,15.7,0.568334298302718
2025-11-04 14:00:00,244.0,586.2,72.0,15.7,0.47017897026782013
2025-11-04 15:00:00,146.0,514.8,48.0,15.0,0.3197234263575294
2025-11-04 16:00:00,34.0,150.0,22.0,14.0,0.09003951172759518
2025-11-04 17:00:00,0.0,0.0,0.0,13.2,0.0
2025-11-04 18:00:00,0.0,0.0,0.0,12.8,0.0
2025-11-04 19:00:00,0.0,0.0,0.0,12.3,0.0
2025-11-04 20:00:00,0.0,0.0,0.0,11.9,0.0
2025-11-04 21:00:00,0.0,0.0,0.0,11.6,0.0
2025-11-04 22:00:00,0.0,0.0,0.0,11.4,0.0
2025-11-04 23:00:00,0.0,0.0,0.0,11.0,0.0
2025-11-05 00:00:00,0.0,0.0,0.0,10.9,0.0
2025-11-05 01:00:00,0.0,0.0,0.0,10.5,0.0
2025-11-05 02:00:00,0.0,0.0,0.0,10.2,0.0
2025-11-05 03:00:00,0.0,0.0,0.0,9.8,0.0
2025-11-05 04:00:00,0.0,0.0,0.0,9.6,0.0
2025-11-05 05:00:00,0.0,0.0,0.0,9.3,0.0
2025-11-05 06:00:00,0.0,0.0,0.0,9.5,0.0
2025-11-05 07:00:00,4.0,19.1,3.0,9.4,0.00989520920005983
2025-11-05 08:00:00,72.0,302.7,36.0,10.2,0.2158727636057769
2025-11-05 09:00:00,191.0,581.4,53.0,11.2,0.47906623008067833
2025-11-05 10:00:00,252.0,449.0,106.0,12.4,0.4911802537606444
2025-11-05 11:00:00,315.0,558.1,105.0,13.6,0.5979994906509636
2025-11-05 12:00:00,273.0,315.0,151.0,14.3,0.43413181297098224
2025-11-05 13:00:00,261.0,352.5,135.0,14.8,0.4278702158185013
2025-11-05 14:00:00,173.0,142.0,132.0,14.7,0.23105722247857285
2025-11-05 15:00:00,138.0,473.3,50.0,14.3,0.3032871726988281
2025-11-05 16:00:00,33.0,244.5,14.0,13.3,0.1041982459891425
2025-11-05 17:00:00,0.0,0.0,0.0,12.9,0.0
2025-11-05 18:00:00,0.0,0.0,0.0,12.7,0.0
2025-11-05 19:00:00,0.0,0.0,0.0,11.9,0.0
2025-11-05 20:00:00,0.0,0.0,0.0,11.4,0.0
2025-11-05 21:00:00,0.0,0.0,0.0,10.9,0.0
2025-11-05 22:00:00,0.0,0.0,0.0,10.4,0.0
2025-11-05 23:00:00,0.0,0.0,0.0,9.9,0.0
2025-11-06 00:00:00,0.0,0.0,0.0,9.7,0.0
2025-11-06 01:00:00,0.0,0.0,0.0,9.2,0.0
2025-11-06 02:00:00,0.0,0.0,0.0,9.1,0.0
2025-11-06 03:00:00,0.0,0.0,0.0,9.0,0.0
2025-11-06 04:00:00,0.0,0.0,0.0,8.8,0.0
2025-11-06 05:00:00,0.0,0.0,0.0,8.7,0.0
2025-11-06 06:00:00,0.0,0.0,0.0,8.9,0.0
2025-11-06 07:00:00,4.0,0.0,4.0,8.2,0.003770634665442763
2025-11-06 08:00:00,80.0,436.9,30.0,8.7,0.28638897653950485
2025-11-06 09:00:00,199.0,640.3,50.0,9.9,0.5174311176579476
2025-11-06 10:00:00,273.0,577.4,88.0,11.3,0.574751555884173
2025-11-06 11:00:00,313.0,519.5,120.0,13.0,0.5849102744155891
2025-11-06 12:00:00,287.0,313.7,167.0,14.2,0.45057918932193647
2025-11-06 13:00:00,309.0,600.9,97.0,14.5,0.5782171140796325
2025-11-06 14:00:00,225.0,482.0,88.0,14.3,0.42586349690292663
2025-11-06 15:00:00,115.0,225.8,74.0,13.5,0.2037484283788031
2025-11-06 16:00:00,23.0,53.0,19.0,12.6,0.03991419194112014
2025-11-06 17:00:00,0.0,0.0,0.0,11.8,0.0
2025-11-06 18:00:00,0.0,0.0,0.0,11.1,0.0
2025-11-06 19:00:00,0.0,0.0,0.0,10.0,0.0
2025-11-06 20:00:00,0.0,0.0,0.0,9.5,0.0
2025-11-06 21:00:00,0.0,0.0,0.0,8.9,0.0
2025-11-06 22:00:00,0.0,0.0,0.0,8.4,0.0
2025-11-06 23:00:00,0.0,0.0,0.0,7.9,0.0
2025-11-07 00:00:00,0.0,0.0,0.0,7.8,0.0
2025-11-07 01:00:00,0.0,0.0,0.0,7.5,0.0
2025-11-07 02:00:00,0.0,0.0,0.0,7.4,0.0
2025-11-07 03:00:00,0.0,0.0,0.0,7.1,0.0
2025-11-07 04:00:00,0.0,0.0,0.0,7.0,0.0
2025-11-07 05:00:00,0.0,0.0,0.0,6.9,0.0
2025-11-07 06:00:00,0.0,0.0,0.0,6.9,0.0
2025-11-07 07:00:00,3.0,19.1,2.0,6.7,0.00893438404353317
2025-11-07 08:00:00,72.0,381.9,30.0,7.6,0.25555071906752724
2025-11-07 09:00:00,183.0,583.1,50.0,8.9,0.4790033307791735
2025-11-07 10:00:00,272.0,655.7,65.0,10.4,0.6065810436302634
2025-11-07 11:00:00,330.0,711.6,69.0,11.7,0.6793888593115428
2025-11-07 12:00:00,341.0,712.0,72.0,13.0,0.6722011166385243
2025-11-07 13:00:00,311.0,709.5,64.0,13.7,0.6144176556296257
2025-11-07 14:00:00,238.0,647.0,57.0,13.8,0.4900431160511175
2025-11-07 15:00:00,133.0,507.8,43.0,13.1,0.3120027289946828
2025-11-07 16:00:00,28.0,204.8,13.0,11.6,0.08636548659348041
2025-11-07 17:00:00,0.0,0.0,0.0,10.6,0.0
2025-11-07 18:00:00,0.0,0.0,0.0,9.8,0.0
2025-11-07 19:00:00,0.0,0.0,0.0,8.8,0.0
2025-11-07 20:00:00,0.0,0.0,0.0,8.1,0.0
2025-11-07 21:00:00,0.0,0.0,0.0,7.6,0.0
2025-11-07 22:00:00,0.0,0.0,0.0,7.1,0.0
2025-11-07 23:00:00,0.0,0.0,0.0,6.6,0.0
2025-11-08 00:00:00,0.0,0.0,0.0,6.0,0.0
2025-11-08 01:00:00,0.0,0.0,0.0,5.6,0.0
2025-11-08 02:00:00,0.0,0.0,0.0,5.4,0.0
2025-11-08 03:00:00,0.0,0.0,0.0,5.0,0.0
2025-11-08 04:00:00,0.0,0.0,0.0,4.8,0.0
2025-11-08 05:00:00,0.0,0.0,0.0,4.7,0.0
2025-11-08 06:00:00,0.0,0.0,0.0,4.3,0.0
2025-11-08 07:00:00,2.0,19.1,1.0,4.1,0.007948479442287904
2025-11-08 08:00:00,68.0,350.7,31.0,4.9,0.24109662683234798
2025-11-08 09:00:00,170.0,483.2,62.0,6.4,0.4286412993320816
2025-11-08 10:00:00,253.0,540.2,85.0,8.0,0.5472708557698607
2025-11-08 11:00:00,311.0,616.0,88.0,9.7,0.6323619948347999
2025-11-08 12:00:00,316.0,584.2,98.0,10.2,0.6113328511395557
2025-11-08 13:00:00,278.0,561.7,85.0,10.9,0.5397809081506912
2025-11-08 14:00:00,176.0,323.3,87.0,11.1,0.31877809687164255
2025-11-08 15:00:00,84.0,109.8,65.0,10.9,0.1265611016923054
2025-11-08 16:00:00,18.0,56.3,14.0,10.1,0.03415703651236932
2025-11-08 17:00:00,0.0,0.0,0.0,9.6,0.0
2025-11-08 18:00:00,0.0,0.0,0.0,9.9,0.0
2025-11-08 19:00:00,0.0,0.0,0.0,9.3,0.0
2025-11-08 20:00:00,0.0,0.0,0.0,9.0,0.0
2025-11-08 21:00:00,0.0,0.0,0.0,8.8,0.0
2025-11-08 22:00:00,0.0,0.0,0.0,8.6,0.0
2025-11-08 23:00:00,0.0,0.0,0.0,8.1,0.0
2025-11-09 00:00:00,0.0,0.0,0.0,8.8,0.0
2025-11-09 01:00:00,0.0,0.0,0.0,9.0,0.0
2025-11-09 02:00:00,0.0,0.0,0.0,9.3,0.0
2025-11-09 03:00:00,0.0,0.0,0.0,9.7,0.0
2025-11-09 04:00:00,0.0,0.0,0.0,9.7,0.0
2025-11-09 05:00:00,0.0,0.0,0.0,9.8,0.0
2025-11-09 06:00:00,0.0,0.0,0.0,9.5,0.0
2025-11-09 07:00:00,1.0,0.0,1.0,9.8,0.0009373096604011179
2025-11-09 08:00:00,20.0,19.8,18.0,10.2,0.02838109442148784
2025-11-09 09:00:00,42.0,0.0,42.0,10.7,0.03905742108669949
2025-11-09 10:00:00,74.0,58.8,56.0,11.0,0.10355248699838047
2025-11-09 11:00:00,146.0,151.1,92.0,11.9,0.22667405039006877
2025-11-09 12:00:00,173.0,219.8,92.0,12.3,0.2864365672467817
2025-11-09 13:00:00,180.0,265.4,90.0,12.6,0.3073012300564739
2025-11-09 14:00:00,119.0,206.7,63.0,12.1,0.20604210374263632
2025-11-09 15:00:00,60.0,82.9,46.0,11.8,0.08950488322297327
2025-11-09 16:00:00,20.0,72.6,15.0,10.7,0.04158851902920321
2025-11-09 17:00:00,0.0,0.0,0.0,10.2,0.0
2025-11-09 18:00:00,0.0,0.0,0.0,10.0,0.0
2025-11-09 19:00:00,0.0,0.0,0.0,9.3,0.0
2025-11-09 20:00:00,0.0,0.0,0.0,8.7,0.0
2025-11-09 21:00:00,0.0,0.0,0.0,7.6,0.0
2025-11-09 22:00:00,0.0,0.0,0.0,7.0,0.0
2025-11-09 23:00:00,0.0,0.0,0.0,6.5,0.0
2025-11-10 00:00:00,0.0,0.0,0.0,6.2,0.0
2025-11-10 01:00:00,0.0,0.0,0.0,5.2,0.0
2025-11-10 02:00:00,0.0,0.0,0.0,5.0,0.0
2025-11-10 03:00:00,0.0,0.0,0.0,4.8,0.0
2025-11-10 04:00:00,0.0,0.0,0.0,4.6,0.0
2025-11-10 05:00:00,0.0,0.0,0.0,4.8,0.0
2025-11-10 06:00:00,0.0,0.0,0.0,4.5,0.0
2025-11-10 07:00:00,1.0,0.0,1.0,4.1,0.0009574576526667221
2025-11-10 08:00:00,51.0,206.9,31.0,4.5,0.15555042525186522
2025-11-10 09:00:00,106.0,84.0,88.0,5.4,0.15237894443584452
2025-11-10 10:00:00,178.0,228.7,109.0,6.6,0.31267809656187945
2025-11-10 11:00:00,181.0,82.2,152.0,7.6,0.2243480757748209
2025-11-10 12:00:00,176.0,33.0,164.0,8.6,0.1850382218015878
2025-11-10 13:00:00,243.0,427.4,100.0,9.7,0.45565008781274025
2025-11-10 14:00:00,182.0,326.3,95.0,10.3,0.33269194361883997
2025-11-10 15:00:00,101.0,212.4,66.0,10.2,0.19133395456166716
2025-11-10 16:00:00,14.0,29.9,12.0,9.7,0.02179036969032289
2025-11-10 17:00:00,0.0,0.0,0.0,9.4,0.0
2025-11-10 18:00:00,0.0,0.0,0.0,9.0,0.0
2025-11-10 19:00:00,0.0,0.0,0.0,8.9,0.0
2025-11-10 20:00:00,0.0,0.0,0.0,8.7,0.0
2025-11-10 21:00:00,0.0,0.0,0.0,8.5,0.0
2025-11-10 22:00:00,0.0,0.0,0.0,8.2,0.0
2025-11-10 23:00:00,0.0,0.0,0.0,8.3,0.0
2025-11-11 00:00:00,0.0,0.0,0.0,8.0,0.0
2025-11-11 01:00:00,0.0,0.0,0.0,8.6,0.0
2025-11-11 02:00:00,0.0,0.0,0.0,9.0,0.0
2025-11-11 03:00:00,0.0,0.0,0.0,9.0,0.0
2025-11-11 04:00:00,0.0,0.0,0.0,9.0,0.0
2025-11-11 05:00:00,0.0,0.0,0.0,8.5,0.0
2025-11-11 06:00:00,0.0,0.0,0.0,8.9,0.0
2025-11-11 07:00:00,1.0,0.0,1.0,9.1,0.0009397839752407536
2025-11-11 08:00:00,21.0,0.0,21.0,9.7,0.01964800589859918
2025-11-11 09:00:00,67.0,0.0,67.0,10.4,0.06220576549649951
2025-11-11 10:00:00,151.0,141.3,109.0,11.2,0.22934404549157783
2025-11-11 11:00:00,175.0,103.4,139.0,11.9,0.22864312762719
2025-11-11 12:00:00,196.0,139.1,146.0,13.2,0.2671858715378023
2025-11-11 13:00:00,236.0,430.0,94.0,13.8,0.44255410834686826
2025-11-11 14:00:00,155.0,289.6,79.0,13.6,0.28232726378520534
2025-11-11 15:00:00,106.0,379.4,45.0,12.8,0.25234954957317685
2025-11-11 16:00:00,19.0,108.1,12.0,11.4,0.04876125560616617
2025-11-11 17:00:00,0.0,0.0,0.0,10.5,0.0
2025-11-11 18:00:00,0.0,0.0,0.0,10.3,0.0
2025-11-11 19:00:00,0.0,0.0,0.0,10.0,0.0
2025-11-11 20:00:00,0.0,0.0,0.0,9.7,0.0
2025-11-11 21:00:00,0.0,0.0,0.0,9.5,0.0
2025-11-11 22:00:00,0.0,0.0,0.0,9.3,0.0
2025-11-11 23:00:00,0.0,0.0,0.0,9.3,0.0
2025-11-12 00:00:00,0.0,0.0,0.0,9.4,0.0
2025-11-12 01:00:00,0.0,0.0,0.0,9.2,0.0
2025-11-12 02:00:00,0.0,0.0,0.0,9.1,0.0
2025-11-12 03:00:00,0.0,0.0,0.0,9.0,0.0
2025-11-12 04:00:00,0.0,0.0,0.0,8.8,0.0
2025-11-12 05:00:00,0.0,0.0,0.0,8.6,0.0
2025-11-12 06:00:00,0.0,0.0,0.0,8.8,0.0
2025-11-12 07:00:00,1.0,0.0,1.0,8.9,0.0009404909223377923
2025-11-12 08:00:00,46.0,109.3,36.0,9.4,0.1002714874432352
2025-11-12 09:00:00,141.0,326.1,74.0,10.4,0.3212467967149971
2025-11-12 10:00:00,206.0,348.5,104.0,11.4,0.4042069509601977
2025-11-12 11:00:00,303.0,663.4,75.0,13.0,0.6415958448970852
2025-11-12 12:00:00,313.0,656.3,80.0,13.8,0.6338237067547013
2025-11-12 13:00:00,253.0,417.3,117.0,14.1,0.4608285145392197
2025-11-12 14:00:00,193.0,410.3,87.0,14.3,0.376738528161201
2025-11-12 15:00:00,81.0,70.1,70.0,13.6,0.10840604201468723
2025-11-12 16:00:00,13.0,0.0,13.0,12.8,0.012031229218821647
2025-11-12 17:00:00,0.0,0.0,0.0,12.1,0.0
2025-11-12 18:00:00,0.0,0.0,0.0,11.5,0.0
2025-11-12 19:00:00,0.0,0.0,0.0,11.0,0.0
2025-11-12 20:00:00,0.0,0.0,0.0,10.9,0.0
2025-11-12 21:00:00,0.0,0.0,0.0,10.9,0.0
2025-11-12 22:00:00,0.0,0.0,0.0,11.1,0.0
2025-11-12 23:00:00,0.0,0.0,0.0,11.1,0.0
2025-11-13 00:00:00,0.0,0.0,0.0,11.3,0.0
2025-11-13 01:00:00,0.0,0.0,0.0,11.2,0.0
2025-11-13 02:00:00,0.0,0.0,0.0,11.3,0.0
2025-11-13 03:00:00,0.0,0.0,0.0,11.1,0.0
2025-11-13 04:00:00,0.0,0.0,0.0,11.4,0.0
2025-11-13 05:00:00,0.0,0.0,0.0,11.5,0.0
2025-11-13 06:00:00,0.0,0.0,0.0,12.1,0.0
2025-11-13 07:00:00,0.0,0.0,0.0,12.5,0.0
2025-11-13 08:00:00,45.0,134.7,33.0,13.6,0.11025942446108378
2025-11-13 09:00:00,138.0,333.3,71.0,15.2,0.3165150110237045
2025-11-13 10:00:00,225.0,458.0,93.0,16.7,0.4711271095575616
2025-11-13 11:00:00,210.0,262.4,121.0,17.3,0.3514838109657802
2025-11-13 12:00:00,310.0,684.5,70.0,17.4,0.6316291489360185
2025-11-13 13:00:00,276.0,634.2,72.0,17.6,0.5588292119613973
2025-11-13 14:00:00,197.0,499.4,70.0,17.4,0.40801054887344146
2025-11-13 15:00:00,70.0,52.3,62.0,16.3,0.08826583110347433
2025-11-13 16:00:00,13.0,16.4,12.0,15.2,0.016597581935599893
2025-11-13 17:00:00,0.0,0.0,0.0,14.4,0.0
2025-11-13 18:00:00,0.0,0.0,0.0,13.2,0.0
2025-11-13 19:00:00,0.0,0.0,0.0,13.5,0.0
2025-11-13 20:00:00,0.0,0.0,0.0,13.3,0.0
2025-11-13 21:00:00,0.0,0.0,0.0,12.6,0.0
2025-11-13 22:00:00,0.0,0.0,0.0,13.1,0.0
2025-11-13 23:00:00,0.0,0.0,0.0,12.9,0.0
2025-11-14 00:00:00,0.0,0.0,0.0,13.0,0.0
2025-11-14 01:00:00,0.0,0.0,0.0,12.4,0.0
2025-11-14 02:00:00,0.0,0.0,0.0,12.4,0.0
2025-11-14 03:00:00,0.0,0.0,0.0,12.8,0.0
2025-11-14 04:00:00,0.0,0.0,0.0,12.9,0.0
2025-11-14 05:00:00,0.0,0.0,0.0,12.9,0.0
2025-11-14 06:00:00,0.0,0.0,0.0,13.0,0.0
2025-11-14 07:00:00,0.0,0.0,0.0,12.9,0.0
2025-11-14 08:00:00,28.0,0.0,28.0,13.1,0.02584080508658164
2025-11-14 09:00:00,93.0,76.3,78.0,14.0,0.13132413878028856
2025-11-14 10:00:00,127.0,119.8,93.0,14.9,0.19065021271467025
2025-11-14 11:00:00,117.0,44.8,102.0,15.3,0.13477321664570355
2025-11-14 12:00:00,76.0,17.3,70.0,15.4,0.07939309230034856
2025-11-14 13:00:00,53.0,0.0,53.0,15.0,0.04842160251123065
2025-11-14 14:00:00,101.0,20.0,96.0,14.9,0.10261455359083968
2025-11-14 15:00:00,38.0,0.0,38.0,14.4,0.034856215809653146
2025-11-14 16:00:00,8.0,0.0,8.0,13.8,0.007379643092436985
2025-11-14 17:00:00,0.0,0.0,0.0,13.8,0.0
2025-11-14 18:00:00,0.0,0.0,0.0,13.7,0.0
2025-11-14 19:00:00,0.0,0.0,0.0,13.1,0.0
2025-11-14 20:00:00,0.0,0.0,0.0,13.5,0.0
2025-11-14 21:00:00,0.0,0.0,0.0,13.7,0.0
2025-11-14 22:00:00,0.0,0.0,0.0,13.5,0.0
2025-11-14 23:00:00,0.0,0.0,0.0,13.0,0.0
2025-11-15 00:00:00,0.0,0.0,0.0,13.0,0.0
2025-11-15 01:00:00,0.0,0.0,0.0,12.5,0.0
2025-11-15 02:00:00,0.0,0.0,0.0,12.2,0.0
2025-11-15 03:00:00,0.0,0.0,0.0,12.1,0.0
2025-11-15 04:00:00,0.0,0.0,0.0,11.8,0.0
2025-11-15 05:00:00,0.0,0.0,0.0,11.7,0.0
2025-11-15 06:00:00,0.0,0.0,0.0,11.6,0.0
2025-11-15 07:00:00,0.0,0.0,0.0,11.4,0.0
2025-11-15 08:00:00,30.0,106.5,21.0,11.9,0.08070236864479166
2025-11-15 09:00:00,109.0,239.1,63.0,12.9,0.23953380760556411
2025-11-15 10:00:00,167.0,268.4,92.0,13.8,0.3181644908750917
2025-11-15 11:00:00,85.0,0.0,85.0,14.0,0.07767978202204638
2025-11-15 12:00:00,101.0,38.0,88.0,13.6,0.115655588454587
2025-11-15 13:00:00,65.0,0.0,65.0,13.8,0.059580985167380085
2025-11-15 14:00:00,24.0,0.0,24.0,13.3,0.022142105038590917
2025-11-15 15:00:00,32.0,20.6,29.0,13.1,0.0378604425918278
2025-11-15 16:00:00,5.0,0.0,5.0,12.3,0.004640320302995755
2025-11-15 17:00:00,0.0,0.0,0.0,11.2,0.0
2025-11-15 18:00:00,0.0,0.0,0.0,11.2,0.0
2025-11-15 19:00:00,0.0,0.0,0.0,11.4,0.0
2025-11-15 20:00:00,0.0,0.0,0.0,11.4,0.0
2025-11-15 21:00:00,0.0,0.0,0.0,11.3,0.0
2025-11-15 22:00:00,0.0,0.0,0.0,11.3,0.0
2025-11-15 23:00:00,0.0,0.0,0.0,11.1,0.0
2025-11-16 00:00:00,0.0,0.0,0.0,11.1,0.0
2025-11-16 01:00:00,0.0,0.0,0.0,10.6,0.0
2025-11-16 02:00:00,0.0,0.0,0.0,10.4,0.0
2025-11-16 03:00:00,0.0,0.0,0.0,10.3,0.0
2025-11-16 04:00:00,0.0,0.0,0.0,10.4,0.0
2025-11-16 05:00:00,0.0,0.0,0.0,10.3,0.0
2025-11-16 06:00:00,0.0,0.0,0.0,10.2,0.0
2025-11-16 07:00:00,0.0,0.0,0.0,9.8,0.0
2025-11-16 08:00:00,6.0,0.0,6.0,9.5,0.005627154778112685
2025-11-16 09:00:00,20.0,0.0,20.0,9.3,0.018742708259420926
2025-11-16 10:00:00,30.0,0.0,30.0,9.3,0.028083405307457666
2025-11-16 11:00:00,36.0,0.0,36.0,9.2,0.03369073831789081
2025-11-16 12:00:00,38.0,0.0,38.0,8.6,0.03563527151058983
2025-11-16 13:00:00,40.0,0.0,40.0,8.4,0.03753091477851223
2025-11-16 14:00:00,27.0,0.0,27.0,7.9,0.02541695519010412
2025-11-16 15:00:00,10.0,0.0,10.0,7.5,0.00944519839566852
2025-11-16 16:00:00,2.0,0.0,2.0,7.2,0.0018927955647807517
2025-11-16 17:00:00,0.0,0.0,0.0,7.0,0.0
2025-11-16 18:00:00,0.0,0.0,0.0,6.8,0.0
2025-11-16 19:00:00,0.0,0.0,0.0,6.6,0.0
2025-11-16 20:00:00,0.0,0.0,0.0,6.6,0.0
2025-11-16 21:00:00,0.0,0.0,0.0,6.4,0.0
2025-11-16 22:00:00,0.0,0.0,0.0,6.1,0.0
2025-11-16 23:00:00,0.0,0.0,0.0,5.0,0.0
2025-11-17 00:00:00,0.0,0.0,0.0,3.4,0.0
2025-11-17 01:00:00,0.0,0.0,0.0,2.5,0.0
2025-11-17 02:00:00,0.0,0.0,0.0,2.2,0.0
2025-11-17 03:00:00,0.0,0.0,0.0,2.1,0.0
2025-11-17 04:00:00,0.0,0.0,0.0,2.6,0.0
2025-11-17 05:00:00,0.0,0.0,0.0,3.4,0.0
2025-11-17 06:00:00,0.0,0.0,0.0,4.4,0.0
2025-11-17 07:00:00,0.0,0.0,0.0,4.8,0.0
2025-11-17 08:00:00,17.0,25.0,15.0,5.1,0.028746948127992722
2025-11-17 09:00:00,103.0,244.5,58.0,5.2,0.2442988426234036
2025-11-17 10:00:00,189.0,376.3,87.0,5.6,0.4146483257881391
2025-11-17 11:00:00,229.0,397.2,101.0,6.1,0.4655742476915904
2025-11-17 12:00:00,263.0,544.8,81.0,5.6,0.5623920925809632
2025-11-17 13:00:00,218.0,405.6,94.0,6.1,0.43607954981146657
2025-11-17 14:00:00,188.0,510.1,66.0,6.0,0.42928652835320663
2025-11-17 15:00:00,88.0,331.1,42.0,5.4,0.23487499098845305
2025-11-17 16:00:00,13.0,93.3,8.0,4.8,0.03681237383106369
2025-11-17 17:00:00,0.0,0.0,0.0,4.2,0.0
2025-11-17 18:00:00,0.0,0.0,0.0,3.9,0.0
2025-11-17 19:00:00,0.0,0.0,0.0,3.3,0.0
2025-11-17 20:00:00,0.0,0.0,0.0,2.8,0.0
2025-11-17 21:00:00,0.0,0.0,0.0,2.5,0.0
2025-11-17 22:00:00,0.0,0.0,0.0,2.3,0.0
2025-11-17 23:00:00,0.0,0.0,0.0,2.0,0.0
2025-11-18 00:00:00,0.0,0.0,0.0,1.6,0.0
2025-11-18 01:00:00,0.0,0.0,0.0,1.4,0.0
2025-11-18 02:00:00,0.0,0.0,0.0,1.3,0.0
2025-11-18 03:00:00,0.0,0.0,0.0,1.6,0.0
2025-11-18 04:00:00,0.0,0.0,0.0,1.6,0.0
2025-11-18 05:00:00,0.0,0.0,0.0,1.5,0.0
2025-11-18 06:00:00,0.0,0.0,0.0,2.0,0.0
2025-11-18 07:00:00,0.0,0.0,0.0,1.6,0.0
2025-11-18 08:00:00,24.0,64.2,19.0,2.2,0.05620341720396237
2025-11-18 09:00:00,51.0,38.9,44.0,1.7,0.07264185352297212
2025-11-18 10:00:00,129.0,89.9,105.0,2.3,0.18473946009127457
2025-11-18 11:00:00,240.0,389.7,116.0,2.9,0.48357371337137645
2025-11-18 12:00:00,282.0,399.8,150.0,5.8,0.526500165037741
2025-11-18 13:00:00,233.0,460.3,94.0,5.9,0.4809875033092594
2025-11-18 14:00:00,93.0,110.3,67.0,5.8,0.14587303457422682
2025-11-18 15:00:00,20.0,0.0,20.0,5.2,0.019032556569206806
2025-11-18 16:00:00,3.0,0.0,3.0,4.5,0.0028675181337844587
2025-11-18 17:00:00,0.0,0.0,0.0,4.0,0.0
2025-11-18 18:00:00,0.0,0.0,0.0,4.0,0.0
2025-11-18 19:00:00,0.0,0.0,0.0,3.4,0.0
2025-11-18 20:00:00,0.0,0.0,0.0,3.3,0.0
2025-11-18 21:00:00,0.0,0.0,0.0,3.1,0.0
2025-11-18 22:00:00,0.0,0.0,0.0,2.8,0.0
2025-11-18 23:00:00,0.0,0.0,0.0,2.9,0.0
2025-11-19 00:00:00,0.0,0.0,0.0,2.8,0.0
2025-11-19 01:00:00,0.0,0.0,0.0,2.9,0.0
2025-11-19 02:00:00,0.0,0.0,0.0,3.3,0.0
2025-11-19 03:00:00,0.0,0.0,0.0,3.8,0.0
2025-11-19 04:00:00,0.0,0.0,0.0,3.9,0.0
2025-11-19 05:00:00,0.0,0.0,0.0,4.2,0.0
2025-11-19 06:00:00,0.0,0.0,0.0,4.0,0.0
2025-11-19 07:00:00,0.0,0.0,0.0,3.9,0.0
2025-11-19 08:00:00,18.0,39.6,15.0,4.5,0.03714690125848674
2025-11-19 09:00:00,58.0,28.4,53.0,5.2,0.0724477481348366
2025-11-19 10:00:00,96.0,19.0,91.0,5.7,0.10328424193786215
2025-11-19 11:00:00,102.0,19.1,96.0,5.9,0.1089023032537202
2025-11-19 12:00:00,57.0,6.1,55.0,5.5,0.057701207369093385
2025-11-19 13:00:00,56.0,16.8,51.0,4.4,0.06278874053493355
2025-11-19 14:00:00,20.0,0.0,20.0,4.2,0.01910325127891068
2025-11-19 15:00:00,11.0,0.0,11.0,4.3,0.010513016831319486
2025-11-19 16:00:00,1.0,0.0,1.0,4.3,0.0009567507055696832
2025-11-19 17:00:00,0.0,0.0,0.0,4.1,0.0
2025-11-19 18:00:00,0.0,0.0,0.0,4.1,0.0
2025-11-19 19:00:00,0.0,0.0,0.0,3.8,0.0
2025-11-19 20:00:00,0.0,0.0,0.0,3.7,0.0
2025-11-19 21:00:00,0.0,0.0,0.0,3.5,0.0
2025-11-19 22:00:00,0.0,0.0,0.0,3.0,0.0
2025-11-19 23:00:00,0.0,0.0,0.0,2.2,0.0
2025-11-20 00:00:00,0.0,0.0,0.0,3.0,0.0
2025-11-20 01:00:00,0.0,0.0,0.0,3.0,0.0
2025-11-20 02:00:00,0.0,0.0,0.0,2.9,0.0
2025-11-20 03:00:00,0.0,0.0,0.0,2.9,0.0
2025-11-20 04:00:00,0.0,0.0,0.0,2.8,0.0
2025-11-20 05:00:00,0.0,0.0,0.0,2.1,0.0
2025-11-20 06:00:00,0.0,0.0,0.0,1.8,0.0
2025-11-20 07:00:00,0.0,0.0,0.0,1.1,0.0
2025-11-20 08:00:00,29.0,162.9,17.0,1.3,0.11124719847056284
2025-11-20 09:00:00,112.0,366.1,49.0,2.1,0.32540358711201556
2025-11-20 10:00:00,130.0,123.5,98.0,3.1,0.2076655161222487
2025-11-20 11:00:00,173.0,235.1,100.0,3.8,0.31979208861384145
2025-11-20 12:00:00,208.0,347.1,96.0,3.7,0.4144158934739288
2025-11-20 13:00:00,158.0,210.2,96.0,4.0,0.277101484472197
2025-11-20 14:00:00,182.0,545.8,57.0,4.3,0.4423879845911005
2025-11-20 15:00:00,89.0,385.9,39.0,3.7,0.26694234585384624
2025-11-20 16:00:00,9.0,57.3,6.0,2.3,0.02273601120392058
2025-11-20 17:00:00,0.0,0.0,0.0,2.5,0.0
2025-11-20 18:00:00,0.0,0.0,0.0,2.0,0.0
2025-11-20 19:00:00,0.0,0.0,0.0,0.7,0.0
2025-11-20 20:00:00,0.0,0.0,0.0,1.5,0.0
2025-11-20 21:00:00,0.0,0.0,0.0,1.1,0.0
2025-11-20 22:00:00,0.0,0.0,0.0,0.7,0.0
2025-11-20 23:00:00,0.0,0.0,0.0,-0.1,0.0
2025-11-21 00:00:00,0.0,0.0,0.0,0.8,0.0
2025-11-21 01:00:00,0.0,0.0,0.0,1.2,0.0
2025-11-21 02:00:00,0.0,0.0,0.0,0.5,0.0
2025-11-21 03:00:00,0.0,0.0,0.0,-0.1,0.0
2025-11-21 04:00:00,0.0,0.0,0.0,-0.2,0.0
2025-11-21 05:00:00,0.0,0.0,0.0,-1.2,0.0
2025-11-21 06:00:00,0.0,0.0,0.0,0.6,0.0
2025-11-21 07:00:00,0.0,0.0,0.0,0.1,0.0
2025-11-21 08:00:00,32.0,223.3,16.0,0.5,0.144590627067064
2025-11-21 09:00:00,133.0,534.9,43.0,1.6,0.4379008696421263
2025-11-21 10:00:00,224.0,662.0,55.0,2.8,0.6030785272803257
2025-11-21 11:00:00,284.0,730.3,60.0,3.7,0.6907901209592241
2025-11-21 12:00:00,301.0,755.3,60.0,4.0,0.702853529092082
2025-11-21 13:00:00,273.0,740.9,57.0,3.9,0.6442799063375626
2025-11-21 14:00:00,200.0,668.4,49.0,3.4,0.5112288718571802
2025-11-21 15:00:00,96.0,497.2,33.0,2.4,0.3186022878443423
2025-11-21 16:00:00,10.0,76.4,6.0,0.9,0.028488737068656827
2025-11-21 17:00:00,0.0,0.0,0.0,0.2,0.0
2025-11-21 18:00:00,0.0,0.0,0.0,0.0,0.0
2025-11-21 19:00:00,0.0,0.0,0.0,-0.9,0.0
2025-11-21 20:00:00,0.0,0.0,0.0,-0.9,0.0
2025-11-21 21:00:00,0.0,0.0,0.0,-0.6,0.0
2025-11-21 22:00:00,0.0,0.0,0.0,-1.1,0.0
2025-11-21 23:00:00,0.0,0.0,0.0,-1.5,0.0
2025-11-22 00:00:00,0.0,0.0,0.0,-1.7,0.0
2025-11-22 01:00:00,0.0,0.0,0.0,-2.1,0.0
2025-11-22 02:00:00,0.0,0.0,0.0,-2.1,0.0
2025-11-22 03:00:00,0.0,0.0,0.0,-2.0,0.0
2025-11-22 04:00:00,0.0,0.0,0.0,-2.1,0.0
2025-11-22 05:00:00,0.0,0.0,0.0,-2.2,0.0
2025-11-22 06:00:00,0.0,0.0,0.0,-2.4,0.0
2025-11-22 07:00:00,0.0,0.0,0.0,-2.7,0.0
2025-11-22 08:00:00,29.0,200.9,15.0,-2.2,0.13142296579838478
2025-11-22 09:00:00,131.0,547.0,41.0,-1.1,0.4470207386258518
2025-11-22 10:00:00,221.0,647.9,58.0,0.3,0.6020358724013718
2025-11-22 11:00:00,269.0,623.5,80.0,1.4,0.639916127411206
2025-11-22 12:00:00,259.0,462.5,113.0,2.6,0.5412922490394597
2025-11-22 13:00:00,208.0,287.9,125.0,3.1,0.38174304138235593
2025-11-22 14:00:00,144.0,179.4,104.0,2.7,0.24559091613531933
2025-11-22 15:00:00,72.0,145.2,54.0,2.1,0.15034304860229933
2025-11-22 16:00:00,8.0,19.1,7.0,1.2,0.012611527727758512
2025-11-22 17:00:00,0.0,0.0,0.0,0.6,0.0
2025-11-22 18:00:00,0.0,0.0,0.0,0.6,0.0
2025-11-22 19:00:00,0.0,0.0,0.0,0.0,0.0
2025-11-22 20:00:00,0.0,0.0,0.0,-0.3,0.0
2025-11-22 21:00:00,0.0,0.0,0.0,-0.6,0.0
2025-11-22 22:00:00,0.0,0.0,0.0,-0.8,0.0
2025-11-22 23:00:00,0.0,0.0,0.0,-0.9,0.0
2025-11-23 00:00:00,0.0,0.0,0.0,-0.7,0.0
2025-11-23 01:00:00,0.0,0.0,0.0,-0.9,0.0
2025-11-23 02:00:00,0.0,0.0,0.0,-1.1,0.0
2025-11-23 03:00:00,0.0,0.0,0.0,-1.1,0.0
2025-11-23 04:00:00,0.0,0.0,0.0,-1.0,0.0
2025-11-23 05:00:00,0.0,0.0,0.0,-0.9,0.0
2025-11-23 06:00:00,0.0,0.0,0.0,-0.6,0.0
2025-11-23 07:00:00,0.0,0.0,0.0,-0.6,0.0
2025-11-23 08:00:00,10.0,0.0,10.0,-0.2,0.009717373028028433
2025-11-23 09:00:00,32.0,0.0,32.0,-0.1,0.031012340584477376
2025-11-23 10:00:00,64.0,4.0,63.0,0.5,0.06434211900854246
2025-11-23 11:00:00,101.0,10.0,98.0,1.0,0.10381640657051716
2025-11-23 12:00:00,111.0,32.0,101.0,2.7,0.12732196926261266
2025-11-23 13:00:00,156.0,182.3,104.0,3.5,0.262779502309914
2025-11-23 14:00:00,61.0,0.0,61.0,3.2,0.05822495739438781
2025-11-23 15:00:00,15.0,0.0,15.0,2.5,0.014425238484473876
2025-11-23 16:00:00,2.0,0.0,2.0,2.4,0.0019267290254386111
2025-11-23 17:00:00,0.0,0.0,0.0,1.9,0.0
2025-11-23 18:00:00,0.0,0.0,0.0,1.3,0.0
2025-11-23 19:00:00,0.0,0.0,0.0,1.5,0.0
2025-11-23 20:00:00,0.0,0.0,0.0,2.0,0.0
2025-11-23 21:00:00,0.0,0.0,0.0,2.7,0.0
2025-11-23 22:00:00,0.0,0.0,0.0,3.1,0.0
2025-11-23 23:00:00,0.0,0.0,0.0,3.5,0.0
2025-11-24 00:00:00,0.0,0.0,0.0,2.1,0.0
2025-11-24 01:00:00,0.0,0.0,0.0,2.5,0.0
2025-11-24 02:00:00,0.0,0.0,0.0,2.9,0.0
2025-11-24 03:00:00,0.0,0.0,0.0,3.3,0.0
2025-11-24 04:00:00,0.0,0.0,0.0,3.2,0.0
2025-11-24 05:00:00,0.0,0.0,0.0,2.7,0.0
2025-11-24 06:00:00,0.0,0.0,0.0,2.7,0.0
2025-11-24 07:00:00,0.0,0.0,0.0,2.4,0.0
2025-11-24 08:00:00,21.0,75.9,16.0,2.3,0.05917682501853259
2025-11-24 09:00:00,65.0,44.5,58.0,3.5,0.09038410680240523
2025-11-24 10:00:00,90.0,28.6,83.0,4.6,0.10469159132894655
2025-11-24 11:00:00,122.0,60.8,104.0,5.3,0.15716540268062165
2025-11-24 12:00:00,43.0,0.0,43.0,5.0,0.040849329169716266
2025-11-24 13:00:00,162.0,173.6,113.0,5.7,0.2632864844747864
2025-11-24 14:00:00,51.0,18.4,47.0,5.2,0.05799274306282711
2025-11-24 15:00:00,8.0,0.0,8.0,5.3,0.007620005105430155
2025-11-24 16:00:00,3.0,0.0,3.0,4.8,0.0028643368718477844
2025-11-24 17:00:00,0.0,0.0,0.0,4.4,0.0
2025-11-24 18:00:00,0.0,0.0,0.0,4.5,0.0
2025-11-24 19:00:00,0.0,0.0,0.0,3.7,0.0
2025-11-24 20:00:00,0.0,0.0,0.0,3.4,0.0
2025-11-24 21:00:00,0.0,0.0,0.0,3.4,0.0
2025-11-24 22:00:00,0.0,0.0,0.0,3.3,0.0
2025-11-24 23:00:00,0.0,0.0,0.0,2.9,0.0
2025-11-25 00:00:00,0.0,0.0,0.0,4.0,0.0
2025-11-25 01:00:00,0.0,0.0,0.0,4.4,0.0
2025-11-25 02:00:00,0.0,0.0,0.0,4.1,0.0
2025-11-25 03:00:00,0.0,0.0,0.0,3.9,0.0
2025-11-25 04:00:00,0.0,0.0,0.0,3.9,0.0
2025-11-25 05:00:00,0.0,0.0,0.0,3.5,0.0
2025-11-25 06:00:00,0.0,0.0,0.0,3.2,0.0
2025-11-25 07:00:00,0.0,0.0,0.0,2.8,0.0
2025-11-25 08:00:00,17.0,46.9,14.0,3.4,0.0401070590700313
2025-11-25 09:00:00,69.0,130.0,49.0,4.3,0.14611823690147052
2025-11-25 10:00:00,99.0,161.8,60.0,5.2,0.19745151210150375
2025-11-25 11:00:00,67.0,0.0,67.0,5.5,0.0633662191562886
2025-11-25 12:00:00,65.0,0.0,65.0,5.5,0.061487974961642086
2025-11-25 13:00:00,81.0,0.0,81.0,5.6,0.07646240654040112
2025-11-25 14:00:00,34.0,0.0,34.0,5.3,0.032294685497412934
2025-11-25 15:00:00,28.0,8.6,27.0,5.4,0.0306703180942321
2025-11-25 16:00:00,2.0,0.0,2.0,5.1,0.0019076414538185653
2025-11-25 17:00:00,0.0,0.0,0.0,5.0,0.0
2025-11-25 18:00:00,0.0,0.0,0.0,5.1,0.0
2025-11-25 19:00:00,0.0,0.0,0.0,5.1,0.0
2025-11-25 20:00:00,0.0,0.0,0.0,4.5,0.0
2025-11-25 21:00:00,0.0,0.0,0.0,4.0,0.0
2025-11-25 22:00:00,0.0,0.0,0.0,4.0,0.0
2025-11-25 23:00:00,0.0,0.0,0.0,3.9,0.0
2025-11-26 00:00:00,0.0,0.0,0.0,4.2,0.0
2025-11-26 01:00:00,0.0,0.0,0.0,4.5,0.0
2025-11-26 02:00:00,0.0,0.0,0.0,3.5,0.0
2025-11-26 03:00:00,0.0,0.0,0.0,3.8,0.0
2025-11-26 04:00:00,0.0,0.0,0.0,3.8,0.0
2025-11-26 05:00:00,0.0,0.0,0.0,4.0,0.0
2025-11-26 06:00:00,0.0,0.0,0.0,3.7,0.0
2025-11-26 07:00:00,0.0,0.0,0.0,3.7,0.0
2025-11-26 08:00:00,8.0,16.1,7.0,3.7,0.015526619208014285
2025-11-26 09:00:00,41.0,33.2,36.0,4.0,0.05928816672673231
2025-11-26 10:00:00,61.0,33.7,53.0,4.1,0.07992856165879998
2025-11-26 11:00:00,113.0,110.5,81.0,4.5,0.18111200091510174
2025-11-26 12:00:00,146.0,155.2,99.0,4.4,0.24127389324860024
2025-11-26 13:00:00,119.0,108.5,89.0,4.9,0.18022528660813436
2025-11-26 14:00:00,84.0,70.7,69.0,5.0,0.11955145416824108
2025-11-26 15:00:00,41.0,96.2,30.0,4.6,0.08628043193997688
2025-11-26 16:00:00,3.0,0.0,3.0,4.3,0.002869638975075575
2025-11-26 17:00:00,0.0,0.0,0.0,4.2,0.0
2025-11-26 18:00:00,0.0,0.0,0.0,3.9,0.0
2025-11-26 19:00:00,0.0,0.0,0.0,3.6,0.0
2025-11-26 20:00:00,0.0,0.0,0.0,3.2,0.0
2025-11-26 21:00:00,0.0,0.0,0.0,2.6,0.0
2025-11-26 22:00:00,0.0,0.0,0.0,1.8,0.0
2025-11-26 23:00:00,0.0,0.0,0.0,1.3,0.0
2025-11-27 00:00:00,0.0,0.0,0.0,0.8,0.0
2025-11-27 01:00:00,0.0,0.0,0.0,0.1,0.0
2025-11-27 02:00:00,0.0,0.0,0.0,-0.1,0.0
2025-11-27 03:00:00,0.0,0.0,0.0,-0.3,0.0
2025-11-27 04:00:00,0.0,0.0,0.0,-0.5,0.0
2025-11-27 05:00:00,0.0,0.0,0.0,-0.1,0.0
2025-11-27 06:00:00,0.0,0.0,0.0,0.7,0.0
2025-11-27 07:00:00,0.0,0.0,0.0,0.6,0.0
2025-11-27 08:00:00,13.0,33.2,11.0,1.6,0.02928055594994119
2025-11-27 09:00:00,50.0,6.8,49.0,2.5,0.0522354833262876
2025-11-27 10:00:00,70.0,85.3,50.0,3.5,0.12166373546512399
2025-11-27 11:00:00,22.0,0.0,22.0,3.8,0.021040185707092637
2025-11-27 12:00:00,34.0,0.0,34.0,4.4,0.03240284840325987
2025-11-27 13:00:00,31.0,0.0,31.0,4.6,0.02953136187945935
2025-11-27 14:00:00,24.0,0.0,24.0,4.7,0.022871674442734892
2025-11-27 15:00:00,8.0,0.0,8.0,4.6,0.007639799624147241
2025-11-27 16:00:00,0.0,0.0,0.0,4.7,0.0
2025-11-27 17:00:00,0.0,0.0,0.0,4.9,0.0
2025-11-27 18:00:00,0.0,0.0,0.0,4.9,0.0
2025-11-27 19:00:00,0.0,0.0,0.0,5.1,0.0
2025-11-27 20:00:00,0.0,0.0,0.0,5.3,0.0
2025-11-27 21:00:00,0.0,0.0,0.0,5.6,0.0
2025-11-27 22:00:00,0.0,0.0,0.0,5.8,0.0
2025-11-27 23:00:00,0.0,0.0,0.0,6.1,0.0
2025-11-28 00:00:00,0.0,0.0,0.0,5.8,0.0
2025-11-28 01:00:00,0.0,0.0,0.0,5.9,0.0
2025-11-28 02:00:00,0.0,0.0,0.0,5.9,0.0
2025-11-28 03:00:00,0.0,0.0,0.0,5.8,0.0
2025-11-28 04:00:00,0.0,0.0,0.0,5.9,0.0
2025-11-28 05:00:00,0.0,0.0,0.0,6.0,0.0
2025-11-28 06:00:00,0.0,0.0,0.0,5.9,0.0
2025-11-28 07:00:00,0.0,0.0,0.0,6.0,0.0
2025-11-28 08:00:00,2.0,0.0,2.0,6.1,0.001900571982848178
2025-11-28 09:00:00,14.0,0.0,14.0,6.3,0.01327693865484142
2025-11-28 10:00:00,36.0,0.0,36.0,6.9,0.03398341441606484
2025-11-28 11:00:00,30.0,0.0,30.0,6.9,0.028337906262391615
2025-11-28 12:00:00,29.0,0.0,29.0,7.1,0.02737577143905955
2025-11-28 13:00:00,53.0,0.0,53.0,7.6,0.04980792576852361
2025-11-28 14:00:00,37.0,0.0,37.0,7.7,0.0348189889394096
2025-11-28 15:00:00,12.0,0.0,12.0,7.8,0.011319060460521628
2025-11-28 16:00:00,1.0,0.0,1.0,7.9,0.0009440256578229859
2025-11-28 17:00:00,0.0,0.0,0.0,7.8,0.0
2025-11-28 18:00:00,0.0,0.0,0.0,7.8,0.0
2025-11-28 19:00:00,0.0,0.0,0.0,8.0,0.0
2025-11-28 20:00:00,0.0,0.0,0.0,8.2,0.0
2025-11-28 21:00:00,0.0,0.0,0.0,8.1,0.0
2025-11-28 22:00:00,0.0,0.0,0.0,8.2,0.0
2025-11-28 23:00:00,0.0,0.0,0.0,8.4,0.0
2025-11-29 00:00:00,0.0,0.0,0.0,8.1,0.0
2025-11-29 01:00:00,0.0,0.0,0.0,8.0,0.0
2025-11-29 02:00:00,0.0,0.0,0.0,7.8,0.0
2025-11-29 03:00:00,0.0,0.0,0.0,7.6,0.0
2025-11-29 04:00:00,0.0,0.0,0.0,7.3,0.0
2025-11-29 05:00:00,0.0,0.0,0.0,7.0,0.0
2025-11-29 06:00:00,0.0,0.0,0.0,6.7,0.0
2025-11-29 07:00:00,0.0,0.0,0.0,5.8,0.0
2025-11-29 08:00:00,13.0,70.4,9.0,5.4,0.04687980748858411
2025-11-29 09:00:00,75.0,149.5,54.0,6.3,0.165021052802094
2025-11-29 10:00:00,82.0,21.9,77.0,7.2,0.09181513882709794
2025-11-29 11:00:00,92.0,0.0,92.0,8.7,0.08573466702876323
2025-11-29 12:00:00,61.0,0.0,61.0,10.0,0.056758749115129466
2025-11-29 13:00:00,155.0,160.1,112.0,10.2,0.24649979376636566
2025-11-29 14:00:00,86.0,0.0,86.0,10.2,0.07974002500368922
2025-11-29 15:00:00,44.0,0.0,44.0,10.0,0.041017175390290574
2025-11-29 16:00:00,2.0,0.0,2.0,10.1,0.0018722940989666283
2025-11-29 17:00:00,0.0,0.0,0.0,10.2,0.0
2025-11-29 18:00:00,0.0,0.0,0.0,10.2,0.0
2025-11-29 19:00:00,0.0,0.0,0.0,10.1,0.0
2025-11-29 20:00:00,0.0,0.0,0.0,9.9,0.0
2025-11-29 21:00:00,0.0,0.0,0.0,10.3,0.0
2025-11-29 22:00:00,0.0,0.0,0.0,10.5,0.0
2025-11-29 23:00:00,0.0,0.0,0.0,10.2,0.0
2025-11-30 00:00:00,0.0,0.0,0.0,10.2,0.0
2025-11-30 01:00:00,0.0,0.0,0.0,9.7,0.0
2025-11-30 02:00:00,0.0,0.0,0.0,9.0,0.0
2025-11-30 03:00:00,0.0,0.0,0.0,8.5,0.0
2025-11-30 04:00:00,0.0,0.0,0.0,8.1,0.0
2025-11-30 05:00:00,0.0,0.0,0.0,7.7,0.0
2025-11-30 06:00:00,0.0,0.0,0.0,6.9,0.0
2025-11-30 07:00:00,0.0,0.0,0.0,7.0,0.0
2025-11-30 08:00:00,11.0,0.0,11.0,7.0,0.010408035187409233
2025-11-30 09:00:00,63.0,43.7,57.0,7.6,0.08722274551620979
2025-11-30 10:00:00,66.0,0.0,66.0,7.9,0.0618672971483829
2025-11-30 11:00:00,86.0,7.2,84.0,7.8,0.08541079102694697
2025-11-30 12:00:00,152.0,181.8,99.0,8.0,0.262309482194977
2025-11-30 13:00:00,160.0,217.9,102.0,8.1,0.2874945513444805
2025-11-30 14:00:00,86.0,133.0,59.0,7.7,0.153999575578169
2025-11-30 15:00:00,30.0,37.6,26.0,7.1,0.04696974278074854
2025-11-30 16:00:00,2.0,0.0,2.0,6.2,0.0018998650357511392
2025-11-30 17:00:00,0.0,0.0,0.0,5.1,0.0
2025-11-30 18:00:00,0.0,0.0,0.0,5.6,0.0
2025-11-30 19:00:00,0.0,0.0,0.0,5.5,0.0
2025-11-30 20:00:00,0.0,0.0,0.0,5.6,0.0
2025-11-30 21:00:00,0.0,0.0,0.0,5.6,0.0
2025-11-30 22:00:00,0.0,0.0,0.0,5.5,0.0
2025-11-30 23:00:00,0.0,0.0,0.0,5.1,0.0
2025-12-01 00:00:00,0.0,0.0,0.0,5.7,0.0
2025-12-01 01:00:00,0.0,0.0,0.0,4.8,0.0
2025-12-01 02:00:00,0.0,0.0,0.0,4.1,0.0
2025-12-01 03:00:00,0.0,0.0,0.0,3.4,0.0
2025-12-01 04:00:00,0.0,0.0,0.0,2.8,0.0
2025-12-01 05:00:00,0.0,0.0,0.0,2.4,0.0
2025-12-01 06:00:00,0.0,0.0,0.0,2.7,0.0
2025-12-01 07:00:00,0.0,0.0,0.0,2.4,0.0
2025-12-01 08:00:00,14.0,131.1,7.0,2.5,0.07733279092090682
2025-12-01 09:00:00,90.0,320.6,47.0,3.6,0.28402386675164926
2025-12-01 10:00:00,177.0,500.4,66.0,4.7,0.483512780633809
2025-12-01 11:00:00,245.0,680.8,58.0,5.7,0.636233316735405
2025-12-01 12:00:00,264.0,712.8,58.0,6.4,0.6550516157804381
2025-12-01 13:00:00,236.0,678.3,57.0,6.8,0.5899058557543247
2025-12-01 14:00:00,142.0,358.1,70.0,6.9,0.3344334428780745
2025-12-01 15:00:00,60.0,210.1,38.0,6.3,0.17457645138612962
2025-12-01 16:00:00,3.0,0.0,3.0,5.7,0.002854793086037762
2025-12-01 17:00:00,0.0,0.0,0.0,5.3,0.0
2025-12-01 18:00:00,0.0,0.0,0.0,5.6,0.0
2025-12-01 19:00:00,0.0,0.0,0.0,5.3,0.0
2025-12-01 20:00:00,0.0,0.0,0.0,5.1,0.0
2025-12-01 21:00:00,0.0,0.0,0.0,5.1,0.0
2025-12-01 22:00:00,0.0,0.0,0.0,5.0,0.0
2025-12-01 23:00:00,0.0,0.0,0.0,5.0,0.0
2025-12-02 00:00:00,0.0,0.0,0.0,5.0,0.0
2025-12-02 01:00:00,0.0,0.0,0.0,4.8,0.0
2025-12-02 02:00:00,0.0,0.0,0.0,4.6,0.0
2025-12-02 03:00:00,0.0,0.0,0.0,4.3,0.0
2025-12-02 04:00:00,0.0,0.0,0.0,4.1,0.0
2025-12-02 05:00:00,0.0,0.0,0.0,4.1,0.0
2025-12-02 06:00:00,0.0,0.0,0.0,4.0,0.0
2025-12-02 07:00:00,0.0,0.0,0.0,4.1,0.0
2025-12-02 08:00:00,5.0,0.0,5.0,4.5,0.004778174986918309
2025-12-02 09:00:00,40.0,0.0,40.0,5.1,0.03799749986255779
2025-12-02 10:00:00,60.0,0.0,60.0,5.7,0.05674637098967486
2025-12-02 11:00:00,72.0,0.0,72.0,6.1,0.0679055524104159
2025-12-02 12:00:00,83.0,7.0,81.0,6.3,0.08282804499979367
2025-12-02 13:00:00,57.0,0.0,57.0,6.5,0.053765343038620295
2025-12-02 14:00:00,56.0,0.0,56.0,6.6,0.05280801954289247
2025-12-02 15:00:00,21.0,0.0,21.0,6.6,0.019878117178685286
2025-12-02 16:00:00,1.0,0.0,1.0,6.3,0.0009496812345992958
2025-12-02 17:00:00,0.0,0.0,0.0,6.3,0.0
2025-12-02 18:00:00,0.0,0.0,0.0,6.3,0.0
2025-12-02 19:00:00,0.0,0.0,0.0,6.1,0.0
2025-12-02 20:00:00,0.0,0.0,0.0,5.9,0.0
2025-12-02 21:00:00,0.0,0.0,0.0,5.9,0.0
2025-12-02 22:00:00,0.0,0.0,0.0,6.0,0.0
2025-12-02 23:00:00,0.0,0.0,0.0,6.1,0.0
2025-12-03 00:00:00,0.0,0.0,0.0,6.4,0.0
2025-12-03 01:00:00,0.0,0.0,0.0,6.5,0.0
2025-12-03 02:00:00,0.0,0.0,0.0,6.3,0.0
2025-12-03 03:00:00,0.0,0.0,0.0,6.3,0.0
2025-12-03 04:00:00,0.0,0.0,0.0,6.1,0.0
2025-12-03 05:00:00,0.0,0.0,0.0,6.0,0.0
2025-12-03 06:00:00,0.0,0.0,0.0,5.9,0.0
2025-12-03 07:00:00,0.0,0.0,0.0,6.0,0.0
2025-12-03 08:00:00,4.0,0.0,4.0,6.0,0.0038017403377124674
2025-12-03 09:00:00,19.0,0.0,19.0,6.2,0.018015710381700453
2025-12-03 10:00:00,32.0,4.6,31.0,6.4,0.03315662165353896
2025-12-03 11:00:00,71.0,7.4,69.0,6.8,0.07179117548936836
2025-12-03 12:00:00,123.0,45.7,110.0,7.5,0.1468336319730825
2025-12-03 13:00:00,47.0,0.0,47.0,7.5,0.04421472357620671
2025-12-03 14:00:00,57.0,15.2,54.0,7.6,0.06203992870411186
2025-12-03 15:00:00,28.0,9.8,27.0,7.2,0.03152922274004731
2025-12-03 16:00:00,2.0,0.0,2.0,6.6,0.0018970372473629843
2025-12-03 17:00:00,0.0,0.0,0.0,6.4,0.0
2025-12-03 18:00:00,0.0,0.0,0.0,6.3,0.0
2025-12-03 19:00:00,0.0,0.0,0.0,6.3,0.0
2025-12-03 20:00:00,0.0,0.0,0.0,6.1,0.0
2025-12-03 21:00:00,0.0,0.0,0.0,5.9,0.0
2025-12-03 22:00:00,0.0,0.0,0.0,5.9,0.0
2025-12-03 23:00:00,0.0,0.0,0.0,5.8,0.0
2025-12-04 00:00:00,0.0,0.0,0.0,6.1,0.0
2025-12-04 01:00:00,0.0,0.0,0.0,5.9,0.0
2025-12-04 02:00:00,0.0,0.0,0.0,5.8,0.0
2025-12-04 03:00:00,0.0,0.0,0.0,5.3,0.0
2025-12-04 04:00:00,0.0,0.0,0.0,5.2,0.0
2025-12-04 05:00:00,0.0,0.0,0.0,4.7,0.0
2025-12-04 06:00:00,0.0,0.0,0.0,4.2,0.0
2025-12-04 07:00:00,0.0,0.0,0.0,4.2,0.0
2025-12-04 08:00:00,10.0,57.3,7.0,3.8,0.03732387099634281
2025-12-04 09:00:00,67.0,191.6,43.0,4.5,0.18320132501241193
2025-12-04 10:00:00,144.0,360.8,67.0,5.5,0.3700126426623453
2025-12-04 11:00:00,136.0,164.9,92.0,5.8,0.24191368769207783
2025-12-04 12:00:00,166.0,266.0,91.0,6.1,0.33118509293468557
2025-12-04 13:00:00,164.0,263.9,96.0,6.1,0.3225538620797181
2025-12-04 14:00:00,143.0,408.6,63.0,5.9,0.3621536904384639
2025-12-04 15:00:00,68.0,388.5,29.0,5.2,0.2687155967219334
2025-12-04 16:00:00,3.0,19.1,2.0,4.5,0.006894943188536304
2025-12-04 17:00:00,0.0,0.0,0.0,4.2,0.0
2025-12-04 18:00:00,0.0,0.0,0.0,4.3,0.0
2025-12-04 19:00:00,0.0,0.0,0.0,4.3,0.0
2025-12-04 20:00:00,0.0,0.0,0.0,4.2,0.0
2025-12-04 21:00:00,0.0,0.0,0.0,3.9,0.0
2025-12-04 22:00:00,0.0,0.0,0.0,4.1,0.0
2025-12-04 23:00:00,0.0,0.0,0.0,4.3,0.0
2025-12-05 00:00:00,0.0,0.0,0.0,4.0,0.0
2025-12-05 01:00:00,0.0,0.0,0.0,4.2,0.0
2025-12-05 02:00:00,0.0,0.0,0.0,4.3,0.0
2025-12-05 03:00:00,0.0,0.0,0.0,4.3,0.0
2025-12-05 04:00:00,0.0,0.0,0.0,4.3,0.0
2025-12-05 05:00:00,0.0,0.0,0.0,4.3,0.0
2025-12-05 06:00:00,0.0,0.0,0.0,4.2,0.0
2025-12-05 07:00:00,0.0,0.0,0.0,4.4,0.0
2025-12-05 08:00:00,4.0,0.0,4.0,4.7,0.0038201209622354742
2025-12-05 09:00:00,34.0,8.2,33.0,5.2,0.037368967843405806
2025-12-05 10:00:00,64.0,4.7,63.0,5.7,0.0636772637240377
2025-12-05 11:00:00,70.0,3.8,69.0,5.7,0.068730454255133
2025-12-05 12:00:00,85.0,25.0,78.0,6.1,0.09683253190658941
2025-12-05 13:00:00,84.0,0.0,84.0,6.4,0.079031061350168
2025-12-05 14:00:00,69.0,25.7,64.0,6.9,0.07995544134302204
2025-12-05 15:00:00,41.0,151.3,26.0,6.6,0.11762949476782102
2025-12-05 16:00:00,3.0,19.1,2.0,5.5,0.00688555559893892
2025-12-05 17:00:00,0.0,0.0,0.0,5.4,0.0
2025-12-05 18:00:00,0.0,0.0,0.0,4.7,0.0
2025-12-05 19:00:00,0.0,0.0,0.0,4.1,0.0
2025-12-05 20:00:00,0.0,0.0,0.0,3.9,0.0
2025-12-05 21:00:00,0.0,0.0,0.0,3.8,0.0
2025-12-05 22:00:00,0.0,0.0,0.0,4.1,0.0
2025-12-05 23:00:00,0.0,0.0,0.0,4.4,0.0
2025-12-06 00:00:00,0.0,0.0,0.0,5.2,0.0
2025-12-06 01:00:00,0.0,0.0,0.0,5.1,0.0
2025-12-06 02:00:00,0.0,0.0,0.0,5.6,0.0
2025-12-06 03:00:00,0.0,0.0,0.0,5.6,0.0
2025-12-06 04:00:00,0.0,0.0,0.0,5.3,0.0
2025-12-06 05:00:00,0.0,0.0,0.0,5.2,0.0
2025-12-06 06:00:00,0.0,0.0,0.0,5.0,0.0
2025-12-06 07:00:00,0.0,0.0,0.0,5.5,0.0
2025-12-06 08:00:00,3.0,0.0,3.0,6.3,0.0028484305621644134
2025-12-06 09:00:00,20.0,0.0,20.0,7.1,0.018898236620769445
2025-12-06 10:00:00,33.0,0.0,33.0,7.6,0.03107992766197047
2025-12-06 11:00:00,67.0,26.7,60.0,8.3,0.08041980645799948
2025-12-06 12:00:00,64.0,0.0,64.0,8.6,0.05984725477323965
2025-12-06 13:00:00,120.0,118.0,90.0,9.7,0.18680901224140364
2025-12-06 14:00:00,79.0,77.8,64.0,9.6,0.11854162789327854
2025-12-06 15:00:00,17.0,0.0,17.0,8.8,0.01596655897601646
2025-12-06 16:00:00,2.0,0.0,2.0,8.7,0.001882191358325171
2025-12-06 17:00:00,0.0,0.0,0.0,8.4,0.0
2025-12-06 18:00:00,0.0,0.0,0.0,8.0,0.0
2025-12-06 19:00:00,0.0,0.0,0.0,8.5,0.0
2025-12-06 20:00:00,0.0,0.0,0.0,8.5,0.0
2025-12-06 21:00:00,0.0,0.0,0.0,9.0,0.0
2025-12-06 22:00:00,0.0,0.0,0.0,9.1,0.0
2025-12-06 23:00:00,0.0,0.0,0.0,8.8,0.0
2025-12-07 00:00:00,0.0,0.0,0.0,9.2,0.0
2025-12-07 01:00:00,0.0,0.0,0.0,9.1,0.0
2025-12-07 02:00:00,0.0,0.0,0.0,8.7,0.0
2025-12-07 03:00:00,0.0,0.0,0.0,8.5,0.0
2025-12-07 04:00:00,0.0,0.0,0.0,8.7,0.0
2025-12-07 05:00:00,0.0,0.0,0.0,8.3,0.0
2025-12-07 06:00:00,0.0,0.0,0.0,8.0,0.0
2025-12-07 07:00:00,0.0,0.0,0.0,7.7,0.0
2025-12-07 08:00:00,6.0,38.2,4.0,7.6,0.02329670973163279
2025-12-07 09:00:00,59.0,161.9,40.0,8.7,0.1548128033348639
2025-12-07 10:00:00,120.0,238.0,71.0,9.6,0.2684880758810173
2025-12-07 11:00:00,154.0,284.6,80.0,10.7,0.32909306216579687
2025-12-07 12:00:00,108.0,94.2,82.0,10.2,0.16232001203975807
2025-12-07 13:00:00,97.0,55.4,83.0,11.2,0.12469423209631356
2025-12-07 14:00:00,71.0,20.9,67.0,11.4,0.07792672510590817
2025-12-07 15:00:00,16.0,0.0,16.0,11.0,0.014904561979763194
2025-12-07 16:00:00,0.0,0.0,0.0,10.6,0.0
2025-12-07 17:00:00,0.0,0.0,0.0,10.3,0.0
2025-12-07 18:00:00,0.0,0.0,0.0,10.5,0.0
2025-12-07 19:00:00,0.0,0.0,0.0,10.5,0.0
2025-12-07 20:00:00,0.0,0.0,0.0,11.6,0.0
2025-12-07 21:00:00,0.0,0.0,0.0,13.2,0.0
2025-12-07 22:00:00,0.0,0.0,0.0,13.5,0.0
2025-12-07 23:00:00,0.0,0.0,0.0,13.4,0.0
2025-12-08 00:00:00,0.0,0.0,0.0,13.2,0.0
2025-12-08 01:00:00,0.0,0.0,0.0,12.8,0.0
2025-12-08 02:00:00,0.0,0.0,0.0,12.1,0.0
2025-12-08 03:00:00,0.0,0.0,0.0,11.5,0.0
2025-12-08 04:00:00,0.0,0.0,0.0,10.7,0.0
2025-12-08 05:00:00,0.0,0.0,0.0,10.9,0.0
2025-12-08 06:00:00,0.0,0.0,0.0,10.7,0.0
2025-12-08 07:00:00,0.0,0.0,0.0,10.1,0.0
2025-12-08 08:00:00,7.0,19.1,6.0,10.3,0.015426405623439053
2025-12-08 09:00:00,72.0,295.9,38.0,11.1,0.24391856912276516
2025-12-08 10:00:00,92.0,63.8,79.0,11.8,0.1283157052678738
2025-12-08 11:00:00,61.0,0.0,61.0,13.2,0.056068768748419665
2025-12-08 12:00:00,77.0,0.0,77.0,13.5,0.0705677802379724
2025-12-08 13:00:00,61.0,4.0,60.0,13.9,0.0583262506634838
2025-12-08 14:00:00,31.0,0.0,31.0,13.0,0.028610916759114924
2025-12-08 15:00:00,9.0,0.0,9.0,12.5,0.008342535171718162
2025-12-08 16:00:00,1.0,0.0,1.0,12.3,0.0009284728216881337
2025-12-08 17:00:00,0.0,0.0,0.0,12.2,0.0
2025-12-08 18:00:00,0.0,0.0,0.0,12.6,0.0
2025-12-08 19:00:00,0.0,0.0,0.0,12.8,0.0
2025-12-08 20:00:00,0.0,0.0,0.0,12.4,0.0
2025-12-08 21:00:00,0.0,0.0,0.0,12.2,0.0
2025-12-08 22:00:00,0.0,0.0,0.0,12.0,0.0
2025-12-08 23:00:00,0.0,0.0,0.0,12.2,0.0
2025-12-09 00:00:00,0.0,0.0,0.0,12.2,0.0
2025-12-09 01:00:00,0.0,0.0,0.0,11.8,0.0
2025-12-09 02:00:00,0.0,0.0,0.0,11.9,0.0
2025-12-09 03:00:00,0.0,0.0,0.0,11.3,0.0
2025-12-09 04:00:00,0.0,0.0,0.0,10.7,0.0
2025-12-09 05:00:00,0.0,0.0,0.0,10.3,0.0
2025-12-09 06:00:00,0.0,0.0,0.0,10.4,0.0
2025-12-09 07:00:00,0.0,0.0,0.0,10.5,0.0
2025-12-09 08:00:00,4.0,0.0,4.0,10.7,0.0037352873105908264
2025-12-09 09:00:00,29.0,0.0,29.0,11.1,0.026965742122777085
2025-12-09 10:00:00,47.0,0.0,47.0,11.7,0.04351696679142948
2025-12-09 11:00:00,71.0,0.0,71.0,12.2,0.0654387813087411
2025-12-09 12:00:00,179.0,319.2,92.0,12.6,0.37020127400441927
2025-12-09 13:00:00,93.0,4.0,92.0,13.4,0.08771783374411159
2025-12-09 14:00:00,64.0,10.6,62.0,13.4,0.06489441020551344
2025-12-09 15:00:00,53.0,177.9,36.0,12.6,0.15367866295305163
2025-12-09 16:00:00,2.0,0.0,2.0,11.9,0.001859569051219931
2025-12-09 17:00:00,0.0,0.0,0.0,11.5,0.0
2025-12-09 18:00:00,0.0,0.0,0.0,11.1,0.0
2025-12-09 19:00:00,0.0,0.0,0.0,10.7,0.0
2025-12-09 20:00:00,0.0,0.0,0.0,10.4,0.0
2025-12-09 21:00:00,0.0,0.0,0.0,10.3,0.0
2025-12-09 22:00:00,0.0,0.0,0.0,10.3,0.0
2025-12-09 23:00:00,0.0,0.0,0.0,10.2,0.0
2025-12-10 00:00:00,0.0,0.0,0.0,11.0,0.0
2025-12-10 01:00:00,0.0,0.0,0.0,11.7,0.0
2025-12-10 02:00:00,0.0,0.0,0.0,11.8,0.0
2025-12-10 03:00:00,0.0,0.0,0.0,11.7,0.0
2025-12-10 04:00:00,0.0,0.0,0.0,11.8,0.0
2025-12-10 05:00:00,0.0,0.0,0.0,11.7,0.0
2025-12-10 06:00:00,0.0,0.0,0.0,11.4,0.0
2025-12-10 07:00:00,0.0,0.0,0.0,11.3,0.0
2025-12-10 08:00:00,2.0,0.0,2.0,11.2,0.0018645176808992025
2025-12-10 09:00:00,22.0,0.0,22.0,11.5,0.020441401515900827
2025-12-10 10:00:00,68.0,20.1,64.0,12.2,0.07611205922350966
2025-12-10 11:00:00,123.0,121.9,92.0,12.8,0.19638006460415924
2025-12-10 12:00:00,75.0,14.8,71.0,12.5,0.07870967627666735
2025-12-10 13:00:00,61.0,0.0,61.0,12.6,0.05619814006717775
2025-12-10 14:00:00,46.0,5.3,45.0,12.4,0.04537486565723622
2025-12-10 15:00:00,30.0,10.5,29.0,12.1,0.03363889774976372
2025-12-10 16:00:00,2.0,0.0,2.0,11.6,0.0018616898925110474
2025-12-10 17:00:00,0.0,0.0,0.0,11.4,0.0
2025-12-10 18:00:00,0.0,0.0,0.0,11.3,0.0
2025-12-10 19:00:00,0.0,0.0,0.0,11.0,0.0
2025-12-10 20:00:00,0.0,0.0,0.0,10.8,0.0
2025-12-10 21:00:00,0.0,0.0,0.0,10.7,0.0
2025-12-10 22:00:00,0.0,0.0,0.0,9.8,0.0
2025-12-10 23:00:00,0.0,0.0,0.0,9.1,0.0
2025-12-11 00:00:00,0.0,0.0,0.0,9.1,0.0
2025-12-11 01:00:00,0.0,0.0,0.0,8.6,0.0
2025-12-11 02:00:00,0.0,0.0,0.0,8.2,0.0
2025-12-11 03:00:00,0.0,0.0,0.0,7.7,0.0
2025-12-11 04:00:00,0.0,0.0,0.0,7.3,0.0
2025-12-11 05:00:00,0.0,0.0,0.0,7.0,0.0
2025-12-11 06:00:00,0.0,0.0,0.0,7.2,0.0
2025-12-11 07:00:00,0.0,0.0,0.0,6.9,0.0
2025-12-11 08:00:00,4.0,0.0,4.0,7.2,0.0037847736073835375
2025-12-11 09:00:00,31.0,0.0,31.0,7.7,0.02919167379933224
2025-12-11 10:00:00,86.0,25.3,81.0,8.1,0.09817744373282747
2025-12-11 11:00:00,163.0,320.6,82.0,8.6,0.3652354235047192
2025-12-11 12:00:00,205.0,485.8,74.0,9.4,0.4910190970168739
2025-12-11 13:00:00,214.0,650.4,53.0,9.9,0.556548924313115
2025-12-11 14:00:00,150.0,559.1,45.0,9.6,0.42953767594758135
2025-12-11 15:00:00,63.0,391.5,26.0,8.6,0.2664873123435424
2025-12-11 16:00:00,3.0,19.1,2.0,7.8,0.006953965692583297
2025-12-11 17:00:00,0.0,0.0,0.0,7.3,0.0
2025-12-11 18:00:00,0.0,0.0,0.0,6.9,0.0
2025-12-11 19:00:00,0.0,0.0,0.0,6.2,0.0
2025-12-11 20:00:00,0.0,0.0,0.0,5.7,0.0
2025-12-11 21:00:00,0.0,0.0,0.0,5.4,0.0
2025-12-11 22:00:00,0.0,0.0,0.0,5.2,0.0
2025-12-11 23:00:00,0.0,0.0,0.0,5.0,0.0
2025-12-12 00:00:00,0.0,0.0,0.0,4.9,0.0
2025-12-12 01:00:00,0.0,0.0,0.0,5.0,0.0
2025-12-12 02:00:00,0.0,0.0,0.0,5.1,0.0
2025-12-12 03:00:00,0.0,0.0,0.0,5.7,0.0
2025-12-12 04:00:00,0.0,0.0,0.0,6.1,0.0
2025-12-12 05:00:00,0.0,0.0,0.0,6.1,0.0
2025-12-12 06:00:00,0.0,0.0,0.0,6.7,0.0
2025-12-12 07:00:00,0.0,0.0,0.0,6.5,0.0
2025-12-12 08:00:00,5.0,19.1,4.0,6.4,0.013478365846637804
2025-12-12 09:00:00,70.0,366.5,31.0,7.0,0.28400559546495513
2025-12-12 10:00:00,147.0,469.7,55.0,8.1,0.4321849481741234
2025-12-12 11:00:00,192.0,446.0,80.0,9.3,0.4680145736615652
2025-12-12 12:00:00,191.0,346.4,98.0,9.6,0.406295857724233
2025-12-12 13:00:00,171.0,296.0,98.0,9.9,0.3489328300874839
2025-12-12 14:00:00,122.0,245.7,76.0,9.8,0.26148562108154033
2025-12-12 15:00:00,59.0,297.3,31.0,9.0,0.2240944742104004
2025-12-12 16:00:00,2.0,0.0,2.0,8.8,0.0018814844112281317
2025-12-12 17:00:00,0.0,0.0,0.0,8.6,0.0
2025-12-12 18:00:00,0.0,0.0,0.0,8.0,0.0
2025-12-12 19:00:00,0.0,0.0,0.0,7.8,0.0
2025-12-12 20:00:00,0.0,0.0,0.0,7.2,0.0
2025-12-12 21:00:00,0.0,0.0,0.0,6.6,0.0
2025-12-12 22:00:00,0.0,0.0,0.0,6.0,0.0
2025-12-12 23:00:00,0.0,0.0,0.0,5.5,0.0
2025-12-13 00:00:00,0.0,0.0,0.0,5.6,0.0
2025-12-13 01:00:00,0.0,0.0,0.0,5.4,0.0
2025-12-13 02:00:00,0.0,0.0,0.0,5.2,0.0
2025-12-13 03:00:00,0.0,0.0,0.0,4.8,0.0
2025-12-13 04:00:00,0.0,0.0,0.0,4.9,0.0
2025-12-13 05:00:00,0.0,0.0,0.0,5.5,0.0
2025-12-13 06:00:00,0.0,0.0,0.0,5.8,0.0
2025-12-13 07:00:00,0.0,0.0,0.0,6.0,0.0
2025-12-13 08:00:00,2.0,0.0,2.0,6.3,0.0018991580886541003
2025-12-13 09:00:00,17.0,0.0,17.0,7.1,0.01606871283153856
2025-12-13 10:00:00,37.0,10.3,35.0,7.7,0.04138928622505624
2025-12-13 11:00:00,50.0,12.0,47.0,8.0,0.05479326153642945
2025-12-13 12:00:00,30.0,0.0,30.0,8.1,0.028210655784924637
2025-12-13 13:00:00,32.0,0.0,32.0,8.3,0.030062203686057314
2025-12-13 14:00:00,16.0,0.0,16.0,8.3,0.015057262552723561
2025-12-13 15:00:00,16.0,42.6,12.0,8.1,0.03448878716249151
2025-12-13 16:00:00,1.0,0.0,1.0,7.9,0.0009440256578229859
2025-12-13 17:00:00,0.0,0.0,0.0,8.0,0.0
2025-12-13 18:00:00,0.0,0.0,0.0,7.4,0.0
2025-12-13 19:00:00,0.0,0.0,0.0,6.3,0.0
2025-12-13 20:00:00,0.0,0.0,0.0,6.2,0.0
2025-12-13 21:00:00,0.0,0.0,0.0,5.9,0.0
2025-12-13 22:00:00,0.0,0.0,0.0,5.5,0.0
2025-12-13 23:00:00,0.0,0.0,0.0,5.6,0.0
2025-12-14 00:00:00,0.0,0.0,0.0,4.3,0.0
2025-12-14 01:00:00,0.0,0.0,0.0,3.6,0.0
2025-12-14 02:00:00,0.0,0.0,0.0,3.5,0.0
2025-12-14 03:00:00,0.0,0.0,0.0,3.4,0.0
2025-12-14 04:00:00,0.0,0.0,0.0,3.5,0.0
2025-12-14 05:00:00,0.0,0.0,0.0,3.5,0.0
2025-12-14 06:00:00,0.0,0.0,0.0,4.6,0.0
2025-12-14 07:00:00,0.0,0.0,0.0,4.9,0.0
2025-12-14 08:00:00,2.0,0.0,2.0,5.0,0.0019083484009156041
2025-12-14 09:00:00,21.0,0.0,21.0,5.2,0.01998203840194998
2025-12-14 10:00:00,46.0,0.0,46.0,5.8,0.043555101844178414
2025-12-14 11:00:00,100.0,36.2,91.0,6.5,0.11984795655771736
2025-12-14 12:00:00,131.0,172.7,85.0,6.9,0.23924234740653705
2025-12-14 13:00:00,72.0,0.0,72.0,7.2,0.06762560135998857
2025-12-14 14:00:00,50.0,5.4,49.0,7.4,0.05012964405079898
2025-12-14 15:00:00,19.0,10.6,18.0,7.3,0.02324624024205449
2025-12-14 16:00:00,1.0,0.0,1.0,7.1,0.0009468534462111411
2025-12-14 17:00:00,0.0,0.0,0.0,7.2,0.0
2025-12-14 18:00:00,0.0,0.0,0.0,6.5,0.0
2025-12-14 19:00:00,0.0,0.0,0.0,5.6,0.0
2025-12-14 20:00:00,0.0,0.0,0.0,4.8,0.0
2025-12-14 21:00:00,0.0,0.0,0.0,4.3,0.0
2025-12-14 22:00:00,0.0,0.0,0.0,4.2,0.0
2025-12-14 23:00:00,0.0,0.0,0.0,4.0,0.0
2025-12-15 00:00:00,0.0,0.0,0.0,4.5,0.0
2025-12-15 01:00:00,0.0,0.0,0.0,4.4,0.0
2025-12-15 02:00:00,0.0,0.0,0.0,4.3,0.0
2025-12-15 03:00:00,0.0,0.0,0.0,4.4,0.0
2025-12-15 04:00:00,0.0,0.0,0.0,4.4,0.0
2025-12-15 05:00:00,0.0,0.0,0.0,4.4,0.0
2025-12-15 06:00:00,0.0,0.0,0.0,4.4,0.0
2025-12-15 07:00:00,0.0,0.0,0.0,4.1,0.0
2025-12-15 08:00:00,4.0,38.2,2.0,4.0,0.02084499138133438
2025-12-15 09:00:00,70.0,424.3,27.0,4.7,0.31718936636262396
2025-12-15 10:00:00,155.0,580.0,44.0,6.0,0.5003964518357947
2025-12-15 11:00:00,213.0,658.8,50.0,7.2,0.5962872698981659
2025-12-15 12:00:00,232.0,677.7,52.0,7.7,0.6121474948941227
2025-12-15 13:00:00,209.0,653.8,49.0,8.4,0.5561881575825667
2025-12-15 14:00:00,123.0,316.9,64.0,8.3,0.29903098997031075
2025-12-15 15:00:00,60.0,361.7,26.0,7.8,0.25119882923335135
2025-12-15 16:00:00,3.0,19.1,2.0,7.5,0.007074988180187833
2025-12-15 17:00:00,0.0,0.0,0.0,7.5,0.0
2025-12-15 18:00:00,0.0,0.0,0.0,7.2,0.0
2025-12-15 19:00:00,0.0,0.0,0.0,6.9,0.0
2025-12-15 20:00:00,0.0,0.0,0.0,6.7,0.0
2025-12-15 21:00:00,0.0,0.0,0.0,6.5,0.0
2025-12-15 22:00:00,0.0,0.0,0.0,6.5,0.0
2025-12-15 23:00:00,0.0,0.0,0.0,6.4,0.0
2025-12-16 00:00:00,0.0,0.0,0.0,7.0,0.0
2025-12-16 01:00:00,0.0,0.0,0.0,7.0,0.0
2025-12-16 02:00:00,0.0,0.0,0.0,6.9,0.0
2025-12-16 03:00:00,0.0,0.0,0.0,6.6,0.0
2025-12-16 04:00:00,0.0,0.0,0.0,6.4,0.0
2025-12-16 05:00:00,0.0,0.0,0.0,6.1,0.0
2025-12-16 06:00:00,0.0,0.0,0.0,6.5,0.0
2025-12-16 07:00:00,0.0,0.0,0.0,6.2,0.0
2025-12-16 08:00:00,4.0,19.1,3.0,6.1,0.012339223910284695
2025-12-16 09:00:00,64.0,350.5,29.0,6.5,0.2690952021625857
2025-12-16 10:00:00,145.0,494.4,51.0,7.3,0.4447929828815217
2025-12-16 11:00:00,190.0,491.0,69.0,8.0,0.49103440880691235
2025-12-16 12:00:00,212.0,513.4,76.0,9.2,0.5170781028912085
2025-12-16 13:00:00,197.0,503.4,74.0,9.6,0.48319419914525175
2025-12-16 14:00:00,141.0,435.2,60.0,9.7,0.37570805541973706
2025-12-16 15:00:00,50.0,191.1,32.0,8.5,0.15863454967677015
2025-12-16 16:00:00,3.0,19.1,2.0,7.3,0.007111885978247422
2025-12-16 17:00:00,0.0,0.0,0.0,7.0,0.0
2025-12-16 18:00:00,0.0,0.0,0.0,7.6,0.0
2025-12-16 19:00:00,0.0,0.0,0.0,6.7,0.0
2025-12-16 20:00:00,0.0,0.0,0.0,5.7,0.0
2025-12-16 21:00:00,0.0,0.0,0.0,5.8,0.0
2025-12-16 22:00:00,0.0,0.0,0.0,5.7,0.0
2025-12-16 23:00:00,0.0,0.0,0.0,5.7,0.0
2025-12-17 00:00:00,0.0,0.0,0.0,6.1,0.0
2025-12-17 01:00:00,0.0,0.0,0.0,5.5,0.0
2025-12-17 02:00:00,0.0,0.0,0.0,4.8,0.0
2025-12-17 03:00:00,0.0,0.0,0.0,4.3,0.0
2025-12-17 04:00:00,0.0,0.0,0.0,4.1,0.0
2025-12-17 05:00:00,0.0,0.0,0.0,3.8,0.0
2025-12-17 06:00:00,0.0,0.0,0.0,3.8,0.0
2025-12-17 07:00:00,0.0,0.0,0.0,3.6,0.0
2025-12-17 08:00:00,3.0,19.1,2.0,3.7,0.011347075826480237
2025-12-17 09:00:00,54.0,223.5,32.0,4.9,0.18833414562683948
2025-12-17 10:00:00,116.0,269.9,65.0,6.2,0.28918572204523635
2025-12-17 11:00:00,120.0,158.8,81.0,7.2,0.22197980069850348
2025-12-17 12:00:00,165.0,261.0,96.0,8.4,0.3302606489991966
2025-12-17 13:00:00,182.0,438.3,75.0,9.4,0.4342735464996927
2025-12-17 14:00:00,110.0,252.4,63.0,9.5,0.24933715219562114
2025-12-17 15:00:00,24.0,0.0,24.0,9.1,0.02249840637549844
2025-12-17 16:00:00,1.0,0.0,1.0,8.9,0.0009404909223377923
2025-12-17 17:00:00,0.0,0.0,0.0,8.7,0.0
2025-12-17 18:00:00,0.0,0.0,0.0,8.1,0.0
2025-12-17 19:00:00,0.0,0.0,0.0,8.4,0.0
2025-12-17 20:00:00,0.0,0.0,0.0,8.3,0.0
2025-12-17 21:00:00,0.0,0.0,0.0,8.2,0.0
2025-12-17 22:00:00,0.0,0.0,0.0,8.2,0.0
2025-12-17 23:00:00,0.0,0.0,0.0,8.4,0.0
2025-12-18 00:00:00,0.0,0.0,0.0,8.3,0.0
2025-12-18 01:00:00,0.0,0.0,0.0,7.6,0.0
2025-12-18 02:00:00,0.0,0.0,0.0,7.5,0.0
2025-12-18 03:00:00,0.0,0.0,0.0,7.2,0.0
2025-12-18 04:00:00,0.0,0.0,0.0,7.4,0.0
2025-12-18 05:00:00,0.0,0.0,0.0,7.7,0.0
2025-12-18 06:00:00,0.0,0.0,0.0,8.0,0.0
2025-12-18 07:00:00,0.0,0.0,0.0,7.9,0.0
2025-12-18 08:00:00,2.0,0.0,2.0,8.4,0.0018843121996162868
2025-12-18 09:00:00,23.0,30.9,20.0,9.1,0.03975294367653962
2025-12-18 10:00:00,67.0,42.6,59.0,10.0,0.09078310992938446
2025-12-18 11:00:00,149.0,192.0,102.0,10.7,0.2725991772645382
2025-12-18 12:00:00,110.0,102.3,83.0,11.0,0.17023055442447155
2025-12-18 13:00:00,199.0,573.8,59.0,11.1,0.5097002179847374
2025-12-18 14:00:00,133.0,402.4,58.0,11.1,0.34775293492192383
2025-12-18 15:00:00,57.0,263.1,32.0,10.7,0.2039533317350401
2025-12-18 16:00:00,3.0,19.1,2.0,10.3,0.007098271759477049
2025-12-18 17:00:00,0.0,0.0,0.0,10.0,0.0
2025-12-18 18:00:00,0.0,0.0,0.0,10.2,0.0
2025-12-18 19:00:00,0.0,0.0,0.0,10.2,0.0
2025-12-18 20:00:00,0.0,0.0,0.0,10.0,0.0
2025-12-18 21:00:00,0.0,0.0,0.0,10.1,0.0
2025-12-18 22:00:00,0.0,0.0,0.0,10.2,0.0
2025-12-18 23:00:00,0.0,0.0,0.0,10.2,0.0
2025-12-19 00:00:00,0.0,0.0,0.0,10.0,0.0
2025-12-19 01:00:00,0.0,0.0,0.0,10.7,0.0
2025-12-19 02:00:00,0.0,0.0,0.0,10.9,0.0
2025-12-19 03:00:00,0.0,0.0,0.0,10.9,0.0
2025-12-19 04:00:00,0.0,0.0,0.0,11.0,0.0
2025-12-19 05:00:00,0.0,0.0,0.0,10.8,0.0
2025-12-19 06:00:00,0.0,0.0,0.0,11.1,0.0
2025-12-19 07:00:00,0.0,0.0,0.0,11.2,0.0
2025-12-19 08:00:00,0.0,0.0,0.0,11.3,0.0
2025-12-19 09:00:00,15.0,0.0,15.0,11.7,0.01393744498751715
2025-12-19 10:00:00,56.0,16.0,53.0,12.3,0.06216382270401371
2025-12-19 11:00:00,47.0,0.0,47.0,12.0,0.04346712702108826
2025-12-19 12:00:00,59.0,11.4,56.0,11.4,0.06196484407644002
2025-12-19 13:00:00,49.0,0.0,49.0,11.3,0.04542801878117109
2025-12-19 14:00:00,60.0,16.1,57.0,11.1,0.06500956377054717
2025-12-19 15:00:00,32.0,31.4,29.0,10.6,0.04755344603553763
2025-12-19 16:00:00,2.0,0.0,2.0,10.0,0.001873001046063667
2025-12-19 17:00:00,0.0,0.0,0.0,9.6,0.0
2025-12-19 18:00:00,0.0,0.0,0.0,9.2,0.0
2025-12-19 19:00:00,0.0,0.0,0.0,8.4,0.0
2025-12-19 20:00:00,0.0,0.0,0.0,7.7,0.0
2025-12-19 21:00:00,0.0,0.0,0.0,6.2,0.0
2025-12-19 22:00:00,0.0,0.0,0.0,5.2,0.0
2025-12-19 23:00:00,0.0,0.0,0.0,4.4,0.0
2025-12-20 00:00:00,0.0,0.0,0.0,4.9,0.0
2025-12-20 01:00:00,0.0,0.0,0.0,3.9,0.0
2025-12-20 02:00:00,0.0,0.0,0.0,3.6,0.0
2025-12-20 03:00:00,0.0,0.0,0.0,3.2,0.0
2025-12-20 04:00:00,0.0,0.0,0.0,3.5,0.0
2025-12-20 05:00:00,0.0,0.0,0.0,3.3,0.0
2025-12-20 06:00:00,0.0,0.0,0.0,2.8,0.0
2025-12-20 07:00:00,0.0,0.0,0.0,2.6,0.0
2025-12-20 08:00:00,2.0,0.0,2.0,2.9,0.0019231942899534174
2025-12-20 09:00:00,38.0,42.2,34.0,3.7,0.06295340035338498
2025-12-20 10:00:00,84.0,21.5,80.0,4.9,0.09489195716888273
2025-12-20 11:00:00,150.0,176.5,107.0,6.4,0.26852330176508415
2025-12-20 12:00:00,184.0,372.1,86.0,7.9,0.41557423623258055
2025-12-20 13:00:00,75.0,16.4,71.0,8.3,0.08067021745572389
2025-12-20 14:00:00,33.0,0.0,33.0,8.2,0.031009939899363625
2025-12-20 15:00:00,12.0,0.0,12.0,8.4,0.01129361036502823
2025-12-20 16:00:00,1.0,0.0,1.0,8.6,0.0009415513429833504
2025-12-20 17:00:00,0.0,0.0,0.0,8.3,0.0
2025-12-20 18:00:00,0.0,0.0,0.0,7.9,0.0
2025-12-20 19:00:00,0.0,0.0,0.0,7.8,0.0
2025-12-20 20:00:00,0.0,0.0,0.0,8.2,0.0
2025-12-20 21:00:00,0.0,0.0,0.0,8.7,0.0
2025-12-20 22:00:00,0.0,0.0,0.0,8.8,0.0
2025-12-20 23:00:00,0.0,0.0,0.0,8.8,0.0
2025-12-21 00:00:00,0.0,0.0,0.0,9.2,0.0
2025-12-21 01:00:00,0.0,0.0,0.0,9.3,0.0
2025-12-21 02:00:00,0.0,0.0,0.0,8.7,0.0
2025-12-21 03:00:00,0.0,0.0,0.0,8.6,0.0
2025-12-21 04:00:00,0.0,0.0,0.0,8.5,0.0
2025-12-21 05:00:00,0.0,0.0,0.0,8.3,0.0
2025-12-21 06:00:00,0.0,0.0,0.0,8.4,0.0
2025-12-21 07:00:00,0.0,0.0,0.0,8.2,0.0
2025-12-21 08:00:00,2.0,0.0,2.0,8.1,0.0018864330409074032
2025-12-21 09:00:00,48.0,95.9,39.0,8.7,0.10515572914793468
2025-12-21 10:00:00,128.0,329.1,67.0,10.0,0.3344978606475211
2025-12-21 11:00:00,184.0,444.1,76.0,10.9,0.4566512541213924
2025-12-21 12:00:00,218.0,588.7,63.0,11.0,0.5536347856140177
2025-12-21 13:00:00,184.0,429.6,79.0,11.8,0.4301003875587418
2025-12-21 14:00:00,145.0,500.6,51.0,11.8,0.4026896576946335
2025-12-21 15:00:00,60.0,277.7,33.0,10.5,0.21473698218706916
2025-12-21 16:00:00,3.0,0.0,3.0,8.9,0.002820859625379902
2025-12-21 17:00:00,0.0,0.0,0.0,8.6,0.0
2025-12-21 18:00:00,0.0,0.0,0.0,8.7,0.0
2025-12-21 19:00:00,0.0,0.0,0.0,7.9,0.0
2025-12-21 20:00:00,0.0,0.0,0.0,7.4,0.0
2025-12-21 21:00:00,0.0,0.0,0.0,7.2,0.0
2025-12-21 22:00:00,0.0,0.0,0.0,7.1,0.0
2025-12-21 23:00:00,0.0,0.0,0.0,6.9,0.0
2025-12-22 00:00:00,0.0,0.0,0.0,7.0,0.0
2025-12-22 01:00:00,0.0,0.0,0.0,6.7,0.0
2025-12-22 02:00:00,0.0,0.0,0.0,5.8,0.0
2025-12-22 03:00:00,0.0,0.0,0.0,5.0,0.0
2025-12-22 04:00:00,0.0,0.0,0.0,5.0,0.0
2025-12-22 05:00:00,0.0,0.0,0.0,4.7,0.0
2025-12-22 06:00:00,0.0,0.0,0.0,4.4,0.0
2025-12-22 07:00:00,0.0,0.0,0.0,3.9,0.0
2025-12-22 08:00:00,3.0,0.0,3.0,3.7,0.0028760014989489243
2025-12-22 09:00:00,50.0,139.8,37.0,4.4,0.13578565278912322
2025-12-22 10:00:00,102.0,113.7,81.0,5.5,0.1766975716632129
2025-12-22 11:00:00,163.0,230.6,107.0,6.2,0.3187994689201105
2025-12-22 12:00:00,177.0,254.4,110.0,6.5,0.34433113762252615
2025-12-22 13:00:00,156.0,228.8,100.0,6.9,0.2990399026533117
2025-12-22 14:00:00,102.0,185.7,67.0,6.7,0.20790746756421657
2025-12-22 15:00:00,45.0,152.8,30.0,5.9,0.12934339019443594
2025-12-22 16:00:00,3.0,0.0,3.0,5.0,0.002862216030556668
2025-12-22 17:00:00,0.0,0.0,0.0,4.3,0.0
2025-12-22 18:00:00,0.0,0.0,0.0,3.6,0.0
2025-12-22 19:00:00,0.0,0.0,0.0,3.3,0.0
2025-12-22 20:00:00,0.0,0.0,0.0,3.1,0.0
2025-12-22 21:00:00,0.0,0.0,0.0,2.9,0.0
2025-12-22 22:00:00,0.0,0.0,0.0,2.6,0.0
2025-12-22 23:00:00,0.0,0.0,0.0,2.5,0.0
2025-12-23 00:00:00,0.0,0.0,0.0,2.7,0.0
2025-12-23 01:00:00,0.0,0.0,0.0,2.8,0.0
2025-12-23 02:00:00,0.0,0.0,0.0,2.7,0.0
2025-12-23 03:00:00,0.0,0.0,0.0,2.6,0.0
2025-12-23 04:00:00,0.0,0.0,0.0,2.7,0.0
2025-12-23 05:00:00,0.0,0.0,0.0,2.9,0.0
2025-12-23 06:00:00,0.0,0.0,0.0,4.1,0.0
2025-12-23 07:00:00,0.0,0.0,0.0,4.4,0.0
2025-12-23 08:00:00,2.0,0.0,2.0,4.1,0.0019147109247889525
2025-12-23 09:00:00,48.0,184.3,31.0,4.3,0.15906255638687133
2025-12-23 10:00:00,126.0,352.7,61.0,5.0,0.3511570901044004
2025-12-23 11:00:00,147.0,239.0,89.0,5.8,0.3048489434487977
2025-12-23 12:00:00,132.0,148.0,93.0,6.2,0.22656498007924694
2025-12-23 13:00:00,104.0,69.3,87.0,6.2,0.1440421723689714
2025-12-23 14:00:00,88.0,105.7,68.0,5.9,0.1477914720933389
2025-12-23 15:00:00,40.0,80.6,32.0,5.5,0.08475861920914944
2025-12-23 16:00:00,2.0,0.0,2.0,4.7,0.0019104692422067199
2025-12-23 17:00:00,0.0,0.0,0.0,4.4,0.0
2025-12-23 18:00:00,0.0,0.0,0.0,4.8,0.0
2025-12-23 19:00:00,0.0,0.0,0.0,4.7,0.0
2025-12-23 20:00:00,0.0,0.0,0.0,4.5,0.0
2025-12-23 21:00:00,0.0,0.0,0.0,4.3,0.0
2025-12-23 22:00:00,0.0,0.0,0.0,3.8,0.0
2025-12-23 23:00:00,0.0,0.0,0.0,2.8,0.0
2025-12-24 00:00:00,0.0,0.0,0.0,3.2,0.0
2025-12-24 01:00:00,0.0,0.0,0.0,2.6,0.0
2025-12-24 02:00:00,0.0,0.0,0.0,2.1,0.0
2025-12-24 03:00:00,0.0,0.0,0.0,1.2,0.0
2025-12-24 04:00:00,0.0,0.0,0.0,0.5,0.0
2025-12-24 05:00:00,0.0,0.0,0.0,0.3,0.0
2025-12-24 06:00:00,0.0,0.0,0.0,0.4,0.0
2025-12-24 07:00:00,0.0,0.0,0.0,0.0,0.0
2025-12-24 08:00:00,2.0,19.1,1.0,-0.2,0.010219626577301558
2025-12-24 09:00:00,50.0,207.5,31.0,0.3,0.177536312629568
2025-12-24 10:00:00,119.0,358.8,53.0,0.6,0.3499965577793423
2025-12-24 11:00:00,117.0,123.6,87.0,0.7,0.20127938142605026
2025-12-24 12:00:00,108.0,0.0,108.0,1.1,0.1033697699991371
2025-12-24 13:00:00,169.0,353.8,82.0,1.0,0.39033546849465994
2025-12-24 14:00:00,134.0,362.7,65.0,0.9,0.34582854327269075
2025-12-24 15:00:00,64.0,338.4,30.0,0.2,0.2524236760047549
2025-12-24 16:00:00,4.0,19.1,3.0,-0.7,0.008800547335280014
2025-12-24 17:00:00,0.0,0.0,0.0,-1.3,0.0
2025-12-24 18:00:00,0.0,0.0,0.0,-1.0,0.0
2025-12-24 19:00:00,0.0,0.0,0.0,-1.6,0.0
2025-12-24 20:00:00,0.0,0.0,0.0,-2.1,0.0
2025-12-24 21:00:00,0.0,0.0,0.0,-2.6,0.0
2025-12-24 22:00:00,0.0,0.0,0.0,-2.8,0.0
2025-12-24 23:00:00,0.0,0.0,0.0,-2.9,0.0
2025-12-25 00:00:00,0.0,0.0,0.0,-2.8,0.0
2025-12-25 01:00:00,0.0,0.0,0.0,-2.9,0.0
2025-12-25 02:00:00,0.0,0.0,0.0,-3.0,0.0
2025-12-25 03:00:00,0.0,0.0,0.0,-2.9,0.0
2025-12-25 04:00:00,0.0,0.0,0.0,-2.9,0.0
2025-12-25 05:00:00,0.0,0.0,0.0,-3.0,0.0
2025-12-25 06:00:00,0.0,0.0,0.0,-3.4,0.0
2025-12-25 07:00:00,0.0,0.0,0.0,-3.7,0.0
2025-12-25 08:00:00,2.0,19.1,1.0,-3.8,0.010328233332869743
2025-12-25 09:00:00,62.0,406.4,25.0,-3.0,0.30664658278820983
2025-12-25 10:00:00,150.0,582.5,43.0,-2.0,0.5125713030575842
2025-12-25 11:00:00,207.0,630.3,54.0,-0.5,0.5971560661598607
2025-12-25 12:00:00,207.0,518.5,70.0,0.7,0.5303601443094347
2025-12-25 13:00:00,214.0,664.8,50.0,1.2,0.585880400840481
2025-12-25 14:00:00,156.0,590.8,43.0,0.7,0.4684533186623059
2025-12-25 15:00:00,68.0,402.8,27.0,-0.3,0.28339676729102997
2025-12-25 16:00:00,4.0,19.1,3.0,-1.0,0.008854359704630199
2025-12-25 17:00:00,0.0,0.0,0.0,-1.2,0.0
2025-12-25 18:00:00,0.0,0.0,0.0,-1.0,0.0
2025-12-25 19:00:00,0.0,0.0,0.0,-1.3,0.0
2025-12-25 20:00:00,0.0,0.0,0.0,-1.3,0.0
2025-12-25 21:00:00,0.0,0.0,0.0,-1.3,0.0
2025-12-25 22:00:00,0.0,0.0,0.0,-1.5,0.0
2025-12-25 23:00:00,0.0,0.0,0.0,-1.7,0.0
2025-12-26 00:00:00,0.0,0.0,0.0,-2.4,0.0
2025-12-26 01:00:00,0.0,0.0,0.0,-2.6,0.0
2025-12-26 02:00:00,0.0,0.0,0.0,-2.6,0.0
2025-12-26 03:00:00,0.0,0.0,0.0,-2.7,0.0
2025-12-26 04:00:00,0.0,0.0,0.0,-2.8,0.0
2025-12-26 05:00:00,0.0,0.0,0.0,-2.8,0.0
2025-12-26 06:00:00,0.0,0.0,0.0,-2.8,0.0
2025-12-26 07:00:00,0.0,0.0,0.0,-3.8,0.0
2025-12-26 08:00:00,2.0,19.1,1.0,-3.6,0.01029638420726423
2025-12-26 09:00:00,62.0,408.2,25.0,-1.5,0.305774434084145
2025-12-26 10:00:00,151.0,588.4,43.0,0.3,0.5122135995085177
2025-12-26 11:00:00,215.0,679.1,50.0,2.0,0.6229716653809598
2025-12-26 12:00:00,238.0,694.9,54.0,3.1,0.6416739194658024
2025-12-26 13:00:00,218.0,666.5,53.0,3.6,0.5875364871219612
2025-12-26 14:00:00,159.0,597.6,44.0,3.2,0.47105267472784007
2025-12-26 15:00:00,72.0,436.0,27.0,2.0,0.3002696530949777
2025-12-26 16:00:00,5.0,38.2,3.0,1.3,0.014741449196372144
2025-12-26 17:00:00,0.0,0.0,0.0,0.9,0.0
2025-12-26 18:00:00,0.0,0.0,0.0,1.1,0.0
2025-12-26 19:00:00,0.0,0.0,0.0,0.8,0.0
2025-12-26 20:00:00,0.0,0.0,0.0,0.5,0.0
2025-12-26 21:00:00,0.0,0.0,0.0,0.2,0.0
2025-12-26 22:00:00,0.0,0.0,0.0,-0.4,0.0
2025-12-26 23:00:00,0.0,0.0,0.0,-0.7,0.0
2025-12-27 00:00:00,0.0,0.0,0.0,-0.9,0.0
2025-12-27 01:00:00,0.0,0.0,0.0,-1.3,0.0
2025-12-27 02:00:00,0.0,0.0,0.0,-1.5,0.0
2025-12-27 03:00:00,0.0,0.0,0.0,-1.4,0.0
2025-12-27 04:00:00,0.0,0.0,0.0,-1.5,0.0
2025-12-27 05:00:00,0.0,0.0,0.0,-1.3,0.0
2025-12-27 06:00:00,0.0,0.0,0.0,-1.7,0.0
2025-12-27 07:00:00,0.0,0.0,0.0,-1.8,0.0
2025-12-27 08:00:00,2.0,19.1,1.0,-1.5,0.010195210602970723
2025-12-27 09:00:00,57.0,321.0,28.0,-0.8,0.2513066421169297
2025-12-27 10:00:00,146.0,555.7,44.0,0.4,0.4887971722769333
2025-12-27 11:00:00,207.0,633.0,53.0,1.7,0.5924068106399721
2025-12-27 12:00:00,225.0,602.8,65.0,2.6,0.5881928293389667
2025-12-27 13:00:00,199.0,511.0,72.0,2.5,0.5025281545325095
2025-12-27 14:00:00,144.0,423.3,62.0,1.9,0.3848845089722383
2025-12-27 15:00:00,67.0,343.7,31.0,1.0,0.25496096761866777
2025-12-27 16:00:00,4.0,19.1,3.0,0.5,0.008896920281017453
2025-12-27 17:00:00,0.0,0.0,0.0,1.1,0.0
2025-12-27 18:00:00,0.0,0.0,0.0,1.5,0.0
2025-12-27 19:00:00,0.0,0.0,0.0,1.7,0.0
2025-12-27 20:00:00,0.0,0.0,0.0,1.7,0.0
2025-12-27 21:00:00,0.0,0.0,0.0,1.7,0.0
2025-12-27 22:00:00,0.0,0.0,0.0,1.6,0.0
2025-12-27 23:00:00,0.0,0.0,0.0,1.5,0.0
2025-12-28 00:00:00,0.0,0.0,0.0,1.6,0.0
2025-12-28 01:00:00,0.0,0.0,0.0,2.0,0.0
2025-12-28 02:00:00,0.0,0.0,0.0,2.4,0.0
2025-12-28 03:00:00,0.0,0.0,0.0,2.5,0.0
2025-12-28 04:00:00,0.0,0.0,0.0,2.4,0.0
2025-12-28 05:00:00,0.0,0.0,0.0,2.5,0.0
2025-12-28 06:00:00,0.0,0.0,0.0,1.9,0.0
2025-12-28 07:00:00,0.0,0.0,0.0,1.1,0.0
2025-12-28 08:00:00,2.0,19.1,1.0,-0.3,0.010128306720568218
2025-12-28 09:00:00,62.0,399.1,26.0,0.3,0.29883151821684917
2025-12-28 10:00:00,146.0,528.0,49.0,1.5,0.47401343763896325
2025-12-28 11:00:00,203.0,553.9,68.0,2.7,0.5508135475437202
2025-12-28 12:00:00,229.0,601.0,69.0,3.4,0.5915967443335949
2025-12-28 13:00:00,206.0,548.8,69.0,3.6,0.525702666338744
2025-12-28 14:00:00,149.0,466.4,58.0,3.2,0.40729006527342726
2025-12-28 15:00:00,72.0,376.1,32.0,2.3,0.2759616294285355
2025-12-28 16:00:00,6.0,38.2,4.0,0.9,0.01632296592928728
2025-12-28 17:00:00,0.0,0.0,0.0,0.2,0.0
2025-12-28 18:00:00,0.0,0.0,0.0,-0.2,0.0
2025-12-28 19:00:00,0.0,0.0,0.0,-0.9,0.0
2025-12-28 20:00:00,0.0,0.0,0.0,-1.6,0.0
2025-12-28 21:00:00,0.0,0.0,0.0,-1.7,0.0
2025-12-28 22:00:00,0.0,0.0,0.0,-1.5,0.0
2025-12-28 23:00:00,0.0,0.0,0.0,-1.4,0.0
2025-12-29 00:00:00,0.0,0.0,0.0,-1.5,0.0
2025-12-29 01:00:00,0.0,0.0,0.0,-2.7,0.0
2025-12-29 02:00:00,0.0,0.0,0.0,-3.3,0.0
2025-12-29 03:00:00,0.0,0.0,0.0,-3.9,0.0
2025-12-29 04:00:00,0.0,0.0,0.0,-4.1,0.0
2025-12-29 05:00:00,0.0,0.0,0.0,-4.1,0.0
2025-12-29 06:00:00,0.0,0.0,0.0,-2.4,0.0
2025-12-29 07:00:00,0.0,0.0,0.0,-1.8,0.0
2025-12-29 08:00:00,1.0,0.0,1.0,-1.5,0.0009772521713838067
2025-12-29 09:00:00,12.0,0.0,12.0,-1.1,0.011696570210340313
2025-12-29 10:00:00,37.0,0.0,37.0,-0.5,0.035891427685617365
2025-12-29 11:00:00,55.0,0.0,55.0,0.1,0.0531343075948425
2025-12-29 12:00:00,70.0,0.0,70.0,0.3,0.0674686963107852
2025-12-29 13:00:00,64.0,0.0,64.0,0.9,0.0615891724203431
2025-12-29 14:00:00,35.0,0.0,35.0,1.0,0.033772930219506364
2025-12-29 15:00:00,21.0,0.0,21.0,1.0,0.020293802071744062
2025-12-29 16:00:00,2.0,0.0,2.0,1.1,0.0019359193377001145
2025-12-29 17:00:00,0.0,0.0,0.0,1.3,0.0
2025-12-29 18:00:00,0.0,0.0,0.0,1.8,0.0
2025-12-29 19:00:00,0.0,0.0,0.0,2.1,0.0
2025-12-29 20:00:00,0.0,0.0,0.0,2.4,0.0
2025-12-29 21:00:00,0.0,0.0,0.0,2.5,0.0
2025-12-29 22:00:00,0.0,0.0,0.0,2.1,0.0
2025-12-29 23:00:00,0.0,0.0,0.0,2.3,0.0
2025-12-30 00:00:00,0.0,0.0,0.0,2.3,0.0
2025-12-30 01:00:00,0.0,0.0,0.0,1.8,0.0
2025-12-30 02:00:00,0.0,0.0,0.0,1.3,0.0
2025-12-30 03:00:00,0.0,0.0,0.0,0.7,0.0
2025-12-30 04:00:00,0.0,0.0,0.0,0.3,0.0
2025-12-30 05:00:00,0.0,0.0,0.0,1.0,0.0
2025-12-30 06:00:00,0.0,0.0,0.0,0.2,0.0
2025-12-30 07:00:00,0.0,0.0,0.0,-0.6,0.0
2025-12-30 08:00:00,2.0,19.1,1.0,-1.3,0.010122100253226742
2025-12-30 09:00:00,63.0,421.0,25.0,-0.7,0.3119550836881012
2025-12-30 10:00:00,152.0,575.0,46.0,0.5,0.50604825220862
2025-12-30 11:00:00,211.0,612.2,61.0,1.5,0.5896119021986489
2025-12-30 12:00:00,170.0,257.3,101.0,2.1,0.34183207904571805
2025-12-30 13:00:00,229.0,705.7,51.0,2.6,0.6174147726233996
2025-12-30 14:00:00,169.0,635.6,43.0,2.4,0.4978785685782355
2025-12-30 15:00:00,79.0,454.9,29.0,1.3,0.3145607194903956
2025-12-30 16:00:00,7.0,57.3,4.0,0.2,0.0228892646167801
2025-12-30 17:00:00,0.0,0.0,0.0,-0.2,0.0
2025-12-30 18:00:00,0.0,0.0,0.0,0.8,0.0
2025-12-30 19:00:00,0.0,0.0,0.0,0.6,0.0
2025-12-30 20:00:00,0.0,0.0,0.0,0.0,0.0
2025-12-30 21:00:00,0.0,0.0,0.0,-0.6,0.0
2025-12-30 22:00:00,0.0,0.0,0.0,-1.1,0.0
2025-12-30 23:00:00,0.0,0.0,0.0,-1.8,0.0
2025-12-31 00:00:00,0.0,0.0,0.0,-0.8,0.0
2025-12-31 01:00:00,0.0,0.0,0.0,-1.3,0.0
2025-12-31 02:00:00,0.0,0.0,0.0,-1.9,0.0
2025-12-31 03:00:00,0.0,0.0,0.0,-2.6,0.0
2025-12-31 04:00:00,0.0,0.0,0.0,-2.6,0.0
2025-12-31 05:00:00,0.0,0.0,0.0,-2.3,0.0
2025-12-31 06:00:00,0.0,0.0,0.0,-1.8,0.0
2025-12-31 07:00:00,0.0,0.0,0.0,-2.0,0.0
2025-12-31 08:00:00,2.0,0.0,2.0,-2.0,0.0019578346977083155
2025-12-31 09:00:00,50.0,232.0,29.0,-0.9,0.19108227098452552
2025-12-31 10:00:00,91.0,102.8,72.0,0.5,0.15978287174902314
2025-12-31 11:00:00,89.0,77.3,70.0,1.1,0.13932894692655426
2025-12-31 12:00:00,129.0,215.3,71.0,2.4,0.26609958275180806
2025-12-31 13:00:00,40.0,0.0,40.0,2.4,0.03837925129495872
2025-12-31 14:00:00,22.0,0.0,22.0,2.4,0.021149055560036607
2025-12-31 15:00:00,11.0,0.0,11.0,2.4,0.010586892802960034
2025-12-31 16:00:00,1.0,0.0,1.0,2.5,0.000963113229443032
2025-12-31 17:00:00,0.0,0.0,0.0,2.6,0.0
2025-12-31 18:00:00,0.0,0.0,0.0,2.5,0.0
2025-12-31 19:00:00,0.0,0.0,0.0,2.6,0.0
2025-12-31 20:00:00,0.0,0.0,0.0,2.4,0.0
2025-12-31 21:00:00,0.0,0.0,0.0,2.1,0.0
2025-12-31 22:00:00,0.0,0.0,0.0,1.5,0.0
2025-12-31 23:00:00,0.0,0.0,0.0,1.9,0.0
