timestamp,ghi,dni,dhi,temp_air
2024-01-01 00:00:00,0.0,0.0,0.0,7.3
2024-01-01 01:00:00,0.0,0.0,0.0,7.5
2024-01-01 02:00:00,0.0,0.0,0.0,7.2
2024-01-01 03:00:00,0.0,0.0,0.0,7.2
2024-01-01 04:00:00,0.0,0.0,0.0,6.9
2024-01-01 05:00:00,0.0,0.0,0.0,6.6
2024-01-01 06:00:00,0.0,0.0,0.0,7.2
2024-01-01 07:00:00,0.0,0.0,0.0,6.7
2024-01-01 08:00:00,0.0,0.0,0.0,6.7
2024-01-01 09:00:00,0.0,0.0,0.0,7.0
2024-01-01 10:00:00,1.0,0.0,1.0,7.3
2024-01-01 11:00:00,12.0,0.0,12.0,7.5
2024-01-01 12:00:00,38.0,5.4,37.0,7.7
2024-01-01 13:00:00,82.0,28.4,75.0,8.0
2024-01-01 14:00:00,170.0,344.3,77.0,8.3
2024-01-01 15:00:00,153.0,298.6,77.0,8.1
2024-01-01 16:00:00,143.0,453.0,52.0,7.9
2024-01-01 17:00:00,68.0,336.9,30.0,7.3
2024-01-01 18:00:00,7.0,38.2,5.0,6.5
2024-01-01 19:00:00,0.0,0.0,0.0,6.5
2024-01-01 20:00:00,0.0,0.0,0.0,6.3
2024-01-01 21:00:00,0.0,0.0,0.0,6.2
2024-01-01 22:00:00,0.0,0.0,0.0,6.3
2024-01-01 23:00:00,0.0,0.0,0.0,6.2
2024-01-02 00:00:00,0.0,0.0,0.0,6.6
2024-01-02 01:00:00,0.0,0.0,0.0,6.7
2024-01-02 02:00:00,0.0,0.0,0.0,7.0
2024-01-02 03:00:00,0.0,0.0,0.0,7.3
2024-01-02 04:00:00,0.0,0.0,0.0,7.4
2024-01-02 05:00:00,0.0,0.0,0.0,7.3
2024-01-02 06:00:00,0.0,0.0,0.0,7.1
2024-01-02 07:00:00,0.0,0.0,0.0,8.5
2024-01-02 08:00:00,0.0,0.0,0.0,9.9
2024-01-02 09:00:00,0.0,0.0,0.0,10.9
2024-01-02 10:00:00,0.0,0.0,0.0,11.2
2024-01-02 11:00:00,16.0,0.0,16.0,11.2
2024-01-02 12:00:00,80.0,145.0,53.0,11.3
2024-01-02 13:00:00,26.0,0.0,26.0,11.1
2024-01-02 14:00:00,53.0,0.0,53.0,11.0
2024-01-02 15:00:00,20.0,0.0,20.0,9.8
2024-01-02 16:00:00,14.0,0.0,14.0,9.8
2024-01-02 17:00:00,6.0,0.0,6.0,10.3
2024-01-02 18:00:00,1.0,0.0,1.0,10.3
2024-01-02 19:00:00,0.0,0.0,0.0,10.6
2024-01-02 20:00:00,0.0,0.0,0.0,11.3
2024-01-02 21:00:00,0.0,0.0,0.0,11.5
2024-01-02 22:00:00,0.0,0.0,0.0,11.0
2024-01-02 23:00:00,0.0,0.0,0.0,10.5
2024-01-03 00:00:00,0.0,0.0,0.0,9.7
2024-01-03 01:00:00,0.0,0.0,0.0,9.4
2024-01-03 02:00:00,0.0,0.0,0.0,9.2
2024-01-03 03:00:00,0.0,0.0,0.0,9.3
2024-01-03 04:00:00,0.0,0.0,0.0,9.1
2024-01-03 05:00:00,0.0,0.0,0.0,9.0
2024-01-03 06:00:00,0.0,0.0,0.0,9.0
2024-01-03 07:00:00,0.0,0.0,0.0,9.0
2024-01-03 08:00:00,0.0,0.0,0.0,8.9
2024-01-03 09:00:00,0.0,0.0,0.0,8.7
2024-01-03 10:00:00,1.0,0.0,1.0,8.9
2024-01-03 11:00:00,21.0,0.0,21.0,8.7
2024-01-03 12:00:00,78.0,165.8,47.0,9.2
2024-01-03 13:00:00,152.0,325.6,71.0,9.8
2024-01-03 14:00:00,107.0,80.6,85.0,10.1
2024-01-03 15:00:00,123.0,170.5,79.0,10.2
2024-01-03 16:00:00,76.0,48.8,66.0,9.7
2024-01-03 17:00:00,58.0,162.0,39.0,9.6
2024-01-03 18:00:00,4.0,0.0,4.0,8.9
2024-01-03 19:00:00,0.0,0.0,0.0,8.4
2024-01-03 20:00:00,0.0,0.0,0.0,8.1
2024-01-03 21:00:00,0.0,0.0,0.0,8.0
2024-01-03 22:00:00,0.0,0.0,0.0,8.4
2024-01-03 23:00:00,0.0,0.0,0.0,8.5
2024-01-04 00:00:00,0.0,0.0,0.0,7.9
2024-01-04 01:00:00,0.0,0.0,0.0,7.5
2024-01-04 02:00:00,0.0,0.0,0.0,7.6
2024-01-04 03:00:00,0.0,0.0,0.0,7.8
2024-01-04 04:00:00,0.0,0.0,0.0,7.7
2024-01-04 05:00:00,0.0,0.0,0.0,7.5
2024-01-04 06:00:00,0.0,0.0,0.0,7.6
2024-01-04 07:00:00,0.0,0.0,0.0,7.5
2024-01-04 08:00:00,0.0,0.0,0.0,7.6
2024-01-04 09:00:00,0.0,0.0,0.0,7.2
2024-01-04 10:00:00,1.0,0.0,1.0,7.0
2024-01-04 11:00:00,16.0,21.6,14.0,7.4
2024-01-04 12:00:00,42.0,58.5,31.0,7.7
2024-01-04 13:00:00,86.0,76.0,67.0,8.0
2024-01-04 14:00:00,56.0,25.5,49.0,8.0
2024-01-04 15:00:00,18.0,0.0,18.0,7.4
2024-01-04 16:00:00,37.0,9.7,35.0,7.7
2024-01-04 17:00:00,56.0,217.3,30.0,7.6
2024-01-04 18:00:00,7.0,19.1,6.0,6.6
2024-01-04 19:00:00,0.0,0.0,0.0,5.6
2024-01-04 20:00:00,0.0,0.0,0.0,5.1
2024-01-04 21:00:00,0.0,0.0,0.0,5.4
2024-01-04 22:00:00,0.0,0.0,0.0,5.6
2024-01-04 23:00:00,0.0,0.0,0.0,5.8
2024-01-05 00:00:00,0.0,0.0,0.0,6.2
2024-01-05 01:00:00,0.0,0.0,0.0,6.2
2024-01-05 02:00:00,0.0,0.0,0.0,6.3
2024-01-05 03:00:00,0.0,0.0,0.0,7.6
2024-01-05 04:00:00,0.0,0.0,0.0,7.5
2024-01-05 05:00:00,0.0,0.0,0.0,7.1
2024-01-05 06:00:00,0.0,0.0,0.0,6.9
2024-01-05 07:00:00,0.0,0.0,0.0,7.0
2024-01-05 08:00:00,0.0,0.0,0.0,7.1
2024-01-05 09:00:00,0.0,0.0,0.0,7.5
2024-01-05 10:00:00,1.0,0.0,1.0,7.6
2024-01-05 11:00:00,51.0,246.3,28.0,7.3
2024-01-05 12:00:00,83.0,148.1,55.0,7.6
2024-01-05 13:00:00,70.0,0.0,70.0,7.8
2024-01-05 14:00:00,85.0,7.2,83.0,8.1
2024-01-05 15:00:00,35.0,0.0,35.0,7.8
2024-01-05 16:00:00,18.0,4.8,17.0,7.7
2024-01-05 17:00:00,16.0,8.2,15.0,7.6
2024-01-05 18:00:00,1.0,0.0,1.0,7.4
2024-01-05 19:00:00,0.0,0.0,0.0,7.3
2024-01-05 20:00:00,0.0,0.0,0.0,7.2
2024-01-05 21:00:00,0.0,0.0,0.0,7.0
2024-01-05 22:00:00,0.0,0.0,0.0,6.7
2024-01-05 23:00:00,0.0,0.0,0.0,6.5
2024-01-06 00:00:00,0.0,0.0,0.0,5.7
2024-01-06 01:00:00,0.0,0.0,0.0,6.0
2024-01-06 02:00:00,0.0,0.0,0.0,6.3
2024-01-06 03:00:00,0.0,0.0,0.0,6.4
2024-01-06 04:00:00,0.0,0.0,0.0,6.5
2024-01-06 05:00:00,0.0,0.0,0.0,6.0
2024-01-06 06:00:00,0.0,0.0,0.0,5.2
2024-01-06 07:00:00,0.0,0.0,0.0,4.8
2024-01-06 08:00:00,0.0,0.0,0.0,4.9
2024-01-06 09:00:00,0.0,0.0,0.0,5.0
2024-01-06 10:00:00,1.0,0.0,1.0,5.0
2024-01-06 11:00:00,9.0,0.0,9.0,4.5
2024-01-06 12:00:00,25.0,5.3,24.0,4.0
2024-01-06 13:00:00,35.0,0.0,35.0,3.9
2024-01-06 14:00:00,40.0,0.0,40.0,3.7
2024-01-06 15:00:00,33.0,0.0,33.0,3.6
2024-01-06 16:00:00,28.0,0.0,28.0,3.2
2024-01-06 17:00:00,13.0,0.0,13.0,2.6
2024-01-06 18:00:00,2.0,0.0,2.0,2.1
2024-01-06 19:00:00,0.0,0.0,0.0,2.0
2024-01-06 20:00:00,0.0,0.0,0.0,2.0
2024-01-06 21:00:00,0.0,0.0,0.0,2.0
2024-01-06 22:00:00,0.0,0.0,0.0,1.9
2024-01-06 23:00:00,0.0,0.0,0.0,1.8
2024-01-07 00:00:00,0.0,0.0,0.0,1.8
2024-01-07 01:00:00,0.0,0.0,0.0,1.7
2024-01-07 02:00:00,0.0,0.0,0.0,1.6
2024-01-07 03:00:00,0.0,0.0,0.0,2.0
2024-01-07 04:00:00,0.0,0.0,0.0,2.0
2024-01-07 05:00:00,0.0,0.0,0.0,1.8
2024-01-07 06:00:00,0.0,0.0,0.0,1.4
2024-01-07 07:00:00,0.0,0.0,0.0,1.3
2024-01-07 08:00:00,0.0,0.0,0.0,1.2
2024-01-07 09:00:00,0.0,0.0,0.0,1.0
2024-01-07 10:00:00,1.0,0.0,1.0,0.8
2024-01-07 11:00:00,22.0,0.0,22.0,0.7
2024-01-07 12:00:00,57.0,5.2,56.0,0.7
2024-01-07 13:00:00,106.0,43.2,95.0,0.8
2024-01-07 14:00:00,145.0,139.1,106.0,0.8
2024-01-07 15:00:00,99.0,18.8,94.0,0.3
2024-01-07 16:00:00,107.0,79.3,90.0,-0.2
2024-01-07 17:00:00,63.0,86.3,52.0,-0.8
2024-01-07 18:00:00,7.0,0.0,7.0,-1.2
2024-01-07 19:00:00,0.0,0.0,0.0,-1.1
2024-01-07 20:00:00,0.0,0.0,0.0,-0.8
2024-01-07 21:00:00,0.0,0.0,0.0,-0.6
2024-01-07 22:00:00,0.0,0.0,0.0,-1.0
2024-01-07 23:00:00,0.0,0.0,0.0,-1.5
2024-01-08 00:00:00,0.0,0.0,0.0,-2.1
2024-01-08 01:00:00,0.0,0.0,0.0,-2.3
2024-01-08 02:00:00,0.0,0.0,0.0,-2.7
2024-01-08 03:00:00,0.0,0.0,0.0,-2.3
2024-01-08 04:00:00,0.0,0.0,0.0,-2.3
2024-01-08 05:00:00,0.0,0.0,0.0,-2.5
2024-01-08 06:00:00,0.0,0.0,0.0,-2.6
2024-01-08 07:00:00,0.0,0.0,0.0,-2.3
2024-01-08 08:00:00,0.0,0.0,0.0,-2.5
2024-01-08 09:00:00,0.0,0.0,0.0,-2.6
2024-01-08 10:00:00,2.0,0.0,2.0,-2.5
2024-01-08 11:00:00,38.0,103.7,28.0,-1.8
2024-01-08 12:00:00,59.0,15.5,56.0,-1.3
2024-01-08 13:00:00,135.0,183.2,88.0,-1.4
2024-01-08 14:00:00,253.0,640.9,72.0,-1.6
2024-01-08 15:00:00,250.0,736.3,52.0,-2.0
2024-01-08 16:00:00,191.0,659.0,48.0,-2.4
2024-01-08 17:00:00,98.0,491.6,34.0,-2.9
2024-01-08 18:00:00,14.0,133.8,7.0,-3.7
2024-01-08 19:00:00,0.0,0.0,0.0,-3.9
2024-01-08 20:00:00,0.0,0.0,0.0,-4.2
2024-01-08 21:00:00,0.0,0.0,0.0,-4.4
2024-01-08 22:00:00,0.0,0.0,0.0,-4.6
2024-01-08 23:00:00,0.0,0.0,0.0,-4.7
2024-01-09 00:00:00,0.0,0.0,0.0,-4.8
2024-01-09 01:00:00,0.0,0.0,0.0,-4.9
2024-01-09 02:00:00,0.0,0.0,0.0,-5.1
2024-01-09 03:00:00,0.0,0.0,0.0,-5.1
2024-01-09 04:00:00,0.0,0.0,0.0,-5.3
2024-01-09 05:00:00,0.0,0.0,0.0,-5.4
2024-01-09 06:00:00,0.0,0.0,0.0,-5.4
2024-01-09 07:00:00,0.0,0.0,0.0,-5.5
2024-01-09 08:00:00,0.0,0.0,0.0,-5.6
2024-01-09 09:00:00,0.0,0.0,0.0,-5.6
2024-01-09 10:00:00,3.0,19.1,2.0,-5.4
2024-01-09 11:00:00,73.0,480.9,26.0,-4.0
2024-01-09 12:00:00,173.0,667.6,43.0,-2.5
2024-01-09 13:00:00,246.0,758.3,50.0,-1.3
2024-01-09 14:00:00,279.0,794.0,53.0,-0.3
2024-01-09 15:00:00,263.0,777.5,52.0,-0.3
2024-01-09 16:00:00,202.0,710.1,46.0,-0.5
2024-01-09 17:00:00,108.0,563.7,33.0,-1.4
2024-01-09 18:00:00,16.0,169.7,7.0,-2.9
2024-01-09 19:00:00,0.0,0.0,0.0,-3.4
2024-01-09 20:00:00,0.0,0.0,0.0,-4.1
2024-01-09 21:00:00,0.0,0.0,0.0,-4.6
2024-01-09 22:00:00,0.0,0.0,0.0,-5.0
2024-01-09 23:00:00,0.0,0.0,0.0,-5.4
2024-01-10 00:00:00,0.0,0.0,0.0,-5.7
2024-01-10 01:00:00,0.0,0.0,0.0,-5.8
2024-01-10 02:00:00,0.0,0.0,0.0,-5.8
2024-01-10 03:00:00,0.0,0.0,0.0,-4.9
2024-01-10 04:00:00,0.0,0.0,0.0,-4.9
2024-01-10 05:00:00,0.0,0.0,0.0,-5.0
2024-01-10 06:00:00,0.0,0.0,0.0,-5.2
2024-01-10 07:00:00,0.0,0.0,0.0,-5.4
2024-01-10 08:00:00,0.0,0.0,0.0,-5.4
2024-01-10 09:00:00,0.0,0.0,0.0,-5.2
2024-01-10 10:00:00,3.0,19.1,2.0,-4.7
2024-01-10 11:00:00,69.0,433.7,26.0,-2.9
2024-01-10 12:00:00,164.0,610.9,44.0,-0.8
2024-01-10 13:00:00,234.0,698.6,52.0,1.0
2024-01-10 14:00:00,265.0,735.3,54.0,2.1
2024-01-10 15:00:00,247.0,700.8,55.0,1.5
2024-01-10 16:00:00,182.0,552.9,59.0,1.5
2024-01-10 17:00:00,82.0,213.3,53.0,1.3
2024-01-10 18:00:00,13.0,54.9,10.0,0.1
2024-01-10 19:00:00,0.0,0.0,0.0,-3.0
2024-01-10 20:00:00,0.0,0.0,0.0,-4.5
2024-01-10 21:00:00,0.0,0.0,0.0,-4.8
2024-01-10 22:00:00,0.0,0.0,0.0,-4.8
2024-01-10 23:00:00,0.0,0.0,0.0,-5.1
2024-01-11 00:00:00,0.0,0.0,0.0,-4.9
2024-01-11 01:00:00,0.0,0.0,0.0,-5.1
2024-01-11 02:00:00,0.0,0.0,0.0,-5.1
2024-01-11 03:00:00,0.0,0.0,0.0,-5.1
2024-01-11 04:00:00,0.0,0.0,0.0,-5.7
2024-01-11 05:00:00,0.0,0.0,0.0,-5.7
2024-01-11 06:00:00,0.0,0.0,0.0,-5.7
2024-01-11 07:00:00,0.0,0.0,0.0,-5.5
2024-01-11 08:00:00,0.0,0.0,0.0,-5.7
2024-01-11 09:00:00,0.0,0.0,0.0,-5.8
2024-01-11 10:00:00,4.0,19.1,3.0,-5.3
2024-01-11 11:00:00,73.0,466.9,26.0,-3.5
2024-01-11 12:00:00,168.0,625.4,44.0,-1.5
2024-01-11 13:00:00,238.0,712.0,51.0,-0.2
2024-01-11 14:00:00,260.0,670.4,66.0,0.5
2024-01-11 15:00:00,253.0,726.6,52.0,0.5
2024-01-11 16:00:00,194.0,647.9,48.0,0.6
2024-01-11 17:00:00,104.0,496.6,35.0,-0.7
2024-01-11 18:00:00,16.0,124.5,9.0,-2.4
2024-01-11 19:00:00,0.0,0.0,0.0,-2.3
2024-01-11 20:00:00,0.0,0.0,0.0,-1.9
2024-01-11 21:00:00,0.0,0.0,0.0,-1.6
2024-01-11 22:00:00,0.0,0.0,0.0,-1.2
2024-01-11 23:00:00,0.0,0.0,0.0,-1.3
2024-01-12 00:00:00,0.0,0.0,0.0,-1.3
2024-01-12 01:00:00,0.0,0.0,0.0,-1.4
2024-01-12 02:00:00,0.0,0.0,0.0,-1.3
2024-01-12 03:00:00,0.0,0.0,0.0,-0.8
2024-01-12 04:00:00,0.0,0.0,0.0,-0.7
2024-01-12 05:00:00,0.0,0.0,0.0,-0.8
2024-01-12 06:00:00,0.0,0.0,0.0,-0.7
2024-01-12 07:00:00,0.0,0.0,0.0,-0.9
2024-01-12 08:00:00,0.0,0.0,0.0,-0.6
2024-01-12 09:00:00,0.0,0.0,0.0,-0.5
2024-01-12 10:00:00,1.0,0.0,1.0,-0.5
2024-01-12 11:00:00,22.0,0.0,22.0,0.1
2024-01-12 12:00:00,50.0,5.0,49.0,0.8
2024-01-12 13:00:00,81.0,34.0,72.0,1.7
2024-01-12 14:00:00,93.0,37.7,82.0,2.1
2024-01-12 15:00:00,59.0,0.0,59.0,1.5
2024-01-12 16:00:00,46.0,21.9,41.0,1.6
2024-01-12 17:00:00,27.0,7.0,26.0,1.3
2024-01-12 18:00:00,6.0,0.0,6.0,0.7
2024-01-12 19:00:00,0.0,0.0,0.0,0.7
2024-01-12 20:00:00,0.0,0.0,0.0,0.6
2024-01-12 21:00:00,0.0,0.0,0.0,0.8
2024-01-12 22:00:00,0.0,0.0,0.0,0.9
2024-01-12 23:00:00,0.0,0.0,0.0,1.0
2024-01-13 00:00:00,0.0,0.0,0.0,0.9
2024-01-13 01:00:00,0.0,0.0,0.0,0.9
2024-01-13 02:00:00,0.0,0.0,0.0,0.9
2024-01-13 03:00:00,0.0,0.0,0.0,0.6
2024-01-13 04:00:00,0.0,0.0,0.0,0.3
2024-01-13 05:00:00,0.0,0.0,0.0,-0.2
2024-01-13 06:00:00,0.0,0.0,0.0,0.1
2024-01-13 07:00:00,0.0,0.0,0.0,0.7
2024-01-13 08:00:00,0.0,0.0,0.0,0.9
2024-01-13 09:00:00,0.0,0.0,0.0,1.0
2024-01-13 10:00:00,1.0,0.0,1.0,1.1
2024-01-13 11:00:00,17.0,0.0,17.0,1.4
2024-01-13 12:00:00,36.0,0.0,36.0,2.0
2024-01-13 13:00:00,52.0,3.7,51.0,2.5
2024-01-13 14:00:00,51.0,3.4,50.0,2.6
2024-01-13 15:00:00,47.0,3.5,46.0,1.9
2024-01-13 16:00:00,37.0,4.3,36.0,2.0
2024-01-13 17:00:00,18.0,0.0,18.0,1.7
2024-01-13 18:00:00,3.0,0.0,3.0,1.5
2024-01-13 19:00:00,0.0,0.0,0.0,1.3
2024-01-13 20:00:00,0.0,0.0,0.0,1.2
2024-01-13 21:00:00,0.0,0.0,0.0,1.2
2024-01-13 22:00:00,0.0,0.0,0.0,1.1
2024-01-13 23:00:00,0.0,0.0,0.0,1.0
2024-01-14 00:00:00,0.0,0.0,0.0,1.1
2024-01-14 01:00:00,0.0,0.0,0.0,1.1
2024-01-14 02:00:00,0.0,0.0,0.0,1.2
2024-01-14 03:00:00,0.0,0.0,0.0,0.5
2024-01-14 04:00:00,0.0,0.0,0.0,0.7
2024-01-14 05:00:00,0.0,0.0,0.0,0.6
2024-01-14 06:00:00,0.0,0.0,0.0,0.5
2024-01-14 07:00:00,0.0,0.0,0.0,0.4
2024-01-14 08:00:00,0.0,0.0,0.0,0.5
2024-01-14 09:00:00,0.0,0.0,0.0,0.5
2024-01-14 10:00:00,1.0,0.0,1.0,0.5
2024-01-14 11:00:00,17.0,0.0,17.0,0.8
2024-01-14 12:00:00,68.0,19.6,64.0,1.6
2024-01-14 13:00:00,67.0,7.4,65.0,1.3
2024-01-14 14:00:00,52.0,3.4,51.0,0.9
2024-01-14 15:00:00,43.0,3.5,42.0,-0.2
2024-01-14 16:00:00,25.0,0.0,25.0,-0.2
2024-01-14 17:00:00,27.0,6.7,26.0,-0.2
2024-01-14 18:00:00,5.0,0.0,5.0,-0.3
2024-01-14 19:00:00,0.0,0.0,0.0,-0.2
2024-01-14 20:00:00,0.0,0.0,0.0,-0.2
2024-01-14 21:00:00,0.0,0.0,0.0,-0.2
2024-01-14 22:00:00,0.0,0.0,0.0,0.1
2024-01-14 23:00:00,0.0,0.0,0.0,0.6
2024-01-15 00:00:00,0.0,0.0,0.0,1.0
2024-01-15 01:00:00,0.0,0.0,0.0,1.4
2024-01-15 02:00:00,0.0,0.0,0.0,1.5
2024-01-15 03:00:00,0.0,0.0,0.0,1.0
2024-01-15 04:00:00,0.0,0.0,0.0,0.9
2024-01-15 05:00:00,0.0,0.0,0.0,1.0
2024-01-15 06:00:00,0.0,0.0,0.0,0.4
2024-01-15 07:00:00,0.0,0.0,0.0,-0.2
2024-01-15 08:00:00,0.0,0.0,0.0,-0.6
2024-01-15 09:00:00,0.0,0.0,0.0,-0.7
2024-01-15 10:00:00,3.0,0.0,3.0,-0.4
2024-01-15 11:00:00,44.0,55.5,38.0,0.6
2024-01-15 12:00:00,71.0,14.5,68.0,1.8
2024-01-15 13:00:00,129.0,66.1,111.0,2.2
2024-01-15 14:00:00,153.0,80.0,129.0,2.5
2024-01-15 15:00:00,121.0,111.0,89.0,1.7
2024-01-15 16:00:00,77.0,4.2,76.0,1.5
2024-01-15 17:00:00,64.0,92.3,50.0,1.5
2024-01-15 18:00:00,16.0,31.7,14.0,1.1
2024-01-15 19:00:00,0.0,0.0,0.0,0.4
2024-01-15 20:00:00,0.0,0.0,0.0,0.4
2024-01-15 21:00:00,0.0,0.0,0.0,-0.2
2024-01-15 22:00:00,0.0,0.0,0.0,-0.4
2024-01-15 23:00:00,0.0,0.0,0.0,-0.6
2024-01-16 00:00:00,0.0,0.0,0.0,-0.7
2024-01-16 01:00:00,0.0,0.0,0.0,-1.0
2024-01-16 02:00:00,0.0,0.0,0.0,-1.3
2024-01-16 03:00:00,0.0,0.0,0.0,-1.2
2024-01-16 04:00:00,0.0,0.0,0.0,-1.1
2024-01-16 05:00:00,0.0,0.0,0.0,-1.1
2024-01-16 06:00:00,0.0,0.0,0.0,-1.1
2024-01-16 07:00:00,0.0,0.0,0.0,-0.9
2024-01-16 08:00:00,0.0,0.0,0.0,-1.0
2024-01-16 09:00:00,0.0,0.0,0.0,-1.5
2024-01-16 10:00:00,4.0,0.0,4.0,-1.9
2024-01-16 11:00:00,49.0,9.1,48.0,-1.4
2024-01-16 12:00:00,111.0,52.6,100.0,-0.1
2024-01-16 13:00:00,166.0,98.1,139.0,0.4
2024-01-16 14:00:00,217.0,214.4,152.0,0.9
2024-01-16 15:00:00,209.0,291.5,124.0,0.9
2024-01-16 16:00:00,174.0,319.3,97.0,0.8
2024-01-16 17:00:00,117.0,425.2,51.0,0.0
2024-01-16 18:00:00,26.0,215.6,12.0,-1.8
2024-01-16 19:00:00,0.0,0.0,0.0,-2.5
2024-01-16 20:00:00,0.0,0.0,0.0,-2.9
2024-01-16 21:00:00,0.0,0.0,0.0,-3.2
2024-01-16 22:00:00,0.0,0.0,0.0,-3.3
2024-01-16 23:00:00,0.0,0.0,0.0,-3.5
2024-01-17 00:00:00,0.0,0.0,0.0,-3.9
2024-01-17 01:00:00,0.0,0.0,0.0,-4.3
2024-01-17 02:00:00,0.0,0.0,0.0,-4.5
2024-01-17 03:00:00,0.0,0.0,0.0,-4.3
2024-01-17 04:00:00,0.0,0.0,0.0,-3.9
2024-01-17 05:00:00,0.0,0.0,0.0,-3.7
2024-01-17 06:00:00,0.0,0.0,0.0,-3.6
2024-01-17 07:00:00,0.0,0.0,0.0,-3.3
2024-01-17 08:00:00,0.0,0.0,0.0,-3.1
2024-01-17 09:00:00,0.0,0.0,0.0,-2.7
2024-01-17 10:00:00,3.0,0.0,3.0,-2.1
2024-01-17 11:00:00,25.0,0.0,25.0,-1.4
2024-01-17 12:00:00,45.0,0.0,45.0,-0.5
2024-01-17 13:00:00,49.0,0.0,49.0,-0.1
2024-01-17 14:00:00,44.0,0.0,44.0,0.2
2024-01-17 15:00:00,29.0,0.0,29.0,-1.1
2024-01-17 16:00:00,34.0,0.0,34.0,-0.8
2024-01-17 17:00:00,13.0,0.0,13.0,-1.1
2024-01-17 18:00:00,4.0,0.0,4.0,-1.2
2024-01-17 19:00:00,0.0,0.0,0.0,-1.3
2024-01-17 20:00:00,0.0,0.0,0.0,-1.7
2024-01-17 21:00:00,0.0,0.0,0.0,-1.8
2024-01-17 22:00:00,0.0,0.0,0.0,-1.9
2024-01-17 23:00:00,0.0,0.0,0.0,-2.0
2024-01-18 00:00:00,0.0,0.0,0.0,-2.2
2024-01-18 01:00:00,0.0,0.0,0.0,-2.6
2024-01-18 02:00:00,0.0,0.0,0.0,-2.7
2024-01-18 03:00:00,0.0,0.0,0.0,-1.8
2024-01-18 04:00:00,0.0,0.0,0.0,-2.0
2024-01-18 05:00:00,0.0,0.0,0.0,-2.3
2024-01-18 06:00:00,0.0,0.0,0.0,-2.9
2024-01-18 07:00:00,0.0,0.0,0.0,-3.0
2024-01-18 08:00:00,0.0,0.0,0.0,-3.1
2024-01-18 09:00:00,0.0,0.0,0.0,-3.9
2024-01-18 10:00:00,6.0,19.1,5.0,-6.0
2024-01-18 11:00:00,92.0,452.4,40.0,-5.8
2024-01-18 12:00:00,205.0,675.5,60.0,-4.4
2024-01-18 13:00:00,283.0,747.2,73.0,-2.6
2024-01-18 14:00:00,317.0,775.1,77.0,-0.9
2024-01-18 15:00:00,293.0,710.3,81.0,0.4
2024-01-18 16:00:00,237.0,692.8,65.0,0.7
2024-01-18 17:00:00,137.0,535.4,50.0,-0.2
2024-01-18 18:00:00,32.0,232.4,16.0,-1.9
2024-01-18 19:00:00,0.0,0.0,0.0,-2.1
2024-01-18 20:00:00,0.0,0.0,0.0,-2.9
2024-01-18 21:00:00,0.0,0.0,0.0,-5.0
2024-01-18 22:00:00,0.0,0.0,0.0,-6.3
2024-01-18 23:00:00,0.0,0.0,0.0,-5.1
2024-01-19 00:00:00,0.0,0.0,0.0,-5.5
2024-01-19 01:00:00,0.0,0.0,0.0,-7.2
2024-01-19 02:00:00,0.0,0.0,0.0,-7.1
2024-01-19 03:00:00,0.0,0.0,0.0,-8.0
2024-01-19 04:00:00,0.0,0.0,0.0,-6.5
2024-01-19 05:00:00,0.0,0.0,0.0,-4.9
2024-01-19 06:00:00,0.0,0.0,0.0,-4.0
2024-01-19 07:00:00,0.0,0.0,0.0,-3.6
2024-01-19 08:00:00,0.0,0.0,0.0,-3.6
2024-01-19 09:00:00,0.0,0.0,0.0,-4.0
2024-01-19 10:00:00,6.0,38.2,4.0,-4.6
2024-01-19 11:00:00,78.0,306.3,42.0,-4.0
2024-01-19 12:00:00,179.0,464.3,78.0,-2.6
2024-01-19 13:00:00,270.0,661.5,82.0,-1.4
2024-01-19 14:00:00,310.0,744.3,77.0,-0.6
2024-01-19 15:00:00,262.0,533.0,101.0,-0.2
2024-01-19 16:00:00,206.0,448.4,93.0,-0.2
2024-01-19 17:00:00,117.0,366.9,56.0,-1.1
2024-01-19 18:00:00,30.0,183.5,17.0,-2.0
2024-01-19 19:00:00,0.0,0.0,0.0,-2.6
2024-01-19 20:00:00,0.0,0.0,0.0,-2.4
2024-01-19 21:00:00,0.0,0.0,0.0,-1.8
2024-01-19 22:00:00,0.0,0.0,0.0,-1.6
2024-01-19 23:00:00,0.0,0.0,0.0,-2.6
2024-01-20 00:00:00,0.0,0.0,0.0,-3.9
2024-01-20 01:00:00,0.0,0.0,0.0,-5.3
2024-01-20 02:00:00,0.0,0.0,0.0,-5.8
2024-01-20 03:00:00,0.0,0.0,0.0,-4.9
2024-01-20 04:00:00,0.0,0.0,0.0,-5.3
2024-01-20 05:00:00,0.0,0.0,0.0,-5.7
2024-01-20 06:00:00,0.0,0.0,0.0,-6.0
2024-01-20 07:00:00,0.0,0.0,0.0,-6.5
2024-01-20 08:00:00,0.0,0.0,0.0,-6.9
2024-01-20 09:00:00,0.0,0.0,0.0,-7.1
2024-01-20 10:00:00,8.0,57.3,5.0,-7.2
2024-01-20 11:00:00,94.0,474.2,37.0,-6.1
2024-01-20 12:00:00,202.0,653.1,58.0,-4.9
2024-01-20 13:00:00,279.0,709.7,75.0,-4.0
2024-01-20 14:00:00,317.0,758.2,77.0,-3.1
2024-01-20 15:00:00,304.0,752.3,74.0,-2.0
2024-01-20 16:00:00,246.0,711.5,64.0,-1.8
2024-01-20 17:00:00,148.0,576.0,50.0,-2.2
2024-01-20 18:00:00,34.0,150.8,23.0,-2.7
2024-01-20 19:00:00,0.0,0.0,0.0,-2.8
2024-01-20 20:00:00,0.0,0.0,0.0,-3.2
2024-01-20 21:00:00,0.0,0.0,0.0,-3.5
2024-01-20 22:00:00,0.0,0.0,0.0,-3.1
2024-01-20 23:00:00,0.0,0.0,0.0,-3.0
2024-01-21 00:00:00,0.0,0.0,0.0,-2.9
2024-01-21 01:00:00,0.0,0.0,0.0,-3.2
2024-01-21 02:00:00,0.0,0.0,0.0,-2.7
2024-01-21 03:00:00,0.0,0.0,0.0,-2.2
2024-01-21 04:00:00,0.0,0.0,0.0,-1.8
2024-01-21 05:00:00,0.0,0.0,0.0,-1.6
2024-01-21 06:00:00,0.0,0.0,0.0,-1.2
2024-01-21 07:00:00,0.0,0.0,0.0,-1.0
2024-01-21 08:00:00,0.0,0.0,0.0,-0.9
2024-01-21 09:00:00,0.0,0.0,0.0,-0.7
2024-01-21 10:00:00,3.0,0.0,3.0,-0.4
2024-01-21 11:00:00,29.0,0.0,29.0,0.4
2024-01-21 12:00:00,128.0,308.6,59.0,1.5
2024-01-21 13:00:00,230.0,378.2,120.0,2.6
2024-01-21 14:00:00,108.0,0.0,108.0,3.4
2024-01-21 15:00:00,119.0,35.5,108.0,3.2
2024-01-21 16:00:00,88.0,7.7,86.0,3.6
2024-01-21 17:00:00,49.0,5.7,48.0,3.6
2024-01-21 18:00:00,11.0,0.0,11.0,3.5
2024-01-21 19:00:00,0.0,0.0,0.0,3.1
2024-01-21 20:00:00,0.0,0.0,0.0,2.6
2024-01-21 21:00:00,0.0,0.0,0.0,3.0
2024-01-21 22:00:00,0.0,0.0,0.0,3.2
2024-01-21 23:00:00,0.0,0.0,0.0,4.1
2024-01-22 00:00:00,0.0,0.0,0.0,5.5
2024-01-22 01:00:00,0.0,0.0,0.0,6.4
2024-01-22 02:00:00,0.0,0.0,0.0,6.8
2024-01-22 03:00:00,0.0,0.0,0.0,6.9
2024-01-22 04:00:00,0.0,0.0,0.0,7.4
2024-01-22 05:00:00,0.0,0.0,0.0,7.8
2024-01-22 06:00:00,0.0,0.0,0.0,8.4
2024-01-22 07:00:00,0.0,0.0,0.0,8.6
2024-01-22 08:00:00,0.0,0.0,0.0,9.3
2024-01-22 09:00:00,0.0,0.0,0.0,10.1
2024-01-22 10:00:00,1.0,0.0,1.0,10.6
2024-01-22 11:00:00,56.0,150.9,37.0,10.8
2024-01-22 12:00:00,99.0,180.8,58.0,11.1
2024-01-22 13:00:00,148.0,244.6,76.0,10.8
2024-01-22 14:00:00,70.0,0.0,70.0,10.6
2024-01-22 15:00:00,82.0,16.0,77.0,10.3
2024-01-22 16:00:00,109.0,166.9,65.0,9.2
2024-01-22 17:00:00,128.0,454.7,47.0,9.0
2024-01-22 18:00:00,33.0,220.2,16.0,7.6
2024-01-22 19:00:00,0.0,0.0,0.0,7.1
2024-01-22 20:00:00,0.0,0.0,0.0,6.8
2024-01-22 21:00:00,0.0,0.0,0.0,6.7
2024-01-22 22:00:00,0.0,0.0,0.0,6.7
2024-01-22 23:00:00,0.0,0.0,0.0,6.7
2024-01-23 00:00:00,0.0,0.0,0.0,6.6
2024-01-23 01:00:00,0.0,0.0,0.0,6.6
2024-01-23 02:00:00,0.0,0.0,0.0,6.3
2024-01-23 03:00:00,0.0,0.0,0.0,5.6
2024-01-23 04:00:00,0.0,0.0,0.0,5.9
2024-01-23 05:00:00,0.0,0.0,0.0,5.4
2024-01-23 06:00:00,0.0,0.0,0.0,5.3
2024-01-23 07:00:00,0.0,0.0,0.0,5.0
2024-01-23 08:00:00,0.0,0.0,0.0,4.5
2024-01-23 09:00:00,0.0,0.0,0.0,4.4
2024-01-23 10:00:00,8.0,57.3,5.0,4.0
2024-01-23 11:00:00,89.0,411.0,36.0,4.7
2024-01-23 12:00:00,180.0,517.1,61.0,6.3
2024-01-23 13:00:00,223.0,483.4,79.0,7.3
2024-01-23 14:00:00,282.0,610.4,82.0,8.1
2024-01-23 15:00:00,71.0,0.0,71.0,7.3
2024-01-23 16:00:00,38.0,0.0,38.0,7.2
2024-01-23 17:00:00,35.0,0.0,35.0,7.2
2024-01-23 18:00:00,7.0,0.0,7.0,7.0
2024-01-23 19:00:00,0.0,0.0,0.0,6.6
2024-01-23 20:00:00,0.0,0.0,0.0,6.7
2024-01-23 21:00:00,0.0,0.0,0.0,7.5
2024-01-23 22:00:00,0.0,0.0,0.0,8.8
2024-01-23 23:00:00,0.0,0.0,0.0,9.6
2024-01-24 00:00:00,0.0,0.0,0.0,10.5
2024-01-24 01:00:00,0.0,0.0,0.0,11.1
2024-01-24 02:00:00,0.0,0.0,0.0,11.5
2024-01-24 03:00:00,0.0,0.0,0.0,11.5
2024-01-24 04:00:00,0.0,0.0,0.0,12.1
2024-01-24 05:00:00,0.0,0.0,0.0,12.8
2024-01-24 06:00:00,0.0,0.0,0.0,12.7
2024-01-24 07:00:00,0.0,0.0,0.0,12.3
2024-01-24 08:00:00,0.0,0.0,0.0,11.6
2024-01-24 09:00:00,0.0,0.0,0.0,10.7
2024-01-24 10:00:00,5.0,0.0,5.0,10.1
2024-01-24 11:00:00,50.0,143.9,31.0,9.7
2024-01-24 12:00:00,124.0,141.3,91.0,10.1
2024-01-24 13:00:00,225.0,447.7,90.0,10.5
2024-01-24 14:00:00,269.0,582.1,76.0,10.9
2024-01-24 15:00:00,270.0,581.8,83.0,10.6
2024-01-24 16:00:00,156.0,198.6,102.0,10.3
2024-01-24 17:00:00,74.0,85.8,58.0,9.7
2024-01-24 18:00:00,31.0,49.0,27.0,8.9
2024-01-24 19:00:00,0.0,0.0,0.0,8.1
2024-01-24 20:00:00,0.0,0.0,0.0,7.6
2024-01-24 21:00:00,0.0,0.0,0.0,7.3
2024-01-24 22:00:00,0.0,0.0,0.0,7.0
2024-01-24 23:00:00,0.0,0.0,0.0,7.1
2024-01-25 00:00:00,0.0,0.0,0.0,7.7
2024-01-25 01:00:00,0.0,0.0,0.0,7.7
2024-01-25 02:00:00,0.0,0.0,0.0,7.4
2024-01-25 03:00:00,0.0,0.0,0.0,6.9
2024-01-25 04:00:00,0.0,0.0,0.0,6.8
2024-01-25 05:00:00,0.0,0.0,0.0,5.6
2024-01-25 06:00:00,0.0,0.0,0.0,4.9
2024-01-25 07:00:00,0.0,0.0,0.0,4.0
2024-01-25 08:00:00,0.0,0.0,0.0,3.1
2024-01-25 09:00:00,0.0,0.0,0.0,2.3
2024-01-25 10:00:00,10.0,38.2,8.0,2.9
2024-01-25 11:00:00,86.0,340.0,40.0,4.3
2024-01-25 12:00:00,148.0,240.5,91.0,5.8
2024-01-25 13:00:00,173.0,95.0,144.0,6.9
2024-01-25 14:00:00,214.0,181.8,153.0,8.1
2024-01-25 15:00:00,172.0,113.6,135.0,9.1
2024-01-25 16:00:00,89.0,7.2,87.0,8.7
2024-01-25 17:00:00,64.0,21.0,60.0,8.6
2024-01-25 18:00:00,13.0,0.0,13.0,7.9
2024-01-25 19:00:00,0.0,0.0,0.0,7.7
2024-01-25 20:00:00,0.0,0.0,0.0,7.7
2024-01-25 21:00:00,0.0,0.0,0.0,7.7
2024-01-25 22:00:00,0.0,0.0,0.0,7.8
2024-01-25 23:00:00,0.0,0.0,0.0,7.9
2024-01-26 00:00:00,0.0,0.0,0.0,8.0
2024-01-26 01:00:00,0.0,0.0,0.0,8.1
2024-01-26 02:00:00,0.0,0.0,0.0,8.8
2024-01-26 03:00:00,0.0,0.0,0.0,9.7
2024-01-26 04:00:00,0.0,0.0,0.0,9.7
2024-01-26 05:00:00,0.0,0.0,0.0,9.6
2024-01-26 06:00:00,0.0,0.0,0.0,9.1
2024-01-26 07:00:00,0.0,0.0,0.0,9.3
2024-01-26 08:00:00,0.0,0.0,0.0,8.9
2024-01-26 09:00:00,0.0,0.0,0.0,9.0
2024-01-26 10:00:00,2.0,0.0,2.0,9.6
2024-01-26 11:00:00,10.0,0.0,10.0,10.2
2024-01-26 12:00:00,35.0,0.0,35.0,10.9
2024-01-26 13:00:00,30.0,0.0,30.0,10.9
2024-01-26 14:00:00,44.0,0.0,44.0,9.9
2024-01-26 15:00:00,288.0,633.8,79.0,9.5
2024-01-26 16:00:00,246.0,670.4,58.0,8.7
2024-01-26 17:00:00,128.0,359.1,58.0,7.9
2024-01-26 18:00:00,40.0,185.6,24.0,7.1
2024-01-26 19:00:00,0.0,0.0,0.0,6.6
2024-01-26 20:00:00,0.0,0.0,0.0,5.2
2024-01-26 21:00:00,0.0,0.0,0.0,4.3
2024-01-26 22:00:00,0.0,0.0,0.0,3.5
2024-01-26 23:00:00,0.0,0.0,0.0,2.6
2024-01-27 00:00:00,0.0,0.0,0.0,2.2
2024-01-27 01:00:00,0.0,0.0,0.0,2.0
2024-01-27 02:00:00,0.0,0.0,0.0,1.7
2024-01-27 03:00:00,0.0,0.0,0.0,1.7
2024-01-27 04:00:00,0.0,0.0,0.0,0.9
2024-01-27 05:00:00,0.0,0.0,0.0,0.2
2024-01-27 06:00:00,0.0,0.0,0.0,-0.1
2024-01-27 07:00:00,0.0,0.0,0.0,-1.3
2024-01-27 08:00:00,0.0,0.0,0.0,-1.6
2024-01-27 09:00:00,0.0,0.0,0.0,-1.6
2024-01-27 10:00:00,14.0,109.3,8.0,-0.5
2024-01-27 11:00:00,106.0,499.8,35.0,1.7
2024-01-27 12:00:00,213.0,663.0,51.0,3.7
2024-01-27 13:00:00,290.0,734.5,60.0,5.4
2024-01-27 14:00:00,327.0,776.8,60.0,6.6
2024-01-27 15:00:00,314.0,757.4,61.0,7.6
2024-01-27 16:00:00,257.0,705.8,56.0,7.7
2024-01-27 17:00:00,164.0,597.2,45.0,6.9
2024-01-27 18:00:00,54.0,361.5,22.0,3.3
2024-01-27 19:00:00,0.0,0.0,0.0,1.9
2024-01-27 20:00:00,0.0,0.0,0.0,2.3
2024-01-27 21:00:00,0.0,0.0,0.0,2.3
2024-01-27 22:00:00,0.0,0.0,0.0,2.3
2024-01-27 23:00:00,0.0,0.0,0.0,1.6
2024-01-28 00:00:00,0.0,0.0,0.0,1.4
2024-01-28 01:00:00,0.0,0.0,0.0,1.2
2024-01-28 02:00:00,0.0,0.0,0.0,1.1
2024-01-28 03:00:00,0.0,0.0,0.0,1.2
2024-01-28 04:00:00,0.0,0.0,0.0,1.3
2024-01-28 05:00:00,0.0,0.0,0.0,1.6
2024-01-28 06:00:00,0.0,0.0,0.0,1.7
2024-01-28 07:00:00,0.0,0.0,0.0,1.8
2024-01-28 08:00:00,0.0,0.0,0.0,1.7
2024-01-28 09:00:00,0.0,0.0,0.0,1.7
2024-01-28 10:00:00,15.0,141.1,7.0,2.1
2024-01-28 11:00:00,111.0,508.3,37.0,3.6
2024-01-28 12:00:00,220.0,685.1,50.0,5.3
2024-01-28 13:00:00,299.0,766.2,56.0,7.1
2024-01-28 14:00:00,335.0,793.3,59.0,8.5
2024-01-28 15:00:00,323.0,783.2,58.0,9.6
2024-01-28 16:00:00,265.0,733.2,53.0,9.7
2024-01-28 17:00:00,171.0,623.7,44.0,9.3
2024-01-28 18:00:00,59.0,396.2,23.0,8.1
2024-01-28 19:00:00,1.0,0.0,1.0,7.2
2024-01-28 20:00:00,0.0,0.0,0.0,6.5
2024-01-28 21:00:00,0.0,0.0,0.0,6.3
2024-01-28 22:00:00,0.0,0.0,0.0,6.1
2024-01-28 23:00:00,0.0,0.0,0.0,6.0
2024-01-29 00:00:00,0.0,0.0,0.0,5.9
2024-01-29 01:00:00,0.0,0.0,0.0,5.7
2024-01-29 02:00:00,0.0,0.0,0.0,5.5
2024-01-29 03:00:00,0.0,0.0,0.0,5.9
2024-01-29 04:00:00,0.0,0.0,0.0,5.9
2024-01-29 05:00:00,0.0,0.0,0.0,5.6
2024-01-29 06:00:00,0.0,0.0,0.0,5.5
2024-01-29 07:00:00,0.0,0.0,0.0,5.3
2024-01-29 08:00:00,0.0,0.0,0.0,5.0
2024-01-29 09:00:00,0.0,0.0,0.0,4.9
2024-01-29 10:00:00,15.0,85.4,10.0,5.1
2024-01-29 11:00:00,103.0,375.3,47.0,6.4
2024-01-29 12:00:00,167.0,261.9,101.0,7.9
2024-01-29 13:00:00,247.0,432.7,108.0,9.7
2024-01-29 14:00:00,285.0,479.9,116.0,11.2
2024-01-29 15:00:00,270.0,437.6,120.0,12.1
2024-01-29 16:00:00,215.0,354.2,111.0,12.4
2024-01-29 17:00:00,114.0,100.9,93.0,11.5
2024-01-29 18:00:00,41.0,21.5,39.0,9.9
2024-01-29 19:00:00,1.0,0.0,1.0,9.0
2024-01-29 20:00:00,0.0,0.0,0.0,8.3
2024-01-29 21:00:00,0.0,0.0,0.0,7.6
2024-01-29 22:00:00,0.0,0.0,0.0,7.0
2024-01-29 23:00:00,0.0,0.0,0.0,7.0
2024-01-30 00:00:00,0.0,0.0,0.0,7.0
2024-01-30 01:00:00,0.0,0.0,0.0,6.7
2024-01-30 02:00:00,0.0,0.0,0.0,6.5
2024-01-30 03:00:00,0.0,0.0,0.0,6.6
2024-01-30 04:00:00,0.0,0.0,0.0,6.2
2024-01-30 05:00:00,0.0,0.0,0.0,6.2
2024-01-30 06:00:00,0.0,0.0,0.0,6.3
2024-01-30 07:00:00,0.0,0.0,0.0,6.8
2024-01-30 08:00:00,0.0,0.0,0.0,6.7
2024-01-30 09:00:00,0.0,0.0,0.0,6.7
2024-01-30 10:00:00,10.0,0.0,10.0,7.1
2024-01-30 11:00:00,64.0,65.4,54.0,8.3
2024-01-30 12:00:00,82.0,39.1,72.0,9.0
2024-01-30 13:00:00,111.0,138.3,66.0,10.2
2024-01-30 14:00:00,99.0,11.2,95.0,11.4
2024-01-30 15:00:00,168.0,97.9,134.0,12.8
2024-01-30 16:00:00,82.0,0.0,82.0,12.3
2024-01-30 17:00:00,34.0,0.0,34.0,11.4
2024-01-30 18:00:00,26.0,93.4,17.0,10.5
2024-01-30 19:00:00,1.0,0.0,1.0,9.2
2024-01-30 20:00:00,0.0,0.0,0.0,8.7
2024-01-30 21:00:00,0.0,0.0,0.0,8.3
2024-01-30 22:00:00,0.0,0.0,0.0,8.0
2024-01-30 23:00:00,0.0,0.0,0.0,7.7
2024-01-31 00:00:00,0.0,0.0,0.0,7.4
2024-01-31 01:00:00,0.0,0.0,0.0,7.3
2024-01-31 02:00:00,0.0,0.0,0.0,7.0
2024-01-31 03:00:00,0.0,0.0,0.0,6.7
2024-01-31 04:00:00,0.0,0.0,0.0,6.5
2024-01-31 05:00:00,0.0,0.0,0.0,6.2
2024-01-31 06:00:00,0.0,0.0,0.0,5.9
2024-01-31 07:00:00,0.0,0.0,0.0,5.2
2024-01-31 08:00:00,0.0,0.0,0.0,5.0
2024-01-31 09:00:00,0.0,0.0,0.0,4.7
2024-01-31 10:00:00,9.0,16.0,8.0,5.0
2024-01-31 11:00:00,54.0,19.1,51.0,6.0
2024-01-31 12:00:00,92.0,23.1,86.0,6.7
2024-01-31 13:00:00,216.0,397.4,85.0,7.5
2024-01-31 14:00:00,165.0,69.3,140.0,7.8
2024-01-31 15:00:00,119.0,42.7,104.0,7.5
2024-01-31 16:00:00,74.0,3.3,73.0,7.3
2024-01-31 17:00:00,79.0,55.3,67.0,7.3
2024-01-31 18:00:00,45.0,129.1,32.0,6.6
2024-01-31 19:00:00,2.0,0.0,2.0,4.8
2024-01-31 20:00:00,0.0,0.0,0.0,4.5
2024-01-31 21:00:00,0.0,0.0,0.0,4.2
2024-01-31 22:00:00,0.0,0.0,0.0,3.7
2024-01-31 23:00:00,0.0,0.0,0.0,4.7
2024-02-01 00:00:00,0.0,0.0,0.0,5.9
2024-02-01 01:00:00,0.0,0.0,0.0,7.1
2024-02-01 02:00:00,0.0,0.0,0.0,7.6
2024-02-01 03:00:00,0.0,0.0,0.0,7.6
2024-02-01 04:00:00,0.0,0.0,0.0,7.3
2024-02-01 05:00:00,0.0,0.0,0.0,7.5
2024-02-01 06:00:00,0.0,0.0,0.0,7.8
2024-02-01 07:00:00,0.0,0.0,0.0,8.1
2024-02-01 08:00:00,0.0,0.0,0.0,8.2
2024-02-01 09:00:00,0.0,0.0,0.0,7.8
2024-02-01 10:00:00,14.0,31.1,12.0,7.0
2024-02-01 11:00:00,100.0,342.6,45.0,6.8
2024-02-01 12:00:00,229.0,640.0,60.0,7.3
2024-02-01 13:00:00,310.0,739.7,63.0,7.8
2024-02-01 14:00:00,333.0,711.6,73.0,8.3
2024-02-01 15:00:00,280.0,527.8,92.0,8.1
2024-02-01 16:00:00,216.0,387.4,97.0,8.0
2024-02-01 17:00:00,110.0,140.0,79.0,7.7
2024-02-01 18:00:00,50.0,171.3,32.0,6.9
2024-02-01 19:00:00,2.0,0.0,2.0,4.5
2024-02-01 20:00:00,0.0,0.0,0.0,3.7
2024-02-01 21:00:00,0.0,0.0,0.0,3.3
2024-02-01 22:00:00,0.0,0.0,0.0,3.0
2024-02-01 23:00:00,0.0,0.0,0.0,2.5
2024-02-02 00:00:00,0.0,0.0,0.0,2.3
2024-02-02 01:00:00,0.0,0.0,0.0,1.1
2024-02-02 02:00:00,0.0,0.0,0.0,2.2
2024-02-02 03:00:00,0.0,0.0,0.0,4.2
2024-02-02 04:00:00,0.0,0.0,0.0,4.3
2024-02-02 05:00:00,0.0,0.0,0.0,4.7
2024-02-02 06:00:00,0.0,0.0,0.0,4.7
2024-02-02 07:00:00,0.0,0.0,0.0,4.6
2024-02-02 08:00:00,0.0,0.0,0.0,4.3
2024-02-02 09:00:00,0.0,0.0,0.0,3.4
2024-02-02 10:00:00,18.0,105.5,11.0,3.9
2024-02-02 11:00:00,58.0,60.8,48.0,5.0
2024-02-02 12:00:00,124.0,100.7,97.0,6.6
2024-02-02 13:00:00,147.0,68.0,124.0,7.3
2024-02-02 14:00:00,150.0,43.3,134.0,7.7
2024-02-02 15:00:00,129.0,22.2,121.0,8.0
2024-02-02 16:00:00,99.0,25.7,91.0,8.3
2024-02-02 17:00:00,52.0,8.8,50.0,8.0
2024-02-02 18:00:00,21.0,9.1,20.0,7.9
2024-02-02 19:00:00,1.0,0.0,1.0,7.9
2024-02-02 20:00:00,0.0,0.0,0.0,8.0
2024-02-02 21:00:00,0.0,0.0,0.0,8.2
2024-02-02 22:00:00,0.0,0.0,0.0,8.4
2024-02-02 23:00:00,0.0,0.0,0.0,8.5
2024-02-03 00:00:00,0.0,0.0,0.0,8.5
2024-02-03 01:00:00,0.0,0.0,0.0,8.6
2024-02-03 02:00:00,0.0,0.0,0.0,8.6
2024-02-03 03:00:00,0.0,0.0,0.0,7.8
2024-02-03 04:00:00,0.0,0.0,0.0,7.8
2024-02-03 05:00:00,0.0,0.0,0.0,7.8
2024-02-03 06:00:00,0.0,0.0,0.0,7.9
2024-02-03 07:00:00,0.0,0.0,0.0,8.1
2024-02-03 08:00:00,0.0,0.0,0.0,8.3
2024-02-03 09:00:00,0.0,0.0,0.0,8.5
2024-02-03 10:00:00,4.0,0.0,4.0,8.8
2024-02-03 11:00:00,14.0,0.0,14.0,9.2
2024-02-03 12:00:00,30.0,0.0,30.0,9.7
2024-02-03 13:00:00,51.0,0.0,51.0,10.1
2024-02-03 14:00:00,57.0,8.0,54.0,10.4
2024-02-03 15:00:00,25.0,0.0,25.0,9.5
2024-02-03 16:00:00,41.0,0.0,41.0,9.5
2024-02-03 17:00:00,25.0,0.0,25.0,9.4
2024-02-03 18:00:00,10.0,0.0,10.0,9.3
2024-02-03 19:00:00,1.0,0.0,1.0,9.2
2024-02-03 20:00:00,0.0,0.0,0.0,9.2
2024-02-03 21:00:00,0.0,0.0,0.0,9.2
2024-02-03 22:00:00,0.0,0.0,0.0,9.3
2024-02-03 23:00:00,0.0,0.0,0.0,9.3
2024-02-04 00:00:00,0.0,0.0,0.0,9.4
2024-02-04 01:00:00,0.0,0.0,0.0,9.5
2024-02-04 02:00:00,0.0,0.0,0.0,9.6
2024-02-04 03:00:00,0.0,0.0,0.0,9.3
2024-02-04 04:00:00,0.0,0.0,0.0,9.4
2024-02-04 05:00:00,0.0,0.0,0.0,9.5
2024-02-04 06:00:00,0.0,0.0,0.0,9.5
2024-02-04 07:00:00,0.0,0.0,0.0,9.4
2024-02-04 08:00:00,0.0,0.0,0.0,9.6
2024-02-04 09:00:00,0.0,0.0,0.0,9.6
2024-02-04 10:00:00,8.0,0.0,8.0,9.7
2024-02-04 11:00:00,29.0,5.8,28.0,9.9
2024-02-04 12:00:00,53.0,0.0,53.0,10.5
2024-02-04 13:00:00,56.0,0.0,56.0,10.5
2024-02-04 14:00:00,135.0,142.4,81.0,11.4
2024-02-04 15:00:00,53.0,0.0,53.0,10.2
2024-02-04 16:00:00,49.0,0.0,49.0,10.1
2024-02-04 17:00:00,23.0,0.0,23.0,9.7
2024-02-04 18:00:00,4.0,0.0,4.0,9.4
2024-02-04 19:00:00,0.0,0.0,0.0,9.3
2024-02-04 20:00:00,0.0,0.0,0.0,9.2
2024-02-04 21:00:00,0.0,0.0,0.0,9.3
2024-02-04 22:00:00,0.0,0.0,0.0,9.6
2024-02-04 23:00:00,0.0,0.0,0.0,9.7
2024-02-05 00:00:00,0.0,0.0,0.0,10.0
2024-02-05 01:00:00,0.0,0.0,0.0,10.1
2024-02-05 02:00:00,0.0,0.0,0.0,10.0
2024-02-05 03:00:00,0.0,0.0,0.0,9.5
2024-02-05 04:00:00,0.0,0.0,0.0,9.4
2024-02-05 05:00:00,0.0,0.0,0.0,9.2
2024-02-05 06:00:00,0.0,0.0,0.0,9.1
2024-02-05 07:00:00,0.0,0.0,0.0,8.6
2024-02-05 08:00:00,0.0,0.0,0.0,8.0
2024-02-05 09:00:00,0.0,0.0,0.0,8.3
2024-02-05 10:00:00,19.0,68.7,14.0,8.4
2024-02-05 11:00:00,75.0,50.8,66.0,8.9
2024-02-05 12:00:00,152.0,177.7,102.0,9.7
2024-02-05 13:00:00,227.0,335.2,109.0,10.4
2024-02-05 14:00:00,301.0,479.3,117.0,10.9
2024-02-05 15:00:00,287.0,421.3,129.0,10.5
2024-02-05 16:00:00,194.0,254.6,111.0,10.2
2024-02-05 17:00:00,141.0,212.5,90.0,9.6
2024-02-05 18:00:00,62.0,211.1,36.0,8.7
2024-02-05 19:00:00,4.0,19.1,3.0,7.8
2024-02-05 20:00:00,0.0,0.0,0.0,7.9
2024-02-05 21:00:00,0.0,0.0,0.0,8.1
2024-02-05 22:00:00,0.0,0.0,0.0,8.3
2024-02-05 23:00:00,0.0,0.0,0.0,8.2
2024-02-06 00:00:00,0.0,0.0,0.0,8.1
2024-02-06 01:00:00,0.0,0.0,0.0,8.3
2024-02-06 02:00:00,0.0,0.0,0.0,8.6
2024-02-06 03:00:00,0.0,0.0,0.0,8.2
2024-02-06 04:00:00,0.0,0.0,0.0,8.2
2024-02-06 05:00:00,0.0,0.0,0.0,8.1
2024-02-06 06:00:00,0.0,0.0,0.0,8.1
2024-02-06 07:00:00,0.0,0.0,0.0,8.2
2024-02-06 08:00:00,0.0,0.0,0.0,8.3
2024-02-06 09:00:00,0.0,0.0,0.0,8.5
2024-02-06 10:00:00,6.0,0.0,6.0,8.7
2024-02-06 11:00:00,25.0,0.0,25.0,9.1
2024-02-06 12:00:00,34.0,0.0,34.0,9.4
2024-02-06 13:00:00,44.0,2.8,43.0,9.6
2024-02-06 14:00:00,86.0,2.6,85.0,10.2
2024-02-06 15:00:00,55.0,0.0,55.0,10.0
2024-02-06 16:00:00,53.0,0.0,53.0,10.0
2024-02-06 17:00:00,51.0,4.1,50.0,9.9
2024-02-06 18:00:00,12.0,0.0,12.0,9.8
2024-02-06 19:00:00,1.0,0.0,1.0,10.0
2024-02-06 20:00:00,0.0,0.0,0.0,10.0
2024-02-06 21:00:00,0.0,0.0,0.0,10.0
2024-02-06 22:00:00,0.0,0.0,0.0,9.8
2024-02-06 23:00:00,0.0,0.0,0.0,10.2
2024-02-07 00:00:00,0.0,0.0,0.0,10.2
2024-02-07 01:00:00,0.0,0.0,0.0,10.2
2024-02-07 02:00:00,0.0,0.0,0.0,9.9
2024-02-07 03:00:00,0.0,0.0,0.0,9.8
2024-02-07 04:00:00,0.0,0.0,0.0,9.6
2024-02-07 05:00:00,0.0,0.0,0.0,9.7
2024-02-07 06:00:00,0.0,0.0,0.0,9.6
2024-02-07 07:00:00,0.0,0.0,0.0,7.5
2024-02-07 08:00:00,0.0,0.0,0.0,3.8
2024-02-07 09:00:00,0.0,0.0,0.0,3.0
2024-02-07 10:00:00,2.0,0.0,2.0,3.2
2024-02-07 11:00:00,14.0,0.0,14.0,3.1
2024-02-07 12:00:00,29.0,0.0,29.0,3.3
2024-02-07 13:00:00,43.0,0.0,43.0,3.6
2024-02-07 14:00:00,51.0,0.0,51.0,4.0
2024-02-07 15:00:00,49.0,0.0,49.0,4.0
2024-02-07 16:00:00,53.0,0.0,53.0,4.1
2024-02-07 17:00:00,28.0,0.0,28.0,4.1
2024-02-07 18:00:00,14.0,0.0,14.0,4.0
2024-02-07 19:00:00,1.0,0.0,1.0,3.9
2024-02-07 20:00:00,0.0,0.0,0.0,3.9
2024-02-07 21:00:00,0.0,0.0,0.0,4.0
2024-02-07 22:00:00,0.0,0.0,0.0,4.0
2024-02-07 23:00:00,0.0,0.0,0.0,3.4
2024-02-08 00:00:00,0.0,0.0,0.0,2.5
2024-02-08 01:00:00,0.0,0.0,0.0,1.6
2024-02-08 02:00:00,0.0,0.0,0.0,0.8
2024-02-08 03:00:00,0.0,0.0,0.0,0.6
2024-02-08 04:00:00,0.0,0.0,0.0,1.5
2024-02-08 05:00:00,0.0,0.0,0.0,1.3
2024-02-08 06:00:00,0.0,0.0,0.0,1.9
2024-02-08 07:00:00,0.0,0.0,0.0,0.9
2024-02-08 08:00:00,0.0,0.0,0.0,2.1
2024-02-08 09:00:00,0.0,0.0,0.0,2.4
2024-02-08 10:00:00,9.0,0.0,9.0,3.2
2024-02-08 11:00:00,22.0,0.0,22.0,3.8
2024-02-08 12:00:00,42.0,0.0,42.0,4.5
2024-02-08 13:00:00,45.0,0.0,45.0,5.1
2024-02-08 14:00:00,35.0,0.0,35.0,5.4
2024-02-08 15:00:00,25.0,0.0,25.0,5.1
2024-02-08 16:00:00,63.0,0.0,63.0,6.2
2024-02-08 17:00:00,40.0,0.0,40.0,6.9
2024-02-08 18:00:00,9.0,0.0,9.0,7.2
2024-02-08 19:00:00,1.0,0.0,1.0,8.9
2024-02-08 20:00:00,0.0,0.0,0.0,10.8
2024-02-08 21:00:00,0.0,0.0,0.0,10.9
2024-02-08 22:00:00,0.0,0.0,0.0,10.7
2024-02-08 23:00:00,0.0,0.0,0.0,10.4
2024-02-09 00:00:00,0.0,0.0,0.0,10.3
2024-02-09 01:00:00,0.0,0.0,0.0,9.6
2024-02-09 02:00:00,0.0,0.0,0.0,9.5
2024-02-09 03:00:00,0.0,0.0,0.0,9.3
2024-02-09 04:00:00,0.0,0.0,0.0,9.5
2024-02-09 05:00:00,0.0,0.0,0.0,9.4
2024-02-09 06:00:00,0.0,0.0,0.0,9.6
2024-02-09 07:00:00,0.0,0.0,0.0,9.7
2024-02-09 08:00:00,0.0,0.0,0.0,9.8
2024-02-09 09:00:00,0.0,0.0,0.0,9.9
2024-02-09 10:00:00,14.0,12.2,13.0,10.4
2024-02-09 11:00:00,31.0,5.1,30.0,11.1
2024-02-09 12:00:00,50.0,0.0,50.0,11.7
2024-02-09 13:00:00,178.0,121.1,133.0,12.7
2024-02-09 14:00:00,246.0,252.5,144.0,13.2
2024-02-09 15:00:00,268.0,427.7,99.0,13.3
2024-02-09 16:00:00,215.0,277.5,119.0,13.5
2024-02-09 17:00:00,155.0,150.2,116.0,13.0
2024-02-09 18:00:00,64.0,21.1,61.0,11.8
2024-02-09 19:00:00,7.0,0.0,7.0,10.2
2024-02-09 20:00:00,0.0,0.0,0.0,9.9
2024-02-09 21:00:00,0.0,0.0,0.0,9.8
2024-02-09 22:00:00,0.0,0.0,0.0,9.3
2024-02-09 23:00:00,0.0,0.0,0.0,9.0
2024-02-10 00:00:00,0.0,0.0,0.0,9.1
2024-02-10 01:00:00,0.0,0.0,0.0,9.2
2024-02-10 02:00:00,0.0,0.0,0.0,9.3
2024-02-10 03:00:00,0.0,0.0,0.0,10.0
2024-02-10 04:00:00,0.0,0.0,0.0,9.5
2024-02-10 05:00:00,0.0,0.0,0.0,8.7
2024-02-10 06:00:00,0.0,0.0,0.0,8.3
2024-02-10 07:00:00,0.0,0.0,0.0,8.0
2024-02-10 08:00:00,0.0,0.0,0.0,7.7
2024-02-10 09:00:00,0.0,0.0,0.0,7.6
2024-02-10 10:00:00,39.0,212.5,21.0,8.1
2024-02-10 11:00:00,150.0,464.6,57.0,9.4
2024-02-10 12:00:00,237.0,438.6,103.0,10.7
2024-02-10 13:00:00,281.0,334.4,155.0,11.6
2024-02-10 14:00:00,299.0,295.8,178.0,12.5
2024-02-10 15:00:00,262.0,224.8,172.0,13.2
2024-02-10 16:00:00,206.0,94.0,173.0,13.1
2024-02-10 17:00:00,109.0,18.9,104.0,12.7
2024-02-10 18:00:00,35.0,0.0,35.0,11.6
2024-02-10 19:00:00,3.0,0.0,3.0,11.0
2024-02-10 20:00:00,0.0,0.0,0.0,10.4
2024-02-10 21:00:00,0.0,0.0,0.0,10.2
2024-02-10 22:00:00,0.0,0.0,0.0,10.0
2024-02-10 23:00:00,0.0,0.0,0.0,9.8
2024-02-11 00:00:00,0.0,0.0,0.0,9.7
2024-02-11 01:00:00,0.0,0.0,0.0,9.1
2024-02-11 02:00:00,0.0,0.0,0.0,9.2
2024-02-11 03:00:00,0.0,0.0,0.0,9.4
2024-02-11 04:00:00,0.0,0.0,0.0,8.8
2024-02-11 05:00:00,0.0,0.0,0.0,8.7
2024-02-11 06:00:00,0.0,0.0,0.0,8.9
2024-02-11 07:00:00,0.0,0.0,0.0,9.3
2024-02-11 08:00:00,0.0,0.0,0.0,8.8
2024-02-11 09:00:00,0.0,0.0,0.0,8.2
2024-02-11 10:00:00,11.0,0.0,11.0,8.2
2024-02-11 11:00:00,48.0,14.6,45.0,8.8
2024-02-11 12:00:00,104.0,83.7,78.0,9.6
2024-02-11 13:00:00,156.0,13.1,151.0,10.0
2024-02-11 14:00:00,229.0,125.5,177.0,10.8
2024-02-11 15:00:00,85.0,2.5,84.0,9.6
2024-02-11 16:00:00,116.0,61.8,94.0,9.9
2024-02-11 17:00:00,151.0,285.6,74.0,9.9
2024-02-11 18:00:00,49.0,52.7,41.0,9.2
2024-02-11 19:00:00,9.0,52.3,6.0,6.9
2024-02-11 20:00:00,0.0,0.0,0.0,6.1
2024-02-11 21:00:00,0.0,0.0,0.0,6.1
2024-02-11 22:00:00,0.0,0.0,0.0,6.5
2024-02-11 23:00:00,0.0,0.0,0.0,6.1
2024-02-12 00:00:00,0.0,0.0,0.0,6.1
2024-02-12 01:00:00,0.0,0.0,0.0,5.4
2024-02-12 02:00:00,0.0,0.0,0.0,5.0
2024-02-12 03:00:00,0.0,0.0,0.0,6.6
2024-02-12 04:00:00,0.0,0.0,0.0,6.1
2024-02-12 05:00:00,0.0,0.0,0.0,6.4
2024-02-12 06:00:00,0.0,0.0,0.0,6.0
2024-02-12 07:00:00,0.0,0.0,0.0,5.8
2024-02-12 08:00:00,0.0,0.0,0.0,6.1
2024-02-12 09:00:00,0.0,0.0,0.0,5.8
2024-02-12 10:00:00,23.0,22.3,21.0,6.3
2024-02-12 11:00:00,70.0,76.2,54.0,6.9
2024-02-12 12:00:00,92.0,15.8,87.0,7.2
2024-02-12 13:00:00,157.0,64.6,132.0,7.9
2024-02-12 14:00:00,232.0,209.7,144.0,8.6
2024-02-12 15:00:00,248.0,299.4,125.0,8.8
2024-02-12 16:00:00,250.0,379.1,113.0,9.1
2024-02-12 17:00:00,191.0,440.5,70.0,8.7
2024-02-12 18:00:00,104.0,395.7,42.0,7.9
2024-02-12 19:00:00,12.0,66.8,8.0,6.9
2024-02-12 20:00:00,0.0,0.0,0.0,6.0
2024-02-12 21:00:00,0.0,0.0,0.0,5.1
2024-02-12 22:00:00,0.0,0.0,0.0,3.8
2024-02-12 23:00:00,0.0,0.0,0.0,2.1
2024-02-13 00:00:00,0.0,0.0,0.0,1.7
2024-02-13 01:00:00,0.0,0.0,0.0,1.5
2024-02-13 02:00:00,0.0,0.0,0.0,1.4
2024-02-13 03:00:00,0.0,0.0,0.0,1.8
2024-02-13 04:00:00,0.0,0.0,0.0,1.3
2024-02-13 05:00:00,0.0,0.0,0.0,1.6
2024-02-13 06:00:00,0.0,0.0,0.0,1.9
2024-02-13 07:00:00,0.0,0.0,0.0,2.1
2024-02-13 08:00:00,0.0,0.0,0.0,1.8
2024-02-13 09:00:00,0.0,0.0,0.0,1.8
2024-02-13 10:00:00,42.0,129.8,30.0,3.1
2024-02-13 11:00:00,130.0,218.5,83.0,5.0
2024-02-13 12:00:00,232.0,361.5,116.0,6.5
2024-02-13 13:00:00,325.0,512.2,124.0,7.9
2024-02-13 14:00:00,282.0,289.5,159.0,8.8
2024-02-13 15:00:00,306.0,370.1,152.0,9.4
2024-02-13 16:00:00,224.0,226.4,141.0,9.7
2024-02-13 17:00:00,121.0,57.2,105.0,9.5
2024-02-13 18:00:00,49.0,12.4,47.0,8.7
2024-02-13 19:00:00,4.0,0.0,4.0,8.5
2024-02-13 20:00:00,0.0,0.0,0.0,8.3
2024-02-13 21:00:00,0.0,0.0,0.0,7.7
2024-02-13 22:00:00,0.0,0.0,0.0,7.4
2024-02-13 23:00:00,0.0,0.0,0.0,7.4
2024-02-14 00:00:00,0.0,0.0,0.0,7.6
2024-02-14 01:00:00,0.0,0.0,0.0,7.7
2024-02-14 02:00:00,0.0,0.0,0.0,8.1
2024-02-14 03:00:00,0.0,0.0,0.0,7.9
2024-02-14 04:00:00,0.0,0.0,0.0,8.3
2024-02-14 05:00:00,0.0,0.0,0.0,8.6
2024-02-14 06:00:00,0.0,0.0,0.0,9.0
2024-02-14 07:00:00,0.0,0.0,0.0,9.1
2024-02-14 08:00:00,0.0,0.0,0.0,9.4
2024-02-14 09:00:00,0.0,0.0,0.0,9.5
2024-02-14 10:00:00,13.0,0.0,13.0,9.9
2024-02-14 11:00:00,39.0,0.0,39.0,10.4
2024-02-14 12:00:00,68.0,0.0,68.0,10.8
2024-02-14 13:00:00,84.0,10.1,80.0,10.9
2024-02-14 14:00:00,67.0,0.0,67.0,11.3
2024-02-14 15:00:00,67.0,0.0,67.0,11.9
2024-02-14 16:00:00,111.0,13.4,106.0,12.5
2024-02-14 17:00:00,112.0,31.6,103.0,12.1
2024-02-14 18:00:00,34.0,0.0,34.0,11.3
2024-02-14 19:00:00,2.0,0.0,2.0,11.2
2024-02-14 20:00:00,0.0,0.0,0.0,11.2
2024-02-14 21:00:00,0.0,0.0,0.0,11.3
2024-02-14 22:00:00,0.0,0.0,0.0,11.3
2024-02-14 23:00:00,0.0,0.0,0.0,11.4
2024-02-15 00:00:00,0.0,0.0,0.0,11.4
2024-02-15 01:00:00,0.0,0.0,0.0,11.5
2024-02-15 02:00:00,0.0,0.0,0.0,11.5
2024-02-15 03:00:00,0.0,0.0,0.0,11.8
2024-02-15 04:00:00,0.0,0.0,0.0,11.6
2024-02-15 05:00:00,0.0,0.0,0.0,10.6
2024-02-15 06:00:00,0.0,0.0,0.0,9.8
2024-02-15 07:00:00,0.0,0.0,0.0,9.6
2024-02-15 08:00:00,0.0,0.0,0.0,9.9
2024-02-15 09:00:00,0.0,0.0,0.0,10.2
2024-02-15 10:00:00,31.0,30.7,28.0,10.6
2024-02-15 11:00:00,113.0,106.5,89.0,11.8
2024-02-15 12:00:00,131.0,81.5,104.0,12.6
2024-02-15 13:00:00,115.0,0.0,115.0,13.0
2024-02-15 14:00:00,251.0,181.3,172.0,14.4
2024-02-15 15:00:00,301.0,330.4,160.0,15.5
2024-02-15 16:00:00,258.0,291.7,148.0,16.0
2024-02-15 17:00:00,142.0,55.2,126.0,15.6
2024-02-15 18:00:00,49.0,0.0,49.0,14.9
2024-02-15 19:00:00,16.0,44.5,13.0,13.7
2024-02-15 20:00:00,0.0,0.0,0.0,13.1
2024-02-15 21:00:00,0.0,0.0,0.0,12.9
2024-02-15 22:00:00,0.0,0.0,0.0,12.3
2024-02-15 23:00:00,0.0,0.0,0.0,11.6
2024-02-16 00:00:00,0.0,0.0,0.0,11.5
2024-02-16 01:00:00,0.0,0.0,0.0,11.4
2024-02-16 02:00:00,0.0,0.0,0.0,11.3
2024-02-16 03:00:00,0.0,0.0,0.0,11.1
2024-02-16 04:00:00,0.0,0.0,0.0,10.7
2024-02-16 05:00:00,0.0,0.0,0.0,10.7
2024-02-16 06:00:00,0.0,0.0,0.0,10.4
2024-02-16 07:00:00,0.0,0.0,0.0,10.6
2024-02-16 08:00:00,0.0,0.0,0.0,10.9
2024-02-16 09:00:00,0.0,0.0,0.0,10.9
2024-02-16 10:00:00,25.0,9.9,24.0,11.2
2024-02-16 11:00:00,86.0,121.4,58.0,12.3
2024-02-16 12:00:00,169.0,103.9,134.0,14.3
2024-02-16 13:00:00,177.0,88.1,141.0,15.2
2024-02-16 14:00:00,198.0,86.1,160.0,15.5
2024-02-16 15:00:00,98.0,0.0,98.0,14.1
2024-02-16 16:00:00,83.0,10.5,79.0,13.7
2024-02-16 17:00:00,25.0,0.0,25.0,12.8
2024-02-16 18:00:00,16.0,0.0,16.0,12.2
2024-02-16 19:00:00,3.0,0.0,3.0,11.7
2024-02-16 20:00:00,0.0,0.0,0.0,10.8
2024-02-16 21:00:00,0.0,0.0,0.0,10.0
2024-02-16 22:00:00,0.0,0.0,0.0,9.6
2024-02-16 23:00:00,0.0,0.0,0.0,10.0
2024-02-17 00:00:00,0.0,0.0,0.0,9.1
2024-02-17 01:00:00,0.0,0.0,0.0,8.9
2024-02-17 02:00:00,0.0,0.0,0.0,7.6
2024-02-17 03:00:00,0.0,0.0,0.0,8.9
2024-02-17 04:00:00,0.0,0.0,0.0,8.3
2024-02-17 05:00:00,0.0,0.0,0.0,8.2
2024-02-17 06:00:00,0.0,0.0,0.0,8.0
2024-02-17 07:00:00,0.0,0.0,0.0,7.5
2024-02-17 08:00:00,0.0,0.0,0.0,7.2
2024-02-17 09:00:00,1.0,0.0,1.0,6.9
2024-02-17 10:00:00,49.0,193.7,29.0,7.5
2024-02-17 11:00:00,134.0,305.2,62.0,8.4
2024-02-17 12:00:00,168.0,152.0,116.0,9.3
2024-02-17 13:00:00,184.0,87.0,148.0,10.3
2024-02-17 14:00:00,163.0,35.8,147.0,11.1
2024-02-17 15:00:00,133.0,38.9,116.0,10.8
2024-02-17 16:00:00,76.0,0.0,76.0,10.4
2024-02-17 17:00:00,88.0,3.3,87.0,10.8
2024-02-17 18:00:00,61.0,44.1,53.0,10.7
2024-02-17 19:00:00,19.0,69.0,14.0,8.5
2024-02-17 20:00:00,0.0,0.0,0.0,9.8
2024-02-17 21:00:00,0.0,0.0,0.0,6.8
2024-02-17 22:00:00,0.0,0.0,0.0,6.3
2024-02-17 23:00:00,0.0,0.0,0.0,5.7
2024-02-18 00:00:00,0.0,0.0,0.0,6.1
2024-02-18 01:00:00,0.0,0.0,0.0,6.1
2024-02-18 02:00:00,0.0,0.0,0.0,6.5
2024-02-18 03:00:00,0.0,0.0,0.0,7.7
2024-02-18 04:00:00,0.0,0.0,0.0,8.0
2024-02-18 05:00:00,0.0,0.0,0.0,8.1
2024-02-18 06:00:00,0.0,0.0,0.0,7.5
2024-02-18 07:00:00,0.0,0.0,0.0,7.1
2024-02-18 08:00:00,0.0,0.0,0.0,6.8
2024-02-18 09:00:00,1.0,0.0,1.0,6.7
2024-02-18 10:00:00,15.0,0.0,15.0,7.0
2024-02-18 11:00:00,49.0,0.0,49.0,7.5
2024-02-18 12:00:00,98.0,2.9,97.0,8.0
2024-02-18 13:00:00,70.0,0.0,70.0,8.1
2024-02-18 14:00:00,83.0,8.8,79.0,8.6
2024-02-18 15:00:00,24.0,0.0,24.0,8.4
2024-02-18 16:00:00,87.0,5.1,85.0,9.0
2024-02-18 17:00:00,15.0,0.0,15.0,8.9
2024-02-18 18:00:00,11.0,0.0,11.0,9.5
2024-02-18 19:00:00,4.0,0.0,4.0,10.0
2024-02-18 20:00:00,0.0,0.0,0.0,10.0
2024-02-18 21:00:00,0.0,0.0,0.0,9.9
2024-02-18 22:00:00,0.0,0.0,0.0,9.3
2024-02-18 23:00:00,0.0,0.0,0.0,8.7
2024-02-19 00:00:00,0.0,0.0,0.0,8.8
2024-02-19 01:00:00,0.0,0.0,0.0,8.8
2024-02-19 02:00:00,0.0,0.0,0.0,8.8
2024-02-19 03:00:00,0.0,0.0,0.0,8.6
2024-02-19 04:00:00,0.0,0.0,0.0,8.0
2024-02-19 05:00:00,0.0,0.0,0.0,7.7
2024-02-19 06:00:00,0.0,0.0,0.0,6.7
2024-02-19 07:00:00,0.0,0.0,0.0,7.3
2024-02-19 08:00:00,0.0,0.0,0.0,7.5
2024-02-19 09:00:00,1.0,0.0,1.0,7.6
2024-02-19 10:00:00,16.0,0.0,16.0,8.2
2024-02-19 11:00:00,67.0,44.6,56.0,9.0
2024-02-19 12:00:00,120.0,70.8,95.0,9.6
2024-02-19 13:00:00,95.0,0.0,95.0,10.3
2024-02-19 14:00:00,176.0,43.7,156.0,11.0
2024-02-19 15:00:00,203.0,71.4,171.0,10.9
2024-02-19 16:00:00,100.0,7.5,97.0,10.6
2024-02-19 17:00:00,46.0,0.0,46.0,9.6
2024-02-19 18:00:00,23.0,0.0,23.0,9.1
2024-02-19 19:00:00,4.0,0.0,4.0,8.5
2024-02-19 20:00:00,0.0,0.0,0.0,8.1
2024-02-19 21:00:00,0.0,0.0,0.0,8.1
2024-02-19 22:00:00,0.0,0.0,0.0,7.6
2024-02-19 23:00:00,0.0,0.0,0.0,7.6
2024-02-20 00:00:00,0.0,0.0,0.0,7.6
2024-02-20 01:00:00,0.0,0.0,0.0,7.2
2024-02-20 02:00:00,0.0,0.0,0.0,6.7
2024-02-20 03:00:00,0.0,0.0,0.0,6.1
2024-02-20 04:00:00,0.0,0.0,0.0,5.9
2024-02-20 05:00:00,0.0,0.0,0.0,5.3
2024-02-20 06:00:00,0.0,0.0,0.0,5.0
2024-02-20 07:00:00,0.0,0.0,0.0,4.8
2024-02-20 08:00:00,0.0,0.0,0.0,3.7
2024-02-20 09:00:00,2.0,0.0,2.0,4.3
2024-02-20 10:00:00,55.0,101.6,43.0,5.8
2024-02-20 11:00:00,152.0,269.9,84.0,7.1
2024-02-20 12:00:00,248.0,357.0,120.0,8.5
2024-02-20 13:00:00,296.0,295.0,169.0,9.7
2024-02-20 14:00:00,259.0,105.8,210.0,10.4
2024-02-20 15:00:00,181.0,33.1,166.0,10.6
2024-02-20 16:00:00,184.0,52.0,163.0,11.2
2024-02-20 17:00:00,122.0,25.3,114.0,11.0
2024-02-20 18:00:00,86.0,51.0,76.0,10.2
2024-02-20 19:00:00,21.0,12.5,20.0,8.9
2024-02-20 20:00:00,0.0,0.0,0.0,8.6
2024-02-20 21:00:00,0.0,0.0,0.0,8.5
2024-02-20 22:00:00,0.0,0.0,0.0,8.1
2024-02-20 23:00:00,0.0,0.0,0.0,7.9
2024-02-21 00:00:00,0.0,0.0,0.0,8.1
2024-02-21 01:00:00,0.0,0.0,0.0,8.1
2024-02-21 02:00:00,0.0,0.0,0.0,8.1
2024-02-21 03:00:00,0.0,0.0,0.0,8.3
2024-02-21 04:00:00,0.0,0.0,0.0,8.2
2024-02-21 05:00:00,0.0,0.0,0.0,8.1
2024-02-21 06:00:00,0.0,0.0,0.0,8.1
2024-02-21 07:00:00,0.0,0.0,0.0,8.2
2024-02-21 08:00:00,0.0,0.0,0.0,8.0
2024-02-21 09:00:00,2.0,0.0,2.0,7.9
2024-02-21 10:00:00,31.0,8.1,30.0,8.2
2024-02-21 11:00:00,63.0,0.0,63.0,8.7
2024-02-21 12:00:00,86.0,2.7,85.0,9.1
2024-02-21 13:00:00,161.0,18.3,153.0,9.7
2024-02-21 14:00:00,140.0,6.4,137.0,10.1
2024-02-21 15:00:00,120.0,2.2,119.0,10.1
2024-02-21 16:00:00,247.0,117.4,199.0,10.9
2024-02-21 17:00:00,146.0,31.2,136.0,10.7
2024-02-21 18:00:00,69.0,14.9,66.0,10.5
2024-02-21 19:00:00,6.0,0.0,6.0,9.5
2024-02-21 20:00:00,0.0,0.0,0.0,8.9
2024-02-21 21:00:00,0.0,0.0,0.0,8.8
2024-02-21 22:00:00,0.0,0.0,0.0,8.8
2024-02-21 23:00:00,0.0,0.0,0.0,9.0
2024-02-22 00:00:00,0.0,0.0,0.0,9.1
2024-02-22 01:00:00,0.0,0.0,0.0,9.2
2024-02-22 02:00:00,0.0,0.0,0.0,9.4
2024-02-22 03:00:00,0.0,0.0,0.0,9.1
2024-02-22 04:00:00,0.0,0.0,0.0,9.2
2024-02-22 05:00:00,0.0,0.0,0.0,9.2
2024-02-22 06:00:00,0.0,0.0,0.0,9.3
2024-02-22 07:00:00,0.0,0.0,0.0,9.4
2024-02-22 08:00:00,0.0,0.0,0.0,9.5
2024-02-22 09:00:00,1.0,0.0,1.0,9.5
2024-02-22 10:00:00,14.0,7.8,13.0,9.6
2024-02-22 11:00:00,70.0,3.8,69.0,10.2
2024-02-22 12:00:00,127.0,18.9,120.0,11.2
2024-02-22 13:00:00,103.0,4.5,101.0,12.0
2024-02-22 14:00:00,55.0,0.0,55.0,12.2
2024-02-22 15:00:00,67.0,0.0,67.0,12.5
2024-02-22 16:00:00,58.0,0.0,58.0,12.5
2024-02-22 17:00:00,171.0,61.4,151.0,13.2
2024-02-22 18:00:00,34.0,0.0,34.0,12.3
2024-02-22 19:00:00,14.0,35.2,11.0,12.1
2024-02-22 20:00:00,0.0,0.0,0.0,11.8
2024-02-22 21:00:00,0.0,0.0,0.0,11.2
2024-02-22 22:00:00,0.0,0.0,0.0,9.2
2024-02-22 23:00:00,0.0,0.0,0.0,8.0
2024-02-23 00:00:00,0.0,0.0,0.0,7.6
2024-02-23 01:00:00,0.0,0.0,0.0,7.0
2024-02-23 02:00:00,0.0,0.0,0.0,5.9
2024-02-23 03:00:00,0.0,0.0,0.0,4.8
2024-02-23 04:00:00,0.0,0.0,0.0,4.1
2024-02-23 05:00:00,0.0,0.0,0.0,3.7
2024-02-23 06:00:00,0.0,0.0,0.0,3.4
2024-02-23 07:00:00,0.0,0.0,0.0,3.4
2024-02-23 08:00:00,0.0,0.0,0.0,3.8
2024-02-23 09:00:00,5.0,19.1,4.0,4.0
2024-02-23 10:00:00,90.0,380.5,39.0,5.2
2024-02-23 11:00:00,215.0,540.5,70.0,6.4
2024-02-23 12:00:00,289.0,477.3,110.0,7.6
2024-02-23 13:00:00,217.0,89.5,177.0,8.2
2024-02-23 14:00:00,313.0,390.0,126.0,8.9
2024-02-23 15:00:00,211.0,174.5,129.0,7.3
2024-02-23 16:00:00,199.0,164.5,130.0,8.1
2024-02-23 17:00:00,230.0,410.8,94.0,7.9
2024-02-23 18:00:00,127.0,360.1,51.0,7.9
2024-02-23 19:00:00,32.0,182.6,16.0,6.4
2024-02-23 20:00:00,0.0,0.0,0.0,5.3
2024-02-23 21:00:00,0.0,0.0,0.0,5.1
2024-02-23 22:00:00,0.0,0.0,0.0,4.8
2024-02-23 23:00:00,0.0,0.0,0.0,4.5
2024-02-24 00:00:00,0.0,0.0,0.0,4.2
2024-02-24 01:00:00,0.0,0.0,0.0,4.1
2024-02-24 02:00:00,0.0,0.0,0.0,4.2
2024-02-24 03:00:00,0.0,0.0,0.0,4.3
2024-02-24 04:00:00,0.0,0.0,0.0,4.2
2024-02-24 05:00:00,0.0,0.0,0.0,4.0
2024-02-24 06:00:00,0.0,0.0,0.0,3.2
2024-02-24 07:00:00,0.0,0.0,0.0,3.1
2024-02-24 08:00:00,0.0,0.0,0.0,3.2
2024-02-24 09:00:00,6.0,19.1,5.0,3.3
2024-02-24 10:00:00,56.0,28.7,52.0,4.4
2024-02-24 11:00:00,110.0,47.5,97.0,5.3
2024-02-24 12:00:00,178.0,123.5,131.0,6.2
2024-02-24 13:00:00,176.0,33.1,161.0,6.6
2024-02-24 14:00:00,371.0,488.6,134.0,7.8
2024-02-24 15:00:00,416.0,666.6,99.0,8.1
2024-02-24 16:00:00,273.0,336.7,130.0,6.8
2024-02-24 17:00:00,288.0,639.4,73.0,7.0
2024-02-24 18:00:00,112.0,129.6,84.0,6.6
2024-02-24 19:00:00,33.0,133.1,21.0,5.2
2024-02-24 20:00:00,0.0,0.0,0.0,3.7
2024-02-24 21:00:00,0.0,0.0,0.0,3.6
2024-02-24 22:00:00,0.0,0.0,0.0,3.6
2024-02-24 23:00:00,0.0,0.0,0.0,3.4
2024-02-25 00:00:00,0.0,0.0,0.0,3.4
2024-02-25 01:00:00,0.0,0.0,0.0,3.9
2024-02-25 02:00:00,0.0,0.0,0.0,4.2
2024-02-25 03:00:00,0.0,0.0,0.0,4.7
2024-02-25 04:00:00,0.0,0.0,0.0,4.6
2024-02-25 05:00:00,0.0,0.0,0.0,4.4
2024-02-25 06:00:00,0.0,0.0,0.0,4.6
2024-02-25 07:00:00,0.0,0.0,0.0,4.8
2024-02-25 08:00:00,0.0,0.0,0.0,4.8
2024-02-25 09:00:00,3.0,0.0,3.0,4.8
2024-02-25 10:00:00,26.0,0.0,26.0,5.2
2024-02-25 11:00:00,127.0,89.4,102.0,6.5
2024-02-25 12:00:00,134.0,20.7,126.0,6.9
2024-02-25 13:00:00,146.0,15.3,139.0,7.3
2024-02-25 14:00:00,275.0,277.2,139.0,8.2
2024-02-25 15:00:00,399.0,605.0,108.0,9.4
2024-02-25 16:00:00,329.0,502.2,113.0,8.8
2024-02-25 17:00:00,282.0,597.5,78.0,9.9
2024-02-25 18:00:00,177.0,565.6,52.0,9.1
2024-02-25 19:00:00,44.0,258.9,20.0,6.9
2024-02-25 20:00:00,0.0,0.0,0.0,5.8
2024-02-25 21:00:00,0.0,0.0,0.0,5.3
2024-02-25 22:00:00,0.0,0.0,0.0,4.9
2024-02-25 23:00:00,0.0,0.0,0.0,5.1
2024-02-26 00:00:00,0.0,0.0,0.0,6.2
2024-02-26 01:00:00,0.0,0.0,0.0,6.4
2024-02-26 02:00:00,0.0,0.0,0.0,6.8
2024-02-26 03:00:00,0.0,0.0,0.0,7.4
2024-02-26 04:00:00,0.0,0.0,0.0,7.0
2024-02-26 05:00:00,0.0,0.0,0.0,6.2
2024-02-26 06:00:00,0.0,0.0,0.0,5.9
2024-02-26 07:00:00,0.0,0.0,0.0,5.6
2024-02-26 08:00:00,0.0,0.0,0.0,5.4
2024-02-26 09:00:00,1.0,0.0,1.0,5.3
2024-02-26 10:00:00,14.0,0.0,14.0,5.7
2024-02-26 11:00:00,28.0,0.0,28.0,5.9
2024-02-26 12:00:00,41.0,0.0,41.0,6.0
2024-02-26 13:00:00,41.0,0.0,41.0,6.1
2024-02-26 14:00:00,72.0,0.0,72.0,6.3
2024-02-26 15:00:00,40.0,0.0,40.0,6.3
2024-02-26 16:00:00,103.0,4.6,101.0,7.2
2024-02-26 17:00:00,45.0,0.0,45.0,7.0
2024-02-26 18:00:00,33.0,4.4,32.0,6.9
2024-02-26 19:00:00,12.0,0.0,12.0,6.6
2024-02-26 20:00:00,0.0,0.0,0.0,6.6
2024-02-26 21:00:00,0.0,0.0,0.0,6.6
2024-02-26 22:00:00,0.0,0.0,0.0,6.6
2024-02-26 23:00:00,0.0,0.0,0.0,6.6
2024-02-27 00:00:00,0.0,0.0,0.0,6.4
2024-02-27 01:00:00,0.0,0.0,0.0,6.1
2024-02-27 02:00:00,0.0,0.0,0.0,5.9
2024-02-27 03:00:00,0.0,0.0,0.0,5.9
2024-02-27 04:00:00,0.0,0.0,0.0,5.8
2024-02-27 05:00:00,0.0,0.0,0.0,5.4
2024-02-27 06:00:00,0.0,0.0,0.0,4.8
2024-02-27 07:00:00,0.0,0.0,0.0,4.5
2024-02-27 08:00:00,0.0,0.0,0.0,3.7
2024-02-27 09:00:00,8.0,35.1,6.0,3.4
2024-02-27 10:00:00,78.0,153.4,54.0,4.1
2024-02-27 11:00:00,159.0,116.8,125.0,4.8
2024-02-27 12:00:00,272.0,301.5,152.0,6.1
2024-02-27 13:00:00,412.0,612.9,124.0,7.5
2024-02-27 14:00:00,488.0,792.8,90.0,8.8
2024-02-27 15:00:00,292.0,152.4,217.0,7.3
2024-02-27 16:00:00,330.0,406.0,151.0,8.2
2024-02-27 17:00:00,282.0,497.4,107.0,8.3
2024-02-27 18:00:00,189.0,571.4,57.0,7.5
2024-02-27 19:00:00,55.0,317.0,24.0,5.4
2024-02-27 20:00:00,0.0,0.0,0.0,3.7
2024-02-27 21:00:00,0.0,0.0,0.0,2.2
2024-02-27 22:00:00,0.0,0.0,0.0,3.3
2024-02-27 23:00:00,0.0,0.0,0.0,0.5
2024-02-28 00:00:00,0.0,0.0,0.0,-0.2
2024-02-28 01:00:00,0.0,0.0,0.0,-0.8
2024-02-28 02:00:00,0.0,0.0,0.0,1.0
2024-02-28 03:00:00,0.0,0.0,0.0,0.5
2024-02-28 04:00:00,0.0,0.0,0.0,-0.7
2024-02-28 05:00:00,0.0,0.0,0.0,-0.6
2024-02-28 06:00:00,0.0,0.0,0.0,-0.6
2024-02-28 07:00:00,0.0,0.0,0.0,-0.2
2024-02-28 08:00:00,0.0,0.0,0.0,0.1
2024-02-28 09:00:00,9.0,16.7,8.0,0.6
2024-02-28 10:00:00,51.0,6.2,50.0,1.8
2024-02-28 11:00:00,111.0,10.1,108.0,3.4
2024-02-28 12:00:00,219.0,165.9,152.0,5.3
2024-02-28 13:00:00,387.0,531.8,134.0,6.9
2024-02-28 14:00:00,465.0,663.7,128.0,8.2
2024-02-28 15:00:00,387.0,434.0,171.0,7.8
2024-02-28 16:00:00,319.0,262.2,202.0,8.2
2024-02-28 17:00:00,216.0,159.6,159.0,8.5
2024-02-28 18:00:00,136.0,148.3,101.0,8.1
2024-02-28 19:00:00,29.0,0.0,29.0,7.0
2024-02-28 20:00:00,0.0,0.0,0.0,6.1
2024-02-28 21:00:00,0.0,0.0,0.0,5.7
2024-02-28 22:00:00,0.0,0.0,0.0,5.4
2024-02-28 23:00:00,0.0,0.0,0.0,4.9
2024-02-29 00:00:00,0.0,0.0,0.0,4.4
2024-02-29 01:00:00,0.0,0.0,0.0,3.6
2024-02-29 02:00:00,0.0,0.0,0.0,3.1
2024-02-29 03:00:00,0.0,0.0,0.0,3.3
2024-02-29 04:00:00,0.0,0.0,0.0,2.8
2024-02-29 05:00:00,0.0,0.0,0.0,2.7
2024-02-29 06:00:00,0.0,0.0,0.0,2.6
2024-02-29 07:00:00,0.0,0.0,0.0,2.6
2024-02-29 08:00:00,0.0,0.0,0.0,2.5
2024-02-29 09:00:00,14.0,47.7,11.0,3.1
2024-02-29 10:00:00,85.0,148.7,60.0,5.2
2024-02-29 11:00:00,132.0,158.5,84.0,6.4
2024-02-29 12:00:00,161.0,205.0,77.0,7.6
2024-02-29 13:00:00,183.0,166.1,103.0,9.1
2024-02-29 14:00:00,276.0,216.2,165.0,10.7
2024-02-29 15:00:00,210.0,111.3,154.0,10.7
2024-02-29 16:00:00,158.0,44.3,138.0,10.9
2024-02-29 17:00:00,157.0,115.9,115.0,11.1
2024-02-29 18:00:00,76.0,70.5,59.0,10.7
2024-02-29 19:00:00,30.0,48.6,25.0,10.1
2024-02-29 20:00:00,0.0,0.0,0.0,9.2
2024-02-29 21:00:00,0.0,0.0,0.0,8.8
2024-02-29 22:00:00,0.0,0.0,0.0,7.9
2024-02-29 23:00:00,0.0,0.0,0.0,7.9
2024-03-01 00:00:00,0.0,0.0,0.0,7.9
2024-03-01 01:00:00,0.0,0.0,0.0,7.7
2024-03-01 02:00:00,0.0,0.0,0.0,6.6
2024-03-01 03:00:00,0.0,0.0,0.0,7.1
2024-03-01 04:00:00,0.0,0.0,0.0,6.9
2024-03-01 05:00:00,0.0,0.0,0.0,6.0
2024-03-01 06:00:00,0.0,0.0,0.0,6.1
2024-03-01 07:00:00,0.0,0.0,0.0,6.3
2024-03-01 08:00:00,0.0,0.0,0.0,7.1
2024-03-01 09:00:00,4.0,0.0,4.0,7.6
2024-03-01 10:00:00,74.0,149.4,48.0,7.3
2024-03-01 11:00:00,115.0,32.4,105.0,7.5
2024-03-01 12:00:00,209.0,117.9,160.0,8.4
2024-03-01 13:00:00,444.0,611.4,146.0,10.3
2024-03-01 14:00:00,492.0,731.8,112.0,10.8
2024-03-01 15:00:00,498.0,786.0,98.0,10.9
2024-03-01 16:00:00,463.0,833.5,82.0,11.1
2024-03-01 17:00:00,196.0,244.9,106.0,10.8
2024-03-01 18:00:00,184.0,422.7,80.0,10.5
2024-03-01 19:00:00,53.0,151.7,37.0,9.6
2024-03-01 20:00:00,1.0,0.0,1.0,8.7
2024-03-01 21:00:00,0.0,0.0,0.0,8.4
2024-03-01 22:00:00,0.0,0.0,0.0,8.2
2024-03-01 23:00:00,0.0,0.0,0.0,7.9
2024-03-02 00:00:00,0.0,0.0,0.0,8.0
2024-03-02 01:00:00,0.0,0.0,0.0,8.0
2024-03-02 02:00:00,0.0,0.0,0.0,7.6
2024-03-02 03:00:00,0.0,0.0,0.0,8.3
2024-03-02 04:00:00,0.0,0.0,0.0,8.3
2024-03-02 05:00:00,0.0,0.0,0.0,8.6
2024-03-02 06:00:00,0.0,0.0,0.0,8.3
2024-03-02 07:00:00,0.0,0.0,0.0,7.8
2024-03-02 08:00:00,0.0,0.0,0.0,7.8
2024-03-02 09:00:00,7.0,14.5,6.0,7.9
2024-03-02 10:00:00,50.0,0.0,50.0,8.2
2024-03-02 11:00:00,68.0,0.0,68.0,8.5
2024-03-02 12:00:00,195.0,123.3,143.0,9.9
2024-03-02 13:00:00,359.0,437.9,143.0,11.4
2024-03-02 14:00:00,488.0,729.5,105.0,12.6
2024-03-02 15:00:00,371.0,379.0,176.0,13.3
2024-03-02 16:00:00,183.0,51.9,159.0,13.2
2024-03-02 17:00:00,218.0,195.9,145.0,13.0
2024-03-02 18:00:00,134.0,119.5,104.0,12.0
2024-03-02 19:00:00,53.0,92.6,43.0,11.4
2024-03-02 20:00:00,1.0,0.0,1.0,11.2
2024-03-02 21:00:00,0.0,0.0,0.0,10.5
2024-03-02 22:00:00,0.0,0.0,0.0,9.9
2024-03-02 23:00:00,0.0,0.0,0.0,9.7
2024-03-03 00:00:00,0.0,0.0,0.0,9.7
2024-03-03 01:00:00,0.0,0.0,0.0,9.6
2024-03-03 02:00:00,0.0,0.0,0.0,9.6
2024-03-03 03:00:00,0.0,0.0,0.0,9.2
2024-03-03 04:00:00,0.0,0.0,0.0,8.6
2024-03-03 05:00:00,0.0,0.0,0.0,8.3
2024-03-03 06:00:00,0.0,0.0,0.0,7.6
2024-03-03 07:00:00,0.0,0.0,0.0,7.8
2024-03-03 08:00:00,0.0,0.0,0.0,7.6
2024-03-03 09:00:00,11.0,0.0,11.0,7.6
2024-03-03 10:00:00,72.0,0.0,72.0,8.3
2024-03-03 11:00:00,141.0,43.7,127.0,9.2
2024-03-03 12:00:00,365.0,575.3,119.0,11.3
2024-03-03 13:00:00,489.0,837.3,71.0,12.9
2024-03-03 14:00:00,520.0,830.9,79.0,13.9
2024-03-03 15:00:00,506.0,817.1,81.0,16.6
2024-03-03 16:00:00,447.0,792.8,76.0,17.1
2024-03-03 17:00:00,342.0,722.4,69.0,17.2
2024-03-03 18:00:00,195.0,472.5,74.0,15.7
2024-03-03 19:00:00,64.0,243.6,37.0,13.4
2024-03-03 20:00:00,1.0,0.0,1.0,11.5
2024-03-03 21:00:00,0.0,0.0,0.0,9.7
2024-03-03 22:00:00,0.0,0.0,0.0,8.5
2024-03-03 23:00:00,0.0,0.0,0.0,8.3
2024-03-04 00:00:00,0.0,0.0,0.0,7.6
2024-03-04 01:00:00,0.0,0.0,0.0,6.9
2024-03-04 02:00:00,0.0,0.0,0.0,7.0
2024-03-04 03:00:00,0.0,0.0,0.0,7.6
2024-03-04 04:00:00,0.0,0.0,0.0,7.4
2024-03-04 05:00:00,0.0,0.0,0.0,7.3
2024-03-04 06:00:00,0.0,0.0,0.0,7.2
2024-03-04 07:00:00,0.0,0.0,0.0,7.0
2024-03-04 08:00:00,0.0,0.0,0.0,6.9
2024-03-04 09:00:00,6.0,0.0,6.0,6.7
2024-03-04 10:00:00,42.0,0.0,42.0,6.8
2024-03-04 11:00:00,81.0,0.0,81.0,7.1
2024-03-04 12:00:00,228.0,191.4,145.0,8.1
2024-03-04 13:00:00,254.0,142.5,182.0,8.9
2024-03-04 14:00:00,235.0,57.8,204.0,9.6
2024-03-04 15:00:00,222.0,87.5,176.0,9.4
2024-03-04 16:00:00,238.0,95.1,193.0,10.1
2024-03-04 17:00:00,185.0,80.9,154.0,10.2
2024-03-04 18:00:00,122.0,118.7,91.0,10.1
2024-03-04 19:00:00,36.0,17.3,34.0,9.4
2024-03-04 20:00:00,1.0,0.0,1.0,8.8
2024-03-04 21:00:00,0.0,0.0,0.0,8.5
2024-03-04 22:00:00,0.0,0.0,0.0,8.2
2024-03-04 23:00:00,0.0,0.0,0.0,8.1
2024-03-05 00:00:00,0.0,0.0,0.0,7.3
2024-03-05 01:00:00,0.0,0.0,0.0,7.0
2024-03-05 02:00:00,0.0,0.0,0.0,6.6
2024-03-05 03:00:00,0.0,0.0,0.0,4.9
2024-03-05 04:00:00,0.0,0.0,0.0,5.7
2024-03-05 05:00:00,0.0,0.0,0.0,6.2
2024-03-05 06:00:00,0.0,0.0,0.0,6.3
2024-03-05 07:00:00,0.0,0.0,0.0,6.4
2024-03-05 08:00:00,0.0,0.0,0.0,6.5
2024-03-05 09:00:00,5.0,0.0,5.0,6.9
2024-03-05 10:00:00,26.0,0.0,26.0,7.2
2024-03-05 11:00:00,47.0,0.0,47.0,7.6
2024-03-05 12:00:00,91.0,2.3,90.0,8.2
2024-03-05 13:00:00,100.0,7.8,96.0,8.6
2024-03-05 14:00:00,98.0,0.0,98.0,8.7
2024-03-05 15:00:00,85.0,0.0,85.0,8.4
2024-03-05 16:00:00,101.0,0.0,101.0,8.5
2024-03-05 17:00:00,131.0,36.1,117.0,8.8
2024-03-05 18:00:00,82.0,0.0,82.0,8.7
2024-03-05 19:00:00,34.0,0.0,34.0,7.8
2024-03-05 20:00:00,2.0,0.0,2.0,6.5
2024-03-05 21:00:00,0.0,0.0,0.0,5.7
2024-03-05 22:00:00,0.0,0.0,0.0,4.7
2024-03-05 23:00:00,0.0,0.0,0.0,3.8
2024-03-06 00:00:00,0.0,0.0,0.0,3.5
2024-03-06 01:00:00,0.0,0.0,0.0,2.9
2024-03-06 02:00:00,0.0,0.0,0.0,2.5
2024-03-06 03:00:00,0.0,0.0,0.0,2.0
2024-03-06 04:00:00,0.0,0.0,0.0,1.9
2024-03-06 05:00:00,0.0,0.0,0.0,1.4
2024-03-06 06:00:00,0.0,0.0,0.0,1.4
2024-03-06 07:00:00,0.0,0.0,0.0,0.7
2024-03-06 08:00:00,0.0,0.0,0.0,1.2
2024-03-06 09:00:00,25.0,110.9,16.0,2.7
2024-03-06 10:00:00,153.0,480.3,55.0,4.3
2024-03-06 11:00:00,290.0,610.9,83.0,6.0
2024-03-06 12:00:00,371.0,538.7,131.0,7.6
2024-03-06 13:00:00,395.0,437.2,169.0,9.1
2024-03-06 14:00:00,415.0,392.3,200.0,10.2
2024-03-06 15:00:00,380.0,378.1,177.0,10.8
2024-03-06 16:00:00,344.0,435.8,133.0,11.3
2024-03-06 17:00:00,237.0,327.9,108.0,11.2
2024-03-06 18:00:00,128.0,177.1,80.0,10.5
2024-03-06 19:00:00,55.0,167.6,34.0,8.9
2024-03-06 20:00:00,2.0,0.0,2.0,7.2
2024-03-06 21:00:00,0.0,0.0,0.0,7.0
2024-03-06 22:00:00,0.0,0.0,0.0,6.2
2024-03-06 23:00:00,0.0,0.0,0.0,5.5
2024-03-07 00:00:00,0.0,0.0,0.0,5.0
2024-03-07 01:00:00,0.0,0.0,0.0,4.0
2024-03-07 02:00:00,0.0,0.0,0.0,3.3
2024-03-07 03:00:00,0.0,0.0,0.0,4.2
2024-03-07 04:00:00,0.0,0.0,0.0,3.4
2024-03-07 05:00:00,0.0,0.0,0.0,3.2
2024-03-07 06:00:00,0.0,0.0,0.0,3.1
2024-03-07 07:00:00,0.0,0.0,0.0,2.6
2024-03-07 08:00:00,0.0,0.0,0.0,2.2
2024-03-07 09:00:00,33.0,201.7,16.0,2.8
2024-03-07 10:00:00,162.0,514.0,54.0,4.7
2024-03-07 11:00:00,309.0,687.2,72.0,6.7
2024-03-07 12:00:00,440.0,795.1,81.0,8.1
2024-03-07 13:00:00,371.0,426.6,148.0,8.8
2024-03-07 14:00:00,200.0,0.0,200.0,9.0
2024-03-07 15:00:00,217.0,62.7,183.0,9.3
2024-03-07 16:00:00,246.0,116.5,189.0,9.7
2024-03-07 17:00:00,145.0,42.6,128.0,9.3
2024-03-07 18:00:00,97.0,47.1,84.0,9.0
2024-03-07 19:00:00,55.0,76.9,45.0,8.5
2024-03-07 20:00:00,3.0,0.0,3.0,6.4
2024-03-07 21:00:00,0.0,0.0,0.0,6.1
2024-03-07 22:00:00,0.0,0.0,0.0,5.3
2024-03-07 23:00:00,0.0,0.0,0.0,4.3
2024-03-08 00:00:00,0.0,0.0,0.0,3.5
2024-03-08 01:00:00,0.0,0.0,0.0,2.9
2024-03-08 02:00:00,0.0,0.0,0.0,2.6
2024-03-08 03:00:00,0.0,0.0,0.0,3.0
2024-03-08 04:00:00,0.0,0.0,0.0,2.8
2024-03-08 05:00:00,0.0,0.0,0.0,2.6
2024-03-08 06:00:00,0.0,0.0,0.0,2.5
2024-03-08 07:00:00,0.0,0.0,0.0,2.2
2024-03-08 08:00:00,0.0,0.0,0.0,1.8
2024-03-08 09:00:00,38.0,228.9,18.0,2.7
2024-03-08 10:00:00,175.0,569.0,52.0,4.6
2024-03-08 11:00:00,324.0,729.5,68.0,6.3
2024-03-08 12:00:00,449.0,813.1,77.0,7.9
2024-03-08 13:00:00,534.0,856.9,81.0,9.1
2024-03-08 14:00:00,572.0,872.3,84.0,10.1
2024-03-08 15:00:00,559.0,872.4,81.0,10.7
2024-03-08 16:00:00,488.0,818.5,83.0,10.7
2024-03-08 17:00:00,378.0,748.0,76.0,10.5
2024-03-08 18:00:00,244.0,654.9,60.0,10.1
2024-03-08 19:00:00,96.0,445.0,36.0,8.7
2024-03-08 20:00:00,5.0,19.1,4.0,7.4
2024-03-08 21:00:00,0.0,0.0,0.0,6.6
2024-03-08 22:00:00,0.0,0.0,0.0,6.5
2024-03-08 23:00:00,0.0,0.0,0.0,6.5
2024-03-09 00:00:00,0.0,0.0,0.0,6.4
2024-03-09 01:00:00,0.0,0.0,0.0,6.1
2024-03-09 02:00:00,0.0,0.0,0.0,5.5
2024-03-09 03:00:00,0.0,0.0,0.0,5.3
2024-03-09 04:00:00,0.0,0.0,0.0,5.2
2024-03-09 05:00:00,0.0,0.0,0.0,5.7
2024-03-09 06:00:00,0.0,0.0,0.0,4.7
2024-03-09 07:00:00,0.0,0.0,0.0,4.4
2024-03-09 08:00:00,0.0,0.0,0.0,4.0
2024-03-09 09:00:00,29.0,44.2,25.0,5.1
2024-03-09 10:00:00,162.0,423.0,68.0,6.3
2024-03-09 11:00:00,310.0,641.5,81.0,8.1
2024-03-09 12:00:00,442.0,785.4,78.0,10.1
2024-03-09 13:00:00,522.0,812.0,88.0,11.5
2024-03-09 14:00:00,557.0,821.1,93.0,12.7
2024-03-09 15:00:00,541.0,807.7,94.0,13.8
2024-03-09 16:00:00,478.0,775.9,90.0,14.4
2024-03-09 17:00:00,374.0,711.8,83.0,14.5
2024-03-09 18:00:00,215.0,419.8,95.0,13.6
2024-03-09 19:00:00,78.0,143.3,58.0,11.9
2024-03-09 20:00:00,4.0,0.0,4.0,10.8
2024-03-09 21:00:00,0.0,0.0,0.0,10.4
2024-03-09 22:00:00,0.0,0.0,0.0,9.9
2024-03-09 23:00:00,0.0,0.0,0.0,10.2
2024-03-10 00:00:00,0.0,0.0,0.0,9.3
2024-03-10 01:00:00,0.0,0.0,0.0,10.1
2024-03-10 02:00:00,0.0,0.0,0.0,9.8
2024-03-10 03:00:00,0.0,0.0,0.0,9.7
2024-03-10 04:00:00,0.0,0.0,0.0,10.0
2024-03-10 05:00:00,0.0,0.0,0.0,10.6
2024-03-10 06:00:00,0.0,0.0,0.0,9.8
2024-03-10 07:00:00,0.0,0.0,0.0,8.5
2024-03-10 08:00:00,0.0,0.0,0.0,7.1
2024-03-10 09:00:00,34.0,42.8,30.0,8.2
2024-03-10 10:00:00,150.0,236.5,96.0,10.2
2024-03-10 11:00:00,268.0,413.2,118.0,11.8
2024-03-10 12:00:00,310.0,191.7,220.0,13.1
2024-03-10 13:00:00,462.0,560.8,159.0,14.4
2024-03-10 14:00:00,557.0,770.9,117.0,15.7
2024-03-10 15:00:00,556.0,826.7,94.0,16.2
2024-03-10 16:00:00,403.0,520.4,140.0,16.3
2024-03-10 17:00:00,332.0,471.1,137.0,16.3
2024-03-10 18:00:00,209.0,357.7,105.0,15.2
2024-03-10 19:00:00,61.0,48.5,54.0,12.4
2024-03-10 20:00:00,4.0,0.0,4.0,11.1
2024-03-10 21:00:00,0.0,0.0,0.0,11.2
2024-03-10 22:00:00,0.0,0.0,0.0,10.5
2024-03-10 23:00:00,0.0,0.0,0.0,9.4
2024-03-11 00:00:00,0.0,0.0,0.0,10.1
2024-03-11 01:00:00,0.0,0.0,0.0,8.5
2024-03-11 02:00:00,0.0,0.0,0.0,8.1
2024-03-11 03:00:00,0.0,0.0,0.0,8.3
2024-03-11 04:00:00,0.0,0.0,0.0,8.0
2024-03-11 05:00:00,0.0,0.0,0.0,7.7
2024-03-11 06:00:00,0.0,0.0,0.0,7.6
2024-03-11 07:00:00,0.0,0.0,0.0,7.5
2024-03-11 08:00:00,0.0,0.0,0.0,7.6
2024-03-11 09:00:00,4.0,0.0,4.0,7.6
2024-03-11 10:00:00,25.0,0.0,25.0,7.7
2024-03-11 11:00:00,57.0,5.4,55.0,7.9
2024-03-11 12:00:00,37.0,0.0,37.0,7.5
2024-03-11 13:00:00,63.0,0.0,63.0,7.5
2024-03-11 14:00:00,51.0,0.0,51.0,7.7
2024-03-11 15:00:00,49.0,0.0,49.0,8.0
2024-03-11 16:00:00,68.0,0.0,68.0,8.1
2024-03-11 17:00:00,54.0,0.0,54.0,8.1
2024-03-11 18:00:00,36.0,0.0,36.0,7.9
2024-03-11 19:00:00,33.0,0.0,33.0,7.7
2024-03-11 20:00:00,2.0,0.0,2.0,7.4
2024-03-11 21:00:00,0.0,0.0,0.0,7.3
2024-03-11 22:00:00,0.0,0.0,0.0,7.5
2024-03-11 23:00:00,0.0,0.0,0.0,7.4
2024-03-12 00:00:00,0.0,0.0,0.0,7.2
2024-03-12 01:00:00,0.0,0.0,0.0,7.1
2024-03-12 02:00:00,0.0,0.0,0.0,7.1
2024-03-12 03:00:00,0.0,0.0,0.0,7.3
2024-03-12 04:00:00,0.0,0.0,0.0,7.2
2024-03-12 05:00:00,0.0,0.0,0.0,7.2
2024-03-12 06:00:00,0.0,0.0,0.0,7.0
2024-03-12 07:00:00,0.0,0.0,0.0,6.8
2024-03-12 08:00:00,0.0,0.0,0.0,6.7
2024-03-12 09:00:00,13.0,0.0,13.0,6.9
2024-03-12 10:00:00,36.0,0.0,36.0,7.1
2024-03-12 11:00:00,43.0,0.0,43.0,7.3
2024-03-12 12:00:00,98.0,10.4,93.0,8.1
2024-03-12 13:00:00,173.0,38.1,152.0,8.9
2024-03-12 14:00:00,245.0,43.0,220.0,9.6
2024-03-12 15:00:00,265.0,94.8,211.0,9.7
2024-03-12 16:00:00,278.0,178.4,186.0,9.7
2024-03-12 17:00:00,136.0,23.6,126.0,9.9
2024-03-12 18:00:00,108.0,36.6,97.0,10.1
2024-03-12 19:00:00,37.0,32.5,32.0,9.3
2024-03-12 20:00:00,3.0,0.0,3.0,8.8
2024-03-12 21:00:00,0.0,0.0,0.0,8.2
2024-03-12 22:00:00,0.0,0.0,0.0,7.8
2024-03-12 23:00:00,0.0,0.0,0.0,7.4
2024-03-13 00:00:00,0.0,0.0,0.0,7.3
2024-03-13 01:00:00,0.0,0.0,0.0,7.2
2024-03-13 02:00:00,0.0,0.0,0.0,7.2
2024-03-13 03:00:00,0.0,0.0,0.0,7.8
2024-03-13 04:00:00,0.0,0.0,0.0,7.7
2024-03-13 05:00:00,0.0,0.0,0.0,7.7
2024-03-13 06:00:00,0.0,0.0,0.0,7.8
2024-03-13 07:00:00,0.0,0.0,0.0,8.2
2024-03-13 08:00:00,0.0,0.0,0.0,8.7
2024-03-13 09:00:00,4.0,0.0,4.0,9.4
2024-03-13 10:00:00,20.0,0.0,20.0,9.9
2024-03-13 11:00:00,39.0,0.0,39.0,10.3
2024-03-13 12:00:00,74.0,0.0,74.0,10.8
2024-03-13 13:00:00,95.0,3.6,93.0,11.1
2024-03-13 14:00:00,123.0,3.4,121.0,11.8
2024-03-13 15:00:00,153.0,12.2,146.0,12.5
2024-03-13 16:00:00,142.0,7.7,138.0,12.7
2024-03-13 17:00:00,96.0,4.7,94.0,12.5
2024-03-13 18:00:00,42.0,6.6,40.0,12.1
2024-03-13 19:00:00,38.0,18.9,35.0,12.0
2024-03-13 20:00:00,5.0,0.0,5.0,11.3
2024-03-13 21:00:00,0.0,0.0,0.0,11.0
2024-03-13 22:00:00,0.0,0.0,0.0,10.8
2024-03-13 23:00:00,0.0,0.0,0.0,10.7
2024-03-14 00:00:00,0.0,0.0,0.0,9.8
2024-03-14 01:00:00,0.0,0.0,0.0,9.4
2024-03-14 02:00:00,0.0,0.0,0.0,9.1
2024-03-14 03:00:00,0.0,0.0,0.0,9.5
2024-03-14 04:00:00,0.0,0.0,0.0,9.0
2024-03-14 05:00:00,0.0,0.0,0.0,8.3
2024-03-14 06:00:00,0.0,0.0,0.0,7.6
2024-03-14 07:00:00,0.0,0.0,0.0,7.1
2024-03-14 08:00:00,0.0,0.0,0.0,6.8
2024-03-14 09:00:00,52.0,160.7,35.0,7.6
2024-03-14 10:00:00,158.0,225.9,101.0,9.1
2024-03-14 11:00:00,276.0,320.6,152.0,10.8
2024-03-14 12:00:00,334.0,247.6,212.0,12.0
2024-03-14 13:00:00,374.0,204.2,259.0,13.3
2024-03-14 14:00:00,496.0,511.0,193.0,14.9
2024-03-14 15:00:00,574.0,820.3,98.0,16.1
2024-03-14 16:00:00,510.0,798.5,90.0,16.6
2024-03-14 17:00:00,376.0,580.9,124.0,16.5
2024-03-14 18:00:00,205.0,235.4,132.0,15.9
2024-03-14 19:00:00,94.0,165.5,67.0,14.6
2024-03-14 20:00:00,8.0,0.0,8.0,13.5
2024-03-14 21:00:00,0.0,0.0,0.0,13.0
2024-03-14 22:00:00,0.0,0.0,0.0,11.7
2024-03-14 23:00:00,0.0,0.0,0.0,11.0
2024-03-15 00:00:00,0.0,0.0,0.0,10.6
2024-03-15 01:00:00,0.0,0.0,0.0,10.7
2024-03-15 02:00:00,0.0,0.0,0.0,10.0
2024-03-15 03:00:00,0.0,0.0,0.0,9.7
2024-03-15 04:00:00,0.0,0.0,0.0,9.3
2024-03-15 05:00:00,0.0,0.0,0.0,9.6
2024-03-15 06:00:00,0.0,0.0,0.0,9.9
2024-03-15 07:00:00,0.0,0.0,0.0,10.2
2024-03-15 08:00:00,0.0,0.0,0.0,11.2
2024-03-15 09:00:00,23.0,0.0,23.0,11.8
2024-03-15 10:00:00,77.0,11.6,74.0,12.6
2024-03-15 11:00:00,285.0,404.8,126.0,13.9
2024-03-15 12:00:00,356.0,415.1,149.0,14.9
2024-03-15 13:00:00,461.0,550.3,148.0,15.1
2024-03-15 14:00:00,444.0,474.6,160.0,15.8
2024-03-15 15:00:00,506.0,638.7,132.0,16.3
2024-03-15 16:00:00,340.0,399.1,128.0,15.0
2024-03-15 17:00:00,279.0,291.7,151.0,14.8
2024-03-15 18:00:00,181.0,273.2,95.0,14.4
2024-03-15 19:00:00,68.0,101.3,51.0,12.7
2024-03-15 20:00:00,8.0,0.0,8.0,11.9
2024-03-15 21:00:00,0.0,0.0,0.0,11.0
2024-03-15 22:00:00,0.0,0.0,0.0,10.9
2024-03-15 23:00:00,0.0,0.0,0.0,10.6
2024-03-16 00:00:00,0.0,0.0,0.0,10.3
2024-03-16 01:00:00,0.0,0.0,0.0,10.1
2024-03-16 02:00:00,0.0,0.0,0.0,10.2
2024-03-16 03:00:00,0.0,0.0,0.0,9.9
2024-03-16 04:00:00,0.0,0.0,0.0,10.0
2024-03-16 05:00:00,0.0,0.0,0.0,10.0
2024-03-16 06:00:00,0.0,0.0,0.0,10.0
2024-03-16 07:00:00,0.0,0.0,0.0,9.5
2024-03-16 08:00:00,0.0,0.0,0.0,9.6
2024-03-16 09:00:00,12.0,0.0,12.0,9.0
2024-03-16 10:00:00,50.0,0.0,50.0,8.7
2024-03-16 11:00:00,124.0,40.1,108.0,8.7
2024-03-16 12:00:00,175.0,55.5,147.0,9.0
2024-03-16 13:00:00,165.0,20.9,153.0,9.3
2024-03-16 14:00:00,349.0,218.6,217.0,10.6
2024-03-16 15:00:00,345.0,208.2,222.0,10.2
2024-03-16 16:00:00,301.0,240.6,172.0,10.4
2024-03-16 17:00:00,179.0,90.1,139.0,9.8
2024-03-16 18:00:00,81.0,0.0,81.0,9.4
2024-03-16 19:00:00,56.0,52.2,47.0,9.1
2024-03-16 20:00:00,9.0,15.8,8.0,7.7
2024-03-16 21:00:00,0.0,0.0,0.0,6.7
2024-03-16 22:00:00,0.0,0.0,0.0,6.6
2024-03-16 23:00:00,0.0,0.0,0.0,5.2
2024-03-17 00:00:00,0.0,0.0,0.0,5.3
2024-03-17 01:00:00,0.0,0.0,0.0,3.9
2024-03-17 02:00:00,0.0,0.0,0.0,4.2
2024-03-17 03:00:00,0.0,0.0,0.0,4.8
2024-03-17 04:00:00,0.0,0.0,0.0,4.1
2024-03-17 05:00:00,0.0,0.0,0.0,4.0
2024-03-17 06:00:00,0.0,0.0,0.0,4.5
2024-03-17 07:00:00,0.0,0.0,0.0,5.3
2024-03-17 08:00:00,1.0,0.0,1.0,5.6
2024-03-17 09:00:00,62.0,205.5,38.0,6.1
2024-03-17 10:00:00,190.0,340.1,98.0,7.4
2024-03-17 11:00:00,288.0,289.1,171.0,9.0
2024-03-17 12:00:00,464.0,679.9,117.0,11.2
2024-03-17 13:00:00,535.0,637.7,165.0,12.6
2024-03-17 14:00:00,447.0,346.2,236.0,13.2
2024-03-17 15:00:00,356.0,164.4,258.0,13.3
2024-03-17 16:00:00,305.0,120.1,240.0,13.6
2024-03-17 17:00:00,153.0,4.5,151.0,13.4
2024-03-17 18:00:00,142.0,30.8,132.0,13.4
2024-03-17 19:00:00,55.0,28.2,50.0,12.4
2024-03-17 20:00:00,11.0,15.2,10.0,11.0
2024-03-17 21:00:00,0.0,0.0,0.0,11.0
2024-03-17 22:00:00,0.0,0.0,0.0,10.8
2024-03-17 23:00:00,0.0,0.0,0.0,10.0
2024-03-18 00:00:00,0.0,0.0,0.0,10.1
2024-03-18 01:00:00,0.0,0.0,0.0,9.9
2024-03-18 02:00:00,0.0,0.0,0.0,9.5
2024-03-18 03:00:00,0.0,0.0,0.0,9.3
2024-03-18 04:00:00,0.0,0.0,0.0,9.2
2024-03-18 05:00:00,0.0,0.0,0.0,9.3
2024-03-18 06:00:00,0.0,0.0,0.0,9.0
2024-03-18 07:00:00,0.0,0.0,0.0,8.4
2024-03-18 08:00:00,1.0,0.0,1.0,8.5
2024-03-18 09:00:00,29.0,0.0,29.0,9.2
2024-03-18 10:00:00,98.0,3.6,97.0,10.4
2024-03-18 11:00:00,205.0,97.4,165.0,11.9
2024-03-18 12:00:00,176.0,25.2,163.0,12.3
2024-03-18 13:00:00,229.0,92.2,175.0,12.8
2024-03-18 14:00:00,192.0,21.1,179.0,12.4
2024-03-18 15:00:00,328.0,182.9,218.0,14.1
2024-03-18 16:00:00,320.0,203.1,209.0,14.3
2024-03-18 17:00:00,271.0,282.2,143.0,14.0
2024-03-18 18:00:00,175.0,203.6,108.0,13.6
2024-03-18 19:00:00,98.0,209.1,60.0,12.4
2024-03-18 20:00:00,14.0,58.9,10.0,12.6
2024-03-18 21:00:00,0.0,0.0,0.0,11.6
2024-03-18 22:00:00,0.0,0.0,0.0,10.8
2024-03-18 23:00:00,0.0,0.0,0.0,7.5
2024-03-19 00:00:00,0.0,0.0,0.0,6.5
2024-03-19 01:00:00,0.0,0.0,0.0,7.1
2024-03-19 02:00:00,0.0,0.0,0.0,7.3
2024-03-19 03:00:00,0.0,0.0,0.0,7.2
2024-03-19 04:00:00,0.0,0.0,0.0,6.8
2024-03-19 05:00:00,0.0,0.0,0.0,6.6
2024-03-19 06:00:00,0.0,0.0,0.0,7.0
2024-03-19 07:00:00,0.0,0.0,0.0,6.2
2024-03-19 08:00:00,3.0,0.0,3.0,5.8
2024-03-19 09:00:00,74.0,247.7,42.0,7.5
2024-03-19 10:00:00,208.0,385.4,99.0,9.9
2024-03-19 11:00:00,257.0,244.7,155.0,11.5
2024-03-19 12:00:00,387.0,310.3,225.0,13.1
2024-03-19 13:00:00,480.0,446.3,216.0,14.3
2024-03-19 14:00:00,538.0,515.8,218.0,15.4
2024-03-19 15:00:00,482.0,471.4,196.0,16.1
2024-03-19 16:00:00,346.0,288.3,187.0,16.2
2024-03-19 17:00:00,230.0,174.5,150.0,16.2
2024-03-19 18:00:00,187.0,221.6,113.0,16.0
2024-03-19 19:00:00,98.0,230.7,55.0,14.5
2024-03-19 20:00:00,15.0,56.9,11.0,12.5
2024-03-19 21:00:00,0.0,0.0,0.0,11.3
2024-03-19 22:00:00,0.0,0.0,0.0,10.4
2024-03-19 23:00:00,0.0,0.0,0.0,10.5
2024-03-20 00:00:00,0.0,0.0,0.0,9.5
2024-03-20 01:00:00,0.0,0.0,0.0,9.1
2024-03-20 02:00:00,0.0,0.0,0.0,9.1
2024-03-20 03:00:00,0.0,0.0,0.0,8.3
2024-03-20 04:00:00,0.0,0.0,0.0,7.7
2024-03-20 05:00:00,0.0,0.0,0.0,7.3
2024-03-20 06:00:00,0.0,0.0,0.0,7.4
2024-03-20 07:00:00,0.0,0.0,0.0,7.5
2024-03-20 08:00:00,3.0,0.0,3.0,7.5
2024-03-20 09:00:00,59.0,51.7,52.0,8.8
2024-03-20 10:00:00,159.0,110.8,127.0,10.5
2024-03-20 11:00:00,287.0,257.8,178.0,12.5
2024-03-20 12:00:00,423.0,429.9,196.0,14.6
2024-03-20 13:00:00,508.0,495.6,212.0,16.3
2024-03-20 14:00:00,524.0,453.8,240.0,17.3
2024-03-20 15:00:00,510.0,454.3,232.0,18.1
2024-03-20 16:00:00,407.0,359.4,207.0,18.1
2024-03-20 17:00:00,241.0,151.1,171.0,17.8
2024-03-20 18:00:00,147.0,35.4,135.0,17.8
2024-03-20 19:00:00,83.0,62.8,71.0,16.2
2024-03-20 20:00:00,14.0,0.0,14.0,12.9
2024-03-20 21:00:00,0.0,0.0,0.0,12.3
2024-03-20 22:00:00,0.0,0.0,0.0,10.8
2024-03-20 23:00:00,0.0,0.0,0.0,9.5
2024-03-21 00:00:00,0.0,0.0,0.0,8.9
2024-03-21 01:00:00,0.0,0.0,0.0,9.4
2024-03-21 02:00:00,0.0,0.0,0.0,8.7
2024-03-21 03:00:00,0.0,0.0,0.0,7.8
2024-03-21 04:00:00,0.0,0.0,0.0,8.5
2024-03-21 05:00:00,0.0,0.0,0.0,8.9
2024-03-21 06:00:00,0.0,0.0,0.0,8.6
2024-03-21 07:00:00,0.0,0.0,0.0,9.2
2024-03-21 08:00:00,5.0,19.1,4.0,8.4
2024-03-21 09:00:00,53.0,42.4,47.0,9.5
2024-03-21 10:00:00,126.0,88.1,100.0,9.5
2024-03-21 11:00:00,166.0,42.0,148.0,9.7
2024-03-21 12:00:00,224.0,58.1,193.0,10.3
2024-03-21 13:00:00,404.0,235.5,262.0,11.7
2024-03-21 14:00:00,401.0,183.7,285.0,12.6
2024-03-21 15:00:00,403.0,215.5,270.0,12.3
2024-03-21 16:00:00,423.0,375.8,212.0,12.6
2024-03-21 17:00:00,256.0,117.5,201.0,12.3
2024-03-21 18:00:00,190.0,113.6,151.0,12.1
2024-03-21 19:00:00,64.0,5.1,63.0,11.4
2024-03-21 20:00:00,12.0,0.0,12.0,9.9
2024-03-21 21:00:00,0.0,0.0,0.0,9.7
2024-03-21 22:00:00,0.0,0.0,0.0,9.9
2024-03-21 23:00:00,0.0,0.0,0.0,9.6
2024-03-22 00:00:00,0.0,0.0,0.0,9.6
2024-03-22 01:00:00,0.0,0.0,0.0,9.2
2024-03-22 02:00:00,0.0,0.0,0.0,9.3
2024-03-22 03:00:00,0.0,0.0,0.0,9.3
2024-03-22 04:00:00,0.0,0.0,0.0,9.9
2024-03-22 05:00:00,0.0,0.0,0.0,10.3
2024-03-22 06:00:00,0.0,0.0,0.0,10.3
2024-03-22 07:00:00,0.0,0.0,0.0,10.3
2024-03-22 08:00:00,3.0,0.0,3.0,11.1
2024-03-22 09:00:00,17.0,0.0,17.0,11.4
2024-03-22 10:00:00,53.0,0.0,53.0,11.8
2024-03-22 11:00:00,99.0,6.9,96.0,12.0
2024-03-22 12:00:00,219.0,42.6,196.0,12.5
2024-03-22 13:00:00,287.0,60.8,250.0,12.7
2024-03-22 14:00:00,97.0,0.0,97.0,11.7
2024-03-22 15:00:00,165.0,22.5,151.0,13.1
2024-03-22 16:00:00,171.0,31.8,153.0,12.7
2024-03-22 17:00:00,73.0,0.0,73.0,11.8
2024-03-22 18:00:00,27.0,0.0,27.0,11.0
2024-03-22 19:00:00,21.0,0.0,21.0,10.6
2024-03-22 20:00:00,4.0,0.0,4.0,10.1
2024-03-22 21:00:00,0.0,0.0,0.0,9.7
2024-03-22 22:00:00,0.0,0.0,0.0,9.3
2024-03-22 23:00:00,0.0,0.0,0.0,8.8
2024-03-23 00:00:00,0.0,0.0,0.0,8.3
2024-03-23 01:00:00,0.0,0.0,0.0,7.7
2024-03-23 02:00:00,0.0,0.0,0.0,7.1
2024-03-23 03:00:00,0.0,0.0,0.0,7.5
2024-03-23 04:00:00,0.0,0.0,0.0,6.4
2024-03-23 05:00:00,0.0,0.0,0.0,6.1
2024-03-23 06:00:00,0.0,0.0,0.0,5.8
2024-03-23 07:00:00,0.0,0.0,0.0,5.7
2024-03-23 08:00:00,3.0,0.0,3.0,5.7
2024-03-23 09:00:00,82.0,175.3,55.0,6.4
2024-03-23 10:00:00,215.0,429.5,83.0,6.5
2024-03-23 11:00:00,288.0,340.3,138.0,7.2
2024-03-23 12:00:00,524.0,733.4,124.0,8.5
2024-03-23 13:00:00,409.0,306.2,221.0,8.4
2024-03-23 14:00:00,495.0,431.4,218.0,6.8
2024-03-23 15:00:00,553.0,653.4,143.0,8.9
2024-03-23 16:00:00,433.0,460.3,170.0,8.1
2024-03-23 17:00:00,368.0,492.0,133.0,7.9
2024-03-23 18:00:00,297.0,587.1,90.0,8.1
2024-03-23 19:00:00,136.0,371.2,60.0,7.1
2024-03-23 20:00:00,25.0,113.3,16.0,5.7
2024-03-23 21:00:00,0.0,0.0,0.0,4.8
2024-03-23 22:00:00,0.0,0.0,0.0,3.9
2024-03-23 23:00:00,0.0,0.0,0.0,3.8
2024-03-24 00:00:00,0.0,0.0,0.0,3.9
2024-03-24 01:00:00,0.0,0.0,0.0,3.7
2024-03-24 02:00:00,0.0,0.0,0.0,3.4
2024-03-24 03:00:00,0.0,0.0,0.0,3.7
2024-03-24 04:00:00,0.0,0.0,0.0,4.1
2024-03-24 05:00:00,0.0,0.0,0.0,3.9
2024-03-24 06:00:00,0.0,0.0,0.0,4.2
2024-03-24 07:00:00,0.0,0.0,0.0,3.9
2024-03-24 08:00:00,4.0,0.0,4.0,4.2
2024-03-24 09:00:00,66.0,81.1,53.0,4.7
2024-03-24 10:00:00,126.0,51.0,110.0,5.2
2024-03-24 11:00:00,256.0,167.9,181.0,6.5
2024-03-24 12:00:00,338.0,277.6,185.0,7.6
2024-03-24 13:00:00,180.0,0.0,180.0,7.8
2024-03-24 14:00:00,198.0,4.6,195.0,8.6
2024-03-24 15:00:00,273.0,85.4,219.0,7.1
2024-03-24 16:00:00,250.0,112.8,185.0,8.0
2024-03-24 17:00:00,297.0,308.9,148.0,8.5
2024-03-24 18:00:00,207.0,266.0,112.0,7.7
2024-03-24 19:00:00,113.0,253.2,60.0,7.1
2024-03-24 20:00:00,16.0,49.0,12.0,6.6
2024-03-24 21:00:00,0.0,0.0,0.0,6.2
2024-03-24 22:00:00,0.0,0.0,0.0,5.9
2024-03-24 23:00:00,0.0,0.0,0.0,5.4
2024-03-25 00:00:00,0.0,0.0,0.0,5.1
2024-03-25 01:00:00,0.0,0.0,0.0,4.5
2024-03-25 02:00:00,0.0,0.0,0.0,4.3
2024-03-25 03:00:00,0.0,0.0,0.0,4.1
2024-03-25 04:00:00,0.0,0.0,0.0,4.5
2024-03-25 05:00:00,0.0,0.0,0.0,4.6
2024-03-25 06:00:00,0.0,0.0,0.0,4.5
2024-03-25 07:00:00,0.0,0.0,0.0,4.0
2024-03-25 08:00:00,7.0,16.9,6.0,3.7
2024-03-25 09:00:00,98.0,282.4,51.0,4.3
2024-03-25 10:00:00,224.0,406.9,94.0,5.8
2024-03-25 11:00:00,347.0,474.9,132.0,7.3
2024-03-25 12:00:00,415.0,416.6,183.0,8.3
2024-03-25 13:00:00,485.0,420.7,222.0,9.2
2024-03-25 14:00:00,574.0,553.1,213.0,10.1
2024-03-25 15:00:00,563.0,536.3,221.0,11.0
2024-03-25 16:00:00,520.0,591.9,176.0,11.7
2024-03-25 17:00:00,410.0,533.8,150.0,11.8
2024-03-25 18:00:00,293.0,514.2,107.0,11.4
2024-03-25 19:00:00,162.0,495.7,56.0,9.8
2024-03-25 20:00:00,32.0,190.6,16.0,7.6
2024-03-25 21:00:00,0.0,0.0,0.0,7.2
2024-03-25 22:00:00,0.0,0.0,0.0,6.6
2024-03-25 23:00:00,0.0,0.0,0.0,6.5
2024-03-26 00:00:00,0.0,0.0,0.0,5.6
2024-03-26 01:00:00,0.0,0.0,0.0,5.3
2024-03-26 02:00:00,0.0,0.0,0.0,5.3
2024-03-26 03:00:00,0.0,0.0,0.0,6.3
2024-03-26 04:00:00,0.0,0.0,0.0,6.1
2024-03-26 05:00:00,0.0,0.0,0.0,6.0
2024-03-26 06:00:00,0.0,0.0,0.0,5.9
2024-03-26 07:00:00,0.0,0.0,0.0,5.6
2024-03-26 08:00:00,12.0,48.1,9.0,5.4
2024-03-26 09:00:00,105.0,231.7,65.0,6.4
2024-03-26 10:00:00,90.0,9.2,87.0,7.2
2024-03-26 11:00:00,132.0,0.0,132.0,8.3
2024-03-26 12:00:00,255.0,142.2,175.0,9.7
2024-03-26 13:00:00,318.0,145.9,226.0,10.7
2024-03-26 14:00:00,212.0,0.0,212.0,11.3
2024-03-26 15:00:00,399.0,155.6,299.0,12.7
2024-03-26 16:00:00,426.0,317.4,240.0,13.6
2024-03-26 17:00:00,301.0,205.4,200.0,13.6
2024-03-26 18:00:00,194.0,152.9,138.0,13.2
2024-03-26 19:00:00,112.0,178.6,73.0,12.5
2024-03-26 20:00:00,31.0,174.0,16.0,11.3
2024-03-26 21:00:00,0.0,0.0,0.0,10.3
2024-03-26 22:00:00,0.0,0.0,0.0,9.9
2024-03-26 23:00:00,0.0,0.0,0.0,10.2
2024-03-27 00:00:00,0.0,0.0,0.0,9.9
2024-03-27 01:00:00,0.0,0.0,0.0,9.7
2024-03-27 02:00:00,0.0,0.0,0.0,9.4
2024-03-27 03:00:00,0.0,0.0,0.0,8.7
2024-03-27 04:00:00,0.0,0.0,0.0,8.5
2024-03-27 05:00:00,0.0,0.0,0.0,8.3
2024-03-27 06:00:00,0.0,0.0,0.0,7.7
2024-03-27 07:00:00,0.0,0.0,0.0,7.4
2024-03-27 08:00:00,7.0,0.0,7.0,7.6
2024-03-27 09:00:00,96.0,139.9,71.0,8.6
2024-03-27 10:00:00,173.0,105.6,138.0,9.8
2024-03-27 11:00:00,284.0,150.7,214.0,10.5
2024-03-27 12:00:00,216.0,29.9,199.0,10.3
2024-03-27 13:00:00,252.0,36.2,229.0,10.2
2024-03-27 14:00:00,164.0,0.0,164.0,9.1
2024-03-27 15:00:00,143.0,6.2,139.0,8.9
2024-03-27 16:00:00,241.0,25.4,226.0,9.5
2024-03-27 17:00:00,154.0,18.1,145.0,9.7
2024-03-27 18:00:00,143.0,51.2,124.0,10.0
2024-03-27 19:00:00,46.0,4.5,45.0,9.5
2024-03-27 20:00:00,10.0,0.0,10.0,8.9
2024-03-27 21:00:00,0.0,0.0,0.0,8.5
2024-03-27 22:00:00,0.0,0.0,0.0,7.7
2024-03-27 23:00:00,0.0,0.0,0.0,7.3
2024-03-28 00:00:00,0.0,0.0,0.0,7.2
2024-03-28 01:00:00,0.0,0.0,0.0,6.8
2024-03-28 02:00:00,0.0,0.0,0.0,6.8
2024-03-28 03:00:00,0.0,0.0,0.0,6.6
2024-03-28 04:00:00,0.0,0.0,0.0,6.3
2024-03-28 05:00:00,0.0,0.0,0.0,6.0
2024-03-28 06:00:00,0.0,0.0,0.0,5.9
2024-03-28 07:00:00,0.0,0.0,0.0,5.4
2024-03-28 08:00:00,17.0,116.8,9.0,5.6
2024-03-28 09:00:00,139.0,497.8,47.0,7.5
2024-03-28 10:00:00,79.0,29.6,69.0,7.6
2024-03-28 11:00:00,121.0,12.8,115.0,8.3
2024-03-28 12:00:00,102.0,12.2,95.0,9.0
2024-03-28 13:00:00,236.0,31.2,216.0,9.7
2024-03-28 14:00:00,582.0,612.1,173.0,11.3
2024-03-28 15:00:00,394.0,214.6,254.0,10.4
2024-03-28 16:00:00,489.0,554.2,159.0,11.4
2024-03-28 17:00:00,428.0,640.8,107.0,11.3
2024-03-28 18:00:00,165.0,103.9,126.0,10.3
2024-03-28 19:00:00,76.0,17.6,72.0,10.1
2024-03-28 20:00:00,23.0,44.1,19.0,9.6
2024-03-28 21:00:00,0.0,0.0,0.0,9.1
2024-03-28 22:00:00,0.0,0.0,0.0,8.9
2024-03-28 23:00:00,0.0,0.0,0.0,8.9
2024-03-29 00:00:00,0.0,0.0,0.0,8.6
2024-03-29 01:00:00,0.0,0.0,0.0,8.2
2024-03-29 02:00:00,0.0,0.0,0.0,7.8
2024-03-29 03:00:00,0.0,0.0,0.0,7.7
2024-03-29 04:00:00,0.0,0.0,0.0,8.1
2024-03-29 05:00:00,0.0,0.0,0.0,7.9
2024-03-29 06:00:00,0.0,0.0,0.0,7.7
2024-03-29 07:00:00,0.0,0.0,0.0,7.4
2024-03-29 08:00:00,3.0,0.0,3.0,7.4
2024-03-29 09:00:00,46.0,15.7,43.0,8.5
2024-03-29 10:00:00,127.0,29.1,117.0,10.4
2024-03-29 11:00:00,268.0,203.8,171.0,12.7
2024-03-29 12:00:00,343.0,191.6,232.0,13.6
2024-03-29 13:00:00,285.0,100.5,220.0,13.4
2024-03-29 14:00:00,252.0,49.0,219.0,13.7
2024-03-29 15:00:00,354.0,115.6,278.0,14.2
2024-03-29 16:00:00,330.0,231.6,191.0,14.4
2024-03-29 17:00:00,363.0,375.9,173.0,14.8
2024-03-29 18:00:00,206.0,134.3,155.0,14.0
2024-03-29 19:00:00,87.0,51.8,75.0,12.1
2024-03-29 20:00:00,11.0,0.0,11.0,11.5
2024-03-29 21:00:00,0.0,0.0,0.0,11.0
2024-03-29 22:00:00,0.0,0.0,0.0,10.2
2024-03-29 23:00:00,0.0,0.0,0.0,9.7
2024-03-30 00:00:00,0.0,0.0,0.0,9.4
2024-03-30 01:00:00,0.0,0.0,0.0,9.1
2024-03-30 02:00:00,0.0,0.0,0.0,9.1
2024-03-30 03:00:00,0.0,0.0,0.0,9.1
2024-03-30 04:00:00,0.0,0.0,0.0,8.8
2024-03-30 05:00:00,0.0,0.0,0.0,8.7
2024-03-30 06:00:00,0.0,0.0,0.0,9.1
2024-03-30 07:00:00,0.0,0.0,0.0,9.1
2024-03-30 08:00:00,17.0,40.2,14.0,9.3
2024-03-30 09:00:00,100.0,81.3,84.0,10.6
2024-03-30 10:00:00,174.0,68.7,150.0,12.4
2024-03-30 11:00:00,295.0,209.8,194.0,14.2
2024-03-30 12:00:00,522.0,668.7,131.0,16.6
2024-03-30 13:00:00,526.0,489.4,207.0,18.1
2024-03-30 14:00:00,513.0,495.4,177.0,18.3
2024-03-30 15:00:00,405.0,303.6,204.0,18.0
2024-03-30 16:00:00,366.0,314.2,176.0,16.8
2024-03-30 17:00:00,153.0,35.3,135.0,14.9
2024-03-30 18:00:00,150.0,49.5,131.0,12.9
2024-03-30 19:00:00,56.0,0.0,56.0,11.6
2024-03-30 20:00:00,14.0,0.0,14.0,10.6
2024-03-30 21:00:00,0.0,0.0,0.0,10.5
2024-03-30 22:00:00,0.0,0.0,0.0,10.2
2024-03-30 23:00:00,0.0,0.0,0.0,9.9
2024-03-31 00:00:00,0.0,0.0,0.0,8.5
2024-03-31 01:00:00,0.0,0.0,0.0,7.6
2024-03-31 02:00:00,0.0,0.0,0.0,6.5
2024-03-31 03:00:00,0.0,0.0,0.0,6.8
2024-03-31 04:00:00,0.0,0.0,0.0,6.4
2024-03-31 05:00:00,0.0,0.0,0.0,7.3
2024-03-31 06:00:00,0.0,0.0,0.0,7.9
2024-03-31 07:00:00,0.0,0.0,0.0,8.4
2024-03-31 08:00:00,12.0,0.0,12.0,8.9
2024-03-31 09:00:00,111.0,276.2,55.0,10.1
2024-03-31 10:00:00,274.0,467.6,108.0,11.9
2024-03-31 11:00:00,424.0,630.3,117.0,13.7
2024-03-31 12:00:00,556.0,744.0,117.0,15.3
2024-03-31 13:00:00,642.0,806.8,112.0,16.9
2024-03-31 14:00:00,568.0,598.7,159.0,17.5
2024-03-31 15:00:00,428.0,352.4,193.0,17.5
2024-03-31 16:00:00,374.0,193.7,256.0,17.3
2024-03-31 17:00:00,250.0,118.6,189.0,16.9
2024-03-31 18:00:00,243.0,262.5,141.0,17.1
2024-03-31 19:00:00,59.0,0.0,59.0,13.9
2024-03-31 20:00:00,25.0,0.0,25.0,12.7
2024-03-31 21:00:00,0.0,0.0,0.0,11.4
2024-03-31 22:00:00,0.0,0.0,0.0,11.3
2024-03-31 23:00:00,0.0,0.0,0.0,11.1
2024-04-01 00:00:00,0.0,0.0,0.0,9.8
2024-04-01 01:00:00,0.0,0.0,0.0,9.2
2024-04-01 02:00:00,0.0,0.0,0.0,9.1
2024-04-01 03:00:00,0.0,0.0,0.0,9.5
2024-04-01 04:00:00,0.0,0.0,0.0,9.3
2024-04-01 05:00:00,0.0,0.0,0.0,9.1
2024-04-01 06:00:00,0.0,0.0,0.0,9.0
2024-04-01 07:00:00,0.0,0.0,0.0,8.9
2024-04-01 08:00:00,8.0,0.0,8.0,9.0
2024-04-01 09:00:00,20.0,0.0,20.0,9.2
2024-04-01 10:00:00,41.0,0.0,41.0,9.2
2024-04-01 11:00:00,112.0,10.2,107.0,9.6
2024-04-01 12:00:00,37.0,0.0,37.0,9.2
2024-04-01 13:00:00,298.0,107.3,227.0,10.6
2024-04-01 14:00:00,112.0,0.0,112.0,10.2
2024-04-01 15:00:00,52.0,0.0,52.0,9.9
2024-04-01 16:00:00,204.0,14.7,195.0,11.2
2024-04-01 17:00:00,238.0,61.7,206.0,12.0
2024-04-01 18:00:00,186.0,76.4,156.0,12.1
2024-04-01 19:00:00,127.0,114.4,99.0,11.8
2024-04-01 20:00:00,35.0,40.3,31.0,10.3
2024-04-01 21:00:00,0.0,0.0,0.0,9.9
2024-04-01 22:00:00,0.0,0.0,0.0,8.9
2024-04-01 23:00:00,0.0,0.0,0.0,8.5
2024-04-02 00:00:00,0.0,0.0,0.0,8.4
2024-04-02 01:00:00,0.0,0.0,0.0,8.3
2024-04-02 02:00:00,0.0,0.0,0.0,7.8
2024-04-02 03:00:00,0.0,0.0,0.0,8.0
2024-04-02 04:00:00,0.0,0.0,0.0,7.9
2024-04-02 05:00:00,0.0,0.0,0.0,7.7
2024-04-02 06:00:00,0.0,0.0,0.0,7.5
2024-04-02 07:00:00,0.0,0.0,0.0,7.4
2024-04-02 08:00:00,23.0,108.0,14.0,7.8
2024-04-02 09:00:00,134.0,303.2,69.0,9.3
2024-04-02 10:00:00,149.0,46.4,132.0,9.9
2024-04-02 11:00:00,155.0,34.1,138.0,10.1
2024-04-02 12:00:00,189.0,35.0,168.0,10.6
2024-04-02 13:00:00,247.0,45.0,217.0,11.0
2024-04-02 14:00:00,243.0,26.0,225.0,11.6
2024-04-02 15:00:00,207.0,72.5,158.0,10.3
2024-04-02 16:00:00,382.0,276.6,211.0,11.8
2024-04-02 17:00:00,144.0,22.9,132.0,10.8
2024-04-02 18:00:00,115.0,68.0,88.0,10.5
2024-04-02 19:00:00,68.0,36.1,59.0,10.7
2024-04-02 20:00:00,20.0,49.3,15.0,10.6
2024-04-02 21:00:00,0.0,0.0,0.0,10.3
2024-04-02 22:00:00,0.0,0.0,0.0,9.8
2024-04-02 23:00:00,0.0,0.0,0.0,8.1
2024-04-03 00:00:00,0.0,0.0,0.0,8.8
2024-04-03 01:00:00,0.0,0.0,0.0,8.8
2024-04-03 02:00:00,0.0,0.0,0.0,9.3
2024-04-03 03:00:00,0.0,0.0,0.0,9.8
2024-04-03 04:00:00,0.0,0.0,0.0,9.6
2024-04-03 05:00:00,0.0,0.0,0.0,9.4
2024-04-03 06:00:00,0.0,0.0,0.0,9.3
2024-04-03 07:00:00,0.0,0.0,0.0,9.3
2024-04-03 08:00:00,17.0,0.0,17.0,9.2
2024-04-03 09:00:00,67.0,4.5,66.0,9.8
2024-04-03 10:00:00,67.0,2.7,66.0,9.7
2024-04-03 11:00:00,145.0,4.0,143.0,10.7
2024-04-03 12:00:00,146.0,0.0,146.0,11.4
2024-04-03 13:00:00,85.0,0.0,85.0,10.7
2024-04-03 14:00:00,181.0,15.8,170.0,11.7
2024-04-03 15:00:00,126.0,14.7,116.0,12.0
2024-04-03 16:00:00,68.0,0.0,68.0,11.9
2024-04-03 17:00:00,236.0,182.0,140.0,13.6
2024-04-03 18:00:00,62.0,0.0,62.0,13.1
2024-04-03 19:00:00,140.0,252.6,76.0,12.8
2024-04-03 20:00:00,11.0,0.0,11.0,12.8
2024-04-03 21:00:00,0.0,0.0,0.0,11.6
2024-04-03 22:00:00,0.0,0.0,0.0,10.7
2024-04-03 23:00:00,0.0,0.0,0.0,9.9
2024-04-04 00:00:00,0.0,0.0,0.0,9.3
2024-04-04 01:00:00,0.0,0.0,0.0,8.7
2024-04-04 02:00:00,0.0,0.0,0.0,8.0
2024-04-04 03:00:00,0.0,0.0,0.0,7.9
2024-04-04 04:00:00,0.0,0.0,0.0,9.4
2024-04-04 05:00:00,0.0,0.0,0.0,9.5
2024-04-04 06:00:00,0.0,0.0,0.0,10.2
2024-04-04 07:00:00,0.0,0.0,0.0,10.7
2024-04-04 08:00:00,15.0,0.0,15.0,11.0
2024-04-04 09:00:00,17.0,0.0,17.0,11.6
2024-04-04 10:00:00,31.0,0.0,31.0,11.9
2024-04-04 11:00:00,100.0,2.0,99.0,12.2
2024-04-04 12:00:00,214.0,42.6,188.0,13.4
2024-04-04 13:00:00,353.0,103.4,283.0,14.3
2024-04-04 14:00:00,414.0,301.9,202.0,14.9
2024-04-04 15:00:00,389.0,213.1,243.0,14.2
2024-04-04 16:00:00,396.0,382.7,156.0,14.2
2024-04-04 17:00:00,409.0,554.8,114.0,14.2
2024-04-04 18:00:00,136.0,113.4,90.0,13.0
2024-04-04 19:00:00,145.0,314.4,64.0,13.1
2024-04-04 20:00:00,41.0,170.3,23.0,12.4
2024-04-04 21:00:00,0.0,0.0,0.0,11.3
2024-04-04 22:00:00,0.0,0.0,0.0,11.4
2024-04-04 23:00:00,0.0,0.0,0.0,10.7
2024-04-05 00:00:00,0.0,0.0,0.0,9.9
2024-04-05 01:00:00,0.0,0.0,0.0,9.7
2024-04-05 02:00:00,0.0,0.0,0.0,10.4
2024-04-05 03:00:00,0.0,0.0,0.0,10.9
2024-04-05 04:00:00,0.0,0.0,0.0,11.0
2024-04-05 05:00:00,0.0,0.0,0.0,10.8
2024-04-05 06:00:00,0.0,0.0,0.0,10.9
2024-04-05 07:00:00,0.0,0.0,0.0,11.0
2024-04-05 08:00:00,18.0,0.0,18.0,11.3
2024-04-05 09:00:00,109.0,103.6,85.0,12.5
2024-04-05 10:00:00,138.0,60.0,115.0,13.5
2024-04-05 11:00:00,264.0,105.0,210.0,15.2
2024-04-05 12:00:00,214.0,32.5,194.0,16.3
2024-04-05 13:00:00,163.0,1.5,162.0,16.4
2024-04-05 14:00:00,188.0,9.9,181.0,17.1
2024-04-05 15:00:00,469.0,413.2,184.0,18.0
2024-04-05 16:00:00,64.0,0.0,64.0,16.3
2024-04-05 17:00:00,164.0,0.0,164.0,16.5
2024-04-05 18:00:00,274.0,314.7,145.0,17.0
2024-04-05 19:00:00,147.0,248.2,82.0,16.5
2024-04-05 20:00:00,45.0,55.6,39.0,15.6
2024-04-05 21:00:00,0.0,0.0,0.0,15.1
2024-04-05 22:00:00,0.0,0.0,0.0,14.8
2024-04-05 23:00:00,0.0,0.0,0.0,14.1
2024-04-06 00:00:00,0.0,0.0,0.0,14.2
2024-04-06 01:00:00,0.0,0.0,0.0,13.8
2024-04-06 02:00:00,0.0,0.0,0.0,13.5
2024-04-06 03:00:00,0.0,0.0,0.0,13.5
2024-04-06 04:00:00,0.0,0.0,0.0,12.7
2024-04-06 05:00:00,0.0,0.0,0.0,12.4
2024-04-06 06:00:00,0.0,0.0,0.0,12.4
2024-04-06 07:00:00,0.0,0.0,0.0,12.5
2024-04-06 08:00:00,40.0,179.2,23.0,13.3
2024-04-06 09:00:00,137.0,231.7,82.0,14.8
2024-04-06 10:00:00,258.0,270.2,153.0,16.3
2024-04-06 11:00:00,484.0,752.7,93.0,18.2
2024-04-06 12:00:00,611.0,829.1,96.0,19.9
2024-04-06 13:00:00,685.0,837.4,110.0,21.4
2024-04-06 14:00:00,721.0,872.7,100.0,22.6
2024-04-06 15:00:00,676.0,769.3,142.0,24.2
2024-04-06 16:00:00,617.0,794.4,112.0,24.3
2024-04-06 17:00:00,509.0,762.7,97.0,24.3
2024-04-06 18:00:00,291.0,326.0,156.0,23.0
2024-04-06 19:00:00,183.0,349.5,90.0,21.5
2024-04-06 20:00:00,62.0,291.1,30.0,19.4
2024-04-06 21:00:00,1.0,0.0,1.0,18.4
2024-04-06 22:00:00,0.0,0.0,0.0,17.9
2024-04-06 23:00:00,0.0,0.0,0.0,17.1
2024-04-07 00:00:00,0.0,0.0,0.0,17.0
2024-04-07 01:00:00,0.0,0.0,0.0,17.2
2024-04-07 02:00:00,0.0,0.0,0.0,16.0
2024-04-07 03:00:00,0.0,0.0,0.0,17.3
2024-04-07 04:00:00,0.0,0.0,0.0,18.0
2024-04-07 05:00:00,0.0,0.0,0.0,17.5
2024-04-07 06:00:00,0.0,0.0,0.0,15.6
2024-04-07 07:00:00,0.0,0.0,0.0,14.9
2024-04-07 08:00:00,6.0,0.0,6.0,14.9
2024-04-07 09:00:00,113.0,139.9,79.0,15.6
2024-04-07 10:00:00,218.0,200.5,139.0,16.8
2024-04-07 11:00:00,342.0,293.5,188.0,18.0
2024-04-07 12:00:00,526.0,501.4,212.0,19.5
2024-04-07 13:00:00,635.0,662.4,177.0,20.3
2024-04-07 14:00:00,656.0,640.9,197.0,20.8
2024-04-07 15:00:00,665.0,780.1,120.0,21.6
2024-04-07 16:00:00,520.0,459.4,226.0,21.0
2024-04-07 17:00:00,292.0,181.9,193.0,20.7
2024-04-07 18:00:00,185.0,98.0,144.0,19.9
2024-04-07 19:00:00,144.0,122.1,111.0,18.9
2024-04-07 20:00:00,27.0,0.0,27.0,16.8
2024-04-07 21:00:00,1.0,0.0,1.0,15.6
2024-04-07 22:00:00,0.0,0.0,0.0,14.6
2024-04-07 23:00:00,0.0,0.0,0.0,14.1
2024-04-08 00:00:00,0.0,0.0,0.0,13.7
2024-04-08 01:00:00,0.0,0.0,0.0,13.3
2024-04-08 02:00:00,0.0,0.0,0.0,13.6
2024-04-08 03:00:00,0.0,0.0,0.0,13.5
2024-04-08 04:00:00,0.0,0.0,0.0,12.5
2024-04-08 05:00:00,0.0,0.0,0.0,10.8
2024-04-08 06:00:00,0.0,0.0,0.0,10.5
2024-04-08 07:00:00,0.0,0.0,0.0,11.9
2024-04-08 08:00:00,49.0,228.7,26.0,12.3
2024-04-08 09:00:00,185.0,506.6,59.0,13.8
2024-04-08 10:00:00,318.0,508.1,115.0,14.9
2024-04-08 11:00:00,416.0,411.3,198.0,15.9
2024-04-08 12:00:00,578.0,681.2,148.0,17.3
2024-04-08 13:00:00,648.0,698.0,162.0,18.8
2024-04-08 14:00:00,621.0,517.5,248.0,19.7
2024-04-08 15:00:00,449.0,291.6,244.0,20.3
2024-04-08 16:00:00,118.0,10.9,111.0,18.9
2024-04-08 17:00:00,125.0,0.0,125.0,18.9
2024-04-08 18:00:00,367.0,677.0,81.0,20.3
2024-04-08 19:00:00,211.0,546.4,61.0,19.8
2024-04-08 20:00:00,68.0,313.4,32.0,17.8
2024-04-08 21:00:00,1.0,0.0,1.0,16.9
2024-04-08 22:00:00,0.0,0.0,0.0,16.5
2024-04-08 23:00:00,0.0,0.0,0.0,15.5
2024-04-09 00:00:00,0.0,0.0,0.0,15.4
2024-04-09 01:00:00,0.0,0.0,0.0,14.0
2024-04-09 02:00:00,0.0,0.0,0.0,14.7
2024-04-09 03:00:00,0.0,0.0,0.0,16.4
2024-04-09 04:00:00,0.0,0.0,0.0,15.1
2024-04-09 05:00:00,0.0,0.0,0.0,14.6
2024-04-09 06:00:00,0.0,0.0,0.0,14.8
2024-04-09 07:00:00,0.0,0.0,0.0,14.2
2024-04-09 08:00:00,10.0,0.0,10.0,13.6
2024-04-09 09:00:00,26.0,0.0,26.0,12.3
2024-04-09 10:00:00,76.0,14.8,70.0,11.6
2024-04-09 11:00:00,116.0,0.0,116.0,11.4
2024-04-09 12:00:00,96.0,0.0,96.0,11.1
2024-04-09 13:00:00,128.0,14.3,118.0,11.5
2024-04-09 14:00:00,529.0,416.4,227.0,13.5
2024-04-09 15:00:00,632.0,627.7,188.0,14.3
2024-04-09 16:00:00,494.0,475.0,186.0,13.5
2024-04-09 17:00:00,294.0,179.1,195.0,13.0
2024-04-09 18:00:00,212.0,147.7,149.0,12.8
2024-04-09 19:00:00,146.0,222.5,84.0,12.1
2024-04-09 20:00:00,60.0,235.0,32.0,11.3
2024-04-09 21:00:00,2.0,0.0,2.0,10.3
2024-04-09 22:00:00,0.0,0.0,0.0,9.7
2024-04-09 23:00:00,0.0,0.0,0.0,9.1
2024-04-10 00:00:00,0.0,0.0,0.0,8.9
2024-04-10 01:00:00,0.0,0.0,0.0,8.5
2024-04-10 02:00:00,0.0,0.0,0.0,8.1
2024-04-10 03:00:00,0.0,0.0,0.0,7.7
2024-04-10 04:00:00,0.0,0.0,0.0,7.2
2024-04-10 05:00:00,0.0,0.0,0.0,6.8
2024-04-10 06:00:00,0.0,0.0,0.0,6.3
2024-04-10 07:00:00,0.0,0.0,0.0,6.1
2024-04-10 08:00:00,53.0,216.6,30.0,6.9
2024-04-10 09:00:00,176.0,377.0,78.0,8.3
2024-04-10 10:00:00,313.0,455.7,126.0,9.7
2024-04-10 11:00:00,485.0,675.5,120.0,11.1
2024-04-10 12:00:00,476.0,433.7,198.0,12.0
2024-04-10 13:00:00,462.0,293.4,255.0,12.7
2024-04-10 14:00:00,517.0,379.6,240.0,13.4
2024-04-10 15:00:00,452.0,293.7,243.0,13.9
2024-04-10 16:00:00,341.0,142.5,248.0,13.9
2024-04-10 17:00:00,406.0,427.5,168.0,14.3
2024-04-10 18:00:00,280.0,343.7,132.0,13.9
2024-04-10 19:00:00,158.0,212.2,98.0,13.3
2024-04-10 20:00:00,70.0,267.4,37.0,11.2
2024-04-10 21:00:00,2.0,0.0,2.0,8.8
2024-04-10 22:00:00,0.0,0.0,0.0,8.3
2024-04-10 23:00:00,0.0,0.0,0.0,7.6
2024-04-11 00:00:00,0.0,0.0,0.0,7.5
2024-04-11 01:00:00,0.0,0.0,0.0,7.2
2024-04-11 02:00:00,0.0,0.0,0.0,7.2
2024-04-11 03:00:00,0.0,0.0,0.0,7.6
2024-04-11 04:00:00,0.0,0.0,0.0,7.9
2024-04-11 05:00:00,0.0,0.0,0.0,8.0
2024-04-11 06:00:00,0.0,0.0,0.0,8.7
2024-04-11 07:00:00,0.0,0.0,0.0,9.0
2024-04-11 08:00:00,16.0,0.0,16.0,9.5
2024-04-11 09:00:00,51.0,0.0,51.0,10.1
2024-04-11 10:00:00,71.0,0.0,71.0,10.8
2024-04-11 11:00:00,146.0,18.3,136.0,12.1
2024-04-11 12:00:00,238.0,18.6,226.0,13.3
2024-04-11 13:00:00,353.0,74.6,300.0,14.9
2024-04-11 14:00:00,301.0,36.8,274.0,15.5
2024-04-11 15:00:00,196.0,11.2,188.0,14.9
2024-04-11 16:00:00,249.0,35.0,226.0,15.8
2024-04-11 17:00:00,300.0,162.3,209.0,16.5
2024-04-11 18:00:00,161.0,57.5,136.0,16.2
2024-04-11 19:00:00,81.0,7.0,79.0,15.8
2024-04-11 20:00:00,41.0,23.5,38.0,15.1
2024-04-11 21:00:00,2.0,0.0,2.0,14.1
2024-04-11 22:00:00,0.0,0.0,0.0,13.5
2024-04-11 23:00:00,0.0,0.0,0.0,13.1
2024-04-12 00:00:00,0.0,0.0,0.0,12.5
2024-04-12 01:00:00,0.0,0.0,0.0,12.4
2024-04-12 02:00:00,0.0,0.0,0.0,12.3
2024-04-12 03:00:00,0.0,0.0,0.0,10.3
2024-04-12 04:00:00,0.0,0.0,0.0,11.4
2024-04-12 05:00:00,0.0,0.0,0.0,12.0
2024-04-12 06:00:00,0.0,0.0,0.0,12.3
2024-04-12 07:00:00,0.0,0.0,0.0,12.5
2024-04-12 08:00:00,22.0,17.9,20.0,13.0
2024-04-12 09:00:00,95.0,18.4,90.0,14.2
2024-04-12 10:00:00,119.0,7.1,116.0,14.8
2024-04-12 11:00:00,164.0,16.3,155.0,15.7
2024-04-12 12:00:00,237.0,36.9,213.0,16.8
2024-04-12 13:00:00,313.0,57.4,272.0,17.8
2024-04-12 14:00:00,299.0,55.5,258.0,18.6
2024-04-12 15:00:00,198.0,0.0,198.0,17.9
2024-04-12 16:00:00,273.0,99.9,207.0,18.6
2024-04-12 17:00:00,292.0,170.0,196.0,19.5
2024-04-12 18:00:00,259.0,262.1,144.0,19.6
2024-04-12 19:00:00,170.0,230.2,103.0,19.1
2024-04-12 20:00:00,61.0,113.8,46.0,17.3
2024-04-12 21:00:00,3.0,0.0,3.0,15.3
2024-04-12 22:00:00,0.0,0.0,0.0,14.3
2024-04-12 23:00:00,0.0,0.0,0.0,13.8
2024-04-13 00:00:00,0.0,0.0,0.0,13.5
2024-04-13 01:00:00,0.0,0.0,0.0,13.3
2024-04-13 02:00:00,0.0,0.0,0.0,12.9
2024-04-13 03:00:00,0.0,0.0,0.0,13.5
2024-04-13 04:00:00,0.0,0.0,0.0,13.0
2024-04-13 05:00:00,0.0,0.0,0.0,12.7
2024-04-13 06:00:00,0.0,0.0,0.0,12.3
2024-04-13 07:00:00,2.0,0.0,2.0,11.3
2024-04-13 08:00:00,64.0,206.2,40.0,12.9
2024-04-13 09:00:00,196.0,394.3,87.0,14.9
2024-04-13 10:00:00,284.0,260.4,173.0,16.6
2024-04-13 11:00:00,426.0,372.6,219.0,18.6
2024-04-13 12:00:00,546.0,471.4,237.0,20.4
2024-04-13 13:00:00,611.0,493.5,256.0,21.2
2024-04-13 14:00:00,667.0,599.2,222.0,22.0
2024-04-13 15:00:00,658.0,632.5,200.0,23.0
2024-04-13 16:00:00,621.0,720.5,142.0,23.5
2024-04-13 17:00:00,491.0,589.0,156.0,23.4
2024-04-13 18:00:00,373.0,591.9,111.0,22.9
2024-04-13 19:00:00,218.0,447.4,86.0,21.4
2024-04-13 20:00:00,84.0,345.5,37.0,19.8
2024-04-13 21:00:00,4.0,19.1,3.0,18.3
2024-04-13 22:00:00,0.0,0.0,0.0,17.3
2024-04-13 23:00:00,0.0,0.0,0.0,16.7
2024-04-14 00:00:00,0.0,0.0,0.0,16.3
2024-04-14 01:00:00,0.0,0.0,0.0,16.3
2024-04-14 02:00:00,0.0,0.0,0.0,15.8
2024-04-14 03:00:00,0.0,0.0,0.0,14.7
2024-04-14 04:00:00,0.0,0.0,0.0,13.2
2024-04-14 05:00:00,0.0,0.0,0.0,12.4
2024-04-14 06:00:00,0.0,0.0,0.0,11.4
2024-04-14 07:00:00,2.0,0.0,2.0,10.8
2024-04-14 08:00:00,58.0,98.4,46.0,11.4
2024-04-14 09:00:00,182.0,237.7,115.0,12.4
2024-04-14 10:00:00,355.0,535.5,124.0,13.4
2024-04-14 11:00:00,516.0,715.6,115.0,14.4
2024-04-14 12:00:00,381.0,243.9,220.0,14.6
2024-04-14 13:00:00,573.0,509.9,204.0,15.6
2024-04-14 14:00:00,624.0,546.2,216.0,16.0
2024-04-14 15:00:00,599.0,421.6,292.0,15.8
2024-04-14 16:00:00,498.0,330.5,277.0,15.5
2024-04-14 17:00:00,414.0,300.3,242.0,15.4
2024-04-14 18:00:00,279.0,181.4,198.0,14.7
2024-04-14 19:00:00,141.0,43.5,128.0,14.1
2024-04-14 20:00:00,47.0,14.3,45.0,12.7
2024-04-14 21:00:00,3.0,0.0,3.0,11.3
2024-04-14 22:00:00,0.0,0.0,0.0,11.3
2024-04-14 23:00:00,0.0,0.0,0.0,11.2
2024-04-15 00:00:00,0.0,0.0,0.0,11.3
2024-04-15 01:00:00,0.0,0.0,0.0,10.6
2024-04-15 02:00:00,0.0,0.0,0.0,10.1
2024-04-15 03:00:00,0.0,0.0,0.0,10.3
2024-04-15 04:00:00,0.0,0.0,0.0,9.3
2024-04-15 05:00:00,0.0,0.0,0.0,8.0
2024-04-15 06:00:00,0.0,0.0,0.0,7.6
2024-04-15 07:00:00,3.0,0.0,3.0,7.4
2024-04-15 08:00:00,65.0,109.9,51.0,8.0
2024-04-15 09:00:00,132.0,41.8,120.0,8.4
2024-04-15 10:00:00,374.0,609.5,108.0,9.9
2024-04-15 11:00:00,382.0,309.6,207.0,10.9
2024-04-15 12:00:00,510.0,469.4,198.0,11.7
2024-04-15 13:00:00,457.0,322.8,222.0,12.1
2024-04-15 14:00:00,502.0,298.2,278.0,12.7
2024-04-15 15:00:00,324.0,95.6,254.0,12.7
2024-04-15 16:00:00,327.0,217.1,181.0,12.1
2024-04-15 17:00:00,72.0,0.0,72.0,9.4
2024-04-15 18:00:00,32.0,0.0,32.0,6.4
2024-04-15 19:00:00,127.0,151.8,81.0,6.7
2024-04-15 20:00:00,73.0,235.6,39.0,6.4
2024-04-15 21:00:00,5.0,19.1,4.0,6.2
2024-04-15 22:00:00,0.0,0.0,0.0,6.3
2024-04-15 23:00:00,0.0,0.0,0.0,6.4
2024-04-16 00:00:00,0.0,0.0,0.0,6.8
2024-04-16 01:00:00,0.0,0.0,0.0,6.0
2024-04-16 02:00:00,0.0,0.0,0.0,5.3
2024-04-16 03:00:00,0.0,0.0,0.0,5.3
2024-04-16 04:00:00,0.0,0.0,0.0,4.6
2024-04-16 05:00:00,0.0,0.0,0.0,4.9
2024-04-16 06:00:00,0.0,0.0,0.0,4.6
2024-04-16 07:00:00,3.0,0.0,3.0,4.9
2024-04-16 08:00:00,67.0,180.6,43.0,5.7
2024-04-16 09:00:00,98.0,0.0,98.0,5.6
2024-04-16 10:00:00,23.0,0.0,23.0,4.6
2024-04-16 11:00:00,97.0,1.8,96.0,5.5
2024-04-16 12:00:00,74.0,0.0,74.0,8.1
2024-04-16 13:00:00,263.0,143.4,158.0,9.5
2024-04-16 14:00:00,505.0,329.7,256.0,11.1
2024-04-16 15:00:00,385.0,144.0,279.0,9.0
2024-04-16 16:00:00,122.0,1.5,121.0,8.7
2024-04-16 17:00:00,155.0,13.8,147.0,9.0
2024-04-16 18:00:00,140.0,35.2,124.0,8.3
2024-04-16 19:00:00,172.0,172.6,119.0,8.8
2024-04-16 20:00:00,52.0,47.2,45.0,7.6
2024-04-16 21:00:00,4.0,0.0,4.0,7.2
2024-04-16 22:00:00,0.0,0.0,0.0,7.1
2024-04-16 23:00:00,0.0,0.0,0.0,6.7
2024-04-17 00:00:00,0.0,0.0,0.0,6.4
2024-04-17 01:00:00,0.0,0.0,0.0,5.6
2024-04-17 02:00:00,0.0,0.0,0.0,4.9
2024-04-17 03:00:00,0.0,0.0,0.0,4.9
2024-04-17 04:00:00,0.0,0.0,0.0,4.1
2024-04-17 05:00:00,0.0,0.0,0.0,3.2
2024-04-17 06:00:00,0.0,0.0,0.0,2.6
2024-04-17 07:00:00,4.0,0.0,4.0,3.0
2024-04-17 08:00:00,53.0,21.7,50.0,4.5
2024-04-17 09:00:00,120.0,43.7,107.0,5.0
2024-04-17 10:00:00,169.0,47.0,148.0,4.4
2024-04-17 11:00:00,191.0,66.1,153.0,5.2
2024-04-17 12:00:00,326.0,139.5,232.0,7.3
2024-04-17 13:00:00,271.0,20.4,256.0,8.2
2024-04-17 14:00:00,259.0,26.3,239.0,8.9
2024-04-17 15:00:00,269.0,4.1,266.0,6.2
2024-04-17 16:00:00,540.0,444.0,238.0,8.2
2024-04-17 17:00:00,475.0,530.7,165.0,8.7
2024-04-17 18:00:00,223.0,185.5,138.0,6.5
2024-04-17 19:00:00,146.0,119.0,109.0,6.7
2024-04-17 20:00:00,70.0,124.6,51.0,6.1
2024-04-17 21:00:00,5.0,0.0,5.0,5.2
2024-04-17 22:00:00,0.0,0.0,0.0,5.2
2024-04-17 23:00:00,0.0,0.0,0.0,4.9
2024-04-18 00:00:00,0.0,0.0,0.0,4.5
2024-04-18 01:00:00,0.0,0.0,0.0,4.4
2024-04-18 02:00:00,0.0,0.0,0.0,3.7
2024-04-18 03:00:00,0.0,0.0,0.0,3.2
2024-04-18 04:00:00,0.0,0.0,0.0,3.1
2024-04-18 05:00:00,0.0,0.0,0.0,2.9
2024-04-18 06:00:00,0.0,0.0,0.0,3.3
2024-04-18 07:00:00,5.0,19.1,4.0,3.0
2024-04-18 08:00:00,77.0,209.0,47.0,3.9
2024-04-18 09:00:00,218.0,416.4,92.0,5.3
2024-04-18 10:00:00,320.0,374.6,151.0,6.7
2024-04-18 11:00:00,484.0,555.9,162.0,8.3
2024-04-18 12:00:00,528.0,491.2,195.0,9.5
2024-04-18 13:00:00,646.0,649.4,165.0,10.5
2024-04-18 14:00:00,658.0,581.8,214.0,11.2
2024-04-18 15:00:00,449.0,268.9,249.0,10.8
2024-04-18 16:00:00,460.0,331.9,233.0,10.8
2024-04-18 17:00:00,318.0,158.2,225.0,10.7
2024-04-18 18:00:00,334.0,426.5,137.0,10.8
2024-04-18 19:00:00,121.0,117.5,84.0,10.0
2024-04-18 20:00:00,73.0,70.3,62.0,8.9
2024-04-18 21:00:00,6.0,0.0,6.0,8.2
2024-04-18 22:00:00,0.0,0.0,0.0,7.6
2024-04-18 23:00:00,0.0,0.0,0.0,7.1
2024-04-19 00:00:00,0.0,0.0,0.0,6.7
2024-04-19 01:00:00,0.0,0.0,0.0,6.5
2024-04-19 02:00:00,0.0,0.0,0.0,6.9
2024-04-19 03:00:00,0.0,0.0,0.0,7.3
2024-04-19 04:00:00,0.0,0.0,0.0,6.7
2024-04-19 05:00:00,0.0,0.0,0.0,6.4
2024-04-19 06:00:00,0.0,0.0,0.0,6.1
2024-04-19 07:00:00,1.0,0.0,1.0,6.0
2024-04-19 08:00:00,6.0,0.0,6.0,6.3
2024-04-19 09:00:00,26.0,0.0,26.0,6.9
2024-04-19 10:00:00,59.0,0.0,59.0,7.5
2024-04-19 11:00:00,105.0,1.7,104.0,8.3
2024-04-19 12:00:00,121.0,0.0,121.0,9.3
2024-04-19 13:00:00,124.0,10.7,116.0,9.1
2024-04-19 14:00:00,369.0,165.6,242.0,10.9
2024-04-19 15:00:00,220.0,28.1,199.0,8.5
2024-04-19 16:00:00,220.0,68.3,173.0,9.3
2024-04-19 17:00:00,240.0,160.6,145.0,8.5
2024-04-19 18:00:00,257.0,174.0,176.0,8.2
2024-04-19 19:00:00,209.0,414.3,77.0,8.3
2024-04-19 20:00:00,84.0,242.9,45.0,7.4
2024-04-19 21:00:00,8.0,35.8,6.0,6.7
2024-04-19 22:00:00,0.0,0.0,0.0,5.9
2024-04-19 23:00:00,0.0,0.0,0.0,5.9
2024-04-20 00:00:00,0.0,0.0,0.0,5.6
2024-04-20 01:00:00,0.0,0.0,0.0,5.3
2024-04-20 02:00:00,0.0,0.0,0.0,5.0
2024-04-20 03:00:00,0.0,0.0,0.0,4.8
2024-04-20 04:00:00,0.0,0.0,0.0,4.3
2024-04-20 05:00:00,0.0,0.0,0.0,4.2
2024-04-20 06:00:00,0.0,0.0,0.0,4.0
2024-04-20 07:00:00,6.0,0.0,6.0,4.2
2024-04-20 08:00:00,57.0,32.5,52.0,5.0
2024-04-20 09:00:00,74.0,19.2,68.0,5.5
2024-04-20 10:00:00,107.0,0.0,107.0,6.3
2024-04-20 11:00:00,149.0,15.3,140.0,6.8
2024-04-20 12:00:00,275.0,49.5,241.0,8.0
2024-04-20 13:00:00,308.0,62.8,261.0,8.7
2024-04-20 14:00:00,228.0,36.3,200.0,7.1
2024-04-20 15:00:00,455.0,260.9,259.0,8.5
2024-04-20 16:00:00,532.0,467.3,209.0,10.2
2024-04-20 17:00:00,291.0,110.9,225.0,8.5
2024-04-20 18:00:00,122.0,29.8,108.0,8.2
2024-04-20 19:00:00,168.0,158.2,117.0,7.9
2024-04-20 20:00:00,57.0,79.0,44.0,7.3
2024-04-20 21:00:00,5.0,0.0,5.0,6.8
2024-04-20 22:00:00,0.0,0.0,0.0,6.6
2024-04-20 23:00:00,0.0,0.0,0.0,5.8
2024-04-21 00:00:00,0.0,0.0,0.0,5.2
2024-04-21 01:00:00,0.0,0.0,0.0,4.7
2024-04-21 02:00:00,0.0,0.0,0.0,3.6
2024-04-21 03:00:00,0.0,0.0,0.0,4.0
2024-04-21 04:00:00,0.0,0.0,0.0,2.9
2024-04-21 05:00:00,0.0,0.0,0.0,2.7
2024-04-21 06:00:00,0.0,0.0,0.0,1.8
2024-04-21 07:00:00,5.0,0.0,5.0,2.3
2024-04-21 08:00:00,30.0,0.0,30.0,2.5
2024-04-21 09:00:00,78.0,0.0,78.0,3.4
2024-04-21 10:00:00,271.0,178.5,188.0,5.1
2024-04-21 11:00:00,344.0,195.8,228.0,6.1
2024-04-21 12:00:00,369.0,102.8,298.0,7.1
2024-04-21 13:00:00,599.0,445.2,264.0,8.7
2024-04-21 14:00:00,699.0,710.2,149.0,9.7
2024-04-21 15:00:00,309.0,115.3,222.0,7.6
2024-04-21 16:00:00,589.0,574.3,190.0,8.3
2024-04-21 17:00:00,507.0,599.7,148.0,9.3
2024-04-21 18:00:00,403.0,613.2,113.0,8.8
2024-04-21 19:00:00,256.0,527.3,84.0,8.3
2024-04-21 20:00:00,97.0,279.0,50.0,7.2
2024-04-21 21:00:00,11.0,33.4,9.0,5.4
2024-04-21 22:00:00,0.0,0.0,0.0,2.8
2024-04-21 23:00:00,0.0,0.0,0.0,2.7
2024-04-22 00:00:00,0.0,0.0,0.0,2.7
2024-04-22 01:00:00,0.0,0.0,0.0,2.5
2024-04-22 02:00:00,0.0,0.0,0.0,2.0
2024-04-22 03:00:00,0.0,0.0,0.0,2.4
2024-04-22 04:00:00,0.0,0.0,0.0,2.0
2024-04-22 05:00:00,0.0,0.0,0.0,2.1
2024-04-22 06:00:00,0.0,0.0,0.0,2.2
2024-04-22 07:00:00,8.0,0.0,8.0,2.2
2024-04-22 08:00:00,83.0,85.5,69.0,3.3
2024-04-22 09:00:00,229.0,351.0,116.0,5.0
2024-04-22 10:00:00,413.0,632.5,116.0,6.6
2024-04-22 11:00:00,542.0,663.8,146.0,7.7
2024-04-22 12:00:00,654.0,695.6,171.0,8.7
2024-04-22 13:00:00,673.0,547.4,259.0,9.2
2024-04-22 14:00:00,444.0,138.8,336.0,9.3
2024-04-22 15:00:00,268.0,1.3,267.0,7.0
2024-04-22 16:00:00,329.0,88.8,267.0,7.1
2024-04-22 17:00:00,441.0,352.1,229.0,7.1
2024-04-22 18:00:00,378.0,535.2,123.0,7.7
2024-04-22 19:00:00,276.0,609.3,75.0,7.1
2024-04-22 20:00:00,100.0,301.7,48.0,4.9
2024-04-22 21:00:00,11.0,32.4,9.0,4.0
2024-04-22 22:00:00,0.0,0.0,0.0,3.6
2024-04-22 23:00:00,0.0,0.0,0.0,3.3
2024-04-23 00:00:00,0.0,0.0,0.0,2.5
2024-04-23 01:00:00,0.0,0.0,0.0,1.7
2024-04-23 02:00:00,0.0,0.0,0.0,0.6
2024-04-23 03:00:00,0.0,0.0,0.0,1.4
2024-04-23 04:00:00,0.0,0.0,0.0,0.4
2024-04-23 05:00:00,0.0,0.0,0.0,0.8
2024-04-23 06:00:00,0.0,0.0,0.0,1.2
2024-04-23 07:00:00,12.0,67.0,8.0,1.8
2024-04-23 08:00:00,114.0,403.6,46.0,2.5
2024-04-23 09:00:00,268.0,578.9,79.0,4.2
2024-04-23 10:00:00,437.0,730.1,91.0,6.0
2024-04-23 11:00:00,584.0,804.0,101.0,7.4
2024-04-23 12:00:00,563.0,564.2,169.0,8.3
2024-04-23 13:00:00,559.0,393.4,260.0,8.9
2024-04-23 14:00:00,471.0,238.0,285.0,9.1
2024-04-23 15:00:00,422.0,120.8,330.0,9.6
2024-04-23 16:00:00,302.0,49.9,267.0,9.4
2024-04-23 17:00:00,271.0,99.1,211.0,9.3
2024-04-23 18:00:00,189.0,39.6,170.0,8.9
2024-04-23 19:00:00,153.0,113.9,115.0,8.6
2024-04-23 20:00:00,77.0,96.5,60.0,8.0
2024-04-23 21:00:00,14.0,62.8,10.0,5.2
2024-04-23 22:00:00,0.0,0.0,0.0,6.3
2024-04-23 23:00:00,0.0,0.0,0.0,6.5
2024-04-24 00:00:00,0.0,0.0,0.0,6.1
2024-04-24 01:00:00,0.0,0.0,0.0,5.6
2024-04-24 02:00:00,0.0,0.0,0.0,5.3
2024-04-24 03:00:00,0.0,0.0,0.0,5.3
2024-04-24 04:00:00,0.0,0.0,0.0,4.3
2024-04-24 05:00:00,0.0,0.0,0.0,3.5
2024-04-24 06:00:00,0.0,0.0,0.0,3.5
2024-04-24 07:00:00,5.0,0.0,5.0,4.0
2024-04-24 08:00:00,38.0,23.1,34.0,4.2
2024-04-24 09:00:00,159.0,145.0,111.0,5.0
2024-04-24 10:00:00,326.0,395.2,137.0,6.0
2024-04-24 11:00:00,413.0,319.1,220.0,7.0
2024-04-24 12:00:00,307.0,111.1,229.0,7.5
2024-04-24 13:00:00,317.0,57.6,273.0,8.3
2024-04-24 14:00:00,256.0,14.0,245.0,8.8
2024-04-24 15:00:00,401.0,232.6,223.0,8.1
2024-04-24 16:00:00,287.0,61.0,244.0,7.9
2024-04-24 17:00:00,131.0,27.9,114.0,6.1
2024-04-24 18:00:00,302.0,295.7,159.0,7.1
2024-04-24 19:00:00,219.0,349.9,101.0,6.7
2024-04-24 20:00:00,93.0,249.9,48.0,5.8
2024-04-24 21:00:00,10.0,30.5,8.0,5.4
2024-04-24 22:00:00,0.0,0.0,0.0,4.9
2024-04-24 23:00:00,0.0,0.0,0.0,4.6
2024-04-25 00:00:00,0.0,0.0,0.0,4.0
2024-04-25 01:00:00,0.0,0.0,0.0,3.4
2024-04-25 02:00:00,0.0,0.0,0.0,3.4
2024-04-25 03:00:00,0.0,0.0,0.0,4.2
2024-04-25 04:00:00,0.0,0.0,0.0,4.4
2024-04-25 05:00:00,0.0,0.0,0.0,3.9
2024-04-25 06:00:00,0.0,0.0,0.0,3.4
2024-04-25 07:00:00,12.0,15.5,11.0,3.1
2024-04-25 08:00:00,103.0,207.9,66.0,3.6
2024-04-25 09:00:00,222.0,277.1,129.0,4.7
2024-04-25 10:00:00,308.0,221.8,201.0,5.8
2024-04-25 11:00:00,415.0,271.0,250.0,7.0
2024-04-25 12:00:00,420.0,216.7,267.0,7.9
2024-04-25 13:00:00,256.0,7.8,250.0,7.7
2024-04-25 14:00:00,610.0,433.7,268.0,8.8
2024-04-25 15:00:00,468.0,170.5,337.0,8.7
2024-04-25 16:00:00,462.0,203.3,318.0,9.5
2024-04-25 17:00:00,385.0,202.5,261.0,9.7
2024-04-25 18:00:00,168.0,30.8,153.0,9.3
2024-04-25 19:00:00,102.0,20.5,95.0,9.2
2024-04-25 20:00:00,53.0,0.0,53.0,8.8
2024-04-25 21:00:00,5.0,0.0,5.0,8.1
2024-04-25 22:00:00,0.0,0.0,0.0,7.8
2024-04-25 23:00:00,0.0,0.0,0.0,7.7
2024-04-26 00:00:00,0.0,0.0,0.0,7.5
2024-04-26 01:00:00,0.0,0.0,0.0,7.1
2024-04-26 02:00:00,0.0,0.0,0.0,6.7
2024-04-26 03:00:00,0.0,0.0,0.0,7.0
2024-04-26 04:00:00,0.0,0.0,0.0,7.0
2024-04-26 05:00:00,0.0,0.0,0.0,6.7
2024-04-26 06:00:00,0.0,0.0,0.0,6.6
2024-04-26 07:00:00,4.0,0.0,4.0,6.5
2024-04-26 08:00:00,41.0,0.0,41.0,6.8
2024-04-26 09:00:00,58.0,0.0,58.0,7.3
2024-04-26 10:00:00,124.0,0.0,124.0,8.6
2024-04-26 11:00:00,270.0,124.0,194.0,10.4
2024-04-26 12:00:00,304.0,121.2,218.0,11.0
2024-04-26 13:00:00,418.0,255.6,221.0,11.7
2024-04-26 14:00:00,284.0,74.5,225.0,11.9
2024-04-26 15:00:00,326.0,104.9,245.0,10.2
2024-04-26 16:00:00,310.0,132.1,216.0,10.4
2024-04-26 17:00:00,373.0,251.7,218.0,11.0
2024-04-26 18:00:00,276.0,179.4,188.0,10.7
2024-04-26 19:00:00,158.0,84.2,129.0,10.4
2024-04-26 20:00:00,79.0,42.6,71.0,9.6
2024-04-26 21:00:00,13.0,14.4,12.0,7.8
2024-04-26 22:00:00,0.0,0.0,0.0,7.7
2024-04-26 23:00:00,0.0,0.0,0.0,7.0
2024-04-27 00:00:00,0.0,0.0,0.0,6.0
2024-04-27 01:00:00,0.0,0.0,0.0,4.8
2024-04-27 02:00:00,0.0,0.0,0.0,5.4
2024-04-27 03:00:00,0.0,0.0,0.0,7.0
2024-04-27 04:00:00,0.0,0.0,0.0,6.8
2024-04-27 05:00:00,0.0,0.0,0.0,6.7
2024-04-27 06:00:00,0.0,0.0,0.0,6.7
2024-04-27 07:00:00,13.0,0.0,13.0,7.3
2024-04-27 08:00:00,76.0,26.7,71.0,8.5
2024-04-27 09:00:00,215.0,287.5,116.0,10.3
2024-04-27 10:00:00,267.0,120.2,208.0,11.7
2024-04-27 11:00:00,386.0,183.2,273.0,13.0
2024-04-27 12:00:00,306.0,103.7,232.0,13.1
2024-04-27 13:00:00,645.0,528.2,236.0,15.2
2024-04-27 14:00:00,612.0,417.4,280.0,16.6
2024-04-27 15:00:00,664.0,620.5,183.0,17.1
2024-04-27 16:00:00,463.0,295.1,252.0,15.3
2024-04-27 17:00:00,455.0,419.9,195.0,17.2
2024-04-27 18:00:00,315.0,350.2,142.0,16.9
2024-04-27 19:00:00,187.0,258.5,97.0,16.5
2024-04-27 20:00:00,87.0,172.3,54.0,15.3
2024-04-27 21:00:00,9.0,14.0,8.0,14.0
2024-04-27 22:00:00,0.0,0.0,0.0,14.4
2024-04-27 23:00:00,0.0,0.0,0.0,13.2
2024-04-28 00:00:00,0.0,0.0,0.0,13.3
2024-04-28 01:00:00,0.0,0.0,0.0,13.0
2024-04-28 02:00:00,0.0,0.0,0.0,11.9
2024-04-28 03:00:00,0.0,0.0,0.0,11.7
2024-04-28 04:00:00,0.0,0.0,0.0,10.1
2024-04-28 05:00:00,0.0,0.0,0.0,10.8
2024-04-28 06:00:00,0.0,0.0,0.0,11.7
2024-04-28 07:00:00,17.0,56.2,13.0,12.3
2024-04-28 08:00:00,82.0,104.3,62.0,13.4
2024-04-28 09:00:00,87.0,0.0,87.0,13.7
2024-04-28 10:00:00,175.0,72.7,139.0,14.7
2024-04-28 11:00:00,423.0,362.6,198.0,16.4
2024-04-28 12:00:00,605.0,499.3,247.0,17.0
2024-04-28 13:00:00,719.0,729.0,152.0,17.6
2024-04-28 14:00:00,598.0,452.0,237.0,17.5
2024-04-28 15:00:00,593.0,400.8,281.0,17.0
2024-04-28 16:00:00,362.0,137.8,263.0,16.1
2024-04-28 17:00:00,307.0,128.5,227.0,15.5
2024-04-28 18:00:00,310.0,321.7,150.0,14.4
2024-04-28 19:00:00,149.0,71.1,124.0,14.0
2024-04-28 20:00:00,62.0,0.0,62.0,13.3
2024-04-28 21:00:00,12.0,0.0,12.0,12.5
2024-04-28 22:00:00,0.0,0.0,0.0,11.0
2024-04-28 23:00:00,0.0,0.0,0.0,10.4
2024-04-29 00:00:00,0.0,0.0,0.0,9.6
2024-04-29 01:00:00,0.0,0.0,0.0,9.3
2024-04-29 02:00:00,0.0,0.0,0.0,8.6
2024-04-29 03:00:00,0.0,0.0,0.0,8.5
2024-04-29 04:00:00,0.0,0.0,0.0,8.1
2024-04-29 05:00:00,0.0,0.0,0.0,7.2
2024-04-29 06:00:00,0.0,0.0,0.0,7.4
2024-04-29 07:00:00,21.0,81.7,15.0,7.8
2024-04-29 08:00:00,128.0,346.4,60.0,9.6
2024-04-29 09:00:00,275.0,512.8,94.0,11.7
2024-04-29 10:00:00,445.0,691.5,100.0,13.4
2024-04-29 11:00:00,573.0,698.4,137.0,15.1
2024-04-29 12:00:00,652.0,713.3,138.0,16.6
2024-04-29 13:00:00,625.0,560.7,187.0,17.1
2024-04-29 14:00:00,597.0,461.4,227.0,17.5
2024-04-29 15:00:00,567.0,493.9,181.0,18.5
2024-04-29 16:00:00,617.0,614.0,174.0,19.2
2024-04-29 17:00:00,316.0,108.7,248.0,18.5
2024-04-29 18:00:00,242.0,123.8,180.0,18.1
2024-04-29 19:00:00,122.0,19.7,115.0,17.1
2024-04-29 20:00:00,64.0,5.0,63.0,16.2
2024-04-29 21:00:00,13.0,0.0,13.0,15.3
2024-04-29 22:00:00,0.0,0.0,0.0,14.3
2024-04-29 23:00:00,0.0,0.0,0.0,13.2
2024-04-30 00:00:00,0.0,0.0,0.0,12.2
2024-04-30 01:00:00,0.0,0.0,0.0,11.8
2024-04-30 02:00:00,0.0,0.0,0.0,11.4
2024-04-30 03:00:00,0.0,0.0,0.0,12.7
2024-04-30 04:00:00,0.0,0.0,0.0,12.1
2024-04-30 05:00:00,0.0,0.0,0.0,11.5
2024-04-30 06:00:00,0.0,0.0,0.0,11.4
2024-04-30 07:00:00,15.0,13.2,14.0,11.8
2024-04-30 08:00:00,59.0,5.0,58.0,12.5
2024-04-30 09:00:00,197.0,224.0,117.0,14.3
2024-04-30 10:00:00,267.0,210.8,161.0,15.2
2024-04-30 11:00:00,486.0,495.2,175.0,16.9
2024-04-30 12:00:00,689.0,783.1,122.0,18.9
2024-04-30 13:00:00,764.0,827.3,115.0,20.3
2024-04-30 14:00:00,787.0,829.7,119.0,21.6
2024-04-30 15:00:00,744.0,735.3,167.0,23.1
2024-04-30 16:00:00,686.0,768.7,129.0,23.7
2024-04-30 17:00:00,588.0,776.0,100.0,23.9
2024-04-30 18:00:00,425.0,632.9,106.0,23.9
2024-04-30 19:00:00,235.0,334.5,115.0,21.1
2024-04-30 20:00:00,118.0,231.8,71.0,19.3
2024-04-30 21:00:00,20.0,52.1,16.0,17.9
2024-04-30 22:00:00,0.0,0.0,0.0,17.4
2024-04-30 23:00:00,0.0,0.0,0.0,16.5
2024-05-01 00:00:00,0.0,0.0,0.0,16.0
2024-05-01 01:00:00,0.0,0.0,0.0,15.6
2024-05-01 02:00:00,0.0,0.0,0.0,14.3
2024-05-01 03:00:00,0.0,0.0,0.0,13.9
2024-05-01 04:00:00,0.0,0.0,0.0,12.6
2024-05-01 05:00:00,0.0,0.0,0.0,11.7
2024-05-01 06:00:00,0.0,0.0,0.0,11.2
2024-05-01 07:00:00,25.0,128.7,15.0,12.1
2024-05-01 08:00:00,136.0,404.8,53.0,13.7
2024-05-01 09:00:00,281.0,553.7,81.0,15.0
2024-05-01 10:00:00,435.0,625.6,118.0,16.7
2024-05-01 11:00:00,529.0,530.4,194.0,18.4
2024-05-01 12:00:00,625.0,532.0,238.0,19.8
2024-05-01 13:00:00,754.0,769.3,148.0,21.6
2024-05-01 14:00:00,799.0,851.2,111.0,23.2
2024-05-01 15:00:00,753.0,766.7,149.0,25.9
2024-05-01 16:00:00,663.0,732.5,130.0,26.1
2024-05-01 17:00:00,518.0,534.8,180.0,25.5
2024-05-01 18:00:00,355.0,368.6,168.0,24.6
2024-05-01 19:00:00,181.0,110.4,141.0,23.2
2024-05-01 20:00:00,91.0,48.4,81.0,21.7
2024-05-01 21:00:00,22.0,38.2,19.0,20.2
2024-05-01 22:00:00,0.0,0.0,0.0,19.3
2024-05-01 23:00:00,0.0,0.0,0.0,18.5
2024-05-02 00:00:00,0.0,0.0,0.0,18.2
2024-05-02 01:00:00,0.0,0.0,0.0,17.7
2024-05-02 02:00:00,0.0,0.0,0.0,16.9
2024-05-02 03:00:00,0.0,0.0,0.0,16.1
2024-05-02 04:00:00,0.0,0.0,0.0,14.6
2024-05-02 05:00:00,0.0,0.0,0.0,16.3
2024-05-02 06:00:00,0.0,0.0,0.0,13.1
2024-05-02 07:00:00,28.0,150.3,16.0,13.6
2024-05-02 08:00:00,136.0,401.4,52.0,15.9
2024-05-02 09:00:00,270.0,503.8,86.0,17.1
2024-05-02 10:00:00,452.0,703.3,93.0,19.3
2024-05-02 11:00:00,603.0,801.4,94.0,21.1
2024-05-02 12:00:00,710.0,822.4,109.0,22.2
2024-05-02 13:00:00,772.0,815.6,127.0,23.0
2024-05-02 14:00:00,797.0,829.5,124.0,24.0
2024-05-02 15:00:00,624.0,464.1,257.0,24.5
2024-05-02 16:00:00,536.0,409.2,237.0,24.0
2024-05-02 17:00:00,388.0,262.9,221.0,21.0
2024-05-02 18:00:00,156.0,11.8,150.0,18.5
2024-05-02 19:00:00,136.0,150.4,81.0,17.8
2024-05-02 20:00:00,106.0,161.9,72.0,17.5
2024-05-02 21:00:00,17.0,37.3,14.0,16.2
2024-05-02 22:00:00,0.0,0.0,0.0,15.3
2024-05-02 23:00:00,0.0,0.0,0.0,14.9
2024-05-03 00:00:00,0.0,0.0,0.0,14.1
2024-05-03 01:00:00,0.0,0.0,0.0,13.8
2024-05-03 02:00:00,0.0,0.0,0.0,13.3
2024-05-03 03:00:00,0.0,0.0,0.0,12.9
2024-05-03 04:00:00,0.0,0.0,0.0,12.2
2024-05-03 05:00:00,0.0,0.0,0.0,11.6
2024-05-03 06:00:00,0.0,0.0,0.0,11.2
2024-05-03 07:00:00,3.0,0.0,3.0,10.9
2024-05-03 08:00:00,14.0,0.0,14.0,10.9
2024-05-03 09:00:00,28.0,0.0,28.0,10.9
2024-05-03 10:00:00,70.0,0.0,70.0,11.1
2024-05-03 11:00:00,140.0,0.0,140.0,11.3
2024-05-03 12:00:00,143.0,1.4,142.0,11.4
2024-05-03 13:00:00,166.0,0.0,166.0,11.6
2024-05-03 14:00:00,230.0,3.7,227.0,12.4
2024-05-03 15:00:00,421.0,163.8,291.0,13.4
2024-05-03 16:00:00,319.0,126.8,226.0,13.6
2024-05-03 17:00:00,190.0,11.0,183.0,13.5
2024-05-03 18:00:00,124.0,5.8,121.0,13.5
2024-05-03 19:00:00,107.0,2.7,106.0,13.5
2024-05-03 20:00:00,119.0,252.8,65.0,13.3
2024-05-03 21:00:00,24.0,60.9,19.0,11.3
2024-05-03 22:00:00,0.0,0.0,0.0,10.2
2024-05-03 23:00:00,0.0,0.0,0.0,9.8
2024-05-04 00:00:00,0.0,0.0,0.0,9.1
2024-05-04 01:00:00,0.0,0.0,0.0,8.6
2024-05-04 02:00:00,0.0,0.0,0.0,8.2
2024-05-04 03:00:00,0.0,0.0,0.0,8.1
2024-05-04 04:00:00,0.0,0.0,0.0,7.6
2024-05-04 05:00:00,0.0,0.0,0.0,7.4
2024-05-04 06:00:00,0.0,0.0,0.0,7.3
2024-05-04 07:00:00,30.0,119.2,20.0,8.0
2024-05-04 08:00:00,144.0,354.0,67.0,9.8
2024-05-04 09:00:00,290.0,482.6,110.0,12.0
2024-05-04 10:00:00,324.0,195.1,223.0,13.4
2024-05-04 11:00:00,329.0,79.4,278.0,14.3
2024-05-04 12:00:00,403.0,160.1,285.0,15.3
2024-05-04 13:00:00,390.0,87.8,320.0,15.5
2024-05-04 14:00:00,575.0,313.2,319.0,16.5
2024-05-04 15:00:00,654.0,483.3,269.0,17.1
2024-05-04 16:00:00,592.0,465.7,249.0,17.2
2024-05-04 17:00:00,313.0,187.2,193.0,16.6
2024-05-04 18:00:00,227.0,137.4,156.0,15.9
2024-05-04 19:00:00,37.0,0.0,37.0,12.6
2024-05-04 20:00:00,18.0,0.0,18.0,11.7
2024-05-04 21:00:00,2.0,0.0,2.0,11.6
2024-05-04 22:00:00,0.0,0.0,0.0,11.5
2024-05-04 23:00:00,0.0,0.0,0.0,11.4
2024-05-05 00:00:00,0.0,0.0,0.0,11.1
2024-05-05 01:00:00,0.0,0.0,0.0,11.1
2024-05-05 02:00:00,0.0,0.0,0.0,10.9
2024-05-05 03:00:00,0.0,0.0,0.0,9.8
2024-05-05 04:00:00,0.0,0.0,0.0,9.8
2024-05-05 05:00:00,0.0,0.0,0.0,9.3
2024-05-05 06:00:00,0.0,0.0,0.0,8.8
2024-05-05 07:00:00,23.0,69.9,17.0,8.9
2024-05-05 08:00:00,77.0,31.6,70.0,9.4
2024-05-05 09:00:00,146.0,31.9,134.0,10.2
2024-05-05 10:00:00,228.0,78.7,187.0,11.3
2024-05-05 11:00:00,337.0,117.8,261.0,12.4
2024-05-05 12:00:00,409.0,117.5,322.0,13.7
2024-05-05 13:00:00,404.0,102.5,322.0,14.5
2024-05-05 14:00:00,467.0,179.2,320.0,15.4
2024-05-05 15:00:00,511.0,278.9,288.0,15.5
2024-05-05 16:00:00,421.0,174.5,292.0,15.8
2024-05-05 17:00:00,310.0,85.4,255.0,16.0
2024-05-05 18:00:00,368.0,371.2,175.0,16.3
2024-05-05 19:00:00,225.0,282.2,119.0,16.1
2024-05-05 20:00:00,94.0,31.7,87.0,14.7
2024-05-05 21:00:00,20.0,0.0,20.0,12.3
2024-05-05 22:00:00,0.0,0.0,0.0,12.0
2024-05-05 23:00:00,0.0,0.0,0.0,11.9
2024-05-06 00:00:00,0.0,0.0,0.0,10.2
2024-05-06 01:00:00,0.0,0.0,0.0,9.7
2024-05-06 02:00:00,0.0,0.0,0.0,9.3
2024-05-06 03:00:00,0.0,0.0,0.0,12.1
2024-05-06 04:00:00,0.0,0.0,0.0,12.2
2024-05-06 05:00:00,0.0,0.0,0.0,12.0
2024-05-06 06:00:00,0.0,0.0,0.0,11.0
2024-05-06 07:00:00,25.0,22.8,23.0,11.7
2024-05-06 08:00:00,46.0,8.9,44.0,12.6
2024-05-06 09:00:00,88.0,7.9,85.0,13.5
2024-05-06 10:00:00,176.0,34.3,158.0,14.6
2024-05-06 11:00:00,283.0,74.0,235.0,15.8
2024-05-06 12:00:00,304.0,56.5,262.0,16.5
2024-05-06 13:00:00,254.0,16.2,241.0,16.1
2024-05-06 14:00:00,189.0,7.3,183.0,15.6
2024-05-06 15:00:00,153.0,0.0,153.0,15.7
2024-05-06 16:00:00,122.0,1.3,121.0,15.5
2024-05-06 17:00:00,107.0,0.0,107.0,15.5
2024-05-06 18:00:00,72.0,0.0,72.0,15.3
2024-05-06 19:00:00,58.0,0.0,58.0,15.2
2024-05-06 20:00:00,36.0,0.0,36.0,14.6
2024-05-06 21:00:00,7.0,0.0,7.0,14.1
2024-05-06 22:00:00,0.0,0.0,0.0,13.7
2024-05-06 23:00:00,0.0,0.0,0.0,13.4
2024-05-07 00:00:00,0.0,0.0,0.0,13.2
2024-05-07 01:00:00,0.0,0.0,0.0,13.1
2024-05-07 02:00:00,0.0,0.0,0.0,12.9
2024-05-07 03:00:00,0.0,0.0,0.0,12.5
2024-05-07 04:00:00,0.0,0.0,0.0,12.3
2024-05-07 05:00:00,0.0,0.0,0.0,12.2
2024-05-07 06:00:00,0.0,0.0,0.0,12.0
2024-05-07 07:00:00,13.0,0.0,13.0,11.8
2024-05-07 08:00:00,60.0,0.0,60.0,12.1
2024-05-07 09:00:00,128.0,59.9,105.0,12.6
2024-05-07 10:00:00,142.0,96.6,91.0,13.2
2024-05-07 11:00:00,192.0,89.0,134.0,14.2
2024-05-07 12:00:00,324.0,100.5,249.0,15.6
2024-05-07 13:00:00,575.0,386.0,264.0,17.2
2024-05-07 14:00:00,601.0,457.8,223.0,17.8
2024-05-07 15:00:00,407.0,154.0,283.0,18.5
2024-05-07 16:00:00,379.0,155.7,263.0,16.3
2024-05-07 17:00:00,240.0,78.5,189.0,16.5
2024-05-07 18:00:00,443.0,560.8,148.0,16.9
2024-05-07 19:00:00,246.0,395.3,95.0,16.7
2024-05-07 20:00:00,127.0,272.5,65.0,15.8
2024-05-07 21:00:00,30.0,123.7,19.0,13.9
2024-05-07 22:00:00,0.0,0.0,0.0,13.0
2024-05-07 23:00:00,0.0,0.0,0.0,12.2
2024-05-08 00:00:00,0.0,0.0,0.0,10.9
2024-05-08 01:00:00,0.0,0.0,0.0,10.6
2024-05-08 02:00:00,0.0,0.0,0.0,10.2
2024-05-08 03:00:00,0.0,0.0,0.0,11.3
2024-05-08 04:00:00,0.0,0.0,0.0,11.0
2024-05-08 05:00:00,0.0,0.0,0.0,10.9
2024-05-08 06:00:00,0.0,0.0,0.0,10.6
2024-05-08 07:00:00,30.0,76.6,23.0,10.7
2024-05-08 08:00:00,86.0,85.9,66.0,11.0
2024-05-08 09:00:00,169.0,160.1,107.0,11.6
2024-05-08 10:00:00,243.0,182.6,146.0,12.4
2024-05-08 11:00:00,316.0,210.8,178.0,13.4
2024-05-08 12:00:00,376.0,221.6,210.0,14.1
2024-05-08 13:00:00,458.0,212.8,286.0,15.0
2024-05-08 14:00:00,725.0,664.0,175.0,16.5
2024-05-08 15:00:00,640.0,522.6,218.0,15.9
2024-05-08 16:00:00,480.0,402.6,179.0,16.0
2024-05-08 17:00:00,427.0,410.6,159.0,16.2
2024-05-08 18:00:00,370.0,463.2,125.0,16.2
2024-05-08 19:00:00,252.0,420.7,90.0,16.1
2024-05-08 20:00:00,130.0,290.2,63.0,15.4
2024-05-08 21:00:00,32.0,121.5,21.0,13.8
2024-05-08 22:00:00,0.0,0.0,0.0,12.5
2024-05-08 23:00:00,0.0,0.0,0.0,11.4
2024-05-09 00:00:00,0.0,0.0,0.0,10.7
2024-05-09 01:00:00,0.0,0.0,0.0,10.1
2024-05-09 02:00:00,0.0,0.0,0.0,9.5
2024-05-09 03:00:00,0.0,0.0,0.0,9.3
2024-05-09 04:00:00,0.0,0.0,0.0,8.9
2024-05-09 05:00:00,0.0,0.0,0.0,8.3
2024-05-09 06:00:00,0.0,0.0,0.0,8.7
2024-05-09 07:00:00,42.0,193.3,24.0,9.3
2024-05-09 08:00:00,160.0,393.3,67.0,10.8
2024-05-09 09:00:00,312.0,550.3,97.0,12.6
2024-05-09 10:00:00,469.0,643.8,125.0,14.3
2024-05-09 11:00:00,608.0,714.9,138.0,15.8
2024-05-09 12:00:00,692.0,743.5,133.0,17.0
2024-05-09 13:00:00,729.0,733.7,134.0,18.1
2024-05-09 14:00:00,720.0,683.6,152.0,18.8
2024-05-09 15:00:00,740.0,720.9,156.0,19.9
2024-05-09 16:00:00,649.0,646.4,164.0,19.9
2024-05-09 17:00:00,479.0,459.3,178.0,19.7
2024-05-09 18:00:00,312.0,267.0,170.0,19.4
2024-05-09 19:00:00,212.0,175.2,144.0,19.1
2024-05-09 20:00:00,74.0,4.3,73.0,17.6
2024-05-09 21:00:00,28.0,43.4,24.0,16.0
2024-05-09 22:00:00,0.0,0.0,0.0,14.0
2024-05-09 23:00:00,0.0,0.0,0.0,12.9
2024-05-10 00:00:00,0.0,0.0,0.0,12.1
2024-05-10 01:00:00,0.0,0.0,0.0,11.4
2024-05-10 02:00:00,0.0,0.0,0.0,10.4
2024-05-10 03:00:00,0.0,0.0,0.0,10.6
2024-05-10 04:00:00,0.0,0.0,0.0,10.5
2024-05-10 05:00:00,0.0,0.0,0.0,10.6
2024-05-10 06:00:00,0.0,0.0,0.0,9.9
2024-05-10 07:00:00,45.0,211.0,25.0,10.8
2024-05-10 08:00:00,170.0,454.3,61.0,12.6
2024-05-10 09:00:00,324.0,606.7,85.0,14.5
2024-05-10 10:00:00,485.0,725.8,95.0,16.5
2024-05-10 11:00:00,625.0,790.6,103.0,18.3
2024-05-10 12:00:00,726.0,819.1,108.0,19.7
2024-05-10 13:00:00,681.0,609.7,185.0,20.4
2024-05-10 14:00:00,686.0,582.0,201.0,21.1
2024-05-10 15:00:00,622.0,508.2,209.0,21.8
2024-05-10 16:00:00,523.0,433.0,197.0,21.6
2024-05-10 17:00:00,393.0,234.0,239.0,21.3
2024-05-10 18:00:00,224.0,82.3,180.0,20.7
2024-05-10 19:00:00,132.0,0.0,132.0,20.1
2024-05-10 20:00:00,117.0,126.4,87.0,19.0
2024-05-10 21:00:00,38.0,85.4,30.0,16.4
2024-05-10 22:00:00,0.0,0.0,0.0,14.8
2024-05-10 23:00:00,0.0,0.0,0.0,14.1
2024-05-11 00:00:00,0.0,0.0,0.0,13.4
2024-05-11 01:00:00,0.0,0.0,0.0,13.4
2024-05-11 02:00:00,0.0,0.0,0.0,13.4
2024-05-11 03:00:00,0.0,0.0,0.0,12.2
2024-05-11 04:00:00,0.0,0.0,0.0,13.4
2024-05-11 05:00:00,0.0,0.0,0.0,10.4
2024-05-11 06:00:00,0.0,0.0,0.0,10.7
2024-05-11 07:00:00,45.0,155.6,30.0,11.8
2024-05-11 08:00:00,161.0,357.6,74.0,13.6
2024-05-11 09:00:00,310.0,511.2,107.0,15.6
2024-05-11 10:00:00,482.0,696.0,106.0,17.9
2024-05-11 11:00:00,625.0,772.2,113.0,19.9
2024-05-11 12:00:00,725.0,791.2,126.0,21.3
2024-05-11 13:00:00,696.0,611.6,197.0,22.2
2024-05-11 14:00:00,629.0,421.2,277.0,22.5
2024-05-11 15:00:00,556.0,333.7,284.0,23.3
2024-05-11 16:00:00,553.0,438.2,222.0,23.4
2024-05-11 17:00:00,513.0,473.8,200.0,23.0
2024-05-11 18:00:00,338.0,344.2,153.0,21.4
2024-05-11 19:00:00,284.0,449.0,107.0,21.4
2024-05-11 20:00:00,170.0,457.2,60.0,20.0
2024-05-11 21:00:00,46.0,210.0,26.0,18.1
2024-05-11 22:00:00,0.0,0.0,0.0,17.4
2024-05-11 23:00:00,0.0,0.0,0.0,16.6
2024-05-12 00:00:00,0.0,0.0,0.0,15.8
2024-05-12 01:00:00,0.0,0.0,0.0,15.4
2024-05-12 02:00:00,0.0,0.0,0.0,14.7
2024-05-12 03:00:00,0.0,0.0,0.0,14.1
2024-05-12 04:00:00,0.0,0.0,0.0,12.8
2024-05-12 05:00:00,0.0,0.0,0.0,13.5
2024-05-12 06:00:00,0.0,0.0,0.0,13.1
2024-05-12 07:00:00,50.0,234.7,27.0,13.7
2024-05-12 08:00:00,179.0,486.8,59.0,15.7
2024-05-12 09:00:00,337.0,647.4,78.0,17.6
2024-05-12 10:00:00,495.0,742.1,92.0,19.4
2024-05-12 11:00:00,633.0,793.2,105.0,21.2
2024-05-12 12:00:00,740.0,825.5,113.0,22.4
2024-05-12 13:00:00,786.0,811.4,122.0,23.3
2024-05-12 14:00:00,793.0,799.5,123.0,23.8
2024-05-12 15:00:00,771.0,784.2,130.0,24.5
2024-05-12 16:00:00,682.0,731.1,128.0,24.5
2024-05-12 17:00:00,606.0,747.9,110.0,24.3
2024-05-12 18:00:00,464.0,683.1,95.0,23.6
2024-05-12 19:00:00,319.0,609.5,77.0,22.9
2024-05-12 20:00:00,159.0,402.1,61.0,21.2
2024-05-12 21:00:00,47.0,196.4,28.0,19.0
2024-05-12 22:00:00,0.0,0.0,0.0,18.1
2024-05-12 23:00:00,0.0,0.0,0.0,17.7
2024-05-13 00:00:00,0.0,0.0,0.0,17.3
2024-05-13 01:00:00,0.0,0.0,0.0,16.6
2024-05-13 02:00:00,0.0,0.0,0.0,16.2
2024-05-13 03:00:00,0.0,0.0,0.0,15.4
2024-05-13 04:00:00,0.0,0.0,0.0,15.4
2024-05-13 05:00:00,0.0,0.0,0.0,14.8
2024-05-13 06:00:00,1.0,0.0,1.0,13.7
2024-05-13 07:00:00,50.0,221.1,28.0,14.2
2024-05-13 08:00:00,157.0,372.5,64.0,15.7
2024-05-13 09:00:00,305.0,538.5,88.0,17.5
2024-05-13 10:00:00,464.0,648.7,110.0,19.0
2024-05-13 11:00:00,608.0,724.4,124.0,20.3
2024-05-13 12:00:00,696.0,706.1,158.0,21.4
2024-05-13 13:00:00,780.0,776.2,143.0,22.4
2024-05-13 14:00:00,817.0,829.4,120.0,23.1
2024-05-13 15:00:00,648.0,552.6,195.0,22.5
2024-05-13 16:00:00,649.0,632.8,168.0,21.8
2024-05-13 17:00:00,516.0,524.3,167.0,22.2
2024-05-13 18:00:00,444.0,598.7,119.0,22.4
2024-05-13 19:00:00,296.0,527.6,85.0,21.8
2024-05-13 20:00:00,167.0,429.5,61.0,20.3
2024-05-13 21:00:00,48.0,223.9,26.0,18.8
2024-05-13 22:00:00,0.0,0.0,0.0,17.7
2024-05-13 23:00:00,0.0,0.0,0.0,17.0
2024-05-14 00:00:00,0.0,0.0,0.0,16.2
2024-05-14 01:00:00,0.0,0.0,0.0,15.7
2024-05-14 02:00:00,0.0,0.0,0.0,15.1
2024-05-14 03:00:00,0.0,0.0,0.0,15.9
2024-05-14 04:00:00,0.0,0.0,0.0,15.8
2024-05-14 05:00:00,0.0,0.0,0.0,15.8
2024-05-14 06:00:00,1.0,0.0,1.0,15.8
2024-05-14 07:00:00,54.0,257.4,28.0,16.3
2024-05-14 08:00:00,183.0,486.7,60.0,17.6
2024-05-14 09:00:00,339.0,643.1,78.0,19.2
2024-05-14 10:00:00,495.0,736.7,91.0,20.7
2024-05-14 11:00:00,635.0,797.8,100.0,22.1
2024-05-14 12:00:00,744.0,834.8,106.0,23.3
2024-05-14 13:00:00,802.0,836.1,114.0,24.2
2024-05-14 14:00:00,758.0,752.5,124.0,24.3
2024-05-14 15:00:00,739.0,719.0,148.0,24.5
2024-05-14 16:00:00,599.0,569.2,165.0,24.7
2024-05-14 17:00:00,563.0,658.5,123.0,25.1
2024-05-14 18:00:00,465.0,672.8,98.0,25.0
2024-05-14 19:00:00,326.0,615.7,78.0,24.2
2024-05-14 20:00:00,173.0,452.2,60.0,22.1
2024-05-14 21:00:00,50.0,230.6,27.0,21.6
2024-05-14 22:00:00,1.0,0.0,1.0,17.6
2024-05-14 23:00:00,0.0,0.0,0.0,16.3
2024-05-15 00:00:00,0.0,0.0,0.0,16.6
2024-05-15 01:00:00,0.0,0.0,0.0,15.6
2024-05-15 02:00:00,0.0,0.0,0.0,14.4
2024-05-15 03:00:00,0.0,0.0,0.0,13.9
2024-05-15 04:00:00,0.0,0.0,0.0,13.9
2024-05-15 05:00:00,0.0,0.0,0.0,13.4
2024-05-15 06:00:00,1.0,0.0,1.0,12.0
2024-05-15 07:00:00,52.0,165.7,35.0,13.8
2024-05-15 08:00:00,129.0,133.0,95.0,15.5
2024-05-15 09:00:00,211.0,176.2,139.0,16.6
2024-05-15 10:00:00,285.0,176.1,188.0,17.6
2024-05-15 11:00:00,480.0,343.2,249.0,18.8
2024-05-15 12:00:00,578.0,378.3,288.0,19.8
2024-05-15 13:00:00,659.0,398.7,330.0,20.6
2024-05-15 14:00:00,568.0,237.9,367.0,21.1
2024-05-15 15:00:00,471.0,207.5,300.0,20.2
2024-05-15 16:00:00,551.0,388.4,254.0,20.0
2024-05-15 17:00:00,440.0,347.4,207.0,19.7
2024-05-15 18:00:00,295.0,118.6,230.0,18.8
2024-05-15 19:00:00,118.0,24.7,108.0,17.8
2024-05-15 20:00:00,82.0,27.7,75.0,17.5
2024-05-15 21:00:00,23.0,29.6,20.0,16.8
2024-05-15 22:00:00,0.0,0.0,0.0,16.2
2024-05-15 23:00:00,0.0,0.0,0.0,15.7
2024-05-16 00:00:00,0.0,0.0,0.0,15.7
2024-05-16 01:00:00,0.0,0.0,0.0,15.3
2024-05-16 02:00:00,0.0,0.0,0.0,15.4
2024-05-16 03:00:00,0.0,0.0,0.0,15.0
2024-05-16 04:00:00,0.0,0.0,0.0,15.0
2024-05-16 05:00:00,0.0,0.0,0.0,14.8
2024-05-16 06:00:00,1.0,0.0,1.0,14.9
2024-05-16 07:00:00,35.0,104.1,24.0,14.8
2024-05-16 08:00:00,121.0,193.4,71.0,15.6
2024-05-16 09:00:00,292.0,403.6,126.0,16.9
2024-05-16 10:00:00,392.0,444.5,146.0,18.0
2024-05-16 11:00:00,542.0,547.9,172.0,18.9
2024-05-16 12:00:00,562.0,365.5,281.0,19.4
2024-05-16 13:00:00,578.0,307.1,324.0,19.3
2024-05-16 14:00:00,685.0,491.2,269.0,20.3
2024-05-16 15:00:00,645.0,476.8,251.0,20.2
2024-05-16 16:00:00,586.0,444.6,245.0,19.8
2024-05-16 17:00:00,398.0,297.2,198.0,16.4
2024-05-16 18:00:00,219.0,130.7,147.0,17.2
2024-05-16 19:00:00,241.0,293.8,121.0,17.7
2024-05-16 20:00:00,168.0,363.4,75.0,17.4
2024-05-16 21:00:00,50.0,193.1,30.0,14.6
2024-05-16 22:00:00,1.0,0.0,1.0,15.3
2024-05-16 23:00:00,0.0,0.0,0.0,14.0
2024-05-17 00:00:00,0.0,0.0,0.0,13.6
2024-05-17 01:00:00,0.0,0.0,0.0,12.7
2024-05-17 02:00:00,0.0,0.0,0.0,12.8
2024-05-17 03:00:00,0.0,0.0,0.0,12.9
2024-05-17 04:00:00,0.0,0.0,0.0,12.5
2024-05-17 05:00:00,0.0,0.0,0.0,12.7
2024-05-17 06:00:00,1.0,0.0,1.0,12.7
2024-05-17 07:00:00,44.0,73.6,36.0,13.1
2024-05-17 08:00:00,127.0,126.3,94.0,13.9
2024-05-17 09:00:00,209.0,157.1,144.0,15.0
2024-05-17 10:00:00,239.0,57.6,207.0,15.9
2024-05-17 11:00:00,425.0,225.8,272.0,17.3
2024-05-17 12:00:00,490.0,288.0,268.0,18.5
2024-05-17 13:00:00,375.0,119.4,276.0,18.2
2024-05-17 14:00:00,194.0,0.0,194.0,17.6
2024-05-17 15:00:00,415.0,213.7,238.0,19.1
2024-05-17 16:00:00,462.0,274.3,251.0,20.2
2024-05-17 17:00:00,387.0,256.2,214.0,20.0
2024-05-17 18:00:00,176.0,16.3,167.0,19.4
2024-05-17 19:00:00,154.0,107.0,110.0,19.0
2024-05-17 20:00:00,124.0,139.1,88.0,18.8
2024-05-17 21:00:00,46.0,93.7,36.0,17.0
2024-05-17 22:00:00,1.0,0.0,1.0,15.7
2024-05-17 23:00:00,0.0,0.0,0.0,14.7
2024-05-18 00:00:00,0.0,0.0,0.0,13.4
2024-05-18 01:00:00,0.0,0.0,0.0,13.3
2024-05-18 02:00:00,0.0,0.0,0.0,12.1
2024-05-18 03:00:00,0.0,0.0,0.0,14.1
2024-05-18 04:00:00,0.0,0.0,0.0,13.7
2024-05-18 05:00:00,0.0,0.0,0.0,12.6
2024-05-18 06:00:00,2.0,0.0,2.0,11.3
2024-05-18 07:00:00,46.0,98.5,35.0,12.8
2024-05-18 08:00:00,147.0,246.2,82.0,13.8
2024-05-18 09:00:00,310.0,441.9,126.0,15.3
2024-05-18 10:00:00,492.0,628.9,141.0,17.0
2024-05-18 11:00:00,630.0,762.1,112.0,18.4
2024-05-18 12:00:00,627.0,590.0,171.0,19.4
2024-05-18 13:00:00,702.0,629.1,179.0,20.3
2024-05-18 14:00:00,645.0,460.7,253.0,20.7
2024-05-18 15:00:00,565.0,417.8,218.0,19.5
2024-05-18 16:00:00,615.0,569.1,176.0,20.2
2024-05-18 17:00:00,583.0,684.7,119.0,19.2
2024-05-18 18:00:00,379.0,446.3,131.0,19.2
2024-05-18 19:00:00,287.0,449.4,101.0,18.6
2024-05-18 20:00:00,170.0,378.2,71.0,17.7
2024-05-18 21:00:00,48.0,154.8,31.0,16.2
2024-05-18 22:00:00,2.0,0.0,2.0,14.0
2024-05-18 23:00:00,0.0,0.0,0.0,13.0
2024-05-19 00:00:00,0.0,0.0,0.0,12.6
2024-05-19 01:00:00,0.0,0.0,0.0,13.3
2024-05-19 02:00:00,0.0,0.0,0.0,12.7
2024-05-19 03:00:00,0.0,0.0,0.0,12.3
2024-05-19 04:00:00,0.0,0.0,0.0,11.0
2024-05-19 05:00:00,0.0,0.0,0.0,11.1
2024-05-19 06:00:00,2.0,0.0,2.0,12.1
2024-05-19 07:00:00,34.0,78.6,25.0,12.5
2024-05-19 08:00:00,92.0,108.7,63.0,13.2
2024-05-19 09:00:00,180.0,145.7,119.0,14.2
2024-05-19 10:00:00,296.0,151.7,211.0,15.5
2024-05-19 11:00:00,430.0,249.3,260.0,16.7
2024-05-19 12:00:00,616.0,455.6,263.0,17.8
2024-05-19 13:00:00,767.0,720.1,167.0,19.2
2024-05-19 14:00:00,744.0,635.5,202.0,19.8
2024-05-19 15:00:00,628.0,366.4,323.0,18.9
2024-05-19 16:00:00,273.0,50.4,234.0,18.4
2024-05-19 17:00:00,322.0,145.6,223.0,18.8
2024-05-19 18:00:00,269.0,87.8,220.0,16.2
2024-05-19 19:00:00,64.0,0.0,64.0,15.3
2024-05-19 20:00:00,66.0,15.1,62.0,15.2
2024-05-19 21:00:00,37.0,8.9,36.0,14.3
2024-05-19 22:00:00,2.0,0.0,2.0,13.2
2024-05-19 23:00:00,0.0,0.0,0.0,12.7
2024-05-20 00:00:00,0.0,0.0,0.0,12.6
2024-05-20 01:00:00,0.0,0.0,0.0,11.7
2024-05-20 02:00:00,0.0,0.0,0.0,13.0
2024-05-20 03:00:00,0.0,0.0,0.0,13.1
2024-05-20 04:00:00,0.0,0.0,0.0,13.3
2024-05-20 05:00:00,0.0,0.0,0.0,12.4
2024-05-20 06:00:00,2.0,0.0,2.0,12.4
2024-05-20 07:00:00,47.0,34.1,43.0,12.6
2024-05-20 08:00:00,148.0,208.0,92.0,13.5
2024-05-20 09:00:00,247.0,325.4,110.0,14.6
2024-05-20 10:00:00,288.0,101.3,231.0,15.6
2024-05-20 11:00:00,405.0,253.0,232.0,16.3
2024-05-20 12:00:00,389.0,153.2,270.0,16.7
2024-05-20 13:00:00,695.0,614.3,182.0,18.1
2024-05-20 14:00:00,680.0,572.1,191.0,19.0
2024-05-20 15:00:00,420.0,128.2,313.0,19.5
2024-05-20 16:00:00,510.0,381.6,214.0,19.4
2024-05-20 17:00:00,500.0,491.1,165.0,19.5
2024-05-20 18:00:00,452.0,602.9,114.0,19.5
2024-05-20 19:00:00,321.0,551.1,90.0,19.5
2024-05-20 20:00:00,184.0,452.4,63.0,18.9
2024-05-20 21:00:00,61.0,250.2,32.0,16.4
2024-05-20 22:00:00,2.0,0.0,2.0,15.3
2024-05-20 23:00:00,0.0,0.0,0.0,14.7
2024-05-21 00:00:00,0.0,0.0,0.0,14.4
2024-05-21 01:00:00,0.0,0.0,0.0,14.0
2024-05-21 02:00:00,0.0,0.0,0.0,13.4
2024-05-21 03:00:00,0.0,0.0,0.0,13.6
2024-05-21 04:00:00,0.0,0.0,0.0,12.3
2024-05-21 05:00:00,0.0,0.0,0.0,13.6
2024-05-21 06:00:00,3.0,0.0,3.0,13.9
2024-05-21 07:00:00,68.0,283.8,34.0,14.2
2024-05-21 08:00:00,176.0,301.9,94.0,15.9
2024-05-21 09:00:00,348.0,595.3,96.0,18.1
2024-05-21 10:00:00,497.0,662.5,123.0,20.0
2024-05-21 11:00:00,610.0,644.6,168.0,21.6
2024-05-21 12:00:00,695.0,606.2,223.0,22.9
2024-05-21 13:00:00,777.0,719.3,175.0,23.7
2024-05-21 14:00:00,666.0,460.0,272.0,21.5
2024-05-21 15:00:00,333.0,29.9,308.0,19.5
2024-05-21 16:00:00,296.0,20.6,280.0,19.4
2024-05-21 17:00:00,153.0,10.2,146.0,17.5
2024-05-21 18:00:00,80.0,0.0,80.0,17.5
2024-05-21 19:00:00,86.0,0.0,86.0,17.5
2024-05-21 20:00:00,29.0,0.0,29.0,17.2
2024-05-21 21:00:00,7.0,0.0,7.0,16.7
2024-05-21 22:00:00,0.0,0.0,0.0,16.4
2024-05-21 23:00:00,0.0,0.0,0.0,15.8
2024-05-22 00:00:00,0.0,0.0,0.0,14.7
2024-05-22 01:00:00,0.0,0.0,0.0,14.1
2024-05-22 02:00:00,0.0,0.0,0.0,14.0
2024-05-22 03:00:00,0.0,0.0,0.0,14.1
2024-05-22 04:00:00,0.0,0.0,0.0,13.6
2024-05-22 05:00:00,0.0,0.0,0.0,13.0
2024-05-22 06:00:00,2.0,0.0,2.0,13.1
2024-05-22 07:00:00,49.0,81.7,39.0,13.7
2024-05-22 08:00:00,107.0,14.6,103.0,14.3
2024-05-22 09:00:00,191.0,47.0,171.0,14.9
2024-05-22 10:00:00,275.0,81.2,229.0,15.6
2024-05-22 11:00:00,356.0,97.4,289.0,16.3
2024-05-22 12:00:00,405.0,91.0,334.0,17.0
2024-05-22 13:00:00,394.0,96.6,313.0,17.3
2024-05-22 14:00:00,456.0,114.2,358.0,18.1
2024-05-22 15:00:00,633.0,386.5,309.0,17.9
2024-05-22 16:00:00,426.0,139.8,317.0,18.0
2024-05-22 17:00:00,264.0,59.7,223.0,18.0
2024-05-22 18:00:00,379.0,297.2,211.0,18.9
2024-05-22 19:00:00,229.0,188.6,149.0,18.7
2024-05-22 20:00:00,178.0,373.7,76.0,17.9
2024-05-22 21:00:00,64.0,238.2,35.0,16.1
2024-05-22 22:00:00,3.0,0.0,3.0,14.7
2024-05-22 23:00:00,0.0,0.0,0.0,13.9
2024-05-23 00:00:00,0.0,0.0,0.0,13.2
2024-05-23 01:00:00,0.0,0.0,0.0,12.5
2024-05-23 02:00:00,0.0,0.0,0.0,11.9
2024-05-23 03:00:00,0.0,0.0,0.0,11.5
2024-05-23 04:00:00,0.0,0.0,0.0,11.2
2024-05-23 05:00:00,0.0,0.0,0.0,10.4
2024-05-23 06:00:00,4.0,19.1,3.0,10.7
2024-05-23 07:00:00,71.0,280.5,36.0,12.4
2024-05-23 08:00:00,203.0,496.0,66.0,13.8
2024-05-23 09:00:00,361.0,645.6,85.0,15.2
2024-05-23 10:00:00,511.0,702.0,112.0,16.5
2024-05-23 11:00:00,638.0,729.7,135.0,17.5
2024-05-23 12:00:00,723.0,728.8,153.0,18.4
2024-05-23 13:00:00,740.0,680.7,168.0,19.0
2024-05-23 14:00:00,753.0,683.7,165.0,19.7
2024-05-23 15:00:00,743.0,671.4,179.0,19.6
2024-05-23 16:00:00,668.0,636.0,171.0,19.9
2024-05-23 17:00:00,538.0,586.7,134.0,19.8
2024-05-23 18:00:00,440.0,592.0,104.0,19.7
2024-05-23 19:00:00,324.0,560.1,85.0,19.5
2024-05-23 20:00:00,180.0,428.1,62.0,18.8
2024-05-23 21:00:00,63.0,192.6,39.0,18.7
2024-05-23 22:00:00,3.0,0.0,3.0,17.9
2024-05-23 23:00:00,0.0,0.0,0.0,16.8
2024-05-24 00:00:00,0.0,0.0,0.0,15.8
2024-05-24 01:00:00,0.0,0.0,0.0,14.1
2024-05-24 02:00:00,0.0,0.0,0.0,12.6
2024-05-24 03:00:00,0.0,0.0,0.0,12.5
2024-05-24 04:00:00,0.0,0.0,0.0,13.0
2024-05-24 05:00:00,0.0,0.0,0.0,12.9
2024-05-24 06:00:00,3.0,0.0,3.0,12.1
2024-05-24 07:00:00,49.0,39.3,44.0,13.5
2024-05-24 08:00:00,89.0,21.6,83.0,14.2
2024-05-24 09:00:00,36.0,0.0,36.0,14.0
2024-05-24 10:00:00,82.0,0.0,82.0,14.2
2024-05-24 11:00:00,119.0,1.4,118.0,14.6
2024-05-24 12:00:00,70.0,0.0,70.0,14.6
2024-05-24 13:00:00,110.0,0.0,110.0,15.0
2024-05-24 14:00:00,170.0,9.3,162.0,15.7
2024-05-24 15:00:00,218.0,5.9,213.0,17.5
2024-05-24 16:00:00,230.0,52.3,189.0,16.9
2024-05-24 17:00:00,222.0,26.1,204.0,16.2
2024-05-24 18:00:00,143.0,12.3,136.0,16.4
2024-05-24 19:00:00,87.0,0.0,87.0,16.1
2024-05-24 20:00:00,99.0,43.1,87.0,15.9
2024-05-24 21:00:00,33.0,0.0,33.0,14.9
2024-05-24 22:00:00,3.0,0.0,3.0,14.1
2024-05-24 23:00:00,0.0,0.0,0.0,13.5
2024-05-25 00:00:00,0.0,0.0,0.0,13.1
2024-05-25 01:00:00,0.0,0.0,0.0,12.9
2024-05-25 02:00:00,0.0,0.0,0.0,13.0
2024-05-25 03:00:00,0.0,0.0,0.0,13.1
2024-05-25 04:00:00,0.0,0.0,0.0,13.1
2024-05-25 05:00:00,0.0,0.0,0.0,13.5
2024-05-25 06:00:00,2.0,0.0,2.0,13.6
2024-05-25 07:00:00,29.0,30.9,25.0,13.5
2024-05-25 08:00:00,78.0,64.2,60.0,13.5
2024-05-25 09:00:00,100.0,16.2,93.0,13.7
2024-05-25 10:00:00,109.0,0.0,109.0,13.7
2024-05-25 11:00:00,273.0,66.4,227.0,14.8
2024-05-25 12:00:00,358.0,100.6,279.0,15.5
2024-05-25 13:00:00,461.0,151.8,333.0,16.5
2024-05-25 14:00:00,536.0,234.0,334.0,17.6
2024-05-25 15:00:00,643.0,469.5,247.0,17.8
2024-05-25 16:00:00,583.0,529.8,167.0,17.9
2024-05-25 17:00:00,520.0,488.0,182.0,18.2
2024-05-25 18:00:00,387.0,400.4,158.0,18.2
2024-05-25 19:00:00,326.0,526.2,99.0,18.2
2024-05-25 20:00:00,173.0,324.2,82.0,17.4
2024-05-25 21:00:00,67.0,223.0,38.0,15.5
2024-05-25 22:00:00,4.0,19.1,3.0,16.2
2024-05-25 23:00:00,0.0,0.0,0.0,15.7
2024-05-26 00:00:00,0.0,0.0,0.0,12.8
2024-05-26 01:00:00,0.0,0.0,0.0,11.4
2024-05-26 02:00:00,0.0,0.0,0.0,11.4
2024-05-26 03:00:00,0.0,0.0,0.0,11.5
2024-05-26 04:00:00,0.0,0.0,0.0,11.2
2024-05-26 05:00:00,0.0,0.0,0.0,10.9
2024-05-26 06:00:00,5.0,19.1,4.0,11.4
2024-05-26 07:00:00,69.0,174.9,46.0,13.2
2024-05-26 08:00:00,195.0,393.2,84.0,15.0
2024-05-26 09:00:00,352.0,586.5,98.0,17.0
2024-05-26 10:00:00,503.0,667.8,120.0,18.9
2024-05-26 11:00:00,648.0,736.1,137.0,20.5
2024-05-26 12:00:00,599.0,436.0,256.0,21.0
2024-05-26 13:00:00,316.0,21.3,298.0,20.6
2024-05-26 14:00:00,433.0,116.8,332.0,21.1
2024-05-26 15:00:00,360.0,68.6,302.0,20.9
2024-05-26 16:00:00,252.0,0.0,252.0,21.0
2024-05-26 17:00:00,618.0,619.2,188.0,20.3
2024-05-26 18:00:00,296.0,195.1,184.0,20.3
2024-05-26 19:00:00,232.0,237.5,129.0,18.7
2024-05-26 20:00:00,173.0,349.6,74.0,18.6
2024-05-26 21:00:00,61.0,196.0,35.0,16.9
2024-05-26 22:00:00,3.0,0.0,3.0,15.6
2024-05-26 23:00:00,0.0,0.0,0.0,14.8
2024-05-27 00:00:00,0.0,0.0,0.0,14.3
2024-05-27 01:00:00,0.0,0.0,0.0,13.5
2024-05-27 02:00:00,0.0,0.0,0.0,12.8
2024-05-27 03:00:00,0.0,0.0,0.0,12.8
2024-05-27 04:00:00,0.0,0.0,0.0,12.9
2024-05-27 05:00:00,0.0,0.0,0.0,13.3
2024-05-27 06:00:00,4.0,0.0,4.0,13.1
2024-05-27 07:00:00,57.0,149.8,37.0,13.7
2024-05-27 08:00:00,160.0,278.0,81.0,14.7
2024-05-27 09:00:00,344.0,554.3,103.0,15.4
2024-05-27 10:00:00,500.0,643.4,130.0,16.4
2024-05-27 11:00:00,639.0,737.5,126.0,17.5
2024-05-27 12:00:00,732.0,785.4,113.0,18.3
2024-05-27 13:00:00,733.0,627.4,202.0,18.9
2024-05-27 14:00:00,643.0,456.0,248.0,19.3
2024-05-27 15:00:00,679.0,568.2,198.0,19.6
2024-05-27 16:00:00,491.0,295.5,258.0,19.3
2024-05-27 17:00:00,198.0,14.4,188.0,17.1
2024-05-27 18:00:00,206.0,43.4,181.0,16.3
2024-05-27 19:00:00,50.0,0.0,50.0,15.1
2024-05-27 20:00:00,51.0,0.0,51.0,14.5
2024-05-27 21:00:00,20.0,0.0,20.0,13.5
2024-05-27 22:00:00,1.0,0.0,1.0,13.4
2024-05-27 23:00:00,0.0,0.0,0.0,12.9
2024-05-28 00:00:00,0.0,0.0,0.0,12.5
2024-05-28 01:00:00,0.0,0.0,0.0,12.3
2024-05-28 02:00:00,0.0,0.0,0.0,11.6
2024-05-28 03:00:00,0.0,0.0,0.0,11.8
2024-05-28 04:00:00,0.0,0.0,0.0,11.2
2024-05-28 05:00:00,0.0,0.0,0.0,10.7
2024-05-28 06:00:00,5.0,19.1,4.0,10.3
2024-05-28 07:00:00,77.0,273.1,40.0,10.7
2024-05-28 08:00:00,220.0,535.2,67.0,11.4
2024-05-28 09:00:00,367.0,632.5,91.0,12.6
2024-05-28 10:00:00,463.0,594.9,120.0,13.6
2024-05-28 11:00:00,552.0,538.0,177.0,14.8
2024-05-28 12:00:00,580.0,477.5,203.0,16.0
2024-05-28 13:00:00,640.0,530.9,190.0,16.9
2024-05-28 14:00:00,676.0,564.8,186.0,17.4
2024-05-28 15:00:00,620.0,546.0,157.0,17.7
2024-05-28 16:00:00,586.0,434.1,243.0,17.8
2024-05-28 17:00:00,516.0,457.0,197.0,18.4
2024-05-28 18:00:00,216.0,100.4,158.0,17.0
2024-05-28 19:00:00,53.0,0.0,53.0,14.7
2024-05-28 20:00:00,30.0,0.0,30.0,14.5
2024-05-28 21:00:00,7.0,0.0,7.0,14.2
2024-05-28 22:00:00,1.0,0.0,1.0,14.3
2024-05-28 23:00:00,0.0,0.0,0.0,14.2
2024-05-29 00:00:00,0.0,0.0,0.0,14.1
2024-05-29 01:00:00,0.0,0.0,0.0,14.1
2024-05-29 02:00:00,0.0,0.0,0.0,14.0
2024-05-29 03:00:00,0.0,0.0,0.0,13.5
2024-05-29 04:00:00,0.0,0.0,0.0,13.7
2024-05-29 05:00:00,0.0,0.0,0.0,14.2
2024-05-29 06:00:00,1.0,0.0,1.0,14.2
2024-05-29 07:00:00,11.0,0.0,11.0,14.4
2024-05-29 08:00:00,19.0,0.0,19.0,14.5
2024-05-29 09:00:00,133.0,82.2,97.0,15.4
2024-05-29 10:00:00,158.0,20.8,146.0,15.1
2024-05-29 11:00:00,287.0,164.7,172.0,16.4
2024-05-29 12:00:00,430.0,217.5,258.0,17.0
2024-05-29 13:00:00,410.0,163.7,271.0,17.3
2024-05-29 14:00:00,370.0,81.7,299.0,17.5
2024-05-29 15:00:00,456.0,226.0,264.0,17.7
2024-05-29 16:00:00,563.0,481.2,182.0,17.2
2024-05-29 17:00:00,510.0,481.6,173.0,17.6
2024-05-29 18:00:00,302.0,210.4,180.0,17.5
2024-05-29 19:00:00,192.0,179.5,113.0,15.7
2024-05-29 20:00:00,168.0,303.4,80.0,15.7
2024-05-29 21:00:00,60.0,157.1,38.0,15.1
2024-05-29 22:00:00,5.0,19.1,4.0,13.7
2024-05-29 23:00:00,0.0,0.0,0.0,13.0
2024-05-30 00:00:00,0.0,0.0,0.0,12.6
2024-05-30 01:00:00,0.0,0.0,0.0,11.5
2024-05-30 02:00:00,0.0,0.0,0.0,10.5
2024-05-30 03:00:00,0.0,0.0,0.0,12.8
2024-05-30 04:00:00,0.0,0.0,0.0,11.7
2024-05-30 05:00:00,0.0,0.0,0.0,11.6
2024-05-30 06:00:00,6.0,19.1,5.0,11.7
2024-05-30 07:00:00,68.0,143.9,48.0,12.2
2024-05-30 08:00:00,167.0,242.1,97.0,12.7
2024-05-30 09:00:00,299.0,302.8,166.0,14.1
2024-05-30 10:00:00,478.0,505.9,185.0,15.7
2024-05-30 11:00:00,632.0,663.3,168.0,17.2
2024-05-30 12:00:00,694.0,685.7,151.0,18.0
2024-05-30 13:00:00,653.0,432.9,285.0,18.5
2024-05-30 14:00:00,461.0,170.1,313.0,18.7
2024-05-30 15:00:00,628.0,403.2,285.0,17.9
2024-05-30 16:00:00,700.0,654.3,181.0,18.7
2024-05-30 17:00:00,438.0,413.4,148.0,17.1
2024-05-30 18:00:00,379.0,324.9,190.0,17.6
2024-05-30 19:00:00,287.0,285.0,161.0,17.6
2024-05-30 20:00:00,169.0,260.1,93.0,16.9
2024-05-30 21:00:00,73.0,147.6,52.0,15.6
2024-05-30 22:00:00,6.0,0.0,6.0,14.5
2024-05-30 23:00:00,0.0,0.0,0.0,13.7
2024-05-31 00:00:00,0.0,0.0,0.0,12.8
2024-05-31 01:00:00,0.0,0.0,0.0,12.1
2024-05-31 02:00:00,0.0,0.0,0.0,11.3
2024-05-31 03:00:00,0.0,0.0,0.0,11.0
2024-05-31 04:00:00,0.0,0.0,0.0,10.4
2024-05-31 05:00:00,0.0,0.0,0.0,10.6
2024-05-31 06:00:00,4.0,0.0,4.0,11.7
2024-05-31 07:00:00,28.0,7.1,27.0,12.4
2024-05-31 08:00:00,64.0,0.0,64.0,13.0
2024-05-31 09:00:00,125.0,22.7,115.0,13.7
2024-05-31 10:00:00,218.0,67.2,179.0,14.5
2024-05-31 11:00:00,378.0,191.3,244.0,15.7
2024-05-31 12:00:00,441.0,204.3,279.0,17.1
2024-05-31 13:00:00,254.0,17.6,239.0,16.7
2024-05-31 14:00:00,389.0,166.4,244.0,17.3
2024-05-31 15:00:00,595.0,424.8,233.0,17.7
2024-05-31 16:00:00,217.0,0.0,217.0,16.3
2024-05-31 17:00:00,367.0,204.8,223.0,17.7
2024-05-31 18:00:00,389.0,390.8,161.0,18.2
2024-05-31 19:00:00,283.0,326.6,138.0,17.1
2024-05-31 20:00:00,170.0,329.6,73.0,16.7
2024-05-31 21:00:00,67.0,179.9,41.0,16.1
2024-05-31 22:00:00,6.0,19.1,5.0,15.1
2024-05-31 23:00:00,0.0,0.0,0.0,14.3
2024-06-01 00:00:00,0.0,0.0,0.0,13.6
2024-06-01 01:00:00,0.0,0.0,0.0,13.1
2024-06-01 02:00:00,0.0,0.0,0.0,12.9
2024-06-01 03:00:00,0.0,0.0,0.0,14.0
2024-06-01 04:00:00,0.0,0.0,0.0,13.3
2024-06-01 05:00:00,0.0,0.0,0.0,13.1
2024-06-01 06:00:00,2.0,0.0,2.0,13.4
2024-06-01 07:00:00,21.0,0.0,21.0,13.7
2024-06-01 08:00:00,73.0,6.9,71.0,14.3
2024-06-01 09:00:00,83.0,4.5,81.0,14.8
2024-06-01 10:00:00,121.0,5.2,118.0,15.4
2024-06-01 11:00:00,160.0,4.3,157.0,16.1
2024-06-01 12:00:00,255.0,25.2,235.0,17.3
2024-06-01 13:00:00,528.0,245.2,319.0,18.7
2024-06-01 14:00:00,699.0,507.7,256.0,20.5
2024-06-01 15:00:00,294.0,55.1,247.0,19.0
2024-06-01 16:00:00,369.0,177.1,228.0,18.3
2024-06-01 17:00:00,353.0,187.4,221.0,19.7
2024-06-01 18:00:00,254.0,64.9,216.0,19.2
2024-06-01 19:00:00,219.0,172.7,142.0,18.8
2024-06-01 20:00:00,132.0,111.4,99.0,18.5
2024-06-01 21:00:00,54.0,68.2,44.0,17.5
2024-06-01 22:00:00,4.0,0.0,4.0,17.3
2024-06-01 23:00:00,0.0,0.0,0.0,16.9
2024-06-02 00:00:00,0.0,0.0,0.0,16.1
2024-06-02 01:00:00,0.0,0.0,0.0,15.7
2024-06-02 02:00:00,0.0,0.0,0.0,15.1
2024-06-02 03:00:00,0.0,0.0,0.0,14.6
2024-06-02 04:00:00,0.0,0.0,0.0,14.2
2024-06-02 05:00:00,0.0,0.0,0.0,13.8
2024-06-02 06:00:00,2.0,0.0,2.0,13.5
2024-06-02 07:00:00,26.0,7.0,25.0,13.3
2024-06-02 08:00:00,76.0,13.6,72.0,13.3
2024-06-02 09:00:00,145.0,29.4,132.0,13.6
2024-06-02 10:00:00,217.0,42.9,192.0,14.2
2024-06-02 11:00:00,321.0,79.7,265.0,15.1
2024-06-02 12:00:00,303.0,54.1,260.0,15.5
2024-06-02 13:00:00,464.0,98.4,380.0,16.6
2024-06-02 14:00:00,431.0,100.7,343.0,17.2
2024-06-02 15:00:00,385.0,97.1,302.0,16.4
2024-06-02 16:00:00,403.0,87.8,333.0,16.9
2024-06-02 17:00:00,341.0,116.2,259.0,16.8
2024-06-02 18:00:00,288.0,150.0,200.0,16.7
2024-06-02 19:00:00,190.0,76.0,156.0,16.2
2024-06-02 20:00:00,95.0,43.6,82.0,15.9
2024-06-02 21:00:00,61.0,134.6,41.0,15.1
2024-06-02 22:00:00,5.0,0.0,5.0,15.1
2024-06-02 23:00:00,0.0,0.0,0.0,14.5
2024-06-03 00:00:00,0.0,0.0,0.0,13.1
2024-06-03 01:00:00,0.0,0.0,0.0,11.6
2024-06-03 02:00:00,0.0,0.0,0.0,11.0
2024-06-03 03:00:00,0.0,0.0,0.0,10.2
2024-06-03 04:00:00,0.0,0.0,0.0,9.7
2024-06-03 05:00:00,0.0,0.0,0.0,10.1
2024-06-03 06:00:00,5.0,0.0,5.0,10.7
2024-06-03 07:00:00,45.0,20.7,42.0,11.4
2024-06-03 08:00:00,128.0,132.6,89.0,11.9
2024-06-03 09:00:00,171.0,29.3,158.0,12.5
2024-06-03 10:00:00,237.0,32.6,218.0,13.1
2024-06-03 11:00:00,307.0,65.4,261.0,13.7
2024-06-03 12:00:00,364.0,60.3,316.0,14.3
2024-06-03 13:00:00,400.0,91.3,322.0,14.9
2024-06-03 14:00:00,419.0,107.5,325.0,15.6
2024-06-03 15:00:00,458.0,105.2,368.0,15.1
2024-06-03 16:00:00,305.0,37.6,275.0,15.1
2024-06-03 17:00:00,288.0,59.4,246.0,15.4
2024-06-03 18:00:00,273.0,79.9,226.0,15.6
2024-06-03 19:00:00,211.0,142.4,147.0,15.8
2024-06-03 20:00:00,124.0,90.0,97.0,15.8
2024-06-03 21:00:00,43.0,33.2,38.0,15.3
2024-06-03 22:00:00,4.0,0.0,4.0,14.6
2024-06-03 23:00:00,0.0,0.0,0.0,14.3
2024-06-04 00:00:00,0.0,0.0,0.0,13.7
2024-06-04 01:00:00,0.0,0.0,0.0,13.6
2024-06-04 02:00:00,0.0,0.0,0.0,13.4
2024-06-04 03:00:00,0.0,0.0,0.0,13.3
2024-06-04 04:00:00,0.0,0.0,0.0,13.0
2024-06-04 05:00:00,0.0,0.0,0.0,13.0
2024-06-04 06:00:00,3.0,0.0,3.0,13.0
2024-06-04 07:00:00,24.0,0.0,24.0,13.4
2024-06-04 08:00:00,54.0,0.0,54.0,13.7
2024-06-04 09:00:00,100.0,0.0,100.0,14.1
2024-06-04 10:00:00,282.0,162.6,187.0,15.4
2024-06-04 11:00:00,427.0,288.2,224.0,16.5
2024-06-04 12:00:00,580.0,360.3,293.0,17.8
2024-06-04 13:00:00,600.0,375.4,279.0,18.4
2024-06-04 14:00:00,434.0,123.4,326.0,18.3
2024-06-04 15:00:00,522.0,205.5,346.0,18.8
2024-06-04 16:00:00,555.0,361.3,266.0,19.4
2024-06-04 17:00:00,421.0,215.9,268.0,19.4
2024-06-04 18:00:00,393.0,289.9,222.0,19.9
2024-06-04 19:00:00,187.0,79.8,151.0,19.3
2024-06-04 20:00:00,171.0,298.1,81.0,18.5
2024-06-04 21:00:00,81.0,255.6,42.0,17.2
2024-06-04 22:00:00,8.0,18.8,7.0,16.6
2024-06-04 23:00:00,0.0,0.0,0.0,16.9
2024-06-05 00:00:00,0.0,0.0,0.0,16.2
2024-06-05 01:00:00,0.0,0.0,0.0,16.2
2024-06-05 02:00:00,0.0,0.0,0.0,15.9
2024-06-05 03:00:00,0.0,0.0,0.0,15.5
2024-06-05 04:00:00,0.0,0.0,0.0,14.4
2024-06-05 05:00:00,0.0,0.0,0.0,13.8
2024-06-05 06:00:00,1.0,0.0,1.0,13.7
2024-06-05 07:00:00,10.0,0.0,10.0,13.7
2024-06-05 08:00:00,22.0,0.0,22.0,13.7
2024-06-05 09:00:00,57.0,6.7,54.0,13.5
2024-06-05 10:00:00,113.0,3.4,111.0,13.3
2024-06-05 11:00:00,256.0,38.3,229.0,13.6
2024-06-05 12:00:00,258.0,50.2,218.0,13.2
2024-06-05 13:00:00,375.0,85.3,302.0,14.3
2024-06-05 14:00:00,613.0,356.0,301.0,15.9
2024-06-05 15:00:00,583.0,392.9,246.0,17.2
2024-06-05 16:00:00,491.0,295.9,254.0,17.4
2024-06-05 17:00:00,257.0,101.4,185.0,17.1
2024-06-05 18:00:00,364.0,274.0,202.0,17.3
2024-06-05 19:00:00,130.0,77.3,95.0,16.3
2024-06-05 20:00:00,48.0,0.0,48.0,15.3
2024-06-05 21:00:00,40.0,64.7,30.0,14.1
2024-06-05 22:00:00,6.0,18.5,5.0,13.3
2024-06-05 23:00:00,0.0,0.0,0.0,12.1
2024-06-06 00:00:00,0.0,0.0,0.0,10.4
2024-06-06 01:00:00,0.0,0.0,0.0,11.5
2024-06-06 02:00:00,0.0,0.0,0.0,11.2
2024-06-06 03:00:00,0.0,0.0,0.0,9.0
2024-06-06 04:00:00,0.0,0.0,0.0,9.2
2024-06-06 05:00:00,0.0,0.0,0.0,9.1
2024-06-06 06:00:00,8.0,38.2,6.0,9.2
2024-06-06 07:00:00,72.0,162.3,48.0,10.8
2024-06-06 08:00:00,210.0,417.6,86.0,12.9
2024-06-06 09:00:00,310.0,419.1,123.0,14.5
2024-06-06 10:00:00,399.0,409.8,159.0,15.3
2024-06-06 11:00:00,591.0,572.6,187.0,16.2
2024-06-06 12:00:00,710.0,688.0,161.0,17.2
2024-06-06 13:00:00,757.0,694.7,162.0,17.9
2024-06-06 14:00:00,674.0,464.0,267.0,18.0
2024-06-06 15:00:00,646.0,531.1,190.0,18.3
2024-06-06 16:00:00,726.0,711.9,155.0,18.6
2024-06-06 17:00:00,557.0,529.9,180.0,18.5
2024-06-06 18:00:00,450.0,526.3,138.0,18.0
2024-06-06 19:00:00,326.0,427.0,132.0,17.4
2024-06-06 20:00:00,123.0,108.1,90.0,16.3
2024-06-06 21:00:00,71.0,172.8,44.0,14.6
2024-06-06 22:00:00,10.0,36.4,8.0,12.7
2024-06-06 23:00:00,0.0,0.0,0.0,11.6
2024-06-07 00:00:00,0.0,0.0,0.0,10.8
2024-06-07 01:00:00,0.0,0.0,0.0,10.3
2024-06-07 02:00:00,0.0,0.0,0.0,9.6
2024-06-07 03:00:00,0.0,0.0,0.0,11.7
2024-06-07 04:00:00,0.0,0.0,0.0,11.6
2024-06-07 05:00:00,0.0,0.0,0.0,11.3
2024-06-07 06:00:00,8.0,19.1,7.0,10.6
2024-06-07 07:00:00,87.0,302.6,42.0,11.2
2024-06-07 08:00:00,224.0,517.4,70.0,12.6
2024-06-07 09:00:00,382.0,664.6,85.0,14.3
2024-06-07 10:00:00,536.0,745.5,99.0,16.0
2024-06-07 11:00:00,623.0,693.9,133.0,16.9
2024-06-07 12:00:00,764.0,807.7,119.0,17.8
2024-06-07 13:00:00,781.0,712.8,170.0,18.7
2024-06-07 14:00:00,604.0,330.3,314.0,18.8
2024-06-07 15:00:00,519.0,203.6,344.0,19.1
2024-06-07 16:00:00,486.0,227.9,303.0,19.5
2024-06-07 17:00:00,481.0,367.6,219.0,19.5
2024-06-07 18:00:00,333.0,239.0,191.0,19.2
2024-06-07 19:00:00,236.0,166.7,160.0,18.8
2024-06-07 20:00:00,206.0,429.9,74.0,18.0
2024-06-07 21:00:00,95.0,316.5,45.0,15.7
2024-06-07 22:00:00,12.0,53.8,9.0,13.7
2024-06-07 23:00:00,0.0,0.0,0.0,12.6
2024-06-08 00:00:00,0.0,0.0,0.0,11.2
2024-06-08 01:00:00,0.0,0.0,0.0,11.7
2024-06-08 02:00:00,0.0,0.0,0.0,12.0
2024-06-08 03:00:00,0.0,0.0,0.0,12.5
2024-06-08 04:00:00,0.0,0.0,0.0,10.9
2024-06-08 05:00:00,0.0,0.0,0.0,10.0
2024-06-08 06:00:00,9.0,57.3,6.0,10.0
2024-06-08 07:00:00,91.0,334.5,41.0,11.1
2024-06-08 08:00:00,228.0,543.1,66.0,12.9
2024-06-08 09:00:00,384.0,670.5,84.0,14.6
2024-06-08 10:00:00,536.0,746.6,98.0,15.9
2024-06-08 11:00:00,677.0,809.4,105.0,17.0
2024-06-08 12:00:00,790.0,854.7,107.0,17.8
2024-06-08 13:00:00,869.0,893.0,103.0,18.6
2024-06-08 14:00:00,862.0,820.5,141.0,19.6
2024-06-08 15:00:00,823.0,793.8,140.0,20.0
2024-06-08 16:00:00,776.0,809.5,125.0,20.4
2024-06-08 17:00:00,588.0,573.0,179.0,20.2
2024-06-08 18:00:00,430.0,386.2,200.0,18.8
2024-06-08 19:00:00,341.0,505.1,110.0,18.3
2024-06-08 20:00:00,196.0,372.6,81.0,16.6
2024-06-08 21:00:00,74.0,169.1,47.0,15.8
2024-06-08 22:00:00,12.0,53.0,9.0,14.2
2024-06-08 23:00:00,0.0,0.0,0.0,13.1
2024-06-09 00:00:00,0.0,0.0,0.0,11.9
2024-06-09 01:00:00,0.0,0.0,0.0,11.2
2024-06-09 02:00:00,0.0,0.0,0.0,10.6
2024-06-09 03:00:00,0.0,0.0,0.0,12.6
2024-06-09 04:00:00,0.0,0.0,0.0,11.5
2024-06-09 05:00:00,0.0,0.0,0.0,9.8
2024-06-09 06:00:00,10.0,57.3,7.0,10.0
2024-06-09 07:00:00,95.0,359.7,41.0,10.7
2024-06-09 08:00:00,236.0,565.6,67.0,12.2
2024-06-09 09:00:00,395.0,701.1,81.0,13.8
2024-06-09 10:00:00,539.0,749.4,99.0,15.3
2024-06-09 11:00:00,677.0,799.1,112.0,16.4
2024-06-09 12:00:00,722.0,657.8,196.0,17.4
2024-06-09 13:00:00,717.0,489.3,297.0,18.5
2024-06-09 14:00:00,779.0,631.1,224.0,18.8
2024-06-09 15:00:00,853.0,820.9,146.0,18.8
2024-06-09 16:00:00,774.0,788.7,139.0,19.1
2024-06-09 17:00:00,635.0,678.4,150.0,18.8
2024-06-09 18:00:00,514.0,651.8,125.0,18.3
2024-06-09 19:00:00,346.0,527.5,104.0,16.9
2024-06-09 20:00:00,182.0,219.2,114.0,16.0
2024-06-09 21:00:00,98.0,334.9,44.0,14.2
2024-06-09 22:00:00,13.0,69.8,9.0,12.7
2024-06-09 23:00:00,0.0,0.0,0.0,11.8
2024-06-10 00:00:00,0.0,0.0,0.0,11.3
2024-06-10 01:00:00,0.0,0.0,0.0,11.3
2024-06-10 02:00:00,0.0,0.0,0.0,10.3
2024-06-10 03:00:00,0.0,0.0,0.0,8.9
2024-06-10 04:00:00,0.0,0.0,0.0,8.9
2024-06-10 05:00:00,0.0,0.0,0.0,8.8
2024-06-10 06:00:00,9.0,19.1,8.0,9.7
2024-06-10 07:00:00,73.0,92.9,59.0,11.1
2024-06-10 08:00:00,80.0,0.0,80.0,11.8
2024-06-10 09:00:00,119.0,0.0,119.0,12.7
2024-06-10 10:00:00,145.0,0.0,145.0,13.2
2024-06-10 11:00:00,151.0,5.7,147.0,13.3
2024-06-10 12:00:00,80.0,0.0,80.0,12.9
2024-06-10 13:00:00,139.0,1.2,138.0,13.3
2024-06-10 14:00:00,122.0,0.0,122.0,13.0
2024-06-10 15:00:00,142.0,2.3,140.0,13.2
2024-06-10 16:00:00,108.0,0.0,108.0,13.2
2024-06-10 17:00:00,104.0,0.0,104.0,12.6
2024-06-10 18:00:00,163.0,36.8,141.0,12.5
2024-06-10 19:00:00,311.0,347.8,151.0,12.0
2024-06-10 20:00:00,56.0,0.0,56.0,11.4
2024-06-10 21:00:00,51.0,61.4,41.0,10.4
2024-06-10 22:00:00,5.0,0.0,5.0,10.1
2024-06-10 23:00:00,0.0,0.0,0.0,10.1
2024-06-11 00:00:00,0.0,0.0,0.0,9.8
2024-06-11 01:00:00,0.0,0.0,0.0,9.2
2024-06-11 02:00:00,0.0,0.0,0.0,9.1
2024-06-11 03:00:00,0.0,0.0,0.0,8.7
2024-06-11 04:00:00,0.0,0.0,0.0,8.8
2024-06-11 05:00:00,0.0,0.0,0.0,8.5
2024-06-11 06:00:00,9.0,38.1,7.0,8.5
2024-06-11 07:00:00,74.0,211.8,42.0,9.1
2024-06-11 08:00:00,206.0,420.6,80.0,10.2
2024-06-11 09:00:00,363.0,577.5,104.0,11.5
2024-06-11 10:00:00,470.0,592.2,122.0,12.5
2024-06-11 11:00:00,595.0,650.0,135.0,13.6
2024-06-11 12:00:00,730.0,714.7,158.0,14.8
2024-06-11 13:00:00,827.0,773.9,162.0,15.4
2024-06-11 14:00:00,643.0,388.4,301.0,13.0
2024-06-11 15:00:00,664.0,568.0,174.0,15.0
2024-06-11 16:00:00,626.0,563.9,171.0,15.3
2024-06-11 17:00:00,627.0,679.2,140.0,15.6
2024-06-11 18:00:00,536.0,711.0,110.0,15.5
2024-06-11 19:00:00,394.0,663.2,88.0,14.3
2024-06-11 20:00:00,201.0,386.6,80.0,12.7
2024-06-11 21:00:00,69.0,134.0,47.0,12.0
2024-06-11 22:00:00,12.0,51.1,9.0,10.3
2024-06-11 23:00:00,0.0,0.0,0.0,9.7
2024-06-12 00:00:00,0.0,0.0,0.0,9.4
2024-06-12 01:00:00,0.0,0.0,0.0,9.0
2024-06-12 02:00:00,0.0,0.0,0.0,8.6
2024-06-12 03:00:00,0.0,0.0,0.0,8.2
2024-06-12 04:00:00,0.0,0.0,0.0,8.0
2024-06-12 05:00:00,0.0,0.0,0.0,8.1
2024-06-12 06:00:00,7.0,19.0,6.0,8.4
2024-06-12 07:00:00,75.0,198.1,45.0,9.2
2024-06-12 08:00:00,181.0,286.8,95.0,10.3
2024-06-12 09:00:00,281.0,292.0,150.0,11.4
2024-06-12 10:00:00,412.0,396.3,179.0,12.7
2024-06-12 11:00:00,473.0,378.6,205.0,13.5
2024-06-12 12:00:00,413.0,112.4,323.0,14.0
2024-06-12 13:00:00,444.0,125.6,336.0,14.6
2024-06-12 14:00:00,704.0,484.6,277.0,15.4
2024-06-12 15:00:00,656.0,508.5,217.0,15.3
2024-06-12 16:00:00,577.0,461.8,204.0,15.3
2024-06-12 17:00:00,508.0,442.9,190.0,15.1
2024-06-12 18:00:00,323.0,218.2,192.0,14.2
2024-06-12 19:00:00,279.0,263.7,157.0,13.6
2024-06-12 20:00:00,153.0,101.8,121.0,13.0
2024-06-12 21:00:00,55.0,18.1,52.0,12.3
2024-06-12 22:00:00,9.0,0.0,9.0,11.2
2024-06-12 23:00:00,0.0,0.0,0.0,9.8
2024-06-13 00:00:00,0.0,0.0,0.0,9.1
2024-06-13 01:00:00,0.0,0.0,0.0,9.7
2024-06-13 02:00:00,0.0,0.0,0.0,7.9
2024-06-13 03:00:00,0.0,0.0,0.0,9.3
2024-06-13 04:00:00,0.0,0.0,0.0,9.5
2024-06-13 05:00:00,0.0,0.0,0.0,8.1
2024-06-13 06:00:00,10.0,37.9,8.0,7.3
2024-06-13 07:00:00,90.0,296.7,45.0,8.8
2024-06-13 08:00:00,227.0,523.3,70.0,10.7
2024-06-13 09:00:00,366.0,548.1,120.0,12.3
2024-06-13 10:00:00,339.0,178.6,234.0,13.1
2024-06-13 11:00:00,625.0,617.2,188.0,14.7
2024-06-13 12:00:00,791.0,854.1,107.0,15.9
2024-06-13 13:00:00,856.0,844.2,130.0,17.0
2024-06-13 14:00:00,363.0,79.4,293.0,16.7
2024-06-13 15:00:00,428.0,90.3,350.0,17.6
2024-06-13 16:00:00,479.0,169.5,342.0,18.2
2024-06-13 17:00:00,266.0,12.5,257.0,17.8
2024-06-13 18:00:00,338.0,227.8,201.0,18.1
2024-06-13 19:00:00,231.0,133.7,169.0,17.8
2024-06-13 20:00:00,157.0,110.9,122.0,17.2
2024-06-13 21:00:00,67.0,42.0,60.0,16.0
2024-06-13 22:00:00,8.0,0.0,8.0,15.1
2024-06-13 23:00:00,0.0,0.0,0.0,14.5
2024-06-14 00:00:00,0.0,0.0,0.0,14.4
2024-06-14 01:00:00,0.0,0.0,0.0,14.3
2024-06-14 02:00:00,0.0,0.0,0.0,13.8
2024-06-14 03:00:00,0.0,0.0,0.0,14.0
2024-06-14 04:00:00,0.0,0.0,0.0,13.9
2024-06-14 05:00:00,0.0,0.0,0.0,13.9
2024-06-14 06:00:00,4.0,0.0,4.0,13.7
2024-06-14 07:00:00,23.0,0.0,23.0,13.5
2024-06-14 08:00:00,49.0,6.7,47.0,13.5
2024-06-14 09:00:00,90.0,2.2,89.0,13.9
2024-06-14 10:00:00,216.0,95.2,160.0,15.4
2024-06-14 11:00:00,273.0,16.9,261.0,16.7
2024-06-14 12:00:00,387.0,126.1,286.0,18.3
2024-06-14 13:00:00,165.0,4.6,161.0,17.7
2024-06-14 14:00:00,265.0,14.7,252.0,18.7
2024-06-14 15:00:00,352.0,89.1,275.0,18.1
2024-06-14 16:00:00,390.0,96.4,312.0,17.8
2024-06-14 17:00:00,151.0,0.0,151.0,17.6
2024-06-14 18:00:00,405.0,400.2,164.0,19.2
2024-06-14 19:00:00,204.0,161.4,129.0,18.0
2024-06-14 20:00:00,174.0,233.7,100.0,17.8
2024-06-14 21:00:00,81.0,95.3,65.0,16.2
2024-06-14 22:00:00,13.0,33.0,11.0,15.6
2024-06-14 23:00:00,0.0,0.0,0.0,15.9
2024-06-15 00:00:00,0.0,0.0,0.0,15.2
2024-06-15 01:00:00,0.0,0.0,0.0,15.1
2024-06-15 02:00:00,0.0,0.0,0.0,14.2
2024-06-15 03:00:00,0.0,0.0,0.0,15.0
2024-06-15 04:00:00,0.0,0.0,0.0,14.7
2024-06-15 05:00:00,0.0,0.0,0.0,14.5
2024-06-15 06:00:00,5.0,0.0,5.0,14.3
2024-06-15 07:00:00,37.0,59.2,28.0,14.1
2024-06-15 08:00:00,146.0,223.3,79.0,13.7
2024-06-15 09:00:00,204.0,182.7,122.0,13.6
2024-06-15 10:00:00,493.0,649.7,111.0,14.5
2024-06-15 11:00:00,632.0,711.7,128.0,15.5
2024-06-15 12:00:00,724.0,734.0,136.0,16.5
2024-06-15 13:00:00,710.0,620.6,176.0,17.4
2024-06-15 14:00:00,552.0,336.6,255.0,17.6
2024-06-15 15:00:00,558.0,327.2,275.0,17.5
2024-06-15 16:00:00,682.0,581.6,211.0,18.5
2024-06-15 17:00:00,394.0,223.5,233.0,17.9
2024-06-15 18:00:00,282.0,169.1,180.0,17.8
2024-06-15 19:00:00,213.0,158.9,139.0,17.3
2024-06-15 20:00:00,55.0,0.0,55.0,16.4
2024-06-15 21:00:00,15.0,0.0,15.0,15.9
2024-06-15 22:00:00,8.0,16.4,7.0,14.7
2024-06-15 23:00:00,0.0,0.0,0.0,13.6
2024-06-16 00:00:00,0.0,0.0,0.0,13.1
2024-06-16 01:00:00,0.0,0.0,0.0,13.3
2024-06-16 02:00:00,0.0,0.0,0.0,13.3
2024-06-16 03:00:00,0.0,0.0,0.0,12.8
2024-06-16 04:00:00,0.0,0.0,0.0,12.8
2024-06-16 05:00:00,0.0,0.0,0.0,12.8
2024-06-16 06:00:00,5.0,0.0,5.0,13.1
2024-06-16 07:00:00,33.0,26.3,29.0,13.5
2024-06-16 08:00:00,160.0,243.3,87.0,14.5
2024-06-16 09:00:00,287.0,343.2,133.0,15.4
2024-06-16 10:00:00,413.0,421.9,165.0,16.6
2024-06-16 11:00:00,405.0,264.1,218.0,16.9
2024-06-16 12:00:00,360.0,144.8,244.0,16.8
2024-06-16 13:00:00,412.0,124.3,305.0,17.0
2024-06-16 14:00:00,234.0,3.4,231.0,16.4
2024-06-16 15:00:00,80.0,0.0,80.0,15.2
2024-06-16 16:00:00,259.0,24.7,239.0,16.3
2024-06-16 17:00:00,308.0,113.7,226.0,16.6
2024-06-16 18:00:00,160.0,26.5,144.0,16.5
2024-06-16 19:00:00,204.0,156.4,131.0,17.1
2024-06-16 20:00:00,139.0,144.4,93.0,16.3
2024-06-16 21:00:00,84.0,235.3,44.0,15.7
2024-06-16 22:00:00,13.0,48.8,10.0,14.6
2024-06-16 23:00:00,0.0,0.0,0.0,13.9
2024-06-17 00:00:00,0.0,0.0,0.0,13.2
2024-06-17 01:00:00,0.0,0.0,0.0,13.0
2024-06-17 02:00:00,0.0,0.0,0.0,12.8
2024-06-17 03:00:00,0.0,0.0,0.0,13.4
2024-06-17 04:00:00,0.0,0.0,0.0,12.7
2024-06-17 05:00:00,0.0,0.0,0.0,12.5
2024-06-17 06:00:00,9.0,18.9,8.0,12.4
2024-06-17 07:00:00,77.0,210.8,45.0,13.4
2024-06-17 08:00:00,153.0,190.1,96.0,14.7
2024-06-17 09:00:00,330.0,452.6,127.0,16.5
2024-06-17 10:00:00,415.0,435.6,159.0,17.4
2024-06-17 11:00:00,577.0,543.8,192.0,19.1
2024-06-17 12:00:00,406.0,229.7,222.0,18.3
2024-06-17 13:00:00,361.0,145.2,236.0,18.4
2024-06-17 14:00:00,512.0,311.5,237.0,18.5
2024-06-17 15:00:00,680.0,526.7,224.0,19.5
2024-06-17 16:00:00,643.0,520.4,221.0,20.6
2024-06-17 17:00:00,491.0,469.6,152.0,20.6
2024-06-17 18:00:00,427.0,430.0,167.0,20.1
2024-06-17 19:00:00,356.0,487.7,128.0,20.0
2024-06-17 20:00:00,205.0,403.8,76.0,19.3
2024-06-17 21:00:00,88.0,193.2,55.0,17.7
2024-06-17 22:00:00,13.0,16.2,12.0,18.4
2024-06-17 23:00:00,0.0,0.0,0.0,15.6
2024-06-18 00:00:00,0.0,0.0,0.0,14.2
2024-06-18 01:00:00,0.0,0.0,0.0,14.2
2024-06-18 02:00:00,0.0,0.0,0.0,13.5
2024-06-18 03:00:00,0.0,0.0,0.0,13.9
2024-06-18 04:00:00,0.0,0.0,0.0,13.4
2024-06-18 05:00:00,0.0,0.0,0.0,13.9
2024-06-18 06:00:00,6.0,0.0,6.0,14.1
2024-06-18 07:00:00,63.0,59.4,54.0,15.3
2024-06-18 08:00:00,169.0,160.2,121.0,16.9
2024-06-18 09:00:00,323.0,410.5,139.0,19.2
2024-06-18 10:00:00,492.0,568.5,158.0,21.0
2024-06-18 11:00:00,462.0,274.1,268.0,21.9
2024-06-18 12:00:00,382.0,54.9,338.0,22.3
2024-06-18 13:00:00,165.0,0.0,165.0,20.3
2024-06-18 14:00:00,85.0,0.0,85.0,19.3
2024-06-18 15:00:00,91.0,0.0,91.0,18.2
2024-06-18 16:00:00,377.0,106.0,291.0,19.8
2024-06-18 17:00:00,265.0,87.2,202.0,19.4
2024-06-18 18:00:00,249.0,85.9,197.0,18.9
2024-06-18 19:00:00,155.0,21.4,145.0,18.7
2024-06-18 20:00:00,36.0,0.0,36.0,17.9
2024-06-18 21:00:00,11.0,0.0,11.0,17.1
2024-06-18 22:00:00,6.0,0.0,6.0,16.5
2024-06-18 23:00:00,0.0,0.0,0.0,16.2
2024-06-19 00:00:00,0.0,0.0,0.0,15.7
2024-06-19 01:00:00,0.0,0.0,0.0,15.4
2024-06-19 02:00:00,0.0,0.0,0.0,15.1
2024-06-19 03:00:00,0.0,0.0,0.0,14.8
2024-06-19 04:00:00,0.0,0.0,0.0,14.7
2024-06-19 05:00:00,0.0,0.0,0.0,14.6
2024-06-19 06:00:00,8.0,19.0,7.0,14.2
2024-06-19 07:00:00,56.0,79.3,44.0,14.8
2024-06-19 08:00:00,107.0,26.7,99.0,15.1
2024-06-19 09:00:00,139.0,15.6,132.0,15.5
2024-06-19 10:00:00,273.0,93.7,218.0,16.3
2024-06-19 11:00:00,384.0,124.4,296.0,17.4
2024-06-19 12:00:00,562.0,348.4,283.0,18.5
2024-06-19 13:00:00,656.0,492.6,232.0,19.5
2024-06-19 14:00:00,668.0,373.7,338.0,20.1
2024-06-19 15:00:00,789.0,707.6,176.0,19.9
2024-06-19 16:00:00,603.0,492.8,203.0,20.0
2024-06-19 17:00:00,521.0,415.0,221.0,20.0
2024-06-19 18:00:00,443.0,488.5,147.0,20.0
2024-06-19 19:00:00,331.0,456.5,117.0,20.1
2024-06-19 20:00:00,239.0,507.9,76.0,19.8
2024-06-19 21:00:00,104.0,325.1,48.0,18.0
2024-06-19 22:00:00,16.0,79.9,11.0,16.1
2024-06-19 23:00:00,0.0,0.0,0.0,15.4
2024-06-20 00:00:00,0.0,0.0,0.0,14.4
2024-06-20 01:00:00,0.0,0.0,0.0,14.0
2024-06-20 02:00:00,0.0,0.0,0.0,13.4
2024-06-20 03:00:00,0.0,0.0,0.0,13.2
2024-06-20 04:00:00,0.0,0.0,0.0,12.5
2024-06-20 05:00:00,0.0,0.0,0.0,11.7
2024-06-20 06:00:00,9.0,19.0,8.0,12.4
2024-06-20 07:00:00,84.0,231.9,49.0,14.1
2024-06-20 08:00:00,219.0,495.2,71.0,16.4
2024-06-20 09:00:00,357.0,563.1,105.0,18.2
2024-06-20 10:00:00,522.0,710.6,105.0,19.9
2024-06-20 11:00:00,656.0,776.2,107.0,21.1
2024-06-20 12:00:00,717.0,679.5,173.0,21.9
2024-06-20 13:00:00,694.0,450.9,306.0,22.8
2024-06-20 14:00:00,316.0,74.7,250.0,22.3
2024-06-20 15:00:00,68.0,0.0,68.0,18.6
2024-06-20 16:00:00,289.0,49.3,249.0,19.7
2024-06-20 17:00:00,234.0,51.2,197.0,19.9
2024-06-20 18:00:00,148.0,11.5,141.0,19.4
2024-06-20 19:00:00,201.0,87.4,160.0,19.7
2024-06-20 20:00:00,64.0,0.0,64.0,19.1
2024-06-20 21:00:00,45.0,0.0,45.0,19.0
2024-06-20 22:00:00,7.0,0.0,7.0,18.0
2024-06-20 23:00:00,0.0,0.0,0.0,16.8
2024-06-21 00:00:00,0.0,0.0,0.0,16.8
2024-06-21 01:00:00,0.0,0.0,0.0,15.7
2024-06-21 02:00:00,0.0,0.0,0.0,14.9
2024-06-21 03:00:00,0.0,0.0,0.0,18.4
2024-06-21 04:00:00,0.0,0.0,0.0,17.0
2024-06-21 05:00:00,0.0,0.0,0.0,16.6
2024-06-21 06:00:00,6.0,19.1,5.0,17.2
2024-06-21 07:00:00,60.0,73.1,49.0,17.4
2024-06-21 08:00:00,134.0,144.1,91.0,17.8
2024-06-21 09:00:00,259.0,266.2,140.0,19.0
2024-06-21 10:00:00,358.0,216.6,231.0,20.4
2024-06-21 11:00:00,466.0,257.5,284.0,21.6
2024-06-21 12:00:00,522.0,332.3,256.0,22.5
2024-06-21 13:00:00,687.0,525.3,235.0,23.4
2024-06-21 14:00:00,498.0,134.8,379.0,21.7
2024-06-21 15:00:00,787.0,692.4,187.0,24.0
2024-06-21 16:00:00,330.0,167.5,194.0,20.1
2024-06-21 17:00:00,344.0,164.5,225.0,19.6
2024-06-21 18:00:00,281.0,113.7,212.0,19.6
2024-06-21 19:00:00,284.0,302.3,142.0,18.9
2024-06-21 20:00:00,106.0,74.6,82.0,17.9
2024-06-21 21:00:00,35.0,46.2,27.0,16.9
2024-06-21 22:00:00,3.0,0.0,3.0,16.0
2024-06-21 23:00:00,0.0,0.0,0.0,15.5
2024-06-22 00:00:00,0.0,0.0,0.0,15.0
2024-06-22 01:00:00,0.0,0.0,0.0,14.6
2024-06-22 02:00:00,0.0,0.0,0.0,13.4
2024-06-22 03:00:00,0.0,0.0,0.0,12.7
2024-06-22 04:00:00,0.0,0.0,0.0,13.1
2024-06-22 05:00:00,0.0,0.0,0.0,12.7
2024-06-22 06:00:00,10.0,57.3,7.0,12.6
2024-06-22 07:00:00,62.0,160.1,38.0,14.2
2024-06-22 08:00:00,92.0,110.8,59.0,15.2
2024-06-22 09:00:00,93.0,0.0,93.0,15.8
2024-06-22 10:00:00,406.0,320.9,218.0,17.6
2024-06-22 11:00:00,461.0,328.4,229.0,17.9
2024-06-22 12:00:00,292.0,52.5,250.0,17.5
2024-06-22 13:00:00,459.0,97.6,375.0,18.1
2024-06-22 14:00:00,758.0,575.3,250.0,19.5
2024-06-22 15:00:00,560.0,253.9,340.0,20.0
2024-06-22 16:00:00,469.0,172.3,329.0,20.1
2024-06-22 17:00:00,448.0,292.9,236.0,20.4
2024-06-22 18:00:00,384.0,311.3,195.0,20.2
2024-06-22 19:00:00,229.0,199.9,135.0,18.8
2024-06-22 20:00:00,178.0,279.2,88.0,18.2
2024-06-22 21:00:00,99.0,265.0,53.0,17.1
2024-06-22 22:00:00,16.0,79.1,11.0,14.7
2024-06-22 23:00:00,0.0,0.0,0.0,14.0
2024-06-23 00:00:00,0.0,0.0,0.0,13.8
2024-06-23 01:00:00,0.0,0.0,0.0,13.9
2024-06-23 02:00:00,0.0,0.0,0.0,12.3
2024-06-23 03:00:00,0.0,0.0,0.0,12.7
2024-06-23 04:00:00,0.0,0.0,0.0,12.4
2024-06-23 05:00:00,0.0,0.0,0.0,13.3
2024-06-23 06:00:00,9.0,38.2,7.0,13.0
2024-06-23 07:00:00,87.0,301.5,42.0,13.8
2024-06-23 08:00:00,218.0,501.5,69.0,15.3
2024-06-23 09:00:00,366.0,612.3,93.0,16.8
2024-06-23 10:00:00,488.0,613.4,129.0,18.3
2024-06-23 11:00:00,568.0,572.3,164.0,19.4
2024-06-23 12:00:00,643.0,541.5,210.0,20.6
2024-06-23 13:00:00,618.0,438.4,241.0,21.0
2024-06-23 14:00:00,638.0,453.1,238.0,21.6
2024-06-23 15:00:00,653.0,508.9,212.0,22.1
2024-06-23 16:00:00,647.0,530.5,216.0,22.4
2024-06-23 17:00:00,400.0,165.7,280.0,22.1
2024-06-23 18:00:00,395.0,349.0,183.0,22.2
2024-06-23 19:00:00,341.0,454.9,127.0,22.3
2024-06-23 20:00:00,206.0,393.7,79.0,22.0
2024-06-23 21:00:00,92.0,253.1,48.0,22.0
2024-06-23 22:00:00,16.0,79.0,11.0,21.1
2024-06-23 23:00:00,0.0,0.0,0.0,18.0
2024-06-24 00:00:00,0.0,0.0,0.0,15.9
2024-06-24 01:00:00,0.0,0.0,0.0,16.0
2024-06-24 02:00:00,0.0,0.0,0.0,15.3
2024-06-24 03:00:00,0.0,0.0,0.0,14.6
2024-06-24 04:00:00,0.0,0.0,0.0,14.3
2024-06-24 05:00:00,0.0,0.0,0.0,13.2
2024-06-24 06:00:00,9.0,38.2,7.0,13.7
2024-06-24 07:00:00,87.0,309.8,41.0,15.5
2024-06-24 08:00:00,217.0,509.5,66.0,16.9
2024-06-24 09:00:00,370.0,644.8,83.0,18.9
2024-06-24 10:00:00,522.0,730.4,95.0,20.9
2024-06-24 11:00:00,626.0,723.0,116.0,22.4
2024-06-24 12:00:00,742.0,758.2,136.0,23.7
2024-06-24 13:00:00,743.0,665.4,171.0,24.4
2024-06-24 14:00:00,711.0,509.9,261.0,24.9
2024-06-24 15:00:00,583.0,385.4,249.0,25.2
2024-06-24 16:00:00,463.0,177.2,319.0,25.4
2024-06-24 17:00:00,471.0,365.9,206.0,25.5
2024-06-24 18:00:00,311.0,184.3,199.0,24.8
2024-06-24 19:00:00,304.0,339.9,144.0,24.2
2024-06-24 20:00:00,224.0,424.4,87.0,23.4
2024-06-24 21:00:00,109.0,367.8,45.0,21.6
2024-06-24 22:00:00,17.0,94.7,11.0,20.1
2024-06-24 23:00:00,0.0,0.0,0.0,19.3
2024-06-25 00:00:00,0.0,0.0,0.0,19.0
2024-06-25 01:00:00,0.0,0.0,0.0,19.1
2024-06-25 02:00:00,0.0,0.0,0.0,18.0
2024-06-25 03:00:00,0.0,0.0,0.0,16.6
2024-06-25 04:00:00,0.0,0.0,0.0,15.5
2024-06-25 05:00:00,0.0,0.0,0.0,14.8
2024-06-25 06:00:00,9.0,38.2,7.0,16.0
2024-06-25 07:00:00,88.0,331.9,39.0,17.8
2024-06-25 08:00:00,221.0,534.7,63.0,19.4
2024-06-25 09:00:00,374.0,666.2,78.0,21.1
2024-06-25 10:00:00,527.0,748.4,90.0,22.6
2024-06-25 11:00:00,663.0,801.7,98.0,23.9
2024-06-25 12:00:00,769.0,832.6,104.0,25.2
2024-06-25 13:00:00,832.0,836.8,113.0,26.2
2024-06-25 14:00:00,827.0,775.2,143.0,26.8
2024-06-25 15:00:00,845.0,850.6,108.0,28.0
2024-06-25 16:00:00,781.0,830.8,106.0,28.2
2024-06-25 17:00:00,677.0,789.8,105.0,28.1
2024-06-25 18:00:00,540.0,717.4,104.0,27.9
2024-06-25 19:00:00,388.0,630.8,91.0,26.9
2024-06-25 20:00:00,246.0,557.4,66.0,25.3
2024-06-25 21:00:00,108.0,367.6,44.0,23.5
2024-06-25 22:00:00,17.0,94.6,11.0,22.4
2024-06-25 23:00:00,0.0,0.0,0.0,21.1
2024-06-26 00:00:00,0.0,0.0,0.0,19.8
2024-06-26 01:00:00,0.0,0.0,0.0,18.6
2024-06-26 02:00:00,0.0,0.0,0.0,17.8
2024-06-26 03:00:00,0.0,0.0,0.0,17.0
2024-06-26 04:00:00,0.0,0.0,0.0,16.5
2024-06-26 05:00:00,0.0,0.0,0.0,16.5
2024-06-26 06:00:00,9.0,38.2,7.0,16.5
2024-06-26 07:00:00,87.0,334.1,38.0,17.9
2024-06-26 08:00:00,219.0,533.1,62.0,20.0
2024-06-26 09:00:00,370.0,649.6,82.0,21.8
2024-06-26 10:00:00,519.0,718.6,100.0,23.3
2024-06-26 11:00:00,659.0,795.4,99.0,24.7
2024-06-26 12:00:00,768.0,834.5,102.0,25.9
2024-06-26 13:00:00,847.0,872.1,98.0,27.1
2024-06-26 14:00:00,877.0,882.0,99.0,27.9
2024-06-26 15:00:00,820.0,804.6,123.0,28.7
2024-06-26 16:00:00,765.0,790.3,123.0,28.9
2024-06-26 17:00:00,698.0,840.9,89.0,28.8
2024-06-26 18:00:00,560.0,776.6,88.0,28.6
2024-06-26 19:00:00,412.0,709.2,78.0,27.9
2024-06-26 20:00:00,247.0,560.4,66.0,26.3
2024-06-26 21:00:00,106.0,356.1,44.0,26.7
2024-06-26 22:00:00,16.0,94.6,10.0,25.7
2024-06-26 23:00:00,0.0,0.0,0.0,23.5
2024-06-27 00:00:00,0.0,0.0,0.0,22.0
2024-06-27 01:00:00,0.0,0.0,0.0,22.2
2024-06-27 02:00:00,0.0,0.0,0.0,19.5
2024-06-27 03:00:00,0.0,0.0,0.0,22.4
2024-06-27 04:00:00,0.0,0.0,0.0,19.5
2024-06-27 05:00:00,0.0,0.0,0.0,19.0
2024-06-27 06:00:00,8.0,38.2,6.0,18.6
2024-06-27 07:00:00,84.0,316.0,38.0,19.6
2024-06-27 08:00:00,213.0,504.3,65.0,21.0
2024-06-27 09:00:00,364.0,635.2,83.0,22.6
2024-06-27 10:00:00,519.0,738.6,89.0,24.3
2024-06-27 11:00:00,653.0,787.8,99.0,25.8
2024-06-27 12:00:00,771.0,842.7,99.0,27.0
2024-06-27 13:00:00,757.0,734.0,127.0,27.2
2024-06-27 14:00:00,767.0,706.6,144.0,27.4
2024-06-27 15:00:00,747.0,692.9,147.0,28.0
2024-06-27 16:00:00,718.0,722.7,131.0,28.6
2024-06-27 17:00:00,608.0,676.6,118.0,28.8
2024-06-27 18:00:00,503.0,649.9,108.0,28.7
2024-06-27 19:00:00,359.0,520.2,114.0,28.0
2024-06-27 20:00:00,211.0,421.1,75.0,26.4
2024-06-27 21:00:00,96.0,304.6,43.0,24.6
2024-06-27 22:00:00,15.0,78.9,10.0,22.6
2024-06-27 23:00:00,0.0,0.0,0.0,22.5
2024-06-28 00:00:00,0.0,0.0,0.0,21.1
2024-06-28 01:00:00,0.0,0.0,0.0,20.6
2024-06-28 02:00:00,0.0,0.0,0.0,19.5
2024-06-28 03:00:00,0.0,0.0,0.0,18.1
2024-06-28 04:00:00,0.0,0.0,0.0,16.9
2024-06-28 05:00:00,0.0,0.0,0.0,16.1
2024-06-28 06:00:00,9.0,38.2,7.0,15.5
2024-06-28 07:00:00,88.0,346.2,38.0,15.4
2024-06-28 08:00:00,226.0,561.0,62.0,15.6
2024-06-28 09:00:00,386.0,700.2,77.0,16.6
2024-06-28 10:00:00,323.0,199.6,207.0,17.2
2024-06-28 11:00:00,397.0,139.5,299.0,18.3
2024-06-28 12:00:00,667.0,587.4,199.0,19.6
2024-06-28 13:00:00,754.0,614.4,227.0,20.7
2024-06-28 14:00:00,797.0,665.0,211.0,21.3
2024-06-28 15:00:00,837.0,804.0,141.0,21.5
2024-06-28 16:00:00,785.0,815.2,123.0,21.5
2024-06-28 17:00:00,690.0,790.0,118.0,21.4
2024-06-28 18:00:00,566.0,775.0,95.0,21.3
2024-06-28 19:00:00,397.0,615.9,107.0,21.2
2024-06-28 20:00:00,247.0,529.6,76.0,20.7
2024-06-28 21:00:00,110.0,362.5,47.0,19.0
2024-06-28 22:00:00,17.0,94.9,11.0,16.9
2024-06-28 23:00:00,0.0,0.0,0.0,15.9
2024-06-29 00:00:00,0.0,0.0,0.0,14.4
2024-06-29 01:00:00,0.0,0.0,0.0,14.4
2024-06-29 02:00:00,0.0,0.0,0.0,14.5
2024-06-29 03:00:00,0.0,0.0,0.0,13.7
2024-06-29 04:00:00,0.0,0.0,0.0,12.8
2024-06-29 05:00:00,0.0,0.0,0.0,12.5
2024-06-29 06:00:00,7.0,0.0,7.0,13.1
2024-06-29 07:00:00,74.0,153.7,52.0,14.7
2024-06-29 08:00:00,181.0,240.5,111.0,15.7
2024-06-29 09:00:00,367.0,629.3,90.0,17.7
2024-06-29 10:00:00,528.0,751.6,92.0,19.7
2024-06-29 11:00:00,613.0,594.5,196.0,21.1
2024-06-29 12:00:00,777.0,849.3,101.0,22.7
2024-06-29 13:00:00,839.0,851.7,109.0,24.0
2024-06-29 14:00:00,846.0,817.5,126.0,24.9
2024-06-29 15:00:00,826.0,774.3,156.0,25.7
2024-06-29 16:00:00,717.0,617.1,216.0,26.1
2024-06-29 17:00:00,643.0,682.4,149.0,26.4
2024-06-29 18:00:00,531.0,671.5,123.0,26.3
2024-06-29 19:00:00,284.0,316.6,135.0,26.2
2024-06-29 20:00:00,212.0,378.1,90.0,25.0
2024-06-29 21:00:00,69.0,63.4,58.0,23.1
2024-06-29 22:00:00,7.0,0.0,7.0,21.2
2024-06-29 23:00:00,0.0,0.0,0.0,19.7
2024-06-30 00:00:00,0.0,0.0,0.0,19.7
2024-06-30 01:00:00,0.0,0.0,0.0,19.2
2024-06-30 02:00:00,0.0,0.0,0.0,17.8
2024-06-30 03:00:00,0.0,0.0,0.0,17.5
2024-06-30 04:00:00,0.0,0.0,0.0,17.5
2024-06-30 05:00:00,0.0,0.0,0.0,17.3
2024-06-30 06:00:00,1.0,0.0,1.0,17.2
2024-06-30 07:00:00,9.0,0.0,9.0,17.2
2024-06-30 08:00:00,21.0,0.0,21.0,17.1
2024-06-30 09:00:00,31.0,0.0,31.0,17.0
2024-06-30 10:00:00,73.0,0.0,73.0,17.3
2024-06-30 11:00:00,132.0,0.0,132.0,17.4
2024-06-30 12:00:00,234.0,1.3,233.0,17.9
2024-06-30 13:00:00,548.0,274.4,313.0,20.0
2024-06-30 14:00:00,547.0,340.8,247.0,21.0
2024-06-30 15:00:00,304.0,86.7,229.0,19.5
2024-06-30 16:00:00,271.0,38.2,240.0,19.8
2024-06-30 17:00:00,211.0,23.5,194.0,20.3
2024-06-30 18:00:00,208.0,34.6,187.0,20.8
2024-06-30 19:00:00,95.0,0.0,95.0,18.9
2024-06-30 20:00:00,92.0,9.3,89.0,19.1
2024-06-30 21:00:00,52.0,11.6,50.0,18.5
2024-06-30 22:00:00,11.0,15.9,10.0,17.4
2024-06-30 23:00:00,0.0,0.0,0.0,17.3
2024-07-01 00:00:00,0.0,0.0,0.0,16.5
2024-07-01 01:00:00,0.0,0.0,0.0,16.2
2024-07-01 02:00:00,0.0,0.0,0.0,15.4
2024-07-01 03:00:00,0.0,0.0,0.0,15.0
2024-07-01 04:00:00,0.0,0.0,0.0,14.7
2024-07-01 05:00:00,0.0,0.0,0.0,14.4
2024-07-01 06:00:00,5.0,0.0,5.0,13.6
2024-07-01 07:00:00,55.0,156.7,33.0,13.4
2024-07-01 08:00:00,165.0,298.2,79.0,13.8
2024-07-01 09:00:00,239.0,308.5,104.0,14.6
2024-07-01 10:00:00,389.0,399.8,158.0,15.4
2024-07-01 11:00:00,512.0,474.6,180.0,16.2
2024-07-01 12:00:00,425.0,240.5,234.0,16.8
2024-07-01 13:00:00,593.0,404.3,247.0,17.8
2024-07-01 14:00:00,554.0,400.2,202.0,18.6
2024-07-01 15:00:00,561.0,300.8,301.0,18.4
2024-07-01 16:00:00,610.0,467.2,231.0,18.8
2024-07-01 17:00:00,405.0,287.6,197.0,18.0
2024-07-01 18:00:00,259.0,128.5,181.0,17.6
2024-07-01 19:00:00,169.0,27.7,156.0,17.0
2024-07-01 20:00:00,140.0,65.2,119.0,16.7
2024-07-01 21:00:00,91.0,179.6,60.0,15.9
2024-07-01 22:00:00,13.0,47.9,10.0,14.6
2024-07-01 23:00:00,0.0,0.0,0.0,13.5
2024-07-02 00:00:00,0.0,0.0,0.0,12.9
2024-07-02 01:00:00,0.0,0.0,0.0,12.9
2024-07-02 02:00:00,0.0,0.0,0.0,12.7
2024-07-02 03:00:00,0.0,0.0,0.0,13.2
2024-07-02 04:00:00,0.0,0.0,0.0,12.7
2024-07-02 05:00:00,0.0,0.0,0.0,13.3
2024-07-02 06:00:00,3.0,0.0,3.0,13.9
2024-07-02 07:00:00,16.0,21.6,13.0,14.3
2024-07-02 08:00:00,50.0,3.5,49.0,14.5
2024-07-02 09:00:00,95.0,6.9,92.0,14.7
2024-07-02 10:00:00,69.0,0.0,69.0,14.6
2024-07-02 11:00:00,104.0,5.7,100.0,14.6
2024-07-02 12:00:00,118.0,1.3,117.0,15.1
2024-07-02 13:00:00,107.0,0.0,107.0,14.9
2024-07-02 14:00:00,94.0,0.0,94.0,15.0
2024-07-02 15:00:00,118.0,3.5,115.0,15.4
2024-07-02 16:00:00,125.0,0.0,125.0,15.6
2024-07-02 17:00:00,109.0,0.0,109.0,15.7
2024-07-02 18:00:00,193.0,42.9,167.0,16.1
2024-07-02 19:00:00,176.0,68.1,144.0,16.2
2024-07-02 20:00:00,96.0,15.6,91.0,15.8
2024-07-02 21:00:00,65.0,116.2,45.0,15.2
2024-07-02 22:00:00,12.0,32.1,10.0,14.2
2024-07-02 23:00:00,0.0,0.0,0.0,13.4
2024-07-03 00:00:00,0.0,0.0,0.0,13.2
2024-07-03 01:00:00,0.0,0.0,0.0,13.3
2024-07-03 02:00:00,0.0,0.0,0.0,12.7
2024-07-03 03:00:00,0.0,0.0,0.0,12.0
2024-07-03 04:00:00,0.0,0.0,0.0,10.6
2024-07-03 05:00:00,0.0,0.0,0.0,9.8
2024-07-03 06:00:00,6.0,19.1,5.0,10.0
2024-07-03 07:00:00,51.0,94.7,38.0,11.3
2024-07-03 08:00:00,165.0,248.7,94.0,12.4
2024-07-03 09:00:00,327.0,441.5,135.0,13.9
2024-07-03 10:00:00,368.0,278.1,208.0,14.7
2024-07-03 11:00:00,239.0,5.7,235.0,14.6
2024-07-03 12:00:00,212.0,2.5,210.0,14.4
2024-07-03 13:00:00,200.0,1.2,199.0,14.0
2024-07-03 14:00:00,174.0,0.0,174.0,13.7
2024-07-03 15:00:00,162.0,2.3,160.0,13.2
2024-07-03 16:00:00,245.0,23.5,226.0,13.7
2024-07-03 17:00:00,345.0,84.4,284.0,14.2
2024-07-03 18:00:00,304.0,211.2,176.0,14.7
2024-07-03 19:00:00,268.0,311.1,122.0,15.0
2024-07-03 20:00:00,169.0,268.0,83.0,15.0
2024-07-03 21:00:00,61.0,110.9,42.0,14.4
2024-07-03 22:00:00,4.0,0.0,4.0,14.3
2024-07-03 23:00:00,0.0,0.0,0.0,14.2
2024-07-04 00:00:00,0.0,0.0,0.0,14.1
2024-07-04 01:00:00,0.0,0.0,0.0,14.0
2024-07-04 02:00:00,0.0,0.0,0.0,14.2
2024-07-04 03:00:00,0.0,0.0,0.0,14.7
2024-07-04 04:00:00,0.0,0.0,0.0,14.4
2024-07-04 05:00:00,0.0,0.0,0.0,14.6
2024-07-04 06:00:00,2.0,0.0,2.0,14.8
2024-07-04 07:00:00,51.0,140.1,32.0,15.0
2024-07-04 08:00:00,109.0,126.8,73.0,15.1
2024-07-04 09:00:00,128.0,57.7,103.0,15.6
2024-07-04 10:00:00,108.0,26.1,93.0,14.9
2024-07-04 11:00:00,221.0,48.8,187.0,15.7
2024-07-04 12:00:00,396.0,166.8,264.0,16.7
2024-07-04 13:00:00,747.0,642.3,199.0,18.6
2024-07-04 14:00:00,598.0,390.9,255.0,18.2
2024-07-04 15:00:00,793.0,758.1,139.0,19.3
2024-07-04 16:00:00,714.0,705.3,143.0,19.5
2024-07-04 17:00:00,625.0,680.1,134.0,19.2
2024-07-04 18:00:00,467.0,559.7,128.0,18.5
2024-07-04 19:00:00,319.0,394.7,134.0,18.2
2024-07-04 20:00:00,213.0,415.3,80.0,17.6
2024-07-04 21:00:00,78.0,175.8,48.0,15.9
2024-07-04 22:00:00,11.0,32.4,9.0,14.3
2024-07-04 23:00:00,0.0,0.0,0.0,13.7
2024-07-05 00:00:00,0.0,0.0,0.0,13.3
2024-07-05 01:00:00,0.0,0.0,0.0,13.2
2024-07-05 02:00:00,0.0,0.0,0.0,12.5
2024-07-05 03:00:00,0.0,0.0,0.0,12.2
2024-07-05 04:00:00,0.0,0.0,0.0,12.7
2024-07-05 05:00:00,0.0,0.0,0.0,12.8
2024-07-05 06:00:00,2.0,0.0,2.0,12.9
2024-07-05 07:00:00,21.0,0.0,21.0,13.1
2024-07-05 08:00:00,170.0,322.4,79.0,14.1
2024-07-05 09:00:00,340.0,528.0,112.0,15.3
2024-07-05 10:00:00,220.0,64.6,183.0,15.3
2024-07-05 11:00:00,385.0,208.7,240.0,16.4
2024-07-05 12:00:00,279.0,46.8,242.0,16.2
2024-07-05 13:00:00,190.0,4.7,186.0,15.3
2024-07-05 14:00:00,124.0,1.1,123.0,14.9
2024-07-05 15:00:00,242.0,46.4,202.0,16.4
2024-07-05 16:00:00,151.0,0.0,151.0,16.4
2024-07-05 17:00:00,398.0,245.4,221.0,18.1
2024-07-05 18:00:00,294.0,181.8,184.0,18.4
2024-07-05 19:00:00,126.0,34.2,110.0,17.6
2024-07-05 20:00:00,107.0,31.3,97.0,17.9
2024-07-05 21:00:00,80.0,182.6,49.0,17.3
2024-07-05 22:00:00,12.0,49.0,9.0,16.5
2024-07-05 23:00:00,0.0,0.0,0.0,16.3
2024-07-06 00:00:00,0.0,0.0,0.0,16.9
2024-07-06 01:00:00,0.0,0.0,0.0,16.5
2024-07-06 02:00:00,0.0,0.0,0.0,16.4
2024-07-06 03:00:00,0.0,0.0,0.0,16.6
2024-07-06 04:00:00,0.0,0.0,0.0,16.2
2024-07-06 05:00:00,0.0,0.0,0.0,15.8
2024-07-06 06:00:00,5.0,19.1,4.0,16.1
2024-07-06 07:00:00,69.0,189.2,44.0,17.2
2024-07-06 08:00:00,156.0,242.4,88.0,18.6
2024-07-06 09:00:00,274.0,241.7,170.0,20.2
2024-07-06 10:00:00,448.0,500.8,162.0,21.8
2024-07-06 11:00:00,538.0,483.1,203.0,23.0
2024-07-06 12:00:00,638.0,505.7,239.0,23.1
2024-07-06 13:00:00,714.0,487.5,299.0,22.7
2024-07-06 14:00:00,636.0,409.9,277.0,21.2
2024-07-06 15:00:00,540.0,218.3,352.0,20.3
2024-07-06 16:00:00,391.0,101.4,309.0,19.1
2024-07-06 17:00:00,403.0,156.8,290.0,19.0
2024-07-06 18:00:00,363.0,125.8,287.0,18.6
2024-07-06 19:00:00,333.0,370.3,160.0,17.9
2024-07-06 20:00:00,230.0,442.5,89.0,17.2
2024-07-06 21:00:00,97.0,290.4,48.0,16.3
2024-07-06 22:00:00,15.0,82.3,10.0,15.3
2024-07-06 23:00:00,0.0,0.0,0.0,14.4
2024-07-07 00:00:00,0.0,0.0,0.0,13.9
2024-07-07 01:00:00,0.0,0.0,0.0,13.4
2024-07-07 02:00:00,0.0,0.0,0.0,12.8
2024-07-07 03:00:00,0.0,0.0,0.0,12.5
2024-07-07 04:00:00,0.0,0.0,0.0,11.8
2024-07-07 05:00:00,0.0,0.0,0.0,11.0
2024-07-07 06:00:00,5.0,19.1,4.0,10.4
2024-07-07 07:00:00,78.0,330.1,35.0,11.2
2024-07-07 08:00:00,212.0,541.7,61.0,12.6
2024-07-07 09:00:00,368.0,671.9,80.0,14.2
2024-07-07 10:00:00,515.0,723.3,103.0,15.7
2024-07-07 11:00:00,594.0,671.8,129.0,16.7
2024-07-07 12:00:00,600.0,580.1,143.0,17.6
2024-07-07 13:00:00,633.0,531.6,181.0,18.4
2024-07-07 14:00:00,441.0,128.0,329.0,18.4
2024-07-07 15:00:00,487.0,137.1,369.0,19.2
2024-07-07 16:00:00,474.0,195.7,316.0,19.4
2024-07-07 17:00:00,596.0,523.7,219.0,19.7
2024-07-07 18:00:00,439.0,440.7,173.0,19.4
2024-07-07 19:00:00,369.0,559.6,108.0,19.2
2024-07-07 20:00:00,159.0,201.4,95.0,18.1
2024-07-07 21:00:00,76.0,155.1,50.0,16.9
2024-07-07 22:00:00,9.0,16.6,8.0,15.7
2024-07-07 23:00:00,0.0,0.0,0.0,15.2
2024-07-08 00:00:00,0.0,0.0,0.0,14.0
2024-07-08 01:00:00,0.0,0.0,0.0,14.3
2024-07-08 02:00:00,0.0,0.0,0.0,14.0
2024-07-08 03:00:00,0.0,0.0,0.0,13.1
2024-07-08 04:00:00,0.0,0.0,0.0,11.5
2024-07-08 05:00:00,0.0,0.0,0.0,11.6
2024-07-08 06:00:00,5.0,19.1,4.0,11.8
2024-07-08 07:00:00,53.0,124.7,37.0,13.1
2024-07-08 08:00:00,109.0,108.3,79.0,14.0
2024-07-08 09:00:00,265.0,330.3,124.0,15.6
2024-07-08 10:00:00,505.0,709.4,102.0,17.4
2024-07-08 11:00:00,651.0,791.9,104.0,18.8
2024-07-08 12:00:00,630.0,540.3,205.0,19.6
2024-07-08 13:00:00,777.0,719.6,166.0,20.9
2024-07-08 14:00:00,564.0,281.5,318.0,21.2
2024-07-08 15:00:00,597.0,347.9,298.0,21.6
2024-07-08 16:00:00,585.0,334.7,315.0,21.7
2024-07-08 17:00:00,297.0,43.1,266.0,21.2
2024-07-08 18:00:00,242.0,59.7,206.0,21.2
2024-07-08 19:00:00,105.0,15.0,98.0,20.3
2024-07-08 20:00:00,45.0,0.0,45.0,19.3
2024-07-08 21:00:00,17.0,0.0,17.0,18.9
2024-07-08 22:00:00,4.0,0.0,4.0,18.3
2024-07-08 23:00:00,0.0,0.0,0.0,17.9
2024-07-09 00:00:00,0.0,0.0,0.0,16.7
2024-07-09 01:00:00,0.0,0.0,0.0,16.4
2024-07-09 02:00:00,0.0,0.0,0.0,16.2
2024-07-09 03:00:00,0.0,0.0,0.0,16.1
2024-07-09 04:00:00,0.0,0.0,0.0,15.9
2024-07-09 05:00:00,0.0,0.0,0.0,15.7
2024-07-09 06:00:00,4.0,19.1,3.0,15.8
2024-07-09 07:00:00,69.0,253.2,37.0,16.9
2024-07-09 08:00:00,198.0,505.3,59.0,18.6
2024-07-09 09:00:00,348.0,632.6,79.0,20.7
2024-07-09 10:00:00,495.0,697.3,100.0,22.7
2024-07-09 11:00:00,611.0,677.4,144.0,24.5
2024-07-09 12:00:00,694.0,637.9,193.0,26.0
2024-07-09 13:00:00,744.0,584.9,248.0,27.1
2024-07-09 14:00:00,802.0,688.5,201.0,27.8
2024-07-09 15:00:00,804.0,793.2,123.0,28.7
2024-07-09 16:00:00,685.0,678.9,138.0,28.8
2024-07-09 17:00:00,654.0,751.9,114.0,29.5
2024-07-09 18:00:00,512.0,683.0,101.0,29.2
2024-07-09 19:00:00,350.0,564.2,88.0,28.2
2024-07-09 20:00:00,212.0,434.2,75.0,27.4
2024-07-09 21:00:00,97.0,314.8,45.0,26.2
2024-07-09 22:00:00,9.0,16.9,8.0,23.2
2024-07-09 23:00:00,0.0,0.0,0.0,20.3
2024-07-10 00:00:00,0.0,0.0,0.0,19.5
2024-07-10 01:00:00,0.0,0.0,0.0,19.2
2024-07-10 02:00:00,0.0,0.0,0.0,19.2
2024-07-10 03:00:00,0.0,0.0,0.0,18.7
2024-07-10 04:00:00,0.0,0.0,0.0,18.2
2024-07-10 05:00:00,0.0,0.0,0.0,18.2
2024-07-10 06:00:00,2.0,0.0,2.0,18.4
2024-07-10 07:00:00,13.0,0.0,13.0,18.3
2024-07-10 08:00:00,46.0,0.0,46.0,18.7
2024-07-10 09:00:00,280.0,406.2,108.0,20.1
2024-07-10 10:00:00,509.0,729.3,97.0,21.7
2024-07-10 11:00:00,584.0,673.1,121.0,22.9
2024-07-10 12:00:00,518.0,400.5,204.0,23.5
2024-07-10 13:00:00,606.0,399.1,268.0,24.5
2024-07-10 14:00:00,699.0,578.1,195.0,24.9
2024-07-10 15:00:00,658.0,527.1,206.0,25.3
2024-07-10 16:00:00,670.0,658.6,140.0,25.5
2024-07-10 17:00:00,441.0,361.1,182.0,24.0
2024-07-10 18:00:00,422.0,504.4,119.0,24.1
2024-07-10 19:00:00,360.0,589.3,87.0,23.4
2024-07-10 20:00:00,173.0,292.8,81.0,22.6
2024-07-10 21:00:00,89.0,213.7,54.0,21.7
2024-07-10 22:00:00,11.0,34.3,9.0,19.5
2024-07-10 23:00:00,0.0,0.0,0.0,18.9
2024-07-11 00:00:00,0.0,0.0,0.0,17.4
2024-07-11 01:00:00,0.0,0.0,0.0,18.0
2024-07-11 02:00:00,0.0,0.0,0.0,17.3
2024-07-11 03:00:00,0.0,0.0,0.0,17.4
2024-07-11 04:00:00,0.0,0.0,0.0,16.5
2024-07-11 05:00:00,0.0,0.0,0.0,16.6
2024-07-11 06:00:00,3.0,0.0,3.0,15.9
2024-07-11 07:00:00,50.0,130.9,34.0,17.2
2024-07-11 08:00:00,159.0,313.4,74.0,18.2
2024-07-11 09:00:00,337.0,597.7,85.0,18.9
2024-07-11 10:00:00,503.0,733.3,90.0,19.9
2024-07-11 11:00:00,637.0,779.4,102.0,20.8
2024-07-11 12:00:00,748.0,822.8,104.0,21.6
2024-07-11 13:00:00,811.0,825.5,113.0,22.3
2024-07-11 14:00:00,809.0,754.5,152.0,23.3
2024-07-11 15:00:00,767.0,708.7,160.0,23.5
2024-07-11 16:00:00,633.0,546.2,194.0,23.4
2024-07-11 17:00:00,549.0,455.2,223.0,23.0
2024-07-11 18:00:00,397.0,245.2,250.0,22.4
2024-07-11 19:00:00,324.0,361.5,157.0,21.8
2024-07-11 20:00:00,200.0,345.2,92.0,21.1
2024-07-11 21:00:00,80.0,129.4,59.0,19.5
2024-07-11 22:00:00,10.0,17.4,9.0,17.9
2024-07-11 23:00:00,0.0,0.0,0.0,17.9
2024-07-12 00:00:00,0.0,0.0,0.0,17.1
2024-07-12 01:00:00,0.0,0.0,0.0,16.3
2024-07-12 02:00:00,0.0,0.0,0.0,15.9
2024-07-12 03:00:00,0.0,0.0,0.0,16.9
2024-07-12 04:00:00,0.0,0.0,0.0,16.9
2024-07-12 05:00:00,0.0,0.0,0.0,16.7
2024-07-12 06:00:00,2.0,0.0,2.0,16.8
2024-07-12 07:00:00,22.0,0.0,22.0,17.0
2024-07-12 08:00:00,31.0,0.0,31.0,16.6
2024-07-12 09:00:00,43.0,0.0,43.0,16.3
2024-07-12 10:00:00,271.0,167.4,177.0,17.7
2024-07-12 11:00:00,321.0,141.6,224.0,18.7
2024-07-12 12:00:00,217.0,44.8,182.0,19.1
2024-07-12 13:00:00,193.0,0.0,193.0,19.7
2024-07-12 14:00:00,498.0,259.9,272.0,20.7
2024-07-12 15:00:00,408.0,161.3,270.0,16.4
2024-07-12 16:00:00,469.0,307.7,222.0,16.7
2024-07-12 17:00:00,352.0,180.4,223.0,17.1
2024-07-12 18:00:00,128.0,8.4,123.0,16.2
2024-07-12 19:00:00,118.0,15.2,111.0,16.1
2024-07-12 20:00:00,83.0,25.7,75.0,15.9
2024-07-12 21:00:00,76.0,180.6,47.0,15.3
2024-07-12 22:00:00,11.0,35.2,9.0,14.3
2024-07-12 23:00:00,0.0,0.0,0.0,13.4
2024-07-13 00:00:00,0.0,0.0,0.0,12.9
2024-07-13 01:00:00,0.0,0.0,0.0,12.4
2024-07-13 02:00:00,0.0,0.0,0.0,12.0
2024-07-13 03:00:00,0.0,0.0,0.0,13.0
2024-07-13 04:00:00,0.0,0.0,0.0,12.2
2024-07-13 05:00:00,0.0,0.0,0.0,11.6
2024-07-13 06:00:00,3.0,0.0,3.0,11.5
2024-07-13 07:00:00,57.0,195.1,34.0,12.2
2024-07-13 08:00:00,145.0,194.7,93.0,13.0
2024-07-13 09:00:00,210.0,110.1,164.0,14.1
2024-07-13 10:00:00,217.0,71.5,177.0,14.8
2024-07-13 11:00:00,192.0,2.9,190.0,15.3
2024-07-13 12:00:00,326.0,51.3,286.0,16.4
2024-07-13 13:00:00,434.0,215.9,252.0,17.4
2024-07-13 14:00:00,518.0,195.8,348.0,18.0
2024-07-13 15:00:00,582.0,415.6,227.0,18.2
2024-07-13 16:00:00,466.0,280.8,241.0,18.3
2024-07-13 17:00:00,467.0,333.5,229.0,18.5
2024-07-13 18:00:00,417.0,484.1,128.0,18.5
2024-07-13 19:00:00,280.0,348.4,120.0,18.2
2024-07-13 20:00:00,165.0,309.9,69.0,17.6
2024-07-13 21:00:00,84.0,283.3,39.0,16.2
2024-07-13 22:00:00,11.0,53.7,8.0,14.0
2024-07-13 23:00:00,0.0,0.0,0.0,13.7
2024-07-14 00:00:00,0.0,0.0,0.0,12.7
2024-07-14 01:00:00,0.0,0.0,0.0,12.5
2024-07-14 02:00:00,0.0,0.0,0.0,11.6
2024-07-14 03:00:00,0.0,0.0,0.0,11.2
2024-07-14 04:00:00,0.0,0.0,0.0,11.3
2024-07-14 05:00:00,0.0,0.0,0.0,11.1
2024-07-14 06:00:00,3.0,0.0,3.0,11.3
2024-07-14 07:00:00,65.0,294.3,31.0,12.4
2024-07-14 08:00:00,193.0,509.6,58.0,13.9
2024-07-14 09:00:00,335.0,570.0,98.0,15.9
2024-07-14 10:00:00,450.0,514.5,163.0,17.7
2024-07-14 11:00:00,623.0,735.1,122.0,19.4
2024-07-14 12:00:00,724.0,783.8,114.0,20.4
2024-07-14 13:00:00,732.0,707.1,137.0,20.8
2024-07-14 14:00:00,752.0,723.2,125.0,21.4
2024-07-14 15:00:00,751.0,722.3,135.0,22.1
2024-07-14 16:00:00,652.0,632.4,146.0,22.0
2024-07-14 17:00:00,525.0,407.1,235.0,21.7
2024-07-14 18:00:00,297.0,73.9,253.0,21.2
2024-07-14 19:00:00,184.0,39.3,166.0,20.7
2024-07-14 20:00:00,171.0,159.0,122.0,20.3
2024-07-14 21:00:00,88.0,235.7,51.0,18.4
2024-07-14 22:00:00,11.0,54.5,8.0,16.6
2024-07-14 23:00:00,0.0,0.0,0.0,15.5
2024-07-15 00:00:00,0.0,0.0,0.0,15.7
2024-07-15 01:00:00,0.0,0.0,0.0,13.9
2024-07-15 02:00:00,0.0,0.0,0.0,13.8
2024-07-15 03:00:00,0.0,0.0,0.0,12.8
2024-07-15 04:00:00,0.0,0.0,0.0,12.5
2024-07-15 05:00:00,0.0,0.0,0.0,13.0
2024-07-15 06:00:00,2.0,0.0,2.0,13.0
2024-07-15 07:00:00,63.0,291.7,30.0,14.3
2024-07-15 08:00:00,192.0,514.0,57.0,16.1
2024-07-15 09:00:00,346.0,657.5,74.0,18.2
2024-07-15 10:00:00,501.0,748.3,85.0,20.2
2024-07-15 11:00:00,641.0,807.6,92.0,21.7
2024-07-15 12:00:00,749.0,834.3,101.0,22.8
2024-07-15 13:00:00,821.0,848.8,108.0,23.7
2024-07-15 14:00:00,771.0,592.7,258.0,24.3
2024-07-15 15:00:00,808.0,736.4,181.0,25.1
2024-07-15 16:00:00,737.0,693.6,183.0,25.6
2024-07-15 17:00:00,478.0,250.4,300.0,25.6
2024-07-15 18:00:00,407.0,287.8,236.0,25.7
2024-07-15 19:00:00,348.0,484.6,127.0,25.9
2024-07-15 20:00:00,149.0,153.4,102.0,24.6
2024-07-15 21:00:00,30.0,0.0,30.0,22.7
2024-07-15 22:00:00,7.0,0.0,7.0,22.3
2024-07-15 23:00:00,0.0,0.0,0.0,22.1
2024-07-16 00:00:00,0.0,0.0,0.0,21.6
2024-07-16 01:00:00,0.0,0.0,0.0,21.0
2024-07-16 02:00:00,0.0,0.0,0.0,20.4
2024-07-16 03:00:00,0.0,0.0,0.0,18.7
2024-07-16 04:00:00,0.0,0.0,0.0,18.3
2024-07-16 05:00:00,0.0,0.0,0.0,17.8
2024-07-16 06:00:00,2.0,0.0,2.0,17.8
2024-07-16 07:00:00,56.0,226.0,31.0,18.1
2024-07-16 08:00:00,177.0,445.7,61.0,17.9
2024-07-16 09:00:00,324.0,578.4,86.0,18.6
2024-07-16 10:00:00,415.0,471.2,154.0,19.4
2024-07-16 11:00:00,567.0,647.5,128.0,20.6
2024-07-16 12:00:00,623.0,575.5,177.0,20.4
2024-07-16 13:00:00,597.0,520.0,161.0,21.5
2024-07-16 14:00:00,758.0,737.2,121.0,20.7
2024-07-16 15:00:00,678.0,531.7,226.0,21.8
2024-07-16 16:00:00,550.0,398.8,232.0,19.1
2024-07-16 17:00:00,91.0,0.0,91.0,17.2
2024-07-16 18:00:00,366.0,266.7,208.0,18.8
2024-07-16 19:00:00,382.0,622.9,99.0,19.4
2024-07-16 20:00:00,152.0,213.5,87.0,18.5
2024-07-16 21:00:00,68.0,202.7,37.0,17.8
2024-07-16 22:00:00,7.0,37.7,5.0,17.0
2024-07-16 23:00:00,0.0,0.0,0.0,16.5
2024-07-17 00:00:00,0.0,0.0,0.0,16.1
2024-07-17 01:00:00,0.0,0.0,0.0,15.8
2024-07-17 02:00:00,0.0,0.0,0.0,15.6
2024-07-17 03:00:00,0.0,0.0,0.0,15.9
2024-07-17 04:00:00,0.0,0.0,0.0,15.5
2024-07-17 05:00:00,0.0,0.0,0.0,15.5
2024-07-17 06:00:00,1.0,0.0,1.0,15.7
2024-07-17 07:00:00,26.0,27.8,23.0,15.9
2024-07-17 08:00:00,89.0,54.3,75.0,16.6
2024-07-17 09:00:00,187.0,124.6,136.0,17.6
2024-07-17 10:00:00,273.0,132.3,200.0,18.5
2024-07-17 11:00:00,394.0,198.2,260.0,19.5
2024-07-17 12:00:00,607.0,538.0,191.0,20.9
2024-07-17 13:00:00,650.0,562.8,179.0,21.6
2024-07-17 14:00:00,708.0,617.9,175.0,22.4
2024-07-17 15:00:00,557.0,433.7,189.0,22.5
2024-07-17 16:00:00,652.0,608.2,168.0,22.4
2024-07-17 17:00:00,568.0,618.7,130.0,22.7
2024-07-17 18:00:00,427.0,506.1,128.0,22.3
2024-07-17 19:00:00,335.0,503.8,107.0,21.8
2024-07-17 20:00:00,210.0,469.5,68.0,21.3
2024-07-17 21:00:00,85.0,305.1,39.0,19.5
2024-07-17 22:00:00,8.0,38.2,6.0,17.5
2024-07-17 23:00:00,0.0,0.0,0.0,16.7
2024-07-18 00:00:00,0.0,0.0,0.0,15.7
2024-07-18 01:00:00,0.0,0.0,0.0,14.8
2024-07-18 02:00:00,0.0,0.0,0.0,14.5
2024-07-18 03:00:00,0.0,0.0,0.0,15.4
2024-07-18 04:00:00,0.0,0.0,0.0,14.8
2024-07-18 05:00:00,0.0,0.0,0.0,14.1
2024-07-18 06:00:00,1.0,0.0,1.0,14.1
2024-07-18 07:00:00,57.0,275.1,28.0,15.8
2024-07-18 08:00:00,159.0,278.0,88.0,17.6
2024-07-18 09:00:00,272.0,292.4,153.0,19.5
2024-07-18 10:00:00,402.0,365.6,201.0,21.3
2024-07-18 11:00:00,541.0,465.8,227.0,22.8
2024-07-18 12:00:00,659.0,541.8,241.0,23.9
2024-07-18 13:00:00,666.0,551.9,205.0,24.6
2024-07-18 14:00:00,720.0,608.6,196.0,25.2
2024-07-18 15:00:00,641.0,402.6,300.0,26.0
2024-07-18 16:00:00,543.0,319.8,289.0,26.2
2024-07-18 17:00:00,522.0,465.8,193.0,26.4
2024-07-18 18:00:00,409.0,470.2,132.0,26.4
2024-07-18 19:00:00,298.0,381.7,126.0,26.1
2024-07-18 20:00:00,179.0,326.3,81.0,25.2
2024-07-18 21:00:00,78.0,249.2,41.0,22.9
2024-07-18 22:00:00,8.0,38.2,6.0,21.4
2024-07-18 23:00:00,0.0,0.0,0.0,21.0
2024-07-19 00:00:00,0.0,0.0,0.0,20.3
2024-07-19 01:00:00,0.0,0.0,0.0,19.7
2024-07-19 02:00:00,0.0,0.0,0.0,19.5
2024-07-19 03:00:00,0.0,0.0,0.0,18.9
2024-07-19 04:00:00,0.0,0.0,0.0,18.1
2024-07-19 05:00:00,0.0,0.0,0.0,17.7
2024-07-19 06:00:00,1.0,0.0,1.0,17.6
2024-07-19 07:00:00,45.0,116.8,33.0,18.6
2024-07-19 08:00:00,152.0,304.5,75.0,20.1
2024-07-19 09:00:00,251.0,259.5,146.0,21.8
2024-07-19 10:00:00,379.0,348.8,188.0,23.4
2024-07-19 11:00:00,549.0,511.8,205.0,25.1
2024-07-19 12:00:00,626.0,457.3,274.0,26.3
2024-07-19 13:00:00,738.0,626.3,216.0,27.4
2024-07-19 14:00:00,757.0,566.7,270.0,28.0
2024-07-19 15:00:00,652.0,378.5,332.0,28.1
2024-07-19 16:00:00,477.0,166.5,345.0,27.9
2024-07-19 17:00:00,364.0,78.1,309.0,27.5
2024-07-19 18:00:00,241.0,23.8,227.0,26.8
2024-07-19 19:00:00,170.0,11.1,165.0,26.1
2024-07-19 20:00:00,126.0,43.6,113.0,25.3
2024-07-19 21:00:00,76.0,239.5,41.0,25.3
2024-07-19 22:00:00,7.0,38.2,5.0,24.4
2024-07-19 23:00:00,0.0,0.0,0.0,20.0
2024-07-20 00:00:00,0.0,0.0,0.0,19.3
2024-07-20 01:00:00,0.0,0.0,0.0,18.1
2024-07-20 02:00:00,0.0,0.0,0.0,17.4
2024-07-20 03:00:00,0.0,0.0,0.0,17.1
2024-07-20 04:00:00,0.0,0.0,0.0,16.8
2024-07-20 05:00:00,0.0,0.0,0.0,16.7
2024-07-20 06:00:00,1.0,0.0,1.0,17.2
2024-07-20 07:00:00,53.0,270.2,26.0,18.7
2024-07-20 08:00:00,176.0,487.5,54.0,20.4
2024-07-20 09:00:00,327.0,634.0,72.0,22.3
2024-07-20 10:00:00,481.0,729.7,83.0,24.3
2024-07-20 11:00:00,619.0,787.9,91.0,26.1
2024-07-20 12:00:00,733.0,831.0,95.0,27.6
2024-07-20 13:00:00,805.0,848.8,99.0,28.6
2024-07-20 14:00:00,833.0,852.3,102.0,29.2
2024-07-20 15:00:00,809.0,828.5,110.0,30.1
2024-07-20 16:00:00,749.0,818.1,102.0,30.4
2024-07-20 17:00:00,654.0,791.2,98.0,30.5
2024-07-20 18:00:00,469.0,548.4,148.0,30.2
2024-07-20 19:00:00,286.0,295.6,154.0,28.6
2024-07-20 20:00:00,144.0,199.4,85.0,24.5
2024-07-20 21:00:00,58.0,76.6,47.0,23.6
2024-07-20 22:00:00,6.0,0.0,6.0,21.7
2024-07-20 23:00:00,0.0,0.0,0.0,21.3
2024-07-21 00:00:00,0.0,0.0,0.0,21.1
2024-07-21 01:00:00,0.0,0.0,0.0,20.5
2024-07-21 02:00:00,0.0,0.0,0.0,20.3
2024-07-21 03:00:00,0.0,0.0,0.0,20.4
2024-07-21 04:00:00,0.0,0.0,0.0,19.9
2024-07-21 05:00:00,0.0,0.0,0.0,19.9
2024-07-21 06:00:00,1.0,0.0,1.0,19.4
2024-07-21 07:00:00,33.0,30.5,30.0,20.5
2024-07-21 08:00:00,164.0,399.8,65.0,22.0
2024-07-21 09:00:00,303.0,505.3,101.0,23.0
2024-07-21 10:00:00,418.0,498.9,147.0,23.8
2024-07-21 11:00:00,506.0,523.9,156.0,24.8
2024-07-21 12:00:00,581.0,548.4,161.0,25.4
2024-07-21 13:00:00,246.0,28.9,222.0,23.0
2024-07-21 14:00:00,324.0,140.2,204.0,23.7
2024-07-21 15:00:00,684.0,577.2,198.0,24.8
2024-07-21 16:00:00,668.0,643.8,160.0,25.1
2024-07-21 17:00:00,510.0,507.9,154.0,24.7
2024-07-21 18:00:00,456.0,584.6,115.0,24.4
2024-07-21 19:00:00,309.0,481.6,95.0,23.8
2024-07-21 20:00:00,186.0,368.0,78.0,23.1
2024-07-21 21:00:00,70.0,219.8,39.0,21.9
2024-07-21 22:00:00,5.0,19.1,4.0,20.8
2024-07-21 23:00:00,0.0,0.0,0.0,20.1
2024-07-22 00:00:00,0.0,0.0,0.0,19.5
2024-07-22 01:00:00,0.0,0.0,0.0,19.6
2024-07-22 02:00:00,0.0,0.0,0.0,18.6
2024-07-22 03:00:00,0.0,0.0,0.0,17.9
2024-07-22 04:00:00,0.0,0.0,0.0,17.6
2024-07-22 05:00:00,0.0,0.0,0.0,17.3
2024-07-22 06:00:00,0.0,0.0,0.0,17.1
2024-07-22 07:00:00,14.0,0.0,14.0,17.2
2024-07-22 08:00:00,150.0,383.8,56.0,17.6
2024-07-22 09:00:00,272.0,407.8,110.0,18.4
2024-07-22 10:00:00,414.0,469.6,160.0,19.5
2024-07-22 11:00:00,571.0,645.8,141.0,20.9
2024-07-22 12:00:00,515.0,348.2,249.0,21.5
2024-07-22 13:00:00,526.0,338.2,246.0,21.8
2024-07-22 14:00:00,504.0,250.6,290.0,22.1
2024-07-22 15:00:00,514.0,326.1,240.0,22.8
2024-07-22 16:00:00,618.0,552.6,183.0,23.6
2024-07-22 17:00:00,589.0,633.9,146.0,23.8
2024-07-22 18:00:00,498.0,640.1,126.0,23.5
2024-07-22 19:00:00,308.0,429.8,118.0,22.9
2024-07-22 20:00:00,146.0,247.4,74.0,22.1
2024-07-22 21:00:00,52.0,65.0,43.0,20.9
2024-07-22 22:00:00,5.0,0.0,5.0,19.6
2024-07-22 23:00:00,0.0,0.0,0.0,18.5
2024-07-23 00:00:00,0.0,0.0,0.0,17.6
2024-07-23 01:00:00,0.0,0.0,0.0,17.4
2024-07-23 02:00:00,0.0,0.0,0.0,17.3
2024-07-23 03:00:00,0.0,0.0,0.0,17.5
2024-07-23 04:00:00,0.0,0.0,0.0,17.4
2024-07-23 05:00:00,0.0,0.0,0.0,17.1
2024-07-23 06:00:00,0.0,0.0,0.0,16.7
2024-07-23 07:00:00,46.0,219.0,25.0,17.4
2024-07-23 08:00:00,137.0,313.8,61.0,18.9
2024-07-23 09:00:00,241.0,385.1,89.0,20.4
2024-07-23 10:00:00,266.0,208.0,154.0,21.3
2024-07-23 11:00:00,178.0,43.7,149.0,20.0
2024-07-23 12:00:00,424.0,282.2,209.0,21.6
2024-07-23 13:00:00,547.0,451.5,174.0,21.9
2024-07-23 14:00:00,600.0,428.3,235.0,22.2
2024-07-23 15:00:00,761.0,733.7,146.0,23.4
2024-07-23 16:00:00,719.0,765.3,118.0,23.3
2024-07-23 17:00:00,593.0,661.5,132.0,23.5
2024-07-23 18:00:00,441.0,469.8,169.0,21.3
2024-07-23 19:00:00,272.0,332.0,126.0,19.9
2024-07-23 20:00:00,126.0,152.5,82.0,19.2
2024-07-23 21:00:00,55.0,162.2,33.0,18.2
2024-07-23 22:00:00,4.0,0.0,4.0,17.8
2024-07-23 23:00:00,0.0,0.0,0.0,17.1
2024-07-24 00:00:00,0.0,0.0,0.0,16.3
2024-07-24 01:00:00,0.0,0.0,0.0,15.7
2024-07-24 02:00:00,0.0,0.0,0.0,15.0
2024-07-24 03:00:00,0.0,0.0,0.0,14.6
2024-07-24 04:00:00,0.0,0.0,0.0,14.5
2024-07-24 05:00:00,0.0,0.0,0.0,14.2
2024-07-24 06:00:00,0.0,0.0,0.0,14.0
2024-07-24 07:00:00,26.0,31.7,23.0,15.3
2024-07-24 08:00:00,70.0,37.6,61.0,16.0
2024-07-24 09:00:00,157.0,74.0,128.0,16.8
2024-07-24 10:00:00,273.0,233.2,148.0,17.6
2024-07-24 11:00:00,415.0,331.1,196.0,18.6
2024-07-24 12:00:00,590.0,421.2,270.0,19.5
2024-07-24 13:00:00,716.0,674.7,160.0,20.8
2024-07-24 14:00:00,704.0,597.5,196.0,21.7
2024-07-24 15:00:00,660.0,532.1,215.0,20.8
2024-07-24 16:00:00,595.0,491.5,210.0,21.4
2024-07-24 17:00:00,479.0,431.8,179.0,21.5
2024-07-24 18:00:00,436.0,513.2,140.0,21.6
2024-07-24 19:00:00,341.0,542.0,104.0,21.3
2024-07-24 20:00:00,210.0,507.3,65.0,20.4
2024-07-24 21:00:00,76.0,293.8,37.0,18.4
2024-07-24 22:00:00,5.0,19.1,4.0,16.8
2024-07-24 23:00:00,0.0,0.0,0.0,15.6
2024-07-25 00:00:00,0.0,0.0,0.0,15.2
2024-07-25 01:00:00,0.0,0.0,0.0,14.2
2024-07-25 02:00:00,0.0,0.0,0.0,13.3
2024-07-25 03:00:00,0.0,0.0,0.0,12.9
2024-07-25 04:00:00,0.0,0.0,0.0,13.2
2024-07-25 05:00:00,0.0,0.0,0.0,13.1
2024-07-25 06:00:00,0.0,0.0,0.0,13.1
2024-07-25 07:00:00,42.0,193.2,24.0,14.2
2024-07-25 08:00:00,157.0,376.3,68.0,15.8
2024-07-25 09:00:00,304.0,552.0,89.0,17.8
2024-07-25 10:00:00,440.0,569.7,136.0,19.7
2024-07-25 11:00:00,568.0,600.7,172.0,21.1
2024-07-25 12:00:00,604.0,422.4,284.0,22.0
2024-07-25 13:00:00,729.0,631.3,210.0,23.0
2024-07-25 14:00:00,784.0,694.4,195.0,23.7
2024-07-25 15:00:00,688.0,472.3,294.0,23.5
2024-07-25 16:00:00,601.0,408.3,282.0,23.8
2024-07-25 17:00:00,628.0,724.9,126.0,24.3
2024-07-25 18:00:00,327.0,181.1,223.0,24.2
2024-07-25 19:00:00,178.0,39.1,161.0,24.0
2024-07-25 20:00:00,121.0,42.4,109.0,22.8
2024-07-25 21:00:00,41.0,15.4,39.0,21.3
2024-07-25 22:00:00,3.0,0.0,3.0,20.6
2024-07-25 23:00:00,0.0,0.0,0.0,20.5
2024-07-26 00:00:00,0.0,0.0,0.0,19.9
2024-07-26 01:00:00,0.0,0.0,0.0,19.8
2024-07-26 02:00:00,0.0,0.0,0.0,19.2
2024-07-26 03:00:00,0.0,0.0,0.0,19.2
2024-07-26 04:00:00,0.0,0.0,0.0,18.9
2024-07-26 05:00:00,0.0,0.0,0.0,18.6
2024-07-26 06:00:00,0.0,0.0,0.0,18.5
2024-07-26 07:00:00,14.0,0.0,14.0,18.5
2024-07-26 08:00:00,33.0,0.0,33.0,18.6
2024-07-26 09:00:00,184.0,152.5,125.0,19.7
2024-07-26 10:00:00,238.0,86.6,192.0,20.3
2024-07-26 11:00:00,505.0,456.7,205.0,21.9
2024-07-26 12:00:00,419.0,192.0,274.0,22.1
2024-07-26 13:00:00,573.0,381.7,260.0,23.1
2024-07-26 14:00:00,478.0,206.8,303.0,23.3
2024-07-26 15:00:00,686.0,626.0,165.0,23.2
2024-07-26 16:00:00,597.0,575.1,149.0,23.6
2024-07-26 17:00:00,547.0,551.9,166.0,23.8
2024-07-26 18:00:00,411.0,456.3,150.0,23.6
2024-07-26 19:00:00,257.0,317.1,120.0,22.9
2024-07-26 20:00:00,117.0,46.4,104.0,21.9
2024-07-26 21:00:00,22.0,0.0,22.0,20.8
2024-07-26 22:00:00,2.0,0.0,2.0,20.4
2024-07-26 23:00:00,0.0,0.0,0.0,20.0
2024-07-27 00:00:00,0.0,0.0,0.0,19.2
2024-07-27 01:00:00,0.0,0.0,0.0,18.5
2024-07-27 02:00:00,0.0,0.0,0.0,18.0
2024-07-27 03:00:00,0.0,0.0,0.0,18.5
2024-07-27 04:00:00,0.0,0.0,0.0,17.5
2024-07-27 05:00:00,0.0,0.0,0.0,17.7
2024-07-27 06:00:00,0.0,0.0,0.0,16.7
2024-07-27 07:00:00,22.0,77.5,15.0,17.4
2024-07-27 08:00:00,62.0,0.0,62.0,18.0
2024-07-27 09:00:00,104.0,15.6,98.0,18.5
2024-07-27 10:00:00,148.0,0.0,148.0,19.3
2024-07-27 11:00:00,403.0,325.4,190.0,20.6
2024-07-27 12:00:00,425.0,237.7,246.0,21.5
2024-07-27 13:00:00,206.0,0.0,206.0,21.6
2024-07-27 14:00:00,376.0,67.5,319.0,21.4
2024-07-27 15:00:00,383.0,77.1,319.0,21.6
2024-07-27 16:00:00,124.0,0.0,124.0,20.2
2024-07-27 17:00:00,133.0,2.9,131.0,20.2
2024-07-27 18:00:00,159.0,5.3,156.0,20.4
2024-07-27 19:00:00,88.0,2.3,87.0,20.3
2024-07-27 20:00:00,88.0,0.0,88.0,19.6
2024-07-27 21:00:00,23.0,0.0,23.0,19.0
2024-07-27 22:00:00,1.0,0.0,1.0,18.7
2024-07-27 23:00:00,0.0,0.0,0.0,18.5
2024-07-28 00:00:00,0.0,0.0,0.0,18.2
2024-07-28 01:00:00,0.0,0.0,0.0,17.0
2024-07-28 02:00:00,0.0,0.0,0.0,16.0
2024-07-28 03:00:00,0.0,0.0,0.0,15.2
2024-07-28 04:00:00,0.0,0.0,0.0,15.0
2024-07-28 05:00:00,0.0,0.0,0.0,15.1
2024-07-28 06:00:00,0.0,0.0,0.0,14.9
2024-07-28 07:00:00,20.0,0.0,20.0,15.6
2024-07-28 08:00:00,85.0,48.3,74.0,16.4
2024-07-28 09:00:00,231.0,309.4,113.0,17.6
2024-07-28 10:00:00,389.0,522.7,114.0,18.8
2024-07-28 11:00:00,521.0,571.9,148.0,20.0
2024-07-28 12:00:00,714.0,805.7,109.0,21.3
2024-07-28 13:00:00,797.0,850.9,103.0,22.1
2024-07-28 14:00:00,836.0,873.0,101.0,23.0
2024-07-28 15:00:00,529.0,297.1,283.0,22.9
2024-07-28 16:00:00,452.0,264.7,247.0,22.9
2024-07-28 17:00:00,484.0,320.9,264.0,23.1
2024-07-28 18:00:00,374.0,356.4,172.0,22.8
2024-07-28 19:00:00,256.0,300.1,128.0,22.1
2024-07-28 20:00:00,199.0,492.2,64.0,21.1
2024-07-28 21:00:00,70.0,315.7,32.0,18.5
2024-07-28 22:00:00,3.0,0.0,3.0,17.5
2024-07-28 23:00:00,0.0,0.0,0.0,16.3
2024-07-29 00:00:00,0.0,0.0,0.0,16.7
2024-07-29 01:00:00,0.0,0.0,0.0,16.4
2024-07-29 02:00:00,0.0,0.0,0.0,15.5
2024-07-29 03:00:00,0.0,0.0,0.0,15.5
2024-07-29 04:00:00,0.0,0.0,0.0,14.1
2024-07-29 05:00:00,0.0,0.0,0.0,13.5
2024-07-29 06:00:00,0.0,0.0,0.0,13.4
2024-07-29 07:00:00,39.0,217.1,20.0,14.9
2024-07-29 08:00:00,160.0,484.9,51.0,16.6
2024-07-29 09:00:00,315.0,647.2,70.0,18.7
2024-07-29 10:00:00,473.0,744.9,83.0,20.7
2024-07-29 11:00:00,615.0,806.5,91.0,22.4
2024-07-29 12:00:00,728.0,841.5,98.0,23.5
2024-07-29 13:00:00,803.0,861.8,102.0,24.4
2024-07-29 14:00:00,833.0,869.4,103.0,25.1
2024-07-29 15:00:00,818.0,868.4,101.0,25.7
2024-07-29 16:00:00,756.0,853.4,97.0,26.0
2024-07-29 17:00:00,653.0,822.8,91.0,26.1
2024-07-29 18:00:00,517.0,767.5,84.0,26.0
2024-07-29 19:00:00,362.0,682.1,73.0,25.6
2024-07-29 20:00:00,204.0,542.1,57.0,24.4
2024-07-29 21:00:00,68.0,324.7,30.0,21.6
2024-07-29 22:00:00,2.0,0.0,2.0,20.0
2024-07-29 23:00:00,0.0,0.0,0.0,19.5
2024-07-30 00:00:00,0.0,0.0,0.0,19.4
2024-07-30 01:00:00,0.0,0.0,0.0,18.8
2024-07-30 02:00:00,0.0,0.0,0.0,18.1
2024-07-30 03:00:00,0.0,0.0,0.0,17.7
2024-07-30 04:00:00,0.0,0.0,0.0,17.3
2024-07-30 05:00:00,0.0,0.0,0.0,17.0
2024-07-30 06:00:00,0.0,0.0,0.0,16.9
2024-07-30 07:00:00,36.0,209.2,18.0,17.5
2024-07-30 08:00:00,154.0,468.9,50.0,19.0
2024-07-30 09:00:00,295.0,598.8,70.0,20.8
2024-07-30 10:00:00,444.0,671.9,94.0,22.9
2024-07-30 11:00:00,573.0,704.5,117.0,24.4
2024-07-30 12:00:00,655.0,695.4,136.0,25.8
2024-07-30 13:00:00,736.0,743.4,133.0,27.1
2024-07-30 14:00:00,807.0,839.5,104.0,28.2
2024-07-30 15:00:00,730.0,730.0,129.0,29.2
2024-07-30 16:00:00,672.0,693.7,138.0,29.5
2024-07-30 17:00:00,613.0,748.0,104.0,29.5
2024-07-30 18:00:00,467.0,648.4,103.0,29.2
2024-07-30 19:00:00,330.0,584.7,84.0,28.4
2024-07-30 20:00:00,177.0,425.4,63.0,26.6
2024-07-30 21:00:00,63.0,290.4,30.0,23.8
2024-07-30 22:00:00,2.0,0.0,2.0,21.7
2024-07-30 23:00:00,0.0,0.0,0.0,21.5
2024-07-31 00:00:00,0.0,0.0,0.0,20.3
2024-07-31 01:00:00,0.0,0.0,0.0,19.6
2024-07-31 02:00:00,0.0,0.0,0.0,19.0
2024-07-31 03:00:00,0.0,0.0,0.0,18.6
2024-07-31 04:00:00,0.0,0.0,0.0,17.7
2024-07-31 05:00:00,0.0,0.0,0.0,17.7
2024-07-31 06:00:00,0.0,0.0,0.0,16.9
2024-07-31 07:00:00,26.0,23.6,24.0,18.9
2024-07-31 08:00:00,73.0,18.3,69.0,19.5
2024-07-31 09:00:00,102.0,8.0,99.0,20.0
2024-07-31 10:00:00,217.0,48.2,192.0,21.2
2024-07-31 11:00:00,170.0,0.0,170.0,21.6
2024-07-31 12:00:00,337.0,55.1,296.0,23.8
2024-07-31 13:00:00,210.0,30.9,185.0,23.4
2024-07-31 14:00:00,188.0,12.0,178.0,23.5
2024-07-31 15:00:00,171.0,1.2,170.0,21.7
2024-07-31 16:00:00,333.0,50.8,294.0,22.8
2024-07-31 17:00:00,342.0,81.1,287.0,23.7
2024-07-31 18:00:00,280.0,75.2,238.0,24.0
2024-07-31 19:00:00,237.0,184.4,160.0,24.1
2024-07-31 20:00:00,138.0,124.7,105.0,23.8
2024-07-31 21:00:00,36.0,18.2,34.0,23.0
2024-07-31 22:00:00,1.0,0.0,1.0,20.7
2024-07-31 23:00:00,0.0,0.0,0.0,20.4
2024-08-01 00:00:00,0.0,0.0,0.0,19.3
2024-08-01 01:00:00,0.0,0.0,0.0,18.5
2024-08-01 02:00:00,0.0,0.0,0.0,18.2
2024-08-01 03:00:00,0.0,0.0,0.0,19.0
2024-08-01 04:00:00,0.0,0.0,0.0,18.0
2024-08-01 05:00:00,0.0,0.0,0.0,17.5
2024-08-01 06:00:00,0.0,0.0,0.0,18.1
2024-08-01 07:00:00,27.0,60.2,22.0,18.7
2024-08-01 08:00:00,123.0,199.4,80.0,19.9
2024-08-01 09:00:00,213.0,167.5,151.0,21.4
2024-08-01 10:00:00,351.0,292.9,200.0,23.2
2024-08-01 11:00:00,503.0,453.1,212.0,25.1
2024-08-01 12:00:00,651.0,640.6,176.0,26.7
2024-08-01 13:00:00,648.0,503.4,242.0,27.2
2024-08-01 14:00:00,342.0,66.0,287.0,25.8
2024-08-01 15:00:00,390.0,110.0,300.0,23.1
2024-08-01 16:00:00,202.0,14.4,191.0,21.4
2024-08-01 17:00:00,50.0,0.0,50.0,21.0
2024-08-01 18:00:00,62.0,0.0,62.0,21.0
2024-08-01 19:00:00,68.0,0.0,68.0,20.9
2024-08-01 20:00:00,34.0,0.0,34.0,20.3
2024-08-01 21:00:00,33.0,93.9,23.0,20.0
2024-08-01 22:00:00,1.0,0.0,1.0,19.3
2024-08-01 23:00:00,0.0,0.0,0.0,19.1
2024-08-02 00:00:00,0.0,0.0,0.0,18.6
2024-08-02 01:00:00,0.0,0.0,0.0,18.2
2024-08-02 02:00:00,0.0,0.0,0.0,17.7
2024-08-02 03:00:00,0.0,0.0,0.0,17.3
2024-08-02 04:00:00,0.0,0.0,0.0,16.9
2024-08-02 05:00:00,0.0,0.0,0.0,16.1
2024-08-02 06:00:00,0.0,0.0,0.0,15.8
2024-08-02 07:00:00,27.0,110.4,18.0,16.2
2024-08-02 08:00:00,116.0,240.0,65.0,16.8
2024-08-02 09:00:00,236.0,302.3,125.0,18.0
2024-08-02 10:00:00,347.0,337.3,174.0,19.2
2024-08-02 11:00:00,394.0,251.7,233.0,20.3
2024-08-02 12:00:00,443.0,184.0,307.0,21.6
2024-08-02 13:00:00,450.0,185.3,301.0,22.4
2024-08-02 14:00:00,666.0,529.9,226.0,23.6
2024-08-02 15:00:00,538.0,366.4,239.0,23.1
2024-08-02 16:00:00,608.0,497.3,229.0,24.1
2024-08-02 17:00:00,549.0,593.5,150.0,24.5
2024-08-02 18:00:00,432.0,537.5,135.0,24.6
2024-08-02 19:00:00,325.0,595.8,80.0,24.1
2024-08-02 20:00:00,181.0,477.1,58.0,23.3
2024-08-02 21:00:00,52.0,241.3,27.0,21.0
2024-08-02 22:00:00,1.0,0.0,1.0,19.0
2024-08-02 23:00:00,0.0,0.0,0.0,18.3
2024-08-03 00:00:00,0.0,0.0,0.0,17.3
2024-08-03 01:00:00,0.0,0.0,0.0,18.4
2024-08-03 02:00:00,0.0,0.0,0.0,17.9
2024-08-03 03:00:00,0.0,0.0,0.0,15.3
2024-08-03 04:00:00,0.0,0.0,0.0,14.9
2024-08-03 05:00:00,0.0,0.0,0.0,15.6
2024-08-03 06:00:00,0.0,0.0,0.0,15.6
2024-08-03 07:00:00,20.0,0.0,20.0,17.1
2024-08-03 08:00:00,119.0,210.2,75.0,18.5
2024-08-03 09:00:00,241.0,337.7,118.0,20.0
2024-08-03 10:00:00,276.0,166.6,191.0,20.7
2024-08-03 11:00:00,211.0,53.4,177.0,19.8
2024-08-03 12:00:00,482.0,399.2,188.0,21.3
2024-08-03 13:00:00,545.0,335.6,276.0,22.7
2024-08-03 14:00:00,674.0,589.5,186.0,23.9
2024-08-03 15:00:00,472.0,228.7,286.0,23.1
2024-08-03 16:00:00,483.0,229.1,309.0,23.4
2024-08-03 17:00:00,334.0,91.1,273.0,22.8
2024-08-03 18:00:00,395.0,462.3,141.0,22.8
2024-08-03 19:00:00,265.0,348.2,123.0,22.5
2024-08-03 20:00:00,127.0,188.8,79.0,21.3
2024-08-03 21:00:00,41.0,88.4,32.0,20.1
2024-08-03 22:00:00,0.0,0.0,0.0,19.6
2024-08-03 23:00:00,0.0,0.0,0.0,18.8
2024-08-04 00:00:00,0.0,0.0,0.0,18.6
2024-08-04 01:00:00,0.0,0.0,0.0,18.3
2024-08-04 02:00:00,0.0,0.0,0.0,18.0
2024-08-04 03:00:00,0.0,0.0,0.0,17.9
2024-08-04 04:00:00,0.0,0.0,0.0,17.4
2024-08-04 05:00:00,0.0,0.0,0.0,17.5
2024-08-04 06:00:00,0.0,0.0,0.0,17.5
2024-08-04 07:00:00,12.0,12.8,11.0,17.7
2024-08-04 08:00:00,30.0,0.0,30.0,17.6
2024-08-04 09:00:00,87.0,0.0,87.0,18.1
2024-08-04 10:00:00,195.0,29.6,180.0,18.6
2024-08-04 11:00:00,411.0,282.2,232.0,19.5
2024-08-04 12:00:00,572.0,427.9,258.0,20.2
2024-08-04 13:00:00,549.0,264.1,338.0,20.6
2024-08-04 14:00:00,274.0,7.3,268.0,19.9
2024-08-04 15:00:00,229.0,3.7,226.0,19.6
2024-08-04 16:00:00,254.0,9.3,247.0,19.5
2024-08-04 17:00:00,173.0,6.0,169.0,19.2
2024-08-04 18:00:00,217.0,18.3,207.0,19.6
2024-08-04 19:00:00,169.0,61.8,144.0,19.5
2024-08-04 20:00:00,64.0,0.0,64.0,19.2
2024-08-04 21:00:00,45.0,159.9,29.0,17.8
2024-08-04 22:00:00,0.0,0.0,0.0,18.2
2024-08-04 23:00:00,0.0,0.0,0.0,17.6
2024-08-05 00:00:00,0.0,0.0,0.0,16.1
2024-08-05 01:00:00,0.0,0.0,0.0,14.9
2024-08-05 02:00:00,0.0,0.0,0.0,14.4
2024-08-05 03:00:00,0.0,0.0,0.0,16.1
2024-08-05 04:00:00,0.0,0.0,0.0,16.0
2024-08-05 05:00:00,0.0,0.0,0.0,15.0
2024-08-05 06:00:00,0.0,0.0,0.0,15.8
2024-08-05 07:00:00,22.0,65.1,17.0,15.6
2024-08-05 08:00:00,112.0,216.9,68.0,17.1
2024-08-05 09:00:00,266.0,494.3,89.0,18.8
2024-08-05 10:00:00,432.0,674.1,92.0,20.5
2024-08-05 11:00:00,565.0,718.8,111.0,21.8
2024-08-05 12:00:00,608.0,607.2,164.0,22.7
2024-08-05 13:00:00,575.0,389.3,265.0,23.4
2024-08-05 14:00:00,563.0,290.6,324.0,24.1
2024-08-05 15:00:00,670.0,574.3,206.0,25.0
2024-08-05 16:00:00,631.0,568.0,203.0,25.1
2024-08-05 17:00:00,562.0,597.1,166.0,25.2
2024-08-05 18:00:00,410.0,471.6,154.0,24.9
2024-08-05 19:00:00,226.0,227.1,135.0,24.4
2024-08-05 20:00:00,148.0,352.7,61.0,23.2
2024-08-05 21:00:00,45.0,213.9,24.0,20.4
2024-08-05 22:00:00,0.0,0.0,0.0,19.0
2024-08-05 23:00:00,0.0,0.0,0.0,18.1
2024-08-06 00:00:00,0.0,0.0,0.0,17.5
2024-08-06 01:00:00,0.0,0.0,0.0,16.6
2024-08-06 02:00:00,0.0,0.0,0.0,16.5
2024-08-06 03:00:00,0.0,0.0,0.0,16.9
2024-08-06 04:00:00,0.0,0.0,0.0,16.7
2024-08-06 05:00:00,0.0,0.0,0.0,16.5
2024-08-06 06:00:00,0.0,0.0,0.0,16.3
2024-08-06 07:00:00,23.0,133.0,13.0,16.8
2024-08-06 08:00:00,133.0,436.1,46.0,18.3
2024-08-06 09:00:00,284.0,614.1,66.0,20.2
2024-08-06 10:00:00,441.0,719.9,80.0,22.2
2024-08-06 11:00:00,582.0,784.0,89.0,24.1
2024-08-06 12:00:00,694.0,823.6,94.0,25.6
2024-08-06 13:00:00,769.0,846.8,97.0,26.4
2024-08-06 14:00:00,770.0,774.6,135.0,27.3
2024-08-06 15:00:00,724.0,708.0,154.0,28.3
2024-08-06 16:00:00,635.0,591.6,191.0,28.8
2024-08-06 17:00:00,403.0,244.0,242.0,28.4
2024-08-06 18:00:00,264.0,168.7,173.0,27.6
2024-08-06 19:00:00,262.0,380.3,111.0,27.6
2024-08-06 20:00:00,141.0,276.0,74.0,26.4
2024-08-06 21:00:00,37.0,135.0,24.0,24.1
2024-08-06 22:00:00,0.0,0.0,0.0,23.0
2024-08-06 23:00:00,0.0,0.0,0.0,21.4
2024-08-07 00:00:00,0.0,0.0,0.0,22.1
2024-08-07 01:00:00,0.0,0.0,0.0,19.9
2024-08-07 02:00:00,0.0,0.0,0.0,19.5
2024-08-07 03:00:00,0.0,0.0,0.0,18.1
2024-08-07 04:00:00,0.0,0.0,0.0,17.3
2024-08-07 05:00:00,0.0,0.0,0.0,17.5
2024-08-07 06:00:00,0.0,0.0,0.0,16.7
2024-08-07 07:00:00,19.0,40.8,16.0,17.7
2024-08-07 08:00:00,94.0,76.5,79.0,18.6
2024-08-07 09:00:00,201.0,162.0,144.0,19.8
2024-08-07 10:00:00,294.0,152.5,218.0,20.6
2024-08-07 11:00:00,386.0,194.9,264.0,21.4
2024-08-07 12:00:00,282.0,23.4,265.0,21.1
2024-08-07 13:00:00,174.0,0.0,174.0,19.6
2024-08-07 14:00:00,577.0,284.0,345.0,21.3
2024-08-07 15:00:00,432.0,125.9,331.0,21.9
2024-08-07 16:00:00,571.0,434.8,246.0,22.4
2024-08-07 17:00:00,282.0,114.2,207.0,21.6
2024-08-07 18:00:00,210.0,87.7,163.0,21.5
2024-08-07 19:00:00,259.0,391.5,105.0,21.7
2024-08-07 20:00:00,147.0,360.3,61.0,21.0
2024-08-07 21:00:00,37.0,159.1,22.0,19.3
2024-08-07 22:00:00,0.0,0.0,0.0,18.0
2024-08-07 23:00:00,0.0,0.0,0.0,17.8
2024-08-08 00:00:00,0.0,0.0,0.0,17.8
2024-08-08 01:00:00,0.0,0.0,0.0,15.7
2024-08-08 02:00:00,0.0,0.0,0.0,16.7
2024-08-08 03:00:00,0.0,0.0,0.0,17.2
2024-08-08 04:00:00,0.0,0.0,0.0,17.0
2024-08-08 05:00:00,0.0,0.0,0.0,16.7
2024-08-08 06:00:00,0.0,0.0,0.0,16.6
2024-08-08 07:00:00,5.0,0.0,5.0,16.6
2024-08-08 08:00:00,41.0,10.4,39.0,16.7
2024-08-08 09:00:00,59.0,0.0,59.0,16.8
2024-08-08 10:00:00,279.0,240.2,160.0,18.1
2024-08-08 11:00:00,508.0,556.9,161.0,19.5
2024-08-08 12:00:00,478.0,359.7,218.0,20.3
2024-08-08 13:00:00,476.0,269.0,264.0,20.8
2024-08-08 14:00:00,517.0,310.8,264.0,21.6
2024-08-08 15:00:00,520.0,316.6,267.0,22.5
2024-08-08 16:00:00,474.0,290.2,258.0,22.8
2024-08-08 17:00:00,398.0,301.6,201.0,22.8
2024-08-08 18:00:00,330.0,328.8,155.0,22.7
2024-08-08 19:00:00,244.0,349.2,108.0,22.4
2024-08-08 20:00:00,141.0,319.7,66.0,21.5
2024-08-08 21:00:00,38.0,184.2,21.0,19.8
2024-08-08 22:00:00,0.0,0.0,0.0,18.7
2024-08-08 23:00:00,0.0,0.0,0.0,18.2
2024-08-09 00:00:00,0.0,0.0,0.0,18.4
2024-08-09 01:00:00,0.0,0.0,0.0,19.0
2024-08-09 02:00:00,0.0,0.0,0.0,19.3
2024-08-09 03:00:00,0.0,0.0,0.0,19.1
2024-08-09 04:00:00,0.0,0.0,0.0,18.9
2024-08-09 05:00:00,0.0,0.0,0.0,18.8
2024-08-09 06:00:00,0.0,0.0,0.0,18.6
2024-08-09 07:00:00,11.0,14.3,10.0,18.7
2024-08-09 08:00:00,45.0,0.0,45.0,19.5
2024-08-09 09:00:00,75.0,0.0,75.0,20.3
2024-08-09 10:00:00,229.0,154.4,153.0,21.8
2024-08-09 11:00:00,357.0,179.0,246.0,23.4
2024-08-09 12:00:00,391.0,195.8,250.0,24.1
2024-08-09 13:00:00,411.0,136.3,304.0,24.4
2024-08-09 14:00:00,333.0,120.8,235.0,23.8
2024-08-09 15:00:00,450.0,250.0,251.0,24.0
2024-08-09 16:00:00,76.0,0.0,76.0,21.5
2024-08-09 17:00:00,436.0,461.7,136.0,23.5
2024-08-09 18:00:00,396.0,508.9,127.0,23.8
2024-08-09 19:00:00,284.0,521.4,83.0,23.6
2024-08-09 20:00:00,141.0,299.5,72.0,22.5
2024-08-09 21:00:00,34.0,121.9,23.0,20.1
2024-08-09 22:00:00,0.0,0.0,0.0,19.2
2024-08-09 23:00:00,0.0,0.0,0.0,18.1
2024-08-10 00:00:00,0.0,0.0,0.0,16.4
2024-08-10 01:00:00,0.0,0.0,0.0,16.1
2024-08-10 02:00:00,0.0,0.0,0.0,16.4
2024-08-10 03:00:00,0.0,0.0,0.0,16.3
2024-08-10 04:00:00,0.0,0.0,0.0,15.6
2024-08-10 05:00:00,0.0,0.0,0.0,14.9
2024-08-10 06:00:00,0.0,0.0,0.0,14.3
2024-08-10 07:00:00,17.0,87.7,11.0,14.6
2024-08-10 08:00:00,117.0,366.1,49.0,15.8
2024-08-10 09:00:00,262.0,546.7,75.0,17.2
2024-08-10 10:00:00,402.0,609.1,104.0,18.9
2024-08-10 11:00:00,542.0,688.7,117.0,20.3
2024-08-10 12:00:00,674.0,794.9,104.0,21.9
2024-08-10 13:00:00,757.0,847.6,94.0,23.1
2024-08-10 14:00:00,778.0,834.1,104.0,23.9
2024-08-10 15:00:00,761.0,829.9,103.0,24.5
2024-08-10 16:00:00,699.0,814.7,98.0,24.9
2024-08-10 17:00:00,594.0,775.2,93.0,25.1
2024-08-10 18:00:00,457.0,707.0,86.0,24.9
2024-08-10 19:00:00,288.0,529.6,86.0,24.3
2024-08-10 20:00:00,144.0,371.5,60.0,23.0
2024-08-10 21:00:00,27.0,102.1,18.0,21.5
2024-08-10 22:00:00,0.0,0.0,0.0,20.8
2024-08-10 23:00:00,0.0,0.0,0.0,19.2
2024-08-11 00:00:00,0.0,0.0,0.0,18.3
2024-08-11 01:00:00,0.0,0.0,0.0,19.0
2024-08-11 02:00:00,0.0,0.0,0.0,17.9
2024-08-11 03:00:00,0.0,0.0,0.0,17.4
2024-08-11 04:00:00,0.0,0.0,0.0,16.3
2024-08-11 05:00:00,0.0,0.0,0.0,15.8
2024-08-11 06:00:00,0.0,0.0,0.0,16.0
2024-08-11 07:00:00,15.0,75.0,10.0,16.9
2024-08-11 08:00:00,115.0,378.7,46.0,18.2
2024-08-11 09:00:00,260.0,563.8,69.0,20.1
2024-08-11 10:00:00,414.0,676.8,85.0,21.8
2024-08-11 11:00:00,555.0,750.7,94.0,23.0
2024-08-11 12:00:00,654.0,750.6,118.0,24.1
2024-08-11 13:00:00,733.0,794.4,114.0,25.0
2024-08-11 14:00:00,774.0,831.0,105.0,25.8
2024-08-11 15:00:00,756.0,823.1,106.0,26.8
2024-08-11 16:00:00,678.0,765.3,116.0,27.2
2024-08-11 17:00:00,577.0,734.5,105.0,27.3
2024-08-11 18:00:00,456.0,708.4,87.0,27.0
2024-08-11 19:00:00,303.0,606.9,74.0,26.3
2024-08-11 20:00:00,152.0,451.0,52.0,24.7
2024-08-11 21:00:00,33.0,186.1,17.0,22.9
2024-08-11 22:00:00,0.0,0.0,0.0,21.9
2024-08-11 23:00:00,0.0,0.0,0.0,21.4
2024-08-12 00:00:00,0.0,0.0,0.0,20.9
2024-08-12 01:00:00,0.0,0.0,0.0,20.4
2024-08-12 02:00:00,0.0,0.0,0.0,19.5
2024-08-12 03:00:00,0.0,0.0,0.0,18.3
2024-08-12 04:00:00,0.0,0.0,0.0,17.7
2024-08-12 05:00:00,0.0,0.0,0.0,17.3
2024-08-12 06:00:00,0.0,0.0,0.0,17.2
2024-08-12 07:00:00,15.0,77.1,10.0,18.1
2024-08-12 08:00:00,112.0,363.9,47.0,20.5
2024-08-12 09:00:00,262.0,587.3,65.0,22.8
2024-08-12 10:00:00,405.0,635.8,98.0,24.8
2024-08-12 11:00:00,538.0,687.4,118.0,26.5
2024-08-12 12:00:00,636.0,677.9,154.0,27.9
2024-08-12 13:00:00,706.0,695.7,166.0,29.2
2024-08-12 14:00:00,731.0,699.6,170.0,30.3
2024-08-12 15:00:00,722.0,710.8,163.0,31.4
2024-08-12 16:00:00,650.0,652.7,173.0,31.8
2024-08-12 17:00:00,426.0,322.4,220.0,31.7
2024-08-12 18:00:00,419.0,584.2,117.0,32.2
2024-08-12 19:00:00,299.0,619.1,68.0,31.7
2024-08-12 20:00:00,124.0,317.5,55.0,29.1
2024-08-12 21:00:00,29.0,167.1,15.0,27.2
2024-08-12 22:00:00,0.0,0.0,0.0,26.3
2024-08-12 23:00:00,0.0,0.0,0.0,24.8
2024-08-13 00:00:00,0.0,0.0,0.0,23.9
2024-08-13 01:00:00,0.0,0.0,0.0,23.3
2024-08-13 02:00:00,0.0,0.0,0.0,23.0
2024-08-13 03:00:00,0.0,0.0,0.0,23.7
2024-08-13 04:00:00,0.0,0.0,0.0,22.9
2024-08-13 05:00:00,0.0,0.0,0.0,22.2
2024-08-13 06:00:00,0.0,0.0,0.0,22.3
2024-08-13 07:00:00,13.0,79.2,8.0,22.4
2024-08-13 08:00:00,111.0,394.2,42.0,23.7
2024-08-13 09:00:00,257.0,581.3,64.0,25.4
2024-08-13 10:00:00,408.0,683.8,80.0,27.2
2024-08-13 11:00:00,539.0,715.6,104.0,28.7
2024-08-13 12:00:00,649.0,751.4,117.0,29.8
2024-08-13 13:00:00,723.0,792.9,110.0,30.8
2024-08-13 14:00:00,762.0,826.4,102.0,31.7
2024-08-13 15:00:00,667.0,559.3,229.0,31.4
2024-08-13 16:00:00,563.0,508.7,193.0,27.5
2024-08-13 17:00:00,305.0,212.5,170.0,27.0
2024-08-13 18:00:00,418.0,627.8,96.0,29.4
2024-08-13 19:00:00,258.0,444.6,94.0,29.5
2024-08-13 20:00:00,117.0,282.0,57.0,28.0
2024-08-13 21:00:00,27.0,134.9,16.0,25.1
2024-08-13 22:00:00,0.0,0.0,0.0,24.3
2024-08-13 23:00:00,0.0,0.0,0.0,23.3
2024-08-14 00:00:00,0.0,0.0,0.0,24.3
2024-08-14 01:00:00,0.0,0.0,0.0,22.4
2024-08-14 02:00:00,0.0,0.0,0.0,22.0
2024-08-14 03:00:00,0.0,0.0,0.0,22.0
2024-08-14 04:00:00,0.0,0.0,0.0,21.7
2024-08-14 05:00:00,0.0,0.0,0.0,20.9
2024-08-14 06:00:00,0.0,0.0,0.0,20.1
2024-08-14 07:00:00,11.0,32.6,9.0,20.1
2024-08-14 08:00:00,73.0,52.5,64.0,20.9
2024-08-14 09:00:00,136.0,42.6,122.0,21.8
2024-08-14 10:00:00,388.0,606.6,99.0,23.6
2024-08-14 11:00:00,523.0,666.4,120.0,24.8
2024-08-14 12:00:00,468.0,367.4,209.0,25.5
2024-08-14 13:00:00,649.0,554.6,222.0,26.6
2024-08-14 14:00:00,370.0,71.7,313.0,26.4
2024-08-14 15:00:00,203.0,28.2,181.0,23.5
2024-08-14 16:00:00,285.0,163.0,167.0,23.0
2024-08-14 17:00:00,163.0,7.9,158.0,21.7
2024-08-14 18:00:00,53.0,0.0,53.0,20.7
2024-08-14 19:00:00,43.0,0.0,43.0,20.2
2024-08-14 20:00:00,34.0,0.0,34.0,19.7
2024-08-14 21:00:00,9.0,0.0,9.0,19.4
2024-08-14 22:00:00,0.0,0.0,0.0,19.4
2024-08-14 23:00:00,0.0,0.0,0.0,19.4
2024-08-15 00:00:00,0.0,0.0,0.0,18.9
2024-08-15 01:00:00,0.0,0.0,0.0,18.5
2024-08-15 02:00:00,0.0,0.0,0.0,18.1
2024-08-15 03:00:00,0.0,0.0,0.0,17.5
2024-08-15 04:00:00,0.0,0.0,0.0,16.7
2024-08-15 05:00:00,0.0,0.0,0.0,16.2
2024-08-15 06:00:00,0.0,0.0,0.0,15.5
2024-08-15 07:00:00,11.0,50.4,8.0,16.1
2024-08-15 08:00:00,97.0,327.8,42.0,17.2
2024-08-15 09:00:00,214.0,421.3,77.0,18.1
2024-08-15 10:00:00,309.0,314.9,160.0,19.3
2024-08-15 11:00:00,492.0,553.6,159.0,20.8
2024-08-15 12:00:00,641.0,722.5,134.0,22.0
2024-08-15 13:00:00,737.0,823.0,106.0,23.5
2024-08-15 14:00:00,775.0,855.9,97.0,25.0
2024-08-15 15:00:00,647.0,574.6,201.0,25.6
2024-08-15 16:00:00,455.0,333.3,215.0,26.0
2024-08-15 17:00:00,355.0,215.2,220.0,26.1
2024-08-15 18:00:00,352.0,350.7,175.0,26.4
2024-08-15 19:00:00,255.0,374.9,120.0,25.7
2024-08-15 20:00:00,104.0,103.2,83.0,24.1
2024-08-15 21:00:00,19.0,26.0,17.0,22.7
2024-08-15 22:00:00,0.0,0.0,0.0,21.9
2024-08-15 23:00:00,0.0,0.0,0.0,20.1
2024-08-16 00:00:00,0.0,0.0,0.0,20.0
2024-08-16 01:00:00,0.0,0.0,0.0,19.6
2024-08-16 02:00:00,0.0,0.0,0.0,18.7
2024-08-16 03:00:00,0.0,0.0,0.0,17.9
2024-08-16 04:00:00,0.0,0.0,0.0,17.3
2024-08-16 05:00:00,0.0,0.0,0.0,17.0
2024-08-16 06:00:00,0.0,0.0,0.0,17.1
2024-08-16 07:00:00,8.0,17.3,7.0,17.9
2024-08-16 08:00:00,73.0,115.8,54.0,18.7
2024-08-16 09:00:00,174.0,214.5,105.0,20.2
2024-08-16 10:00:00,341.0,432.1,138.0,22.1
2024-08-16 11:00:00,327.0,213.9,199.0,22.9
2024-08-16 12:00:00,428.0,286.3,228.0,23.7
2024-08-16 13:00:00,277.0,179.4,140.0,23.1
2024-08-16 14:00:00,274.0,46.9,237.0,23.1
2024-08-16 15:00:00,190.0,0.0,190.0,23.3
2024-08-16 16:00:00,219.0,36.3,193.0,22.6
2024-08-16 17:00:00,326.0,226.1,185.0,22.5
2024-08-16 18:00:00,240.0,229.8,125.0,22.1
2024-08-16 19:00:00,261.0,469.6,94.0,22.6
2024-08-16 20:00:00,67.0,95.5,48.0,22.0
2024-08-16 21:00:00,8.0,13.4,7.0,21.3
2024-08-16 22:00:00,0.0,0.0,0.0,20.7
2024-08-16 23:00:00,0.0,0.0,0.0,20.1
2024-08-17 00:00:00,0.0,0.0,0.0,20.0
2024-08-17 01:00:00,0.0,0.0,0.0,19.9
2024-08-17 02:00:00,0.0,0.0,0.0,19.7
2024-08-17 03:00:00,0.0,0.0,0.0,19.5
2024-08-17 04:00:00,0.0,0.0,0.0,19.5
2024-08-17 05:00:00,0.0,0.0,0.0,19.4
2024-08-17 06:00:00,0.0,0.0,0.0,19.2
2024-08-17 07:00:00,2.0,0.0,2.0,19.3
2024-08-17 08:00:00,41.0,56.1,32.0,19.6
2024-08-17 09:00:00,162.0,242.0,85.0,20.1
2024-08-17 10:00:00,289.0,345.2,128.0,20.7
2024-08-17 11:00:00,365.0,357.9,152.0,21.3
2024-08-17 12:00:00,574.0,589.7,164.0,22.4
2024-08-17 13:00:00,616.0,581.4,174.0,22.9
2024-08-17 14:00:00,702.0,733.4,126.0,23.7
2024-08-17 15:00:00,701.0,732.0,138.0,23.8
2024-08-17 16:00:00,545.0,522.1,173.0,24.1
2024-08-17 17:00:00,422.0,395.5,177.0,24.0
2024-08-17 18:00:00,319.0,346.7,147.0,23.7
2024-08-17 19:00:00,234.0,350.3,111.0,23.4
2024-08-17 20:00:00,102.0,159.7,71.0,22.0
2024-08-17 21:00:00,10.0,0.0,10.0,20.8
2024-08-17 22:00:00,0.0,0.0,0.0,19.7
2024-08-17 23:00:00,0.0,0.0,0.0,19.4
2024-08-18 00:00:00,0.0,0.0,0.0,19.0
2024-08-18 01:00:00,0.0,0.0,0.0,18.9
2024-08-18 02:00:00,0.0,0.0,0.0,18.9
2024-08-18 03:00:00,0.0,0.0,0.0,18.8
2024-08-18 04:00:00,0.0,0.0,0.0,18.5
2024-08-18 05:00:00,0.0,0.0,0.0,18.3
2024-08-18 06:00:00,0.0,0.0,0.0,18.1
2024-08-18 07:00:00,2.0,0.0,2.0,18.0
2024-08-18 08:00:00,10.0,0.0,10.0,18.1
2024-08-18 09:00:00,148.0,171.6,94.0,18.8
2024-08-18 10:00:00,205.0,54.0,180.0,19.3
2024-08-18 11:00:00,273.0,82.8,224.0,20.0
2024-08-18 12:00:00,324.0,124.3,238.0,20.4
2024-08-18 13:00:00,503.0,223.3,334.0,21.3
2024-08-18 14:00:00,577.0,327.4,321.0,22.2
2024-08-18 15:00:00,483.0,283.5,266.0,21.9
2024-08-18 16:00:00,546.0,403.5,260.0,22.7
2024-08-18 17:00:00,403.0,290.9,224.0,22.6
2024-08-18 18:00:00,245.0,120.0,186.0,22.2
2024-08-18 19:00:00,218.0,242.4,134.0,22.0
2024-08-18 20:00:00,107.0,211.3,67.0,20.6
2024-08-18 21:00:00,16.0,28.6,14.0,19.6
2024-08-18 22:00:00,0.0,0.0,0.0,18.8
2024-08-18 23:00:00,0.0,0.0,0.0,17.7
2024-08-19 00:00:00,0.0,0.0,0.0,17.0
2024-08-19 01:00:00,0.0,0.0,0.0,16.2
2024-08-19 02:00:00,0.0,0.0,0.0,16.0
2024-08-19 03:00:00,0.0,0.0,0.0,15.6
2024-08-19 04:00:00,0.0,0.0,0.0,15.7
2024-08-19 05:00:00,0.0,0.0,0.0,15.6
2024-08-19 06:00:00,0.0,0.0,0.0,14.7
2024-08-19 07:00:00,7.0,38.2,5.0,13.5
2024-08-19 08:00:00,97.0,379.1,39.0,14.9
2024-08-19 09:00:00,245.0,584.9,63.0,16.3
2024-08-19 10:00:00,402.0,702.7,79.0,17.8
2024-08-19 11:00:00,543.0,768.1,91.0,19.1
2024-08-19 12:00:00,587.0,641.8,145.0,20.1
2024-08-19 13:00:00,597.0,483.1,233.0,20.7
2024-08-19 14:00:00,591.0,430.4,256.0,21.4
2024-08-19 15:00:00,538.0,330.8,286.0,21.8
2024-08-19 16:00:00,473.0,271.0,282.0,22.0
2024-08-19 17:00:00,386.0,242.1,238.0,21.9
2024-08-19 18:00:00,336.0,346.7,167.0,21.8
2024-08-19 19:00:00,228.0,333.5,114.0,21.8
2024-08-19 20:00:00,120.0,390.4,48.0,20.5
2024-08-19 21:00:00,17.0,103.7,10.0,18.0
2024-08-19 22:00:00,0.0,0.0,0.0,17.0
2024-08-19 23:00:00,0.0,0.0,0.0,16.3
2024-08-20 00:00:00,0.0,0.0,0.0,16.0
2024-08-20 01:00:00,0.0,0.0,0.0,16.4
2024-08-20 02:00:00,0.0,0.0,0.0,16.2
2024-08-20 03:00:00,0.0,0.0,0.0,16.0
2024-08-20 04:00:00,0.0,0.0,0.0,15.5
2024-08-20 05:00:00,0.0,0.0,0.0,15.3
2024-08-20 06:00:00,0.0,0.0,0.0,15.2
2024-08-20 07:00:00,6.0,19.1,5.0,15.2
2024-08-20 08:00:00,69.0,147.4,47.0,16.4
2024-08-20 09:00:00,228.0,494.1,76.0,17.9
2024-08-20 10:00:00,380.0,613.7,100.0,19.6
2024-08-20 11:00:00,535.0,743.5,100.0,21.3
2024-08-20 12:00:00,638.0,745.7,127.0,22.9
2024-08-20 13:00:00,570.0,530.6,172.0,24.0
2024-08-20 14:00:00,595.0,437.5,256.0,25.2
2024-08-20 15:00:00,392.0,147.7,280.0,25.1
2024-08-20 16:00:00,390.0,191.2,256.0,25.7
2024-08-20 17:00:00,477.0,555.2,140.0,26.0
2024-08-20 18:00:00,362.0,494.8,123.0,25.4
2024-08-20 19:00:00,241.0,456.8,87.0,23.6
2024-08-20 20:00:00,102.0,312.0,46.0,22.2
2024-08-20 21:00:00,14.0,76.8,9.0,21.3
2024-08-20 22:00:00,0.0,0.0,0.0,20.4
2024-08-20 23:00:00,0.0,0.0,0.0,19.3
2024-08-21 00:00:00,0.0,0.0,0.0,18.4
2024-08-21 01:00:00,0.0,0.0,0.0,17.7
2024-08-21 02:00:00,0.0,0.0,0.0,17.2
2024-08-21 03:00:00,0.0,0.0,0.0,16.7
2024-08-21 04:00:00,0.0,0.0,0.0,16.4
2024-08-21 05:00:00,0.0,0.0,0.0,15.4
2024-08-21 06:00:00,0.0,0.0,0.0,14.7
2024-08-21 07:00:00,6.0,19.1,5.0,14.2
2024-08-21 08:00:00,84.0,288.6,42.0,14.7
2024-08-21 09:00:00,237.0,549.3,70.0,15.8
2024-08-21 10:00:00,396.0,691.3,83.0,16.8
2024-08-21 11:00:00,474.0,630.9,107.0,17.4
2024-08-21 12:00:00,537.0,454.6,227.0,18.3
2024-08-21 13:00:00,592.0,543.8,186.0,18.9
2024-08-21 14:00:00,511.0,330.6,256.0,19.2
2024-08-21 15:00:00,292.0,66.3,242.0,18.3
2024-08-21 16:00:00,467.0,387.5,197.0,19.2
2024-08-21 17:00:00,483.0,552.5,150.0,19.4
2024-08-21 18:00:00,315.0,353.2,146.0,18.9
2024-08-21 19:00:00,203.0,276.8,111.0,18.4
2024-08-21 20:00:00,64.0,68.8,52.0,17.5
2024-08-21 21:00:00,7.0,0.0,7.0,17.4
2024-08-21 22:00:00,0.0,0.0,0.0,16.1
2024-08-21 23:00:00,0.0,0.0,0.0,14.4
2024-08-22 00:00:00,0.0,0.0,0.0,14.1
2024-08-22 01:00:00,0.0,0.0,0.0,13.9
2024-08-22 02:00:00,0.0,0.0,0.0,13.4
2024-08-22 03:00:00,0.0,0.0,0.0,13.0
2024-08-22 04:00:00,0.0,0.0,0.0,12.6
2024-08-22 05:00:00,0.0,0.0,0.0,12.6
2024-08-22 06:00:00,0.0,0.0,0.0,12.7
2024-08-22 07:00:00,4.0,0.0,4.0,12.7
2024-08-22 08:00:00,81.0,254.0,45.0,13.8
2024-08-22 09:00:00,215.0,439.4,83.0,15.6
2024-08-22 10:00:00,349.0,476.3,135.0,17.8
2024-08-22 11:00:00,526.0,748.8,93.0,19.8
2024-08-22 12:00:00,640.0,791.5,103.0,20.9
2024-08-22 13:00:00,695.0,737.5,147.0,21.7
2024-08-22 14:00:00,738.0,809.0,117.0,22.4
2024-08-22 15:00:00,717.0,792.9,122.0,23.2
2024-08-22 16:00:00,661.0,820.0,93.0,23.6
2024-08-22 17:00:00,548.0,755.4,96.0,23.8
2024-08-22 18:00:00,396.0,629.0,98.0,23.5
2024-08-22 19:00:00,262.0,613.8,61.0,22.7
2024-08-22 20:00:00,109.0,395.7,42.0,21.1
2024-08-22 21:00:00,11.0,33.3,9.0,19.1
2024-08-22 22:00:00,0.0,0.0,0.0,18.3
2024-08-22 23:00:00,0.0,0.0,0.0,18.3
2024-08-23 00:00:00,0.0,0.0,0.0,17.7
2024-08-23 01:00:00,0.0,0.0,0.0,16.8
2024-08-23 02:00:00,0.0,0.0,0.0,16.6
2024-08-23 03:00:00,0.0,0.0,0.0,16.8
2024-08-23 04:00:00,0.0,0.0,0.0,16.6
2024-08-23 05:00:00,0.0,0.0,0.0,16.8
2024-08-23 06:00:00,0.0,0.0,0.0,16.3
2024-08-23 07:00:00,4.0,0.0,4.0,16.4
2024-08-23 08:00:00,80.0,282.8,41.0,17.3
2024-08-23 09:00:00,209.0,465.1,71.0,19.1
2024-08-23 10:00:00,294.0,367.9,130.0,20.9
2024-08-23 11:00:00,493.0,647.3,121.0,22.1
2024-08-23 12:00:00,535.0,543.8,168.0,22.9
2024-08-23 13:00:00,651.0,687.1,143.0,23.5
2024-08-23 14:00:00,446.0,201.6,292.0,23.6
2024-08-23 15:00:00,415.0,243.8,233.0,23.4
2024-08-23 16:00:00,164.0,0.0,164.0,22.4
2024-08-23 17:00:00,165.0,18.5,154.0,22.1
2024-08-23 18:00:00,81.0,0.0,81.0,21.6
2024-08-23 19:00:00,116.0,55.8,98.0,21.7
2024-08-23 20:00:00,67.0,115.8,48.0,21.4
2024-08-23 21:00:00,7.0,34.8,5.0,20.2
2024-08-23 22:00:00,0.0,0.0,0.0,19.3
2024-08-23 23:00:00,0.0,0.0,0.0,19.2
2024-08-24 00:00:00,0.0,0.0,0.0,18.9
2024-08-24 01:00:00,0.0,0.0,0.0,19.0
2024-08-24 02:00:00,0.0,0.0,0.0,19.3
2024-08-24 03:00:00,0.0,0.0,0.0,18.9
2024-08-24 04:00:00,0.0,0.0,0.0,19.0
2024-08-24 05:00:00,0.0,0.0,0.0,19.0
2024-08-24 06:00:00,0.0,0.0,0.0,19.2
2024-08-24 07:00:00,3.0,19.1,2.0,18.9
2024-08-24 08:00:00,72.0,261.1,37.0,19.8
2024-08-24 09:00:00,210.0,470.9,72.0,20.8
2024-08-24 10:00:00,359.0,601.6,93.0,22.1
2024-08-24 11:00:00,510.0,731.8,92.0,23.9
2024-08-24 12:00:00,632.0,807.4,90.0,25.6
2024-08-24 13:00:00,671.0,736.7,129.0,27.0
2024-08-24 14:00:00,718.0,798.7,111.0,28.1
2024-08-24 15:00:00,697.0,793.4,108.0,29.0
2024-08-24 16:00:00,592.0,691.3,119.0,29.4
2024-08-24 17:00:00,524.0,733.1,92.0,29.5
2024-08-24 18:00:00,370.0,605.4,89.0,27.3
2024-08-24 19:00:00,212.0,447.4,70.0,26.6
2024-08-24 20:00:00,61.0,157.4,36.0,23.6
2024-08-24 21:00:00,5.0,18.2,4.0,21.2
2024-08-24 22:00:00,0.0,0.0,0.0,20.6
2024-08-24 23:00:00,0.0,0.0,0.0,20.0
2024-08-25 00:00:00,0.0,0.0,0.0,19.6
2024-08-25 01:00:00,0.0,0.0,0.0,18.4
2024-08-25 02:00:00,0.0,0.0,0.0,17.3
2024-08-25 03:00:00,0.0,0.0,0.0,15.6
2024-08-25 04:00:00,0.0,0.0,0.0,15.0
2024-08-25 05:00:00,0.0,0.0,0.0,14.6
2024-08-25 06:00:00,0.0,0.0,0.0,14.0
2024-08-25 07:00:00,3.0,0.0,3.0,13.7
2024-08-25 08:00:00,74.0,284.3,37.0,14.2
2024-08-25 09:00:00,199.0,418.2,78.0,15.2
2024-08-25 10:00:00,374.0,633.9,96.0,16.3
2024-08-25 11:00:00,475.0,625.5,120.0,17.2
2024-08-25 12:00:00,596.0,711.4,121.0,18.2
2024-08-25 13:00:00,720.0,847.0,100.0,19.1
2024-08-25 14:00:00,754.0,863.7,101.0,20.0
2024-08-25 15:00:00,696.0,774.8,124.0,20.2
2024-08-25 16:00:00,474.0,410.4,195.0,19.9
2024-08-25 17:00:00,365.0,283.9,199.0,19.6
2024-08-25 18:00:00,273.0,259.1,154.0,19.2
2024-08-25 19:00:00,191.0,320.3,91.0,18.7
2024-08-25 20:00:00,71.0,195.6,41.0,17.8
2024-08-25 21:00:00,6.0,38.2,4.0,16.0
2024-08-25 22:00:00,0.0,0.0,0.0,15.8
2024-08-25 23:00:00,0.0,0.0,0.0,15.1
2024-08-26 00:00:00,0.0,0.0,0.0,14.5
2024-08-26 01:00:00,0.0,0.0,0.0,13.8
2024-08-26 02:00:00,0.0,0.0,0.0,12.4
2024-08-26 03:00:00,0.0,0.0,0.0,11.7
2024-08-26 04:00:00,0.0,0.0,0.0,11.6
2024-08-26 05:00:00,0.0,0.0,0.0,11.5
2024-08-26 06:00:00,0.0,0.0,0.0,11.6
2024-08-26 07:00:00,2.0,0.0,2.0,11.7
2024-08-26 08:00:00,58.0,95.1,46.0,12.9
2024-08-26 09:00:00,193.0,360.7,90.0,14.7
2024-08-26 10:00:00,374.0,676.1,80.0,16.6
2024-08-26 11:00:00,514.0,750.1,91.0,18.3
2024-08-26 12:00:00,618.0,768.1,108.0,19.8
2024-08-26 13:00:00,510.0,374.9,237.0,20.2
2024-08-26 14:00:00,393.0,142.3,286.0,20.4
2024-08-26 15:00:00,441.0,256.1,253.0,21.0
2024-08-26 16:00:00,321.0,124.4,237.0,20.8
2024-08-26 17:00:00,466.0,532.9,157.0,21.4
2024-08-26 18:00:00,275.0,295.0,141.0,21.0
2024-08-26 19:00:00,196.0,361.7,85.0,20.4
2024-08-26 20:00:00,84.0,304.2,39.0,19.2
2024-08-26 21:00:00,6.0,38.2,4.0,19.1
2024-08-26 22:00:00,0.0,0.0,0.0,18.2
2024-08-26 23:00:00,0.0,0.0,0.0,17.5
2024-08-27 00:00:00,0.0,0.0,0.0,15.1
2024-08-27 01:00:00,0.0,0.0,0.0,14.4
2024-08-27 02:00:00,0.0,0.0,0.0,13.4
2024-08-27 03:00:00,0.0,0.0,0.0,13.3
2024-08-27 04:00:00,0.0,0.0,0.0,13.0
2024-08-27 05:00:00,0.0,0.0,0.0,12.6
2024-08-27 06:00:00,0.0,0.0,0.0,12.4
2024-08-27 07:00:00,2.0,0.0,2.0,12.7
2024-08-27 08:00:00,74.0,335.3,33.0,14.4
2024-08-27 09:00:00,218.0,557.2,61.0,16.4
2024-08-27 10:00:00,376.0,698.1,75.0,18.4
2024-08-27 11:00:00,520.0,776.4,85.0,20.3
2024-08-27 12:00:00,634.0,822.4,91.0,21.9
2024-08-27 13:00:00,710.0,849.1,95.0,23.1
2024-08-27 14:00:00,738.0,857.0,97.0,23.9
2024-08-27 15:00:00,716.0,846.9,98.0,24.3
2024-08-27 16:00:00,647.0,827.4,92.0,24.6
2024-08-27 17:00:00,538.0,789.5,84.0,24.7
2024-08-27 18:00:00,398.0,719.1,75.0,24.5
2024-08-27 19:00:00,241.0,600.2,60.0,23.7
2024-08-27 20:00:00,91.0,386.2,36.0,21.5
2024-08-27 21:00:00,5.0,38.2,3.0,18.9
2024-08-27 22:00:00,0.0,0.0,0.0,18.1
2024-08-27 23:00:00,0.0,0.0,0.0,18.0
2024-08-28 00:00:00,0.0,0.0,0.0,17.8
2024-08-28 01:00:00,0.0,0.0,0.0,16.2
2024-08-28 02:00:00,0.0,0.0,0.0,15.5
2024-08-28 03:00:00,0.0,0.0,0.0,16.1
2024-08-28 04:00:00,0.0,0.0,0.0,16.5
2024-08-28 05:00:00,0.0,0.0,0.0,16.3
2024-08-28 06:00:00,0.0,0.0,0.0,16.2
2024-08-28 07:00:00,2.0,0.0,2.0,16.5
2024-08-28 08:00:00,70.0,329.6,31.0,17.8
2024-08-28 09:00:00,212.0,554.1,58.0,19.8
2024-08-28 10:00:00,368.0,687.9,74.0,21.8
2024-08-28 11:00:00,511.0,767.3,84.0,23.5
2024-08-28 12:00:00,624.0,813.5,90.0,25.1
2024-08-28 13:00:00,698.0,838.5,94.0,26.2
2024-08-28 14:00:00,724.0,845.6,95.0,26.9
2024-08-28 15:00:00,705.0,845.0,92.0,27.8
2024-08-28 16:00:00,636.0,819.6,90.0,28.4
2024-08-28 17:00:00,526.0,771.7,86.0,28.8
2024-08-28 18:00:00,388.0,707.2,74.0,28.5
2024-08-28 19:00:00,233.0,587.5,59.0,27.0
2024-08-28 20:00:00,85.0,372.8,34.0,24.2
2024-08-28 21:00:00,4.0,19.1,3.0,22.9
2024-08-28 22:00:00,0.0,0.0,0.0,22.1
2024-08-28 23:00:00,0.0,0.0,0.0,21.8
2024-08-29 00:00:00,0.0,0.0,0.0,20.9
2024-08-29 01:00:00,0.0,0.0,0.0,19.9
2024-08-29 02:00:00,0.0,0.0,0.0,19.6
2024-08-29 03:00:00,0.0,0.0,0.0,19.5
2024-08-29 04:00:00,0.0,0.0,0.0,19.2
2024-08-29 05:00:00,0.0,0.0,0.0,18.8
2024-08-29 06:00:00,0.0,0.0,0.0,18.5
2024-08-29 07:00:00,1.0,0.0,1.0,18.4
2024-08-29 08:00:00,65.0,314.9,29.0,19.9
2024-08-29 09:00:00,203.0,529.0,58.0,21.9
2024-08-29 10:00:00,344.0,618.5,82.0,23.8
2024-08-29 11:00:00,480.0,691.1,98.0,25.4
2024-08-29 12:00:00,574.0,708.0,112.0,26.4
2024-08-29 13:00:00,650.0,735.7,123.0,27.2
2024-08-29 14:00:00,677.0,749.0,123.0,27.8
2024-08-29 15:00:00,687.0,815.5,99.0,28.0
2024-08-29 16:00:00,598.0,706.0,131.0,27.7
2024-08-29 17:00:00,475.0,644.0,111.0,27.2
2024-08-29 18:00:00,288.0,268.9,170.0,26.2
2024-08-29 19:00:00,141.0,68.8,121.0,25.1
2024-08-29 20:00:00,60.0,83.9,49.0,23.1
2024-08-29 21:00:00,3.0,0.0,3.0,21.8
2024-08-29 22:00:00,0.0,0.0,0.0,20.8
2024-08-29 23:00:00,0.0,0.0,0.0,19.8
2024-08-30 00:00:00,0.0,0.0,0.0,19.1
2024-08-30 01:00:00,0.0,0.0,0.0,18.7
2024-08-30 02:00:00,0.0,0.0,0.0,18.5
2024-08-30 03:00:00,0.0,0.0,0.0,18.5
2024-08-30 04:00:00,0.0,0.0,0.0,18.0
2024-08-30 05:00:00,0.0,0.0,0.0,17.7
2024-08-30 06:00:00,0.0,0.0,0.0,17.5
2024-08-30 07:00:00,0.0,0.0,0.0,17.4
2024-08-30 08:00:00,38.0,35.9,34.0,17.4
2024-08-30 09:00:00,117.0,99.9,90.0,18.0
2024-08-30 10:00:00,84.0,0.0,84.0,18.2
2024-08-30 11:00:00,367.0,373.5,162.0,19.8
2024-08-30 12:00:00,536.0,542.6,184.0,21.1
2024-08-30 13:00:00,580.0,485.7,234.0,22.3
2024-08-30 14:00:00,530.0,301.9,308.0,23.1
2024-08-30 15:00:00,301.0,68.4,252.0,21.0
2024-08-30 16:00:00,346.0,106.6,276.0,21.0
2024-08-30 17:00:00,248.0,41.1,225.0,20.4
2024-08-30 18:00:00,214.0,66.9,185.0,20.2
2024-08-30 19:00:00,141.0,105.2,111.0,19.9
2024-08-30 20:00:00,50.0,31.9,46.0,19.1
2024-08-30 21:00:00,2.0,0.0,2.0,18.2
2024-08-30 22:00:00,0.0,0.0,0.0,17.7
2024-08-30 23:00:00,0.0,0.0,0.0,17.6
2024-08-31 00:00:00,0.0,0.0,0.0,17.5
2024-08-31 01:00:00,0.0,0.0,0.0,17.4
2024-08-31 02:00:00,0.0,0.0,0.0,16.8
2024-08-31 03:00:00,0.0,0.0,0.0,16.6
2024-08-31 04:00:00,0.0,0.0,0.0,16.2
2024-08-31 05:00:00,0.0,0.0,0.0,15.8
2024-08-31 06:00:00,0.0,0.0,0.0,15.6
2024-08-31 07:00:00,0.0,0.0,0.0,15.3
2024-08-31 08:00:00,37.0,27.4,34.0,15.7
2024-08-31 09:00:00,142.0,172.7,96.0,16.8
2024-08-31 10:00:00,311.0,466.4,117.0,18.2
2024-08-31 11:00:00,471.0,664.2,109.0,20.1
2024-08-31 12:00:00,584.0,732.1,112.0,21.8
2024-08-31 13:00:00,663.0,793.5,101.0,23.1
2024-08-31 14:00:00,689.0,805.6,100.0,24.2
2024-08-31 15:00:00,489.0,309.0,269.0,25.4
2024-08-31 16:00:00,432.0,326.7,219.0,25.8
2024-08-31 17:00:00,488.0,720.6,88.0,25.7
2024-08-31 18:00:00,354.0,644.6,78.0,24.5
2024-08-31 19:00:00,205.0,515.0,61.0,23.3
2024-08-31 20:00:00,68.0,300.8,32.0,22.5
2024-08-31 21:00:00,2.0,0.0,2.0,22.0
2024-08-31 22:00:00,0.0,0.0,0.0,21.3
2024-08-31 23:00:00,0.0,0.0,0.0,20.4
2024-09-01 00:00:00,0.0,0.0,0.0,19.6
2024-09-01 01:00:00,0.0,0.0,0.0,19.2
2024-09-01 02:00:00,0.0,0.0,0.0,18.7
2024-09-01 03:00:00,0.0,0.0,0.0,17.4
2024-09-01 04:00:00,0.0,0.0,0.0,17.3
2024-09-01 05:00:00,0.0,0.0,0.0,17.3
2024-09-01 06:00:00,0.0,0.0,0.0,17.5
2024-09-01 07:00:00,0.0,0.0,0.0,18.0
2024-09-01 08:00:00,57.0,269.4,28.0,19.6
2024-09-01 09:00:00,193.0,518.3,57.0,21.6
2024-09-01 10:00:00,345.0,662.5,72.0,23.5
2024-09-01 11:00:00,465.0,694.8,89.0,25.0
2024-09-01 12:00:00,591.0,772.5,96.0,26.9
2024-09-01 13:00:00,666.0,813.8,93.0,28.4
2024-09-01 14:00:00,692.0,820.0,96.0,29.4
2024-09-01 15:00:00,671.0,819.9,91.0,30.3
2024-09-01 16:00:00,592.0,746.4,109.0,30.3
2024-09-01 17:00:00,385.0,507.3,106.0,29.4
2024-09-01 18:00:00,227.0,236.5,127.0,28.2
2024-09-01 19:00:00,147.0,149.6,106.0,27.1
2024-09-01 20:00:00,51.0,96.6,40.0,25.4
2024-09-01 21:00:00,1.0,0.0,1.0,24.6
2024-09-01 22:00:00,0.0,0.0,0.0,24.2
2024-09-01 23:00:00,0.0,0.0,0.0,23.6
2024-09-02 00:00:00,0.0,0.0,0.0,22.9
2024-09-02 01:00:00,0.0,0.0,0.0,22.3
2024-09-02 02:00:00,0.0,0.0,0.0,21.8
2024-09-02 03:00:00,0.0,0.0,0.0,21.5
2024-09-02 04:00:00,0.0,0.0,0.0,20.7
2024-09-02 05:00:00,0.0,0.0,0.0,19.6
2024-09-02 06:00:00,0.0,0.0,0.0,19.7
2024-09-02 07:00:00,0.0,0.0,0.0,18.9
2024-09-02 08:00:00,53.0,227.0,29.0,19.6
2024-09-02 09:00:00,182.0,460.5,63.0,21.3
2024-09-02 10:00:00,338.0,646.8,74.0,23.2
2024-09-02 11:00:00,477.0,727.8,86.0,24.6
2024-09-02 12:00:00,589.0,779.0,93.0,26.0
2024-09-02 13:00:00,665.0,803.0,103.0,26.2
2024-09-02 14:00:00,446.0,409.7,150.0,23.6
2024-09-02 15:00:00,571.0,589.1,157.0,27.5
2024-09-02 16:00:00,499.0,543.5,150.0,28.2
2024-09-02 17:00:00,365.0,442.4,124.0,23.7
2024-09-02 18:00:00,304.0,524.8,85.0,24.0
2024-09-02 19:00:00,196.0,495.7,63.0,23.7
2024-09-02 20:00:00,59.0,244.0,32.0,23.5
2024-09-02 21:00:00,1.0,0.0,1.0,22.8
2024-09-02 22:00:00,0.0,0.0,0.0,22.2
2024-09-02 23:00:00,0.0,0.0,0.0,20.6
2024-09-03 00:00:00,0.0,0.0,0.0,19.9
2024-09-03 01:00:00,0.0,0.0,0.0,19.2
2024-09-03 02:00:00,0.0,0.0,0.0,19.2
2024-09-03 03:00:00,0.0,0.0,0.0,19.1
2024-09-03 04:00:00,0.0,0.0,0.0,18.9
2024-09-03 05:00:00,0.0,0.0,0.0,18.7
2024-09-03 06:00:00,0.0,0.0,0.0,18.7
2024-09-03 07:00:00,0.0,0.0,0.0,18.7
2024-09-03 08:00:00,47.0,135.0,33.0,19.1
2024-09-03 09:00:00,164.0,326.2,81.0,20.2
2024-09-03 10:00:00,235.0,287.0,119.0,21.1
2024-09-03 11:00:00,387.0,466.9,138.0,22.5
2024-09-03 12:00:00,373.0,385.7,129.0,22.9
2024-09-03 13:00:00,336.0,250.1,162.0,21.7
2024-09-03 14:00:00,474.0,264.6,284.0,23.5
2024-09-03 15:00:00,538.0,563.0,145.0,24.1
2024-09-03 16:00:00,580.0,742.3,107.0,25.0
2024-09-03 17:00:00,447.0,606.0,120.0,25.2
2024-09-03 18:00:00,240.0,323.0,107.0,24.7
2024-09-03 19:00:00,129.0,201.8,76.0,23.6
2024-09-03 20:00:00,35.0,83.5,26.0,21.9
2024-09-03 21:00:00,1.0,0.0,1.0,20.6
2024-09-03 22:00:00,0.0,0.0,0.0,21.1
2024-09-03 23:00:00,0.0,0.0,0.0,19.9
2024-09-04 00:00:00,0.0,0.0,0.0,19.7
2024-09-04 01:00:00,0.0,0.0,0.0,19.0
2024-09-04 02:00:00,0.0,0.0,0.0,18.9
2024-09-04 03:00:00,0.0,0.0,0.0,18.2
2024-09-04 04:00:00,0.0,0.0,0.0,19.1
2024-09-04 05:00:00,0.0,0.0,0.0,18.9
2024-09-04 06:00:00,0.0,0.0,0.0,18.8
2024-09-04 07:00:00,0.0,0.0,0.0,18.6
2024-09-04 08:00:00,12.0,0.0,12.0,18.6
2024-09-04 09:00:00,47.0,0.0,47.0,18.6
2024-09-04 10:00:00,27.0,0.0,27.0,18.2
2024-09-04 11:00:00,46.0,0.0,46.0,18.0
2024-09-04 12:00:00,67.0,0.0,67.0,17.6
2024-09-04 13:00:00,123.0,0.0,123.0,17.7
2024-09-04 14:00:00,131.0,5.6,127.0,17.8
2024-09-04 15:00:00,325.0,90.9,262.0,19.1
2024-09-04 16:00:00,219.0,52.2,186.0,19.4
2024-09-04 17:00:00,78.0,0.0,78.0,19.1
2024-09-04 18:00:00,85.0,2.5,84.0,19.0
2024-09-04 19:00:00,40.0,0.0,40.0,18.6
2024-09-04 20:00:00,18.0,0.0,18.0,18.3
2024-09-04 21:00:00,0.0,0.0,0.0,17.3
2024-09-04 22:00:00,0.0,0.0,0.0,16.7
2024-09-04 23:00:00,0.0,0.0,0.0,16.7
2024-09-05 00:00:00,0.0,0.0,0.0,16.5
2024-09-05 01:00:00,0.0,0.0,0.0,16.6
2024-09-05 02:00:00,0.0,0.0,0.0,16.6
2024-09-05 03:00:00,0.0,0.0,0.0,17.8
2024-09-05 04:00:00,0.0,0.0,0.0,17.6
2024-09-05 05:00:00,0.0,0.0,0.0,16.9
2024-09-05 06:00:00,0.0,0.0,0.0,16.8
2024-09-05 07:00:00,0.0,0.0,0.0,16.8
2024-09-05 08:00:00,12.0,0.0,12.0,17.1
2024-09-05 09:00:00,55.0,4.1,54.0,18.0
2024-09-05 10:00:00,147.0,40.4,131.0,19.2
2024-09-05 11:00:00,302.0,260.8,165.0,21.2
2024-09-05 12:00:00,495.0,536.5,160.0,23.3
2024-09-05 13:00:00,646.0,796.1,99.0,25.5
2024-09-05 14:00:00,671.0,808.2,98.0,27.1
2024-09-05 15:00:00,655.0,827.9,85.0,27.2
2024-09-05 16:00:00,530.0,653.8,120.0,28.0
2024-09-05 17:00:00,355.0,465.0,109.0,28.8
2024-09-05 18:00:00,278.0,424.2,108.0,28.7
2024-09-05 19:00:00,160.0,362.4,69.0,27.2
2024-09-05 20:00:00,43.0,166.6,26.0,25.4
2024-09-05 21:00:00,0.0,0.0,0.0,25.3
2024-09-05 22:00:00,0.0,0.0,0.0,22.2
2024-09-05 23:00:00,0.0,0.0,0.0,20.5
2024-09-06 00:00:00,0.0,0.0,0.0,19.7
2024-09-06 01:00:00,0.0,0.0,0.0,20.1
2024-09-06 02:00:00,0.0,0.0,0.0,19.9
2024-09-06 03:00:00,0.0,0.0,0.0,21.2
2024-09-06 04:00:00,0.0,0.0,0.0,21.2
2024-09-06 05:00:00,0.0,0.0,0.0,18.2
2024-09-06 06:00:00,0.0,0.0,0.0,16.4
2024-09-06 07:00:00,0.0,0.0,0.0,17.1
2024-09-06 08:00:00,41.0,173.9,24.0,17.3
2024-09-06 09:00:00,139.0,268.2,74.0,18.6
2024-09-06 10:00:00,250.0,316.1,126.0,20.0
2024-09-06 11:00:00,381.0,427.9,158.0,21.2
2024-09-06 12:00:00,542.0,643.3,143.0,22.7
2024-09-06 13:00:00,560.0,512.7,210.0,23.7
2024-09-06 14:00:00,490.0,342.1,249.0,23.0
2024-09-06 15:00:00,389.0,228.2,233.0,24.2
2024-09-06 16:00:00,175.0,24.1,160.0,21.6
2024-09-06 17:00:00,280.0,238.7,155.0,22.1
2024-09-06 18:00:00,133.0,151.8,73.0,22.1
2024-09-06 19:00:00,132.0,277.1,64.0,21.3
2024-09-06 20:00:00,32.0,90.8,23.0,21.2
2024-09-06 21:00:00,0.0,0.0,0.0,18.8
2024-09-06 22:00:00,0.0,0.0,0.0,19.6
2024-09-06 23:00:00,0.0,0.0,0.0,19.2
2024-09-07 00:00:00,0.0,0.0,0.0,17.3
2024-09-07 01:00:00,0.0,0.0,0.0,16.4
2024-09-07 02:00:00,0.0,0.0,0.0,16.8
2024-09-07 03:00:00,0.0,0.0,0.0,15.9
2024-09-07 04:00:00,0.0,0.0,0.0,16.0
2024-09-07 05:00:00,0.0,0.0,0.0,15.3
2024-09-07 06:00:00,0.0,0.0,0.0,15.1
2024-09-07 07:00:00,0.0,0.0,0.0,14.6
2024-09-07 08:00:00,32.0,31.3,29.0,16.1
2024-09-07 09:00:00,103.0,37.8,94.0,17.5
2024-09-07 10:00:00,236.0,244.7,141.0,19.4
2024-09-07 11:00:00,403.0,468.0,161.0,21.7
2024-09-07 12:00:00,443.0,357.1,223.0,23.3
2024-09-07 13:00:00,628.0,750.4,119.0,25.1
2024-09-07 14:00:00,659.0,788.8,107.0,26.3
2024-09-07 15:00:00,621.0,770.4,98.0,27.2
2024-09-07 16:00:00,503.0,547.9,165.0,27.5
2024-09-07 17:00:00,365.0,353.1,182.0,27.4
2024-09-07 18:00:00,291.0,472.3,107.0,27.2
2024-09-07 19:00:00,164.0,442.5,58.0,25.7
2024-09-07 20:00:00,41.0,207.8,21.0,23.4
2024-09-07 21:00:00,0.0,0.0,0.0,22.3
2024-09-07 22:00:00,0.0,0.0,0.0,21.9
2024-09-07 23:00:00,0.0,0.0,0.0,22.0
2024-09-08 00:00:00,0.0,0.0,0.0,21.8
2024-09-08 01:00:00,0.0,0.0,0.0,21.2
2024-09-08 02:00:00,0.0,0.0,0.0,20.3
2024-09-08 03:00:00,0.0,0.0,0.0,20.1
2024-09-08 04:00:00,0.0,0.0,0.0,19.7
2024-09-08 05:00:00,0.0,0.0,0.0,19.1
2024-09-08 06:00:00,0.0,0.0,0.0,17.7
2024-09-08 07:00:00,0.0,0.0,0.0,17.9
2024-09-08 08:00:00,25.0,64.0,19.0,18.7
2024-09-08 09:00:00,113.0,234.8,58.0,18.9
2024-09-08 10:00:00,215.0,275.9,109.0,19.4
2024-09-08 11:00:00,410.0,588.8,108.0,20.4
2024-09-08 12:00:00,490.0,593.4,127.0,21.2
2024-09-08 13:00:00,604.0,698.9,133.0,21.9
2024-09-08 14:00:00,636.0,732.2,127.0,22.1
2024-09-08 15:00:00,427.0,317.5,213.0,22.4
2024-09-08 16:00:00,404.0,333.5,200.0,22.3
2024-09-08 17:00:00,380.0,477.7,135.0,22.2
2024-09-08 18:00:00,254.0,403.7,99.0,21.9
2024-09-08 19:00:00,150.0,350.8,68.0,20.7
2024-09-08 20:00:00,37.0,182.2,20.0,18.4
2024-09-08 21:00:00,0.0,0.0,0.0,18.1
2024-09-08 22:00:00,0.0,0.0,0.0,16.4
2024-09-08 23:00:00,0.0,0.0,0.0,15.3
2024-09-09 00:00:00,0.0,0.0,0.0,15.1
2024-09-09 01:00:00,0.0,0.0,0.0,14.7
2024-09-09 02:00:00,0.0,0.0,0.0,15.0
2024-09-09 03:00:00,0.0,0.0,0.0,13.9
2024-09-09 04:00:00,0.0,0.0,0.0,14.2
2024-09-09 05:00:00,0.0,0.0,0.0,14.7
2024-09-09 06:00:00,0.0,0.0,0.0,15.0
2024-09-09 07:00:00,0.0,0.0,0.0,15.3
2024-09-09 08:00:00,23.0,54.5,18.0,15.6
2024-09-09 09:00:00,134.0,291.1,67.0,16.5
2024-09-09 10:00:00,264.0,439.4,97.0,16.9
2024-09-09 11:00:00,306.0,267.3,170.0,17.1
2024-09-09 12:00:00,129.0,0.0,129.0,16.6
2024-09-09 13:00:00,293.0,143.4,197.0,17.8
2024-09-09 14:00:00,487.0,427.3,192.0,19.2
2024-09-09 15:00:00,283.0,171.9,168.0,17.7
2024-09-09 16:00:00,274.0,140.1,189.0,17.9
2024-09-09 17:00:00,276.0,191.1,179.0,17.7
2024-09-09 18:00:00,196.0,274.9,92.0,17.8
2024-09-09 19:00:00,92.0,140.4,60.0,16.4
2024-09-09 20:00:00,25.0,110.6,15.0,16.0
2024-09-09 21:00:00,0.0,0.0,0.0,16.1
2024-09-09 22:00:00,0.0,0.0,0.0,15.8
2024-09-09 23:00:00,0.0,0.0,0.0,15.6
2024-09-10 00:00:00,0.0,0.0,0.0,15.2
2024-09-10 01:00:00,0.0,0.0,0.0,14.2
2024-09-10 02:00:00,0.0,0.0,0.0,13.6
2024-09-10 03:00:00,0.0,0.0,0.0,12.7
2024-09-10 04:00:00,0.0,0.0,0.0,12.2
2024-09-10 05:00:00,0.0,0.0,0.0,12.2
2024-09-10 06:00:00,0.0,0.0,0.0,12.6
2024-09-10 07:00:00,0.0,0.0,0.0,12.3
2024-09-10 08:00:00,29.0,78.0,22.0,13.0
2024-09-10 09:00:00,132.0,207.9,85.0,14.2
2024-09-10 10:00:00,274.0,462.8,100.0,15.1
2024-09-10 11:00:00,408.0,519.2,146.0,16.4
2024-09-10 12:00:00,463.0,518.9,150.0,17.6
2024-09-10 13:00:00,299.0,58.7,260.0,17.6
2024-09-10 14:00:00,483.0,341.2,249.0,18.4
2024-09-10 15:00:00,363.0,182.2,242.0,17.7
2024-09-10 16:00:00,169.0,0.0,169.0,17.0
2024-09-10 17:00:00,75.0,0.0,75.0,16.6
2024-09-10 18:00:00,61.0,0.0,61.0,16.6
2024-09-10 19:00:00,31.0,0.0,31.0,16.1
2024-09-10 20:00:00,6.0,0.0,6.0,15.9
2024-09-10 21:00:00,0.0,0.0,0.0,15.8
2024-09-10 22:00:00,0.0,0.0,0.0,15.4
2024-09-10 23:00:00,0.0,0.0,0.0,15.5
2024-09-11 00:00:00,0.0,0.0,0.0,14.9
2024-09-11 01:00:00,0.0,0.0,0.0,14.7
2024-09-11 02:00:00,0.0,0.0,0.0,14.5
2024-09-11 03:00:00,0.0,0.0,0.0,14.3
2024-09-11 04:00:00,0.0,0.0,0.0,14.4
2024-09-11 05:00:00,0.0,0.0,0.0,13.5
2024-09-11 06:00:00,0.0,0.0,0.0,11.4
2024-09-11 07:00:00,0.0,0.0,0.0,11.2
2024-09-11 08:00:00,16.0,11.4,15.0,11.2
2024-09-11 09:00:00,142.0,324.4,70.0,12.1
2024-09-11 10:00:00,260.0,430.3,100.0,13.0
2024-09-11 11:00:00,434.0,655.5,106.0,14.2
2024-09-11 12:00:00,503.0,627.9,127.0,14.3
2024-09-11 13:00:00,579.0,675.4,133.0,14.9
2024-09-11 14:00:00,630.0,738.7,127.0,15.6
2024-09-11 15:00:00,434.0,429.5,151.0,14.9
2024-09-11 16:00:00,471.0,580.5,125.0,14.4
2024-09-11 17:00:00,427.0,678.9,90.0,14.9
2024-09-11 18:00:00,279.0,545.2,79.0,13.5
2024-09-11 19:00:00,138.0,388.7,54.0,12.9
2024-09-11 20:00:00,29.0,154.0,16.0,12.0
2024-09-11 21:00:00,0.0,0.0,0.0,10.9
2024-09-11 22:00:00,0.0,0.0,0.0,10.6
2024-09-11 23:00:00,0.0,0.0,0.0,9.3
2024-09-12 00:00:00,0.0,0.0,0.0,8.7
2024-09-12 01:00:00,0.0,0.0,0.0,8.5
2024-09-12 02:00:00,0.0,0.0,0.0,8.2
2024-09-12 03:00:00,0.0,0.0,0.0,8.2
2024-09-12 04:00:00,0.0,0.0,0.0,8.4
2024-09-12 05:00:00,0.0,0.0,0.0,8.3
2024-09-12 06:00:00,0.0,0.0,0.0,8.3
2024-09-12 07:00:00,0.0,0.0,0.0,7.9
2024-09-12 08:00:00,30.0,151.9,17.0,8.1
2024-09-12 09:00:00,148.0,394.9,62.0,9.2
2024-09-12 10:00:00,298.0,579.4,85.0,10.5
2024-09-12 11:00:00,404.0,562.4,125.0,11.8
2024-09-12 12:00:00,495.0,637.7,116.0,12.7
2024-09-12 13:00:00,532.0,617.6,127.0,13.5
2024-09-12 14:00:00,599.0,692.3,131.0,14.1
2024-09-12 15:00:00,420.0,327.3,206.0,13.9
2024-09-12 16:00:00,226.0,62.6,189.0,13.8
2024-09-12 17:00:00,197.0,132.4,132.0,12.2
2024-09-12 18:00:00,218.0,376.8,82.0,12.7
2024-09-12 19:00:00,117.0,280.8,58.0,12.1
2024-09-12 20:00:00,24.0,135.1,13.0,10.7
2024-09-12 21:00:00,0.0,0.0,0.0,11.4
2024-09-12 22:00:00,0.0,0.0,0.0,10.7
2024-09-12 23:00:00,0.0,0.0,0.0,9.3
2024-09-13 00:00:00,0.0,0.0,0.0,8.0
2024-09-13 01:00:00,0.0,0.0,0.0,7.1
2024-09-13 02:00:00,0.0,0.0,0.0,7.3
2024-09-13 03:00:00,0.0,0.0,0.0,6.7
2024-09-13 04:00:00,0.0,0.0,0.0,7.2
2024-09-13 05:00:00,0.0,0.0,0.0,7.1
2024-09-13 06:00:00,0.0,0.0,0.0,6.9
2024-09-13 07:00:00,0.0,0.0,0.0,6.8
2024-09-13 08:00:00,28.0,143.7,16.0,7.7
2024-09-13 09:00:00,146.0,412.0,58.0,9.4
2024-09-13 10:00:00,275.0,462.3,107.0,11.2
2024-09-13 11:00:00,379.0,455.5,155.0,12.9
2024-09-13 12:00:00,463.0,564.5,130.0,14.2
2024-09-13 13:00:00,599.0,738.8,118.0,15.6
2024-09-13 14:00:00,585.0,610.9,175.0,16.4
2024-09-13 15:00:00,278.0,128.0,195.0,15.1
2024-09-13 16:00:00,276.0,181.1,170.0,14.5
2024-09-13 17:00:00,201.0,43.3,180.0,14.2
2024-09-13 18:00:00,251.0,473.2,83.0,14.9
2024-09-13 19:00:00,124.0,333.3,56.0,14.2
2024-09-13 20:00:00,24.0,140.4,13.0,12.8
2024-09-13 21:00:00,0.0,0.0,0.0,11.9
2024-09-13 22:00:00,0.0,0.0,0.0,11.0
2024-09-13 23:00:00,0.0,0.0,0.0,10.2
2024-09-14 00:00:00,0.0,0.0,0.0,9.4
2024-09-14 01:00:00,0.0,0.0,0.0,8.9
2024-09-14 02:00:00,0.0,0.0,0.0,8.5
2024-09-14 03:00:00,0.0,0.0,0.0,8.2
2024-09-14 04:00:00,0.0,0.0,0.0,7.9
2024-09-14 05:00:00,0.0,0.0,0.0,8.2
2024-09-14 06:00:00,0.0,0.0,0.0,8.5
2024-09-14 07:00:00,0.0,0.0,0.0,7.6
2024-09-14 08:00:00,27.0,147.4,15.0,8.1
2024-09-14 09:00:00,153.0,482.3,52.0,9.9
2024-09-14 10:00:00,309.0,662.6,71.0,11.9
2024-09-14 11:00:00,460.0,787.8,76.0,13.9
2024-09-14 12:00:00,561.0,792.7,97.0,15.1
2024-09-14 13:00:00,532.0,546.2,179.0,15.5
2024-09-14 14:00:00,477.0,409.8,204.0,15.7
2024-09-14 15:00:00,361.0,178.7,246.0,15.6
2024-09-14 16:00:00,392.0,315.7,209.0,15.9
2024-09-14 17:00:00,242.0,91.8,198.0,15.5
2024-09-14 18:00:00,176.0,183.3,112.0,15.2
2024-09-14 19:00:00,116.0,267.8,63.0,14.3
2024-09-14 20:00:00,19.0,79.7,13.0,12.4
2024-09-14 21:00:00,0.0,0.0,0.0,11.1
2024-09-14 22:00:00,0.0,0.0,0.0,9.8
2024-09-14 23:00:00,0.0,0.0,0.0,9.9
2024-09-15 00:00:00,0.0,0.0,0.0,11.0
2024-09-15 01:00:00,0.0,0.0,0.0,9.9
2024-09-15 02:00:00,0.0,0.0,0.0,10.1
2024-09-15 03:00:00,0.0,0.0,0.0,8.5
2024-09-15 04:00:00,0.0,0.0,0.0,8.4
2024-09-15 05:00:00,0.0,0.0,0.0,8.0
2024-09-15 06:00:00,0.0,0.0,0.0,7.1
2024-09-15 07:00:00,0.0,0.0,0.0,6.6
2024-09-15 08:00:00,23.0,88.3,16.0,7.9
2024-09-15 09:00:00,139.0,394.8,58.0,9.7
2024-09-15 10:00:00,284.0,557.9,86.0,11.6
2024-09-15 11:00:00,436.0,726.7,85.0,13.6
2024-09-15 12:00:00,553.0,802.4,87.0,15.4
2024-09-15 13:00:00,595.0,742.0,119.0,16.7
2024-09-15 14:00:00,543.0,520.4,199.0,17.4
2024-09-15 15:00:00,375.0,156.7,275.0,17.4
2024-09-15 16:00:00,312.0,142.8,230.0,17.6
2024-09-15 17:00:00,187.0,40.1,168.0,17.3
2024-09-15 18:00:00,125.0,52.5,107.0,17.1
2024-09-15 19:00:00,62.0,36.5,55.0,16.6
2024-09-15 20:00:00,10.0,13.9,9.0,15.4
2024-09-15 21:00:00,0.0,0.0,0.0,15.3
2024-09-15 22:00:00,0.0,0.0,0.0,15.0
2024-09-15 23:00:00,0.0,0.0,0.0,14.9
2024-09-16 00:00:00,0.0,0.0,0.0,14.8
2024-09-16 01:00:00,0.0,0.0,0.0,14.6
2024-09-16 02:00:00,0.0,0.0,0.0,14.2
2024-09-16 03:00:00,0.0,0.0,0.0,14.4
2024-09-16 04:00:00,0.0,0.0,0.0,14.2
2024-09-16 05:00:00,0.0,0.0,0.0,13.9
2024-09-16 06:00:00,0.0,0.0,0.0,13.7
2024-09-16 07:00:00,0.0,0.0,0.0,13.4
2024-09-16 08:00:00,11.0,0.0,11.0,13.2
2024-09-16 09:00:00,101.0,278.7,45.0,13.7
2024-09-16 10:00:00,215.0,325.2,101.0,14.7
2024-09-16 11:00:00,381.0,516.1,134.0,16.6
2024-09-16 12:00:00,408.0,432.2,159.0,17.6
2024-09-16 13:00:00,545.0,620.4,150.0,18.7
2024-09-16 14:00:00,460.0,388.7,205.0,19.2
2024-09-16 15:00:00,625.0,855.0,84.0,19.9
2024-09-16 16:00:00,434.0,501.3,149.0,20.2
2024-09-16 17:00:00,262.0,211.7,163.0,19.7
2024-09-16 18:00:00,198.0,255.2,112.0,19.3
2024-09-16 19:00:00,75.0,124.0,52.0,18.1
2024-09-16 20:00:00,13.0,43.5,10.0,16.8
2024-09-16 21:00:00,0.0,0.0,0.0,16.3
2024-09-16 22:00:00,0.0,0.0,0.0,15.5
2024-09-16 23:00:00,0.0,0.0,0.0,15.0
2024-09-17 00:00:00,0.0,0.0,0.0,14.6
2024-09-17 01:00:00,0.0,0.0,0.0,14.5
2024-09-17 02:00:00,0.0,0.0,0.0,14.6
2024-09-17 03:00:00,0.0,0.0,0.0,14.9
2024-09-17 04:00:00,0.0,0.0,0.0,14.2
2024-09-17 05:00:00,0.0,0.0,0.0,13.7
2024-09-17 06:00:00,0.0,0.0,0.0,13.2
2024-09-17 07:00:00,0.0,0.0,0.0,13.0
2024-09-17 08:00:00,20.0,106.6,12.0,13.2
2024-09-17 09:00:00,139.0,452.6,50.0,14.6
2024-09-17 10:00:00,285.0,609.4,74.0,15.5
2024-09-17 11:00:00,390.0,561.1,124.0,16.8
2024-09-17 12:00:00,451.0,481.2,176.0,17.9
2024-09-17 13:00:00,541.0,620.5,149.0,18.8
2024-09-17 14:00:00,609.0,748.3,122.0,19.8
2024-09-17 15:00:00,486.0,486.2,181.0,18.6
2024-09-17 16:00:00,470.0,577.5,145.0,19.5
2024-09-17 17:00:00,378.0,560.9,119.0,19.6
2024-09-17 18:00:00,271.0,616.5,67.0,19.2
2024-09-17 19:00:00,124.0,440.6,45.0,18.3
2024-09-17 20:00:00,15.0,91.0,9.0,17.4
2024-09-17 21:00:00,0.0,0.0,0.0,17.0
2024-09-17 22:00:00,0.0,0.0,0.0,16.7
2024-09-17 23:00:00,0.0,0.0,0.0,16.5
2024-09-18 00:00:00,0.0,0.0,0.0,16.1
2024-09-18 01:00:00,0.0,0.0,0.0,15.7
2024-09-18 02:00:00,0.0,0.0,0.0,15.3
2024-09-18 03:00:00,0.0,0.0,0.0,14.4
2024-09-18 04:00:00,0.0,0.0,0.0,14.2
2024-09-18 05:00:00,0.0,0.0,0.0,14.0
2024-09-18 06:00:00,0.0,0.0,0.0,13.9
2024-09-18 07:00:00,0.0,0.0,0.0,13.7
2024-09-18 08:00:00,16.0,68.6,11.0,14.1
2024-09-18 09:00:00,100.0,176.8,66.0,15.0
2024-09-18 10:00:00,245.0,441.7,94.0,16.5
2024-09-18 11:00:00,402.0,643.1,100.0,18.1
2024-09-18 12:00:00,527.0,763.9,94.0,19.7
2024-09-18 13:00:00,604.0,823.1,88.0,21.0
2024-09-18 14:00:00,627.0,833.3,89.0,22.1
2024-09-18 15:00:00,603.0,833.0,85.0,22.1
2024-09-18 16:00:00,533.0,813.1,80.0,22.4
2024-09-18 17:00:00,382.0,656.0,83.0,22.2
2024-09-18 18:00:00,260.0,597.3,66.0,21.7
2024-09-18 19:00:00,119.0,433.4,44.0,20.6
2024-09-18 20:00:00,13.0,63.7,9.0,19.3
2024-09-18 21:00:00,0.0,0.0,0.0,18.5
2024-09-18 22:00:00,0.0,0.0,0.0,18.2
2024-09-18 23:00:00,0.0,0.0,0.0,18.0
2024-09-19 00:00:00,0.0,0.0,0.0,17.9
2024-09-19 01:00:00,0.0,0.0,0.0,17.6
2024-09-19 02:00:00,0.0,0.0,0.0,17.5
2024-09-19 03:00:00,0.0,0.0,0.0,16.9
2024-09-19 04:00:00,0.0,0.0,0.0,16.3
2024-09-19 05:00:00,0.0,0.0,0.0,15.8
2024-09-19 06:00:00,0.0,0.0,0.0,15.5
2024-09-19 07:00:00,0.0,0.0,0.0,15.3
2024-09-19 08:00:00,18.0,113.1,10.0,15.4
2024-09-19 09:00:00,130.0,446.8,46.0,16.7
2024-09-19 10:00:00,279.0,631.2,66.0,18.3
2024-09-19 11:00:00,422.0,744.0,76.0,20.1
2024-09-19 12:00:00,530.0,793.5,84.0,21.5
2024-09-19 13:00:00,598.0,820.1,88.0,22.6
2024-09-19 14:00:00,558.0,666.8,131.0,22.3
2024-09-19 15:00:00,559.0,723.6,113.0,21.4
2024-09-19 16:00:00,380.0,404.5,157.0,21.6
2024-09-19 17:00:00,336.0,522.4,101.0,21.2
2024-09-19 18:00:00,197.0,370.3,79.0,20.7
2024-09-19 19:00:00,103.0,359.8,43.0,19.5
2024-09-19 20:00:00,11.0,67.1,7.0,18.4
2024-09-19 21:00:00,0.0,0.0,0.0,17.8
2024-09-19 22:00:00,0.0,0.0,0.0,17.3
2024-09-19 23:00:00,0.0,0.0,0.0,16.8
2024-09-20 00:00:00,0.0,0.0,0.0,16.1
2024-09-20 01:00:00,0.0,0.0,0.0,15.4
2024-09-20 02:00:00,0.0,0.0,0.0,14.9
2024-09-20 03:00:00,0.0,0.0,0.0,15.2
2024-09-20 04:00:00,0.0,0.0,0.0,14.7
2024-09-20 05:00:00,0.0,0.0,0.0,14.3
2024-09-20 06:00:00,0.0,0.0,0.0,13.9
2024-09-20 07:00:00,0.0,0.0,0.0,13.0
2024-09-20 08:00:00,16.0,102.1,9.0,13.7
2024-09-20 09:00:00,129.0,457.3,45.0,15.7
2024-09-20 10:00:00,278.0,639.6,65.0,17.7
2024-09-20 11:00:00,416.0,738.4,76.0,19.6
2024-09-20 12:00:00,526.0,794.9,83.0,21.3
2024-09-20 13:00:00,594.0,821.9,87.0,22.4
2024-09-20 14:00:00,600.0,801.4,91.0,23.1
2024-09-20 15:00:00,582.0,810.4,87.0,23.6
2024-09-20 16:00:00,516.0,799.2,80.0,23.5
2024-09-20 17:00:00,399.0,734.5,73.0,23.3
2024-09-20 18:00:00,250.0,598.4,63.0,22.5
2024-09-20 19:00:00,107.0,411.2,41.0,20.4
2024-09-20 20:00:00,9.0,53.2,6.0,18.8
2024-09-20 21:00:00,0.0,0.0,0.0,18.1
2024-09-20 22:00:00,0.0,0.0,0.0,17.6
2024-09-20 23:00:00,0.0,0.0,0.0,17.4
2024-09-21 00:00:00,0.0,0.0,0.0,16.5
2024-09-21 01:00:00,0.0,0.0,0.0,15.9
2024-09-21 02:00:00,0.0,0.0,0.0,15.3
2024-09-21 03:00:00,0.0,0.0,0.0,15.0
2024-09-21 04:00:00,0.0,0.0,0.0,14.6
2024-09-21 05:00:00,0.0,0.0,0.0,14.5
2024-09-21 06:00:00,0.0,0.0,0.0,14.3
2024-09-21 07:00:00,0.0,0.0,0.0,13.8
2024-09-21 08:00:00,15.0,90.3,9.0,14.0
2024-09-21 09:00:00,124.0,446.1,44.0,15.7
2024-09-21 10:00:00,272.0,636.1,63.0,17.7
2024-09-21 11:00:00,411.0,739.2,74.0,19.5
2024-09-21 12:00:00,521.0,794.6,82.0,20.9
2024-09-21 13:00:00,589.0,818.8,88.0,22.0
2024-09-21 14:00:00,609.0,828.8,87.0,22.9
2024-09-21 15:00:00,581.0,819.5,85.0,23.6
2024-09-21 16:00:00,506.0,787.4,81.0,23.6
2024-09-21 17:00:00,387.0,712.6,75.0,23.5
2024-09-21 18:00:00,249.0,610.5,62.0,23.0
2024-09-21 19:00:00,103.0,415.0,39.0,23.0
2024-09-21 20:00:00,8.0,56.3,5.0,18.6
2024-09-21 21:00:00,0.0,0.0,0.0,16.2
2024-09-21 22:00:00,0.0,0.0,0.0,15.5
2024-09-21 23:00:00,0.0,0.0,0.0,15.4
2024-09-22 00:00:00,0.0,0.0,0.0,15.2
2024-09-22 01:00:00,0.0,0.0,0.0,14.2
2024-09-22 02:00:00,0.0,0.0,0.0,13.7
2024-09-22 03:00:00,0.0,0.0,0.0,13.7
2024-09-22 04:00:00,0.0,0.0,0.0,13.5
2024-09-22 05:00:00,0.0,0.0,0.0,13.3
2024-09-22 06:00:00,0.0,0.0,0.0,13.1
2024-09-22 07:00:00,0.0,0.0,0.0,13.0
2024-09-22 08:00:00,12.0,31.1,10.0,13.6
2024-09-22 09:00:00,96.0,148.6,70.0,15.2
2024-09-22 10:00:00,235.0,391.8,108.0,17.2
2024-09-22 11:00:00,396.0,671.5,93.0,19.6
2024-09-22 12:00:00,517.0,797.9,80.0,21.5
2024-09-22 13:00:00,581.0,809.2,90.0,22.4
2024-09-22 14:00:00,597.0,794.2,101.0,23.1
2024-09-22 15:00:00,535.0,645.3,148.0,23.8
2024-09-22 16:00:00,471.0,631.1,134.0,24.0
2024-09-22 17:00:00,357.0,548.9,120.0,23.6
2024-09-22 18:00:00,215.0,426.5,87.0,23.3
2024-09-22 19:00:00,86.0,236.6,51.0,22.7
2024-09-22 20:00:00,6.0,19.1,5.0,20.7
2024-09-22 21:00:00,0.0,0.0,0.0,17.7
2024-09-22 22:00:00,0.0,0.0,0.0,16.1
2024-09-22 23:00:00,0.0,0.0,0.0,15.4
2024-09-23 00:00:00,0.0,0.0,0.0,15.8
2024-09-23 01:00:00,0.0,0.0,0.0,15.6
2024-09-23 02:00:00,0.0,0.0,0.0,15.8
2024-09-23 03:00:00,0.0,0.0,0.0,16.4
2024-09-23 04:00:00,0.0,0.0,0.0,15.1
2024-09-23 05:00:00,0.0,0.0,0.0,15.3
2024-09-23 06:00:00,0.0,0.0,0.0,15.8
2024-09-23 07:00:00,0.0,0.0,0.0,15.6
2024-09-23 08:00:00,10.0,16.1,9.0,15.6
2024-09-23 09:00:00,85.0,199.3,51.0,16.5
2024-09-23 10:00:00,226.0,403.6,97.0,17.8
2024-09-23 11:00:00,314.0,463.5,107.0,18.6
2024-09-23 12:00:00,415.0,526.9,129.0,19.3
2024-09-23 13:00:00,448.0,513.6,139.0,20.3
2024-09-23 14:00:00,424.0,363.4,199.0,20.7
2024-09-23 15:00:00,340.0,323.2,148.0,19.7
2024-09-23 16:00:00,426.0,605.9,106.0,20.4
2024-09-23 17:00:00,291.0,345.3,144.0,20.2
2024-09-23 18:00:00,171.0,176.9,119.0,19.7
2024-09-23 19:00:00,68.0,63.5,59.0,18.1
2024-09-23 20:00:00,4.0,0.0,4.0,15.4
2024-09-23 21:00:00,0.0,0.0,0.0,15.1
2024-09-23 22:00:00,0.0,0.0,0.0,14.3
2024-09-23 23:00:00,0.0,0.0,0.0,13.8
2024-09-24 00:00:00,0.0,0.0,0.0,13.6
2024-09-24 01:00:00,0.0,0.0,0.0,13.0
2024-09-24 02:00:00,0.0,0.0,0.0,12.4
2024-09-24 03:00:00,0.0,0.0,0.0,12.2
2024-09-24 04:00:00,0.0,0.0,0.0,12.0
2024-09-24 05:00:00,0.0,0.0,0.0,13.1
2024-09-24 06:00:00,0.0,0.0,0.0,13.2
2024-09-24 07:00:00,0.0,0.0,0.0,13.4
2024-09-24 08:00:00,8.0,33.4,6.0,13.1
2024-09-24 09:00:00,83.0,234.7,44.0,14.1
2024-09-24 10:00:00,204.0,384.0,83.0,14.8
2024-09-24 11:00:00,350.0,563.4,101.0,16.0
2024-09-24 12:00:00,411.0,524.2,129.0,17.5
2024-09-24 13:00:00,316.0,167.6,216.0,18.0
2024-09-24 14:00:00,430.0,430.1,166.0,18.9
2024-09-24 15:00:00,489.0,638.9,113.0,19.1
2024-09-24 16:00:00,423.0,635.7,91.0,16.8
2024-09-24 17:00:00,267.0,400.3,99.0,17.5
2024-09-24 18:00:00,213.0,483.0,74.0,15.7
2024-09-24 19:00:00,43.0,103.4,29.0,15.5
2024-09-24 20:00:00,2.0,0.0,2.0,15.1
2024-09-24 21:00:00,0.0,0.0,0.0,14.9
2024-09-24 22:00:00,0.0,0.0,0.0,14.4
2024-09-24 23:00:00,0.0,0.0,0.0,14.6
2024-09-25 00:00:00,0.0,0.0,0.0,14.0
2024-09-25 01:00:00,0.0,0.0,0.0,13.4
2024-09-25 02:00:00,0.0,0.0,0.0,13.3
2024-09-25 03:00:00,0.0,0.0,0.0,13.3
2024-09-25 04:00:00,0.0,0.0,0.0,13.2
2024-09-25 05:00:00,0.0,0.0,0.0,13.2
2024-09-25 06:00:00,0.0,0.0,0.0,13.0
2024-09-25 07:00:00,0.0,0.0,0.0,13.7
2024-09-25 08:00:00,6.0,0.0,6.0,13.5
2024-09-25 09:00:00,67.0,18.5,64.0,13.9
2024-09-25 10:00:00,139.0,74.1,116.0,14.9
2024-09-25 11:00:00,191.0,52.6,168.0,15.5
2024-09-25 12:00:00,111.0,0.0,111.0,15.2
2024-09-25 13:00:00,119.0,1.7,118.0,15.4
2024-09-25 14:00:00,214.0,1.6,213.0,15.4
2024-09-25 15:00:00,132.0,20.6,120.0,15.6
2024-09-25 16:00:00,200.0,56.2,171.0,16.4
2024-09-25 17:00:00,91.0,2.4,90.0,16.0
2024-09-25 18:00:00,27.0,0.0,27.0,15.0
2024-09-25 19:00:00,9.0,0.0,9.0,14.8
2024-09-25 20:00:00,1.0,0.0,1.0,14.4
2024-09-25 21:00:00,0.0,0.0,0.0,14.5
2024-09-25 22:00:00,0.0,0.0,0.0,14.5
2024-09-25 23:00:00,0.0,0.0,0.0,14.7
2024-09-26 00:00:00,0.0,0.0,0.0,14.7
2024-09-26 01:00:00,0.0,0.0,0.0,14.6
2024-09-26 02:00:00,0.0,0.0,0.0,14.6
2024-09-26 03:00:00,0.0,0.0,0.0,14.8
2024-09-26 04:00:00,0.0,0.0,0.0,15.2
2024-09-26 05:00:00,0.0,0.0,0.0,15.1
2024-09-26 06:00:00,0.0,0.0,0.0,15.2
2024-09-26 07:00:00,0.0,0.0,0.0,15.1
2024-09-26 08:00:00,3.0,0.0,3.0,15.4
2024-09-26 09:00:00,21.0,6.4,20.0,15.8
2024-09-26 10:00:00,129.0,81.7,104.0,16.5
2024-09-26 11:00:00,277.0,272.8,159.0,17.3
2024-09-26 12:00:00,315.0,161.0,230.0,17.9
2024-09-26 13:00:00,279.0,68.2,239.0,18.6
2024-09-26 14:00:00,274.0,77.9,227.0,18.7
2024-09-26 15:00:00,223.0,46.8,196.0,17.8
2024-09-26 16:00:00,200.0,3.9,198.0,18.0
2024-09-26 17:00:00,324.0,524.9,110.0,19.0
2024-09-26 18:00:00,124.0,98.0,97.0,17.1
2024-09-26 19:00:00,9.0,0.0,9.0,15.9
2024-09-26 20:00:00,1.0,0.0,1.0,15.5
2024-09-26 21:00:00,0.0,0.0,0.0,15.5
2024-09-26 22:00:00,0.0,0.0,0.0,15.1
2024-09-26 23:00:00,0.0,0.0,0.0,14.7
2024-09-27 00:00:00,0.0,0.0,0.0,14.3
2024-09-27 01:00:00,0.0,0.0,0.0,13.9
2024-09-27 02:00:00,0.0,0.0,0.0,13.5
2024-09-27 03:00:00,0.0,0.0,0.0,13.6
2024-09-27 04:00:00,0.0,0.0,0.0,13.4
2024-09-27 05:00:00,0.0,0.0,0.0,12.9
2024-09-27 06:00:00,0.0,0.0,0.0,12.6
2024-09-27 07:00:00,0.0,0.0,0.0,12.3
2024-09-27 08:00:00,8.0,56.3,5.0,12.2
2024-09-27 09:00:00,102.0,412.0,39.0,13.0
2024-09-27 10:00:00,203.0,361.5,94.0,13.9
2024-09-27 11:00:00,341.0,530.6,114.0,14.4
2024-09-27 12:00:00,421.0,598.3,108.0,15.2
2024-09-27 13:00:00,523.0,734.8,96.0,16.0
2024-09-27 14:00:00,545.0,739.6,103.0,16.4
2024-09-27 15:00:00,442.0,587.8,106.0,16.4
2024-09-27 16:00:00,308.0,370.5,121.0,14.9
2024-09-27 17:00:00,227.0,246.4,128.0,13.9
2024-09-27 18:00:00,72.0,0.0,72.0,13.6
2024-09-27 19:00:00,19.0,25.7,16.0,12.9
2024-09-27 20:00:00,0.0,0.0,0.0,12.1
2024-09-27 21:00:00,0.0,0.0,0.0,11.8
2024-09-27 22:00:00,0.0,0.0,0.0,11.7
2024-09-27 23:00:00,0.0,0.0,0.0,11.6
2024-09-28 00:00:00,0.0,0.0,0.0,10.9
2024-09-28 01:00:00,0.0,0.0,0.0,10.5
2024-09-28 02:00:00,0.0,0.0,0.0,10.5
2024-09-28 03:00:00,0.0,0.0,0.0,10.4
2024-09-28 04:00:00,0.0,0.0,0.0,10.3
2024-09-28 05:00:00,0.0,0.0,0.0,9.5
2024-09-28 06:00:00,0.0,0.0,0.0,9.1
2024-09-28 07:00:00,0.0,0.0,0.0,8.8
2024-09-28 08:00:00,6.0,38.2,4.0,8.6
2024-09-28 09:00:00,86.0,289.6,43.0,9.6
2024-09-28 10:00:00,213.0,454.6,78.0,10.8
2024-09-28 11:00:00,364.0,640.6,93.0,12.0
2024-09-28 12:00:00,447.0,658.0,106.0,12.8
2024-09-28 13:00:00,481.0,595.6,138.0,13.4
2024-09-28 14:00:00,516.0,613.0,153.0,14.0
2024-09-28 15:00:00,409.0,450.6,154.0,13.4
2024-09-28 16:00:00,373.0,509.1,119.0,13.8
2024-09-28 17:00:00,220.0,308.3,98.0,11.9
2024-09-28 18:00:00,155.0,349.3,63.0,12.3
2024-09-28 19:00:00,57.0,241.3,30.0,11.0
2024-09-28 20:00:00,1.0,0.0,1.0,10.2
2024-09-28 21:00:00,0.0,0.0,0.0,9.6
2024-09-28 22:00:00,0.0,0.0,0.0,8.9
2024-09-28 23:00:00,0.0,0.0,0.0,8.3
2024-09-29 00:00:00,0.0,0.0,0.0,7.5
2024-09-29 01:00:00,0.0,0.0,0.0,6.5
2024-09-29 02:00:00,0.0,0.0,0.0,6.3
2024-09-29 03:00:00,0.0,0.0,0.0,6.0
2024-09-29 04:00:00,0.0,0.0,0.0,5.4
2024-09-29 05:00:00,0.0,0.0,0.0,5.3
2024-09-29 06:00:00,0.0,0.0,0.0,5.6
2024-09-29 07:00:00,0.0,0.0,0.0,5.7
2024-09-29 08:00:00,5.0,19.1,4.0,6.0
2024-09-29 09:00:00,84.0,305.5,40.0,7.0
2024-09-29 10:00:00,206.0,424.1,82.0,8.8
2024-09-29 11:00:00,356.0,597.6,106.0,10.5
2024-09-29 12:00:00,477.0,740.4,97.0,12.2
2024-09-29 13:00:00,546.0,792.0,94.0,13.5
2024-09-29 14:00:00,524.0,635.6,151.0,14.2
2024-09-29 15:00:00,358.0,271.3,206.0,13.9
2024-09-29 16:00:00,219.0,85.2,177.0,13.8
2024-09-29 17:00:00,152.0,43.6,135.0,13.6
2024-09-29 18:00:00,101.0,31.1,93.0,13.2
2024-09-29 19:00:00,33.0,18.4,31.0,12.2
2024-09-29 20:00:00,1.0,0.0,1.0,11.1
2024-09-29 21:00:00,0.0,0.0,0.0,10.7
2024-09-29 22:00:00,0.0,0.0,0.0,10.1
2024-09-29 23:00:00,0.0,0.0,0.0,10.2
2024-09-30 00:00:00,0.0,0.0,0.0,10.3
2024-09-30 01:00:00,0.0,0.0,0.0,10.2
2024-09-30 02:00:00,0.0,0.0,0.0,10.4
2024-09-30 03:00:00,0.0,0.0,0.0,10.6
2024-09-30 04:00:00,0.0,0.0,0.0,9.6
2024-09-30 05:00:00,0.0,0.0,0.0,9.6
2024-09-30 06:00:00,0.0,0.0,0.0,9.3
2024-09-30 07:00:00,0.0,0.0,0.0,8.9
2024-09-30 08:00:00,5.0,19.1,4.0,8.7
2024-09-30 09:00:00,79.0,272.2,41.0,9.6
2024-09-30 10:00:00,235.0,608.1,60.0,11.0
2024-09-30 11:00:00,330.0,575.5,92.0,12.6
2024-09-30 12:00:00,434.0,615.8,121.0,14.4
2024-09-30 13:00:00,446.0,419.1,209.0,15.4
2024-09-30 14:00:00,138.0,0.0,138.0,15.7
2024-09-30 15:00:00,81.0,0.0,81.0,13.3
2024-09-30 16:00:00,124.0,14.4,117.0,13.9
2024-09-30 17:00:00,76.0,26.1,66.0,14.0
2024-09-30 18:00:00,36.0,19.9,31.0,14.0
2024-09-30 19:00:00,8.0,0.0,8.0,13.9
2024-09-30 20:00:00,0.0,0.0,0.0,14.0
2024-09-30 21:00:00,0.0,0.0,0.0,14.3
2024-09-30 22:00:00,0.0,0.0,0.0,14.6
2024-09-30 23:00:00,0.0,0.0,0.0,14.0
2024-10-01 00:00:00,0.0,0.0,0.0,14.4
2024-10-01 01:00:00,0.0,0.0,0.0,14.1
2024-10-01 02:00:00,0.0,0.0,0.0,13.9
2024-10-01 03:00:00,0.0,0.0,0.0,12.2
2024-10-01 04:00:00,0.0,0.0,0.0,13.0
2024-10-01 05:00:00,0.0,0.0,0.0,12.7
2024-10-01 06:00:00,0.0,0.0,0.0,12.2
2024-10-01 07:00:00,0.0,0.0,0.0,12.6
2024-10-01 08:00:00,2.0,0.0,2.0,12.5
2024-10-01 09:00:00,8.0,0.0,8.0,12.4
2024-10-01 10:00:00,17.0,0.0,17.0,12.2
2024-10-01 11:00:00,44.0,0.0,44.0,12.8
2024-10-01 12:00:00,97.0,6.0,94.0,13.5
2024-10-01 13:00:00,164.0,25.0,150.0,14.7
2024-10-01 14:00:00,155.0,0.0,155.0,15.0
2024-10-01 15:00:00,86.0,0.0,86.0,13.9
2024-10-01 16:00:00,177.0,93.5,132.0,14.8
2024-10-01 17:00:00,70.0,0.0,70.0,14.4
2024-10-01 18:00:00,33.0,4.1,32.0,14.1
2024-10-01 19:00:00,11.0,0.0,11.0,13.8
2024-10-01 20:00:00,0.0,0.0,0.0,13.8
2024-10-01 21:00:00,0.0,0.0,0.0,13.4
2024-10-01 22:00:00,0.0,0.0,0.0,12.3
2024-10-01 23:00:00,0.0,0.0,0.0,11.0
2024-10-02 00:00:00,0.0,0.0,0.0,10.2
2024-10-02 01:00:00,0.0,0.0,0.0,9.1
2024-10-02 02:00:00,0.0,0.0,0.0,8.1
2024-10-02 03:00:00,0.0,0.0,0.0,10.1
2024-10-02 04:00:00,0.0,0.0,0.0,10.0
2024-10-02 05:00:00,0.0,0.0,0.0,9.1
2024-10-02 06:00:00,0.0,0.0,0.0,8.8
2024-10-02 07:00:00,0.0,0.0,0.0,9.6
2024-10-02 08:00:00,3.0,19.1,2.0,9.0
2024-10-02 09:00:00,82.0,306.3,42.0,9.6
2024-10-02 10:00:00,197.0,420.1,80.0,11.0
2024-10-02 11:00:00,286.0,423.4,115.0,12.8
2024-10-02 12:00:00,223.0,96.4,175.0,13.2
2024-10-02 13:00:00,170.0,7.2,166.0,13.1
2024-10-02 14:00:00,211.0,89.4,160.0,13.5
2024-10-02 15:00:00,99.0,3.7,97.0,12.6
2024-10-02 16:00:00,114.0,16.8,106.0,12.8
2024-10-02 17:00:00,93.0,13.4,88.0,12.8
2024-10-02 18:00:00,93.0,112.9,66.0,12.7
2024-10-02 19:00:00,25.0,50.3,20.0,11.9
2024-10-02 20:00:00,0.0,0.0,0.0,11.6
2024-10-02 21:00:00,0.0,0.0,0.0,11.4
2024-10-02 22:00:00,0.0,0.0,0.0,11.1
2024-10-02 23:00:00,0.0,0.0,0.0,10.5
2024-10-03 00:00:00,0.0,0.0,0.0,9.6
2024-10-03 01:00:00,0.0,0.0,0.0,8.9
2024-10-03 02:00:00,0.0,0.0,0.0,8.5
2024-10-03 03:00:00,0.0,0.0,0.0,7.9
2024-10-03 04:00:00,0.0,0.0,0.0,7.7
2024-10-03 05:00:00,0.0,0.0,0.0,7.2
2024-10-03 06:00:00,0.0,0.0,0.0,6.6
2024-10-03 07:00:00,0.0,0.0,0.0,6.6
2024-10-03 08:00:00,2.0,0.0,2.0,7.1
2024-10-03 09:00:00,60.0,190.3,36.0,8.6
2024-10-03 10:00:00,170.0,328.7,80.0,9.4
2024-10-03 11:00:00,300.0,478.7,109.0,10.8
2024-10-03 12:00:00,421.0,567.9,141.0,12.1
2024-10-03 13:00:00,372.0,298.4,208.0,12.6
2024-10-03 14:00:00,255.0,95.6,201.0,13.1
2024-10-03 15:00:00,252.0,187.9,151.0,12.6
2024-10-03 16:00:00,251.0,195.9,159.0,13.2
2024-10-03 17:00:00,138.0,49.2,120.0,12.7
2024-10-03 18:00:00,70.0,25.8,64.0,12.6
2024-10-03 19:00:00,29.0,72.7,22.0,11.9
2024-10-03 20:00:00,0.0,0.0,0.0,10.9
2024-10-03 21:00:00,0.0,0.0,0.0,10.6
2024-10-03 22:00:00,0.0,0.0,0.0,9.9
2024-10-03 23:00:00,0.0,0.0,0.0,9.0
2024-10-04 00:00:00,0.0,0.0,0.0,8.4
2024-10-04 01:00:00,0.0,0.0,0.0,8.0
2024-10-04 02:00:00,0.0,0.0,0.0,7.6
2024-10-04 03:00:00,0.0,0.0,0.0,7.7
2024-10-04 04:00:00,0.0,0.0,0.0,7.4
2024-10-04 05:00:00,0.0,0.0,0.0,7.3
2024-10-04 06:00:00,0.0,0.0,0.0,7.0
2024-10-04 07:00:00,0.0,0.0,0.0,6.8
2024-10-04 08:00:00,2.0,19.1,1.0,6.5
2024-10-04 09:00:00,76.0,353.8,33.0,7.8
2024-10-04 10:00:00,200.0,468.2,74.0,9.7
2024-10-04 11:00:00,320.0,550.7,103.0,11.6
2024-10-04 12:00:00,422.0,614.9,122.0,13.0
2024-10-04 13:00:00,517.0,764.4,101.0,14.2
2024-10-04 14:00:00,490.0,652.8,125.0,14.7
2024-10-04 15:00:00,386.0,445.8,149.0,15.0
2024-10-04 16:00:00,328.0,401.2,142.0,14.6
2024-10-04 17:00:00,244.0,431.0,89.0,14.0
2024-10-04 18:00:00,143.0,321.8,70.0,13.4
2024-10-04 19:00:00,41.0,214.7,21.0,11.0
2024-10-04 20:00:00,0.0,0.0,0.0,9.4
2024-10-04 21:00:00,0.0,0.0,0.0,8.8
2024-10-04 22:00:00,0.0,0.0,0.0,7.9
2024-10-04 23:00:00,0.0,0.0,0.0,6.9
2024-10-05 00:00:00,0.0,0.0,0.0,6.6
2024-10-05 01:00:00,0.0,0.0,0.0,6.0
2024-10-05 02:00:00,0.0,0.0,0.0,6.0
2024-10-05 03:00:00,0.0,0.0,0.0,5.8
2024-10-05 04:00:00,0.0,0.0,0.0,7.2
2024-10-05 05:00:00,0.0,0.0,0.0,6.4
2024-10-05 06:00:00,0.0,0.0,0.0,6.1
2024-10-05 07:00:00,0.0,0.0,0.0,4.8
2024-10-05 08:00:00,2.0,0.0,2.0,4.5
2024-10-05 09:00:00,75.0,350.4,34.0,6.2
2024-10-05 10:00:00,202.0,469.0,78.0,8.4
2024-10-05 11:00:00,359.0,750.4,67.0,10.9
2024-10-05 12:00:00,459.0,789.2,78.0,12.8
2024-10-05 13:00:00,465.0,634.7,123.0,13.9
2024-10-05 14:00:00,478.0,630.5,129.0,14.7
2024-10-05 15:00:00,440.0,583.8,133.0,15.2
2024-10-05 16:00:00,277.0,240.4,167.0,15.1
2024-10-05 17:00:00,234.0,370.5,103.0,14.8
2024-10-05 18:00:00,146.0,407.8,56.0,13.6
2024-10-05 19:00:00,38.0,211.1,19.0,12.2
2024-10-05 20:00:00,0.0,0.0,0.0,9.8
2024-10-05 21:00:00,0.0,0.0,0.0,9.9
2024-10-05 22:00:00,0.0,0.0,0.0,9.0
2024-10-05 23:00:00,0.0,0.0,0.0,9.1
2024-10-06 00:00:00,0.0,0.0,0.0,8.9
2024-10-06 01:00:00,0.0,0.0,0.0,8.2
2024-10-06 02:00:00,0.0,0.0,0.0,7.8
2024-10-06 03:00:00,0.0,0.0,0.0,7.4
2024-10-06 04:00:00,0.0,0.0,0.0,7.2
2024-10-06 05:00:00,0.0,0.0,0.0,7.0
2024-10-06 06:00:00,0.0,0.0,0.0,7.1
2024-10-06 07:00:00,0.0,0.0,0.0,7.3
2024-10-06 08:00:00,1.0,0.0,1.0,7.2
2024-10-06 09:00:00,71.0,311.3,36.0,8.6
2024-10-06 10:00:00,190.0,389.0,89.0,10.2
2024-10-06 11:00:00,262.0,260.3,162.0,11.5
2024-10-06 12:00:00,319.0,253.4,198.0,12.7
2024-10-06 13:00:00,406.0,363.7,212.0,14.0
2024-10-06 14:00:00,478.0,574.9,163.0,15.0
2024-10-06 15:00:00,416.0,446.1,184.0,15.0
2024-10-06 16:00:00,389.0,593.4,121.0,15.3
2024-10-06 17:00:00,306.0,687.8,67.0,15.1
2024-10-06 18:00:00,161.0,480.1,58.0,14.1
2024-10-06 19:00:00,36.0,218.7,17.0,13.0
2024-10-06 20:00:00,0.0,0.0,0.0,12.5
2024-10-06 21:00:00,0.0,0.0,0.0,12.2
2024-10-06 22:00:00,0.0,0.0,0.0,12.3
2024-10-06 23:00:00,0.0,0.0,0.0,12.9
2024-10-07 00:00:00,0.0,0.0,0.0,13.2
2024-10-07 01:00:00,0.0,0.0,0.0,13.2
2024-10-07 02:00:00,0.0,0.0,0.0,12.8
2024-10-07 03:00:00,0.0,0.0,0.0,12.2
2024-10-07 04:00:00,0.0,0.0,0.0,13.0
2024-10-07 05:00:00,0.0,0.0,0.0,13.6
2024-10-07 06:00:00,0.0,0.0,0.0,13.3
2024-10-07 07:00:00,0.0,0.0,0.0,13.4
2024-10-07 08:00:00,0.0,0.0,0.0,13.9
2024-10-07 09:00:00,16.0,9.1,15.0,14.1
2024-10-07 10:00:00,61.0,0.0,61.0,14.7
2024-10-07 11:00:00,211.0,356.0,76.0,16.0
2024-10-07 12:00:00,447.0,757.9,89.0,17.2
2024-10-07 13:00:00,496.0,755.7,97.0,17.9
2024-10-07 14:00:00,517.0,791.2,88.0,18.4
2024-10-07 15:00:00,435.0,604.9,124.0,19.4
2024-10-07 16:00:00,308.0,285.0,181.0,19.3
2024-10-07 17:00:00,165.0,58.6,145.0,18.9
2024-10-07 18:00:00,90.0,38.4,82.0,17.8
2024-10-07 19:00:00,17.0,0.0,17.0,16.6
2024-10-07 20:00:00,0.0,0.0,0.0,16.8
2024-10-07 21:00:00,0.0,0.0,0.0,15.8
2024-10-07 22:00:00,0.0,0.0,0.0,15.2
2024-10-07 23:00:00,0.0,0.0,0.0,15.3
2024-10-08 00:00:00,0.0,0.0,0.0,15.5
2024-10-08 01:00:00,0.0,0.0,0.0,15.9
2024-10-08 02:00:00,0.0,0.0,0.0,16.3
2024-10-08 03:00:00,0.0,0.0,0.0,16.5
2024-10-08 04:00:00,0.0,0.0,0.0,16.3
2024-10-08 05:00:00,0.0,0.0,0.0,16.4
2024-10-08 06:00:00,0.0,0.0,0.0,16.7
2024-10-08 07:00:00,0.0,0.0,0.0,16.5
2024-10-08 08:00:00,0.0,0.0,0.0,16.3
2024-10-08 09:00:00,29.0,0.0,29.0,16.1
2024-10-08 10:00:00,92.0,8.0,90.0,16.6
2024-10-08 11:00:00,209.0,122.9,163.0,17.5
2024-10-08 12:00:00,283.0,188.4,195.0,18.1
2024-10-08 13:00:00,379.0,333.0,205.0,18.6
2024-10-08 14:00:00,255.0,29.8,239.0,18.5
2024-10-08 15:00:00,225.0,33.4,208.0,18.7
2024-10-08 16:00:00,187.0,38.7,170.0,18.5
2024-10-08 17:00:00,106.0,0.0,106.0,17.8
2024-10-08 18:00:00,67.0,9.9,65.0,16.9
2024-10-08 19:00:00,18.0,12.4,17.0,15.9
2024-10-08 20:00:00,0.0,0.0,0.0,15.2
2024-10-08 21:00:00,0.0,0.0,0.0,14.7
2024-10-08 22:00:00,0.0,0.0,0.0,14.2
2024-10-08 23:00:00,0.0,0.0,0.0,13.7
2024-10-09 00:00:00,0.0,0.0,0.0,13.5
2024-10-09 01:00:00,0.0,0.0,0.0,13.2
2024-10-09 02:00:00,0.0,0.0,0.0,13.3
2024-10-09 03:00:00,0.0,0.0,0.0,13.8
2024-10-09 04:00:00,0.0,0.0,0.0,13.7
2024-10-09 05:00:00,0.0,0.0,0.0,13.9
2024-10-09 06:00:00,0.0,0.0,0.0,13.6
2024-10-09 07:00:00,0.0,0.0,0.0,13.4
2024-10-09 08:00:00,0.0,0.0,0.0,13.4
2024-10-09 09:00:00,44.0,114.8,32.0,13.4
2024-10-09 10:00:00,112.0,163.0,72.0,14.2
2024-10-09 11:00:00,132.0,35.2,119.0,14.6
2024-10-09 12:00:00,133.0,10.8,128.0,14.4
2024-10-09 13:00:00,65.0,0.0,65.0,14.4
2024-10-09 14:00:00,58.0,0.0,58.0,14.2
2024-10-09 15:00:00,66.0,0.0,66.0,14.5
2024-10-09 16:00:00,27.0,0.0,27.0,14.4
2024-10-09 17:00:00,34.0,0.0,34.0,14.8
2024-10-09 18:00:00,15.0,0.0,15.0,14.8
2024-10-09 19:00:00,2.0,0.0,2.0,14.9
2024-10-09 20:00:00,0.0,0.0,0.0,15.3
2024-10-09 21:00:00,0.0,0.0,0.0,15.4
2024-10-09 22:00:00,0.0,0.0,0.0,15.5
2024-10-09 23:00:00,0.0,0.0,0.0,15.5
2024-10-10 00:00:00,0.0,0.0,0.0,15.9
2024-10-10 01:00:00,0.0,0.0,0.0,14.9
2024-10-10 02:00:00,0.0,0.0,0.0,13.5
2024-10-10 03:00:00,0.0,0.0,0.0,13.2
2024-10-10 04:00:00,0.0,0.0,0.0,13.0
2024-10-10 05:00:00,0.0,0.0,0.0,12.8
2024-10-10 06:00:00,0.0,0.0,0.0,12.4
2024-10-10 07:00:00,0.0,0.0,0.0,12.5
2024-10-10 08:00:00,0.0,0.0,0.0,12.5
2024-10-10 09:00:00,32.0,117.5,20.0,12.7
2024-10-10 10:00:00,85.0,99.8,61.0,12.9
2024-10-10 11:00:00,182.0,222.4,101.0,13.7
2024-10-10 12:00:00,245.0,212.4,148.0,14.5
2024-10-10 13:00:00,186.0,43.0,164.0,14.4
2024-10-10 14:00:00,276.0,249.4,145.0,14.1
2024-10-10 15:00:00,419.0,620.2,111.0,15.0
2024-10-10 16:00:00,339.0,579.8,91.0,14.6
2024-10-10 17:00:00,237.0,507.4,73.0,13.8
2024-10-10 18:00:00,108.0,320.6,47.0,13.2
2024-10-10 19:00:00,20.0,94.0,13.0,12.0
2024-10-10 20:00:00,0.0,0.0,0.0,10.6
2024-10-10 21:00:00,0.0,0.0,0.0,10.3
2024-10-10 22:00:00,0.0,0.0,0.0,10.6
2024-10-10 23:00:00,0.0,0.0,0.0,10.4
2024-10-11 00:00:00,0.0,0.0,0.0,10.2
2024-10-11 01:00:00,0.0,0.0,0.0,9.6
2024-10-11 02:00:00,0.0,0.0,0.0,9.5
2024-10-11 03:00:00,0.0,0.0,0.0,8.9
2024-10-11 04:00:00,0.0,0.0,0.0,8.1
2024-10-11 05:00:00,0.0,0.0,0.0,8.9
2024-10-11 06:00:00,0.0,0.0,0.0,7.1
2024-10-11 07:00:00,0.0,0.0,0.0,7.6
2024-10-11 08:00:00,0.0,0.0,0.0,7.4
2024-10-11 09:00:00,55.0,300.9,25.0,8.1
2024-10-11 10:00:00,186.0,551.4,56.0,9.1
2024-10-11 11:00:00,320.0,690.4,72.0,10.2
2024-10-11 12:00:00,424.0,775.3,74.0,11.2
2024-10-11 13:00:00,469.0,760.7,84.0,12.0
2024-10-11 14:00:00,441.0,656.3,100.0,12.4
2024-10-11 15:00:00,403.0,611.3,103.0,12.5
2024-10-11 16:00:00,338.0,595.1,87.0,12.8
2024-10-11 17:00:00,230.0,453.9,86.0,12.6
2024-10-11 18:00:00,102.0,249.6,56.0,11.8
2024-10-11 19:00:00,18.0,98.0,11.0,9.5
2024-10-11 20:00:00,0.0,0.0,0.0,9.1
2024-10-11 21:00:00,0.0,0.0,0.0,8.1
2024-10-11 22:00:00,0.0,0.0,0.0,7.4
2024-10-11 23:00:00,0.0,0.0,0.0,7.2
2024-10-12 00:00:00,0.0,0.0,0.0,6.8
2024-10-12 01:00:00,0.0,0.0,0.0,6.4
2024-10-12 02:00:00,0.0,0.0,0.0,6.2
2024-10-12 03:00:00,0.0,0.0,0.0,5.8
2024-10-12 04:00:00,0.0,0.0,0.0,5.8
2024-10-12 05:00:00,0.0,0.0,0.0,6.1
2024-10-12 06:00:00,0.0,0.0,0.0,6.0
2024-10-12 07:00:00,0.0,0.0,0.0,6.5
2024-10-12 08:00:00,0.0,0.0,0.0,6.5
2024-10-12 09:00:00,40.0,72.0,33.0,7.3
2024-10-12 10:00:00,101.0,17.3,97.0,8.6
2024-10-12 11:00:00,141.0,11.3,137.0,9.7
2024-10-12 12:00:00,226.0,56.0,201.0,11.1
2024-10-12 13:00:00,342.0,231.7,226.0,12.3
2024-10-12 14:00:00,211.0,42.8,189.0,12.4
2024-10-12 15:00:00,136.0,0.0,136.0,12.3
2024-10-12 16:00:00,64.0,0.0,64.0,12.1
2024-10-12 17:00:00,53.0,0.0,53.0,12.3
2024-10-12 18:00:00,40.0,0.0,40.0,12.3
2024-10-12 19:00:00,3.0,0.0,3.0,12.0
2024-10-12 20:00:00,0.0,0.0,0.0,11.3
2024-10-12 21:00:00,0.0,0.0,0.0,11.1
2024-10-12 22:00:00,0.0,0.0,0.0,11.0
2024-10-12 23:00:00,0.0,0.0,0.0,11.1
2024-10-13 00:00:00,0.0,0.0,0.0,11.3
2024-10-13 01:00:00,0.0,0.0,0.0,11.6
2024-10-13 02:00:00,0.0,0.0,0.0,11.1
2024-10-13 03:00:00,0.0,0.0,0.0,11.3
2024-10-13 04:00:00,0.0,0.0,0.0,9.7
2024-10-13 05:00:00,0.0,0.0,0.0,9.5
2024-10-13 06:00:00,0.0,0.0,0.0,8.8
2024-10-13 07:00:00,0.0,0.0,0.0,8.2
2024-10-13 08:00:00,0.0,0.0,0.0,8.0
2024-10-13 09:00:00,43.0,179.2,26.0,8.3
2024-10-13 10:00:00,163.0,406.8,71.0,9.5
2024-10-13 11:00:00,285.0,538.4,97.0,10.5
2024-10-13 12:00:00,322.0,358.3,164.0,11.3
2024-10-13 13:00:00,374.0,438.2,157.0,12.3
2024-10-13 14:00:00,237.0,143.6,164.0,12.0
2024-10-13 15:00:00,196.0,60.5,167.0,11.0
2024-10-13 16:00:00,188.0,80.5,155.0,11.3
2024-10-13 17:00:00,170.0,140.8,127.0,11.1
2024-10-13 18:00:00,60.0,46.4,52.0,10.5
2024-10-13 19:00:00,11.0,0.0,11.0,9.9
2024-10-13 20:00:00,0.0,0.0,0.0,9.4
2024-10-13 21:00:00,0.0,0.0,0.0,7.6
2024-10-13 22:00:00,0.0,0.0,0.0,7.3
2024-10-13 23:00:00,0.0,0.0,0.0,7.3
2024-10-14 00:00:00,0.0,0.0,0.0,7.7
2024-10-14 01:00:00,0.0,0.0,0.0,6.3
2024-10-14 02:00:00,0.0,0.0,0.0,6.7
2024-10-14 03:00:00,0.0,0.0,0.0,6.2
2024-10-14 04:00:00,0.0,0.0,0.0,6.4
2024-10-14 05:00:00,0.0,0.0,0.0,6.3
2024-10-14 06:00:00,0.0,0.0,0.0,6.2
2024-10-14 07:00:00,0.0,0.0,0.0,6.2
2024-10-14 08:00:00,0.0,0.0,0.0,6.3
2024-10-14 09:00:00,27.0,64.9,21.0,7.5
2024-10-14 10:00:00,123.0,225.9,73.0,8.7
2024-10-14 11:00:00,178.0,209.2,106.0,9.9
2024-10-14 12:00:00,183.0,64.3,155.0,10.8
2024-10-14 13:00:00,101.0,0.0,101.0,10.6
2024-10-14 14:00:00,67.0,0.0,67.0,10.4
2024-10-14 15:00:00,61.0,12.7,55.0,9.8
2024-10-14 16:00:00,91.0,9.9,87.0,10.3
2024-10-14 17:00:00,26.0,0.0,26.0,10.0
2024-10-14 18:00:00,31.0,0.0,31.0,10.2
2024-10-14 19:00:00,7.0,16.0,6.0,9.5
2024-10-14 20:00:00,0.0,0.0,0.0,7.3
2024-10-14 21:00:00,0.0,0.0,0.0,6.7
2024-10-14 22:00:00,0.0,0.0,0.0,5.6
2024-10-14 23:00:00,0.0,0.0,0.0,5.8
2024-10-15 00:00:00,0.0,0.0,0.0,4.7
2024-10-15 01:00:00,0.0,0.0,0.0,5.0
2024-10-15 02:00:00,0.0,0.0,0.0,5.4
2024-10-15 03:00:00,0.0,0.0,0.0,4.6
2024-10-15 04:00:00,0.0,0.0,0.0,4.3
2024-10-15 05:00:00,0.0,0.0,0.0,5.5
2024-10-15 06:00:00,0.0,0.0,0.0,6.5
2024-10-15 07:00:00,0.0,0.0,0.0,7.0
2024-10-15 08:00:00,0.0,0.0,0.0,7.1
2024-10-15 09:00:00,38.0,100.0,29.0,7.9
2024-10-15 10:00:00,146.0,304.7,80.0,9.6
2024-10-15 11:00:00,270.0,477.7,108.0,11.2
2024-10-15 12:00:00,325.0,357.8,171.0,12.2
2024-10-15 13:00:00,417.0,549.2,151.0,13.5
2024-10-15 14:00:00,450.0,653.9,125.0,14.8
2024-10-15 15:00:00,335.0,277.9,205.0,14.2
2024-10-15 16:00:00,290.0,343.9,153.0,14.2
2024-10-15 17:00:00,189.0,221.3,124.0,13.4
2024-10-15 18:00:00,79.0,130.6,58.0,12.6
2024-10-15 19:00:00,6.0,0.0,6.0,12.6
2024-10-15 20:00:00,0.0,0.0,0.0,12.8
2024-10-15 21:00:00,0.0,0.0,0.0,12.5
2024-10-15 22:00:00,0.0,0.0,0.0,12.1
2024-10-15 23:00:00,0.0,0.0,0.0,11.9
2024-10-16 00:00:00,0.0,0.0,0.0,12.2
2024-10-16 01:00:00,0.0,0.0,0.0,12.5
2024-10-16 02:00:00,0.0,0.0,0.0,12.8
2024-10-16 03:00:00,0.0,0.0,0.0,11.7
2024-10-16 04:00:00,0.0,0.0,0.0,11.8
2024-10-16 05:00:00,0.0,0.0,0.0,12.0
2024-10-16 06:00:00,0.0,0.0,0.0,12.3
2024-10-16 07:00:00,0.0,0.0,0.0,12.6
2024-10-16 08:00:00,0.0,0.0,0.0,13.0
2024-10-16 09:00:00,26.0,68.5,20.0,13.3
2024-10-16 10:00:00,139.0,368.3,61.0,14.2
2024-10-16 11:00:00,232.0,356.1,113.0,15.3
2024-10-16 12:00:00,357.0,611.4,97.0,16.7
2024-10-16 13:00:00,437.0,739.2,83.0,18.1
2024-10-16 14:00:00,439.0,685.7,102.0,19.1
2024-10-16 15:00:00,411.0,707.7,84.0,20.0
2024-10-16 16:00:00,267.0,379.5,118.0,19.7
2024-10-16 17:00:00,141.0,173.6,91.0,19.0
2024-10-16 18:00:00,36.0,0.0,36.0,18.3
2024-10-16 19:00:00,6.0,0.0,6.0,17.7
2024-10-16 20:00:00,0.0,0.0,0.0,17.1
2024-10-16 21:00:00,0.0,0.0,0.0,15.9
2024-10-16 22:00:00,0.0,0.0,0.0,15.0
2024-10-16 23:00:00,0.0,0.0,0.0,14.6
2024-10-17 00:00:00,0.0,0.0,0.0,14.7
2024-10-17 01:00:00,0.0,0.0,0.0,14.7
2024-10-17 02:00:00,0.0,0.0,0.0,14.9
2024-10-17 03:00:00,0.0,0.0,0.0,14.2
2024-10-17 04:00:00,0.0,0.0,0.0,14.2
2024-10-17 05:00:00,0.0,0.0,0.0,14.3
2024-10-17 06:00:00,0.0,0.0,0.0,14.2
2024-10-17 07:00:00,0.0,0.0,0.0,14.5
2024-10-17 08:00:00,0.0,0.0,0.0,14.9
2024-10-17 09:00:00,14.0,0.0,14.0,15.7
2024-10-17 10:00:00,70.0,77.3,54.0,16.9
2024-10-17 11:00:00,239.0,477.0,82.0,19.0
2024-10-17 12:00:00,292.0,440.4,107.0,19.7
2024-10-17 13:00:00,405.0,635.6,104.0,20.2
2024-10-17 14:00:00,395.0,508.3,148.0,20.5
2024-10-17 15:00:00,393.0,644.1,99.0,20.4
2024-10-17 16:00:00,213.0,188.6,140.0,20.1
2024-10-17 17:00:00,59.0,10.6,56.0,19.1
2024-10-17 18:00:00,36.0,6.7,35.0,18.2
2024-10-17 19:00:00,4.0,0.0,4.0,17.3
2024-10-17 20:00:00,0.0,0.0,0.0,17.0
2024-10-17 21:00:00,0.0,0.0,0.0,17.0
2024-10-17 22:00:00,0.0,0.0,0.0,16.7
2024-10-17 23:00:00,0.0,0.0,0.0,16.4
2024-10-18 00:00:00,0.0,0.0,0.0,15.4
2024-10-18 01:00:00,0.0,0.0,0.0,14.7
2024-10-18 02:00:00,0.0,0.0,0.0,14.2
2024-10-18 03:00:00,0.0,0.0,0.0,14.5
2024-10-18 04:00:00,0.0,0.0,0.0,14.4
2024-10-18 05:00:00,0.0,0.0,0.0,14.1
2024-10-18 06:00:00,0.0,0.0,0.0,13.9
2024-10-18 07:00:00,0.0,0.0,0.0,13.0
2024-10-18 08:00:00,0.0,0.0,0.0,13.8
2024-10-18 09:00:00,33.0,217.5,15.0,13.0
2024-10-18 10:00:00,152.0,529.0,45.0,14.5
2024-10-18 11:00:00,283.0,703.3,55.0,15.5
2024-10-18 12:00:00,378.0,725.5,77.0,16.9
2024-10-18 13:00:00,406.0,591.6,129.0,18.0
2024-10-18 14:00:00,398.0,528.6,144.0,18.6
2024-10-18 15:00:00,330.0,350.4,172.0,19.2
2024-10-18 16:00:00,228.0,139.0,175.0,19.0
2024-10-18 17:00:00,150.0,159.0,106.0,18.7
2024-10-18 18:00:00,60.0,138.8,40.0,16.8
2024-10-18 19:00:00,6.0,19.1,5.0,17.0
2024-10-18 20:00:00,0.0,0.0,0.0,15.3
2024-10-18 21:00:00,0.0,0.0,0.0,15.2
2024-10-18 22:00:00,0.0,0.0,0.0,14.8
2024-10-18 23:00:00,0.0,0.0,0.0,14.3
2024-10-19 00:00:00,0.0,0.0,0.0,13.7
2024-10-19 01:00:00,0.0,0.0,0.0,13.8
2024-10-19 02:00:00,0.0,0.0,0.0,13.9
2024-10-19 03:00:00,0.0,0.0,0.0,14.3
2024-10-19 04:00:00,0.0,0.0,0.0,14.1
2024-10-19 05:00:00,0.0,0.0,0.0,13.8
2024-10-19 06:00:00,0.0,0.0,0.0,13.7
2024-10-19 07:00:00,0.0,0.0,0.0,13.6
2024-10-19 08:00:00,0.0,0.0,0.0,13.5
2024-10-19 09:00:00,9.0,0.0,9.0,14.0
2024-10-19 10:00:00,17.0,0.0,17.0,14.1
2024-10-19 11:00:00,29.0,0.0,29.0,13.9
2024-10-19 12:00:00,49.0,0.0,49.0,14.1
2024-10-19 13:00:00,104.0,13.0,98.0,14.7
2024-10-19 14:00:00,305.0,277.9,173.0,16.3
2024-10-19 15:00:00,380.0,610.8,108.0,17.0
2024-10-19 16:00:00,247.0,431.1,85.0,17.2
2024-10-19 17:00:00,182.0,390.8,76.0,17.0
2024-10-19 18:00:00,81.0,303.0,39.0,15.8
2024-10-19 19:00:00,7.0,38.2,5.0,13.9
2024-10-19 20:00:00,0.0,0.0,0.0,13.4
2024-10-19 21:00:00,0.0,0.0,0.0,12.9
2024-10-19 22:00:00,0.0,0.0,0.0,12.4
2024-10-19 23:00:00,0.0,0.0,0.0,12.2
2024-10-20 00:00:00,0.0,0.0,0.0,11.9
2024-10-20 01:00:00,0.0,0.0,0.0,11.8
2024-10-20 02:00:00,0.0,0.0,0.0,11.7
2024-10-20 03:00:00,0.0,0.0,0.0,11.3
2024-10-20 04:00:00,0.0,0.0,0.0,11.0
2024-10-20 05:00:00,0.0,0.0,0.0,10.9
2024-10-20 06:00:00,0.0,0.0,0.0,10.9
2024-10-20 07:00:00,0.0,0.0,0.0,10.9
2024-10-20 08:00:00,0.0,0.0,0.0,11.1
2024-10-20 09:00:00,20.0,12.8,19.0,11.7
2024-10-20 10:00:00,95.0,103.7,75.0,12.7
2024-10-20 11:00:00,149.0,92.3,120.0,13.8
2024-10-20 12:00:00,308.0,417.7,139.0,15.8
2024-10-20 13:00:00,365.0,456.8,156.0,17.1
2024-10-20 14:00:00,392.0,532.4,142.0,17.9
2024-10-20 15:00:00,299.0,313.8,161.0,18.1
2024-10-20 16:00:00,196.0,172.8,132.0,17.8
2024-10-20 17:00:00,134.0,109.1,105.0,17.4
2024-10-20 18:00:00,59.0,45.0,53.0,17.1
2024-10-20 19:00:00,3.0,0.0,3.0,16.7
2024-10-20 20:00:00,0.0,0.0,0.0,16.7
2024-10-20 21:00:00,0.0,0.0,0.0,16.5
2024-10-20 22:00:00,0.0,0.0,0.0,16.6
2024-10-20 23:00:00,0.0,0.0,0.0,16.2
2024-10-21 00:00:00,0.0,0.0,0.0,16.1
2024-10-21 01:00:00,0.0,0.0,0.0,16.3
2024-10-21 02:00:00,0.0,0.0,0.0,16.7
2024-10-21 03:00:00,0.0,0.0,0.0,16.8
2024-10-21 04:00:00,0.0,0.0,0.0,17.2
2024-10-21 05:00:00,0.0,0.0,0.0,17.1
2024-10-21 06:00:00,0.0,0.0,0.0,16.8
2024-10-21 07:00:00,0.0,0.0,0.0,16.4
2024-10-21 08:00:00,0.0,0.0,0.0,16.0
2024-10-21 09:00:00,5.0,0.0,5.0,15.9
2024-10-21 10:00:00,21.0,0.0,21.0,15.8
2024-10-21 11:00:00,20.0,0.0,20.0,15.4
2024-10-21 12:00:00,29.0,0.0,29.0,15.0
2024-10-21 13:00:00,34.0,0.0,34.0,14.2
2024-10-21 14:00:00,46.0,0.0,46.0,14.1
2024-10-21 15:00:00,84.0,9.2,80.0,14.3
2024-10-21 16:00:00,89.0,0.0,89.0,13.9
2024-10-21 17:00:00,57.0,0.0,57.0,13.7
2024-10-21 18:00:00,35.0,0.0,35.0,13.5
2024-10-21 19:00:00,2.0,0.0,2.0,13.4
2024-10-21 20:00:00,0.0,0.0,0.0,13.1
2024-10-21 21:00:00,0.0,0.0,0.0,13.2
2024-10-21 22:00:00,0.0,0.0,0.0,13.0
2024-10-21 23:00:00,0.0,0.0,0.0,13.9
2024-10-22 00:00:00,0.0,0.0,0.0,14.8
2024-10-22 01:00:00,0.0,0.0,0.0,15.8
2024-10-22 02:00:00,0.0,0.0,0.0,15.6
2024-10-22 03:00:00,0.0,0.0,0.0,15.2
2024-10-22 04:00:00,0.0,0.0,0.0,12.3
2024-10-22 05:00:00,0.0,0.0,0.0,11.7
2024-10-22 06:00:00,0.0,0.0,0.0,11.3
2024-10-22 07:00:00,0.0,0.0,0.0,9.1
2024-10-22 08:00:00,0.0,0.0,0.0,8.8
2024-10-22 09:00:00,24.0,150.5,13.0,9.6
2024-10-22 10:00:00,132.0,452.9,49.0,10.9
2024-10-22 11:00:00,250.0,584.9,72.0,12.2
2024-10-22 12:00:00,315.0,507.3,115.0,13.3
2024-10-22 13:00:00,322.0,416.2,136.0,14.3
2024-10-22 14:00:00,316.0,329.2,165.0,15.0
2024-10-22 15:00:00,249.0,277.5,130.0,14.8
2024-10-22 16:00:00,217.0,311.8,105.0,14.8
2024-10-22 17:00:00,138.0,251.2,74.0,14.6
2024-10-22 18:00:00,74.0,310.2,36.0,12.3
2024-10-22 19:00:00,3.0,19.1,2.0,10.7
2024-10-22 20:00:00,0.0,0.0,0.0,10.2
2024-10-22 21:00:00,0.0,0.0,0.0,9.5
2024-10-22 22:00:00,0.0,0.0,0.0,8.4
2024-10-22 23:00:00,0.0,0.0,0.0,8.0
2024-10-23 00:00:00,0.0,0.0,0.0,7.5
2024-10-23 01:00:00,0.0,0.0,0.0,8.1
2024-10-23 02:00:00,0.0,0.0,0.0,8.2
2024-10-23 03:00:00,0.0,0.0,0.0,8.1
2024-10-23 04:00:00,0.0,0.0,0.0,8.1
2024-10-23 05:00:00,0.0,0.0,0.0,7.8
2024-10-23 06:00:00,0.0,0.0,0.0,7.0
2024-10-23 07:00:00,0.0,0.0,0.0,6.6
2024-10-23 08:00:00,0.0,0.0,0.0,7.3
2024-10-23 09:00:00,19.0,99.1,12.0,8.6
2024-10-23 10:00:00,115.0,353.0,52.0,10.1
2024-10-23 11:00:00,216.0,434.3,86.0,11.7
2024-10-23 12:00:00,302.0,511.5,103.0,13.1
2024-10-23 13:00:00,343.0,491.4,126.0,14.1
2024-10-23 14:00:00,343.0,480.9,125.0,14.8
2024-10-23 15:00:00,308.0,387.4,144.0,15.3
2024-10-23 16:00:00,264.0,463.6,100.0,15.4
2024-10-23 17:00:00,184.0,465.2,68.0,15.2
2024-10-23 18:00:00,74.0,349.9,33.0,13.4
2024-10-23 19:00:00,3.0,19.1,2.0,10.3
2024-10-23 20:00:00,0.0,0.0,0.0,10.2
2024-10-23 21:00:00,0.0,0.0,0.0,9.8
2024-10-23 22:00:00,0.0,0.0,0.0,9.3
2024-10-23 23:00:00,0.0,0.0,0.0,9.2
2024-10-24 00:00:00,0.0,0.0,0.0,8.8
2024-10-24 01:00:00,0.0,0.0,0.0,8.5
2024-10-24 02:00:00,0.0,0.0,0.0,8.2
2024-10-24 03:00:00,0.0,0.0,0.0,7.5
2024-10-24 04:00:00,0.0,0.0,0.0,7.3
2024-10-24 05:00:00,0.0,0.0,0.0,7.3
2024-10-24 06:00:00,0.0,0.0,0.0,7.4
2024-10-24 07:00:00,0.0,0.0,0.0,7.5
2024-10-24 08:00:00,0.0,0.0,0.0,7.4
2024-10-24 09:00:00,21.0,146.5,11.0,8.0
2024-10-24 10:00:00,129.0,500.8,42.0,9.6
2024-10-24 11:00:00,251.0,655.7,58.0,11.1
2024-10-24 12:00:00,346.0,726.7,67.0,12.8
2024-10-24 13:00:00,402.0,758.7,71.0,14.3
2024-10-24 14:00:00,414.0,761.4,73.0,16.6
2024-10-24 15:00:00,247.0,138.8,189.0,14.5
2024-10-24 16:00:00,178.0,91.9,146.0,14.6
2024-10-24 17:00:00,128.0,147.6,92.0,14.5
2024-10-24 18:00:00,44.0,89.4,34.0,13.8
2024-10-24 19:00:00,2.0,0.0,2.0,12.9
2024-10-24 20:00:00,0.0,0.0,0.0,12.6
2024-10-24 21:00:00,0.0,0.0,0.0,12.3
2024-10-24 22:00:00,0.0,0.0,0.0,11.7
2024-10-24 23:00:00,0.0,0.0,0.0,11.4
2024-10-25 00:00:00,0.0,0.0,0.0,11.1
2024-10-25 01:00:00,0.0,0.0,0.0,11.0
2024-10-25 02:00:00,0.0,0.0,0.0,10.8
2024-10-25 03:00:00,0.0,0.0,0.0,11.0
2024-10-25 04:00:00,0.0,0.0,0.0,11.0
2024-10-25 05:00:00,0.0,0.0,0.0,11.1
2024-10-25 06:00:00,0.0,0.0,0.0,11.1
2024-10-25 07:00:00,0.0,0.0,0.0,11.3
2024-10-25 08:00:00,0.0,0.0,0.0,11.2
2024-10-25 09:00:00,17.0,106.4,10.0,11.6
2024-10-25 10:00:00,116.0,420.3,45.0,13.3
2024-10-25 11:00:00,227.0,539.1,71.0,15.1
2024-10-25 12:00:00,298.0,525.4,99.0,16.6
2024-10-25 13:00:00,337.0,519.8,113.0,17.9
2024-10-25 14:00:00,396.0,705.2,84.0,18.6
2024-10-25 15:00:00,374.0,744.4,67.0,18.4
2024-10-25 16:00:00,299.0,694.1,61.0,19.4
2024-10-25 17:00:00,178.0,507.1,57.0,19.1
2024-10-25 18:00:00,64.0,318.6,30.0,17.2
2024-10-25 19:00:00,1.0,0.0,1.0,15.7
2024-10-25 20:00:00,0.0,0.0,0.0,15.1
2024-10-25 21:00:00,0.0,0.0,0.0,14.4
2024-10-25 22:00:00,0.0,0.0,0.0,13.8
2024-10-25 23:00:00,0.0,0.0,0.0,13.3
2024-10-26 00:00:00,0.0,0.0,0.0,12.9
2024-10-26 01:00:00,0.0,0.0,0.0,12.6
2024-10-26 02:00:00,0.0,0.0,0.0,12.5
2024-10-26 03:00:00,0.0,0.0,0.0,12.1
2024-10-26 04:00:00,0.0,0.0,0.0,12.0
2024-10-26 05:00:00,0.0,0.0,0.0,12.1
2024-10-26 06:00:00,0.0,0.0,0.0,11.9
2024-10-26 07:00:00,0.0,0.0,0.0,11.8
2024-10-26 08:00:00,0.0,0.0,0.0,11.8
2024-10-26 09:00:00,11.0,0.0,11.0,12.1
2024-10-26 10:00:00,78.0,60.9,68.0,13.2
2024-10-26 11:00:00,163.0,140.7,123.0,14.3
2024-10-26 12:00:00,258.0,278.4,154.0,15.4
2024-10-26 13:00:00,300.0,291.3,176.0,16.7
2024-10-26 14:00:00,346.0,466.8,142.0,18.1
2024-10-26 15:00:00,366.0,724.8,71.0,18.6
2024-10-26 16:00:00,289.0,663.7,65.0,18.5
2024-10-26 17:00:00,183.0,565.7,51.0,17.9
2024-10-26 18:00:00,64.0,371.2,26.0,16.1
2024-10-26 19:00:00,1.0,0.0,1.0,14.3
2024-10-26 20:00:00,0.0,0.0,0.0,13.7
2024-10-26 21:00:00,0.0,0.0,0.0,13.1
2024-10-26 22:00:00,0.0,0.0,0.0,12.7
2024-10-26 23:00:00,0.0,0.0,0.0,12.2
2024-10-27 00:00:00,0.0,0.0,0.0,11.7
2024-10-27 01:00:00,0.0,0.0,0.0,11.4
2024-10-27 02:00:00,0.0,0.0,0.0,12.0
2024-10-27 03:00:00,0.0,0.0,0.0,12.0
2024-10-27 04:00:00,0.0,0.0,0.0,11.8
2024-10-27 05:00:00,0.0,0.0,0.0,10.8
2024-10-27 06:00:00,0.0,0.0,0.0,11.7
2024-10-27 07:00:00,0.0,0.0,0.0,12.6
2024-10-27 08:00:00,0.0,0.0,0.0,13.0
2024-10-27 09:00:00,5.0,0.0,5.0,13.5
2024-10-27 10:00:00,21.0,0.0,21.0,13.8
2024-10-27 11:00:00,52.0,3.6,51.0,14.3
2024-10-27 12:00:00,42.0,0.0,42.0,14.6
2024-10-27 13:00:00,133.0,61.8,107.0,15.4
2024-10-27 14:00:00,249.0,183.0,170.0,16.3
2024-10-27 15:00:00,98.0,2.5,97.0,15.7
2024-10-27 16:00:00,100.0,12.0,96.0,15.9
2024-10-27 17:00:00,87.0,48.2,76.0,15.7
2024-10-27 18:00:00,39.0,80.3,31.0,15.3
2024-10-27 19:00:00,0.0,0.0,0.0,14.3
2024-10-27 20:00:00,0.0,0.0,0.0,13.6
2024-10-27 21:00:00,0.0,0.0,0.0,12.6
2024-10-27 22:00:00,0.0,0.0,0.0,13.0
2024-10-27 23:00:00,0.0,0.0,0.0,13.0
2024-10-28 00:00:00,0.0,0.0,0.0,12.9
2024-10-28 01:00:00,0.0,0.0,0.0,12.3
2024-10-28 02:00:00,0.0,0.0,0.0,12.2
2024-10-28 03:00:00,0.0,0.0,0.0,12.8
2024-10-28 04:00:00,0.0,0.0,0.0,12.9
2024-10-28 05:00:00,0.0,0.0,0.0,12.8
2024-10-28 06:00:00,0.0,0.0,0.0,13.0
2024-10-28 07:00:00,0.0,0.0,0.0,13.1
2024-10-28 08:00:00,0.0,0.0,0.0,13.2
2024-10-28 09:00:00,8.0,0.0,8.0,13.1
2024-10-28 10:00:00,42.0,6.5,41.0,13.9
2024-10-28 11:00:00,89.0,10.9,86.0,14.9
2024-10-28 12:00:00,218.0,311.0,105.0,15.7
2024-10-28 13:00:00,319.0,433.6,139.0,16.4
2024-10-28 14:00:00,358.0,574.6,113.0,16.9
2024-10-28 15:00:00,251.0,212.0,167.0,17.1
2024-10-28 16:00:00,188.0,208.0,120.0,17.1
2024-10-28 17:00:00,102.0,35.9,94.0,16.2
2024-10-28 18:00:00,39.0,41.3,35.0,15.0
2024-10-28 19:00:00,0.0,0.0,0.0,14.0
2024-10-28 20:00:00,0.0,0.0,0.0,13.9
2024-10-28 21:00:00,0.0,0.0,0.0,12.9
2024-10-28 22:00:00,0.0,0.0,0.0,12.3
2024-10-28 23:00:00,0.0,0.0,0.0,12.0
2024-10-29 00:00:00,0.0,0.0,0.0,11.8
2024-10-29 01:00:00,0.0,0.0,0.0,11.6
2024-10-29 02:00:00,0.0,0.0,0.0,11.3
2024-10-29 03:00:00,0.0,0.0,0.0,11.6
2024-10-29 04:00:00,0.0,0.0,0.0,11.3
2024-10-29 05:00:00,0.0,0.0,0.0,11.2
2024-10-29 06:00:00,0.0,0.0,0.0,11.6
2024-10-29 07:00:00,0.0,0.0,0.0,11.1
2024-10-29 08:00:00,0.0,0.0,0.0,11.3
2024-10-29 09:00:00,4.0,0.0,4.0,11.8
2024-10-29 10:00:00,23.0,0.0,23.0,12.2
2024-10-29 11:00:00,79.0,14.8,75.0,13.0
2024-10-29 12:00:00,112.0,33.5,100.0,13.8
2024-10-29 13:00:00,112.0,14.6,106.0,14.2
2024-10-29 14:00:00,66.0,0.0,66.0,14.3
2024-10-29 15:00:00,100.0,10.2,96.0,14.4
2024-10-29 16:00:00,65.0,9.3,62.0,14.4
2024-10-29 17:00:00,32.0,0.0,32.0,14.2
2024-10-29 18:00:00,9.0,0.0,9.0,14.0
2024-10-29 19:00:00,0.0,0.0,0.0,13.9
2024-10-29 20:00:00,0.0,0.0,0.0,13.5
2024-10-29 21:00:00,0.0,0.0,0.0,13.3
2024-10-29 22:00:00,0.0,0.0,0.0,13.2
2024-10-29 23:00:00,0.0,0.0,0.0,13.0
2024-10-30 00:00:00,0.0,0.0,0.0,12.9
2024-10-30 01:00:00,0.0,0.0,0.0,12.8
2024-10-30 02:00:00,0.0,0.0,0.0,12.6
2024-10-30 03:00:00,0.0,0.0,0.0,12.6
2024-10-30 04:00:00,0.0,0.0,0.0,12.5
2024-10-30 05:00:00,0.0,0.0,0.0,12.4
2024-10-30 06:00:00,0.0,0.0,0.0,12.4
2024-10-30 07:00:00,0.0,0.0,0.0,12.3
2024-10-30 08:00:00,0.0,0.0,0.0,12.0
2024-10-30 09:00:00,4.0,0.0,4.0,12.1
2024-10-30 10:00:00,24.0,0.0,24.0,12.5
2024-10-30 11:00:00,52.0,15.1,48.0,12.9
2024-10-30 12:00:00,87.0,0.0,87.0,13.4
2024-10-30 13:00:00,172.0,66.7,145.0,14.1
2024-10-30 14:00:00,198.0,122.6,147.0,14.6
2024-10-30 15:00:00,103.0,49.3,84.0,14.0
2024-10-30 16:00:00,74.0,6.3,72.0,13.9
2024-10-30 17:00:00,51.0,23.5,46.0,13.8
2024-10-30 18:00:00,15.0,0.0,15.0,13.2
2024-10-30 19:00:00,0.0,0.0,0.0,12.7
2024-10-30 20:00:00,0.0,0.0,0.0,12.6
2024-10-30 21:00:00,0.0,0.0,0.0,12.4
2024-10-30 22:00:00,0.0,0.0,0.0,12.2
2024-10-30 23:00:00,0.0,0.0,0.0,12.3
2024-10-31 00:00:00,0.0,0.0,0.0,12.2
2024-10-31 01:00:00,0.0,0.0,0.0,11.3
2024-10-31 02:00:00,0.0,0.0,0.0,11.3
2024-10-31 03:00:00,0.0,0.0,0.0,11.2
2024-10-31 04:00:00,0.0,0.0,0.0,9.9
2024-10-31 05:00:00,0.0,0.0,0.0,9.8
2024-10-31 06:00:00,0.0,0.0,0.0,9.6
2024-10-31 07:00:00,0.0,0.0,0.0,9.4
2024-10-31 08:00:00,0.0,0.0,0.0,9.3
2024-10-31 09:00:00,6.0,19.1,5.0,9.8
2024-10-31 10:00:00,56.0,142.4,36.0,10.2
2024-10-31 11:00:00,152.0,269.5,82.0,11.0
2024-10-31 12:00:00,185.0,209.7,112.0,11.5
2024-10-31 13:00:00,233.0,202.7,152.0,12.7
2024-10-31 14:00:00,259.0,245.9,158.0,13.3
2024-10-31 15:00:00,302.0,528.1,101.0,14.7
2024-10-31 16:00:00,178.0,266.5,95.0,14.7
2024-10-31 17:00:00,97.0,115.5,73.0,14.5
2024-10-31 18:00:00,22.0,0.0,22.0,13.7
2024-10-31 19:00:00,0.0,0.0,0.0,12.5
2024-10-31 20:00:00,0.0,0.0,0.0,10.9
2024-10-31 21:00:00,0.0,0.0,0.0,9.7
2024-10-31 22:00:00,0.0,0.0,0.0,8.6
2024-10-31 23:00:00,0.0,0.0,0.0,7.9
2024-11-01 00:00:00,0.0,0.0,0.0,7.5
2024-11-01 01:00:00,0.0,0.0,0.0,7.4
2024-11-01 02:00:00,0.0,0.0,0.0,7.3
2024-11-01 03:00:00,0.0,0.0,0.0,7.0
2024-11-01 04:00:00,0.0,0.0,0.0,6.7
2024-11-01 05:00:00,0.0,0.0,0.0,6.3
2024-11-01 06:00:00,0.0,0.0,0.0,6.0
2024-11-01 07:00:00,0.0,0.0,0.0,6.3
2024-11-01 08:00:00,0.0,0.0,0.0,6.7
2024-11-01 09:00:00,6.0,38.2,4.0,7.2
2024-11-01 10:00:00,65.0,198.8,38.0,8.4
2024-11-01 11:00:00,155.0,321.7,73.0,9.8
2024-11-01 12:00:00,229.0,378.9,99.0,11.0
2024-11-01 13:00:00,251.0,253.5,151.0,12.0
2024-11-01 14:00:00,217.0,157.8,153.0,12.4
2024-11-01 15:00:00,126.0,39.9,111.0,11.8
2024-11-01 16:00:00,84.0,9.8,81.0,11.4
2024-11-01 17:00:00,50.0,9.9,48.0,11.1
2024-11-01 18:00:00,14.0,0.0,14.0,10.9
2024-11-01 19:00:00,0.0,0.0,0.0,10.7
2024-11-01 20:00:00,0.0,0.0,0.0,10.6
2024-11-01 21:00:00,0.0,0.0,0.0,10.3
2024-11-01 22:00:00,0.0,0.0,0.0,10.5
2024-11-01 23:00:00,0.0,0.0,0.0,10.4
2024-11-02 00:00:00,0.0,0.0,0.0,10.5
2024-11-02 01:00:00,0.0,0.0,0.0,10.5
2024-11-02 02:00:00,0.0,0.0,0.0,10.6
2024-11-02 03:00:00,0.0,0.0,0.0,10.4
2024-11-02 04:00:00,0.0,0.0,0.0,10.4
2024-11-02 05:00:00,0.0,0.0,0.0,10.4
2024-11-02 06:00:00,0.0,0.0,0.0,10.4
2024-11-02 07:00:00,0.0,0.0,0.0,10.4
2024-11-02 08:00:00,0.0,0.0,0.0,10.4
2024-11-02 09:00:00,2.0,0.0,2.0,10.6
2024-11-02 10:00:00,19.0,0.0,19.0,11.0
2024-11-02 11:00:00,41.0,0.0,41.0,11.6
2024-11-02 12:00:00,57.0,8.9,54.0,12.2
2024-11-02 13:00:00,92.0,5.1,90.0,12.7
2024-11-02 14:00:00,100.0,12.5,95.0,12.9
2024-11-02 15:00:00,131.0,40.5,116.0,12.1
2024-11-02 16:00:00,91.0,16.6,86.0,11.7
2024-11-02 17:00:00,74.0,95.9,55.0,11.3
2024-11-02 18:00:00,21.0,59.5,16.0,10.3
2024-11-02 19:00:00,0.0,0.0,0.0,10.1
2024-11-02 20:00:00,0.0,0.0,0.0,9.5
2024-11-02 21:00:00,0.0,0.0,0.0,9.1
2024-11-02 22:00:00,0.0,0.0,0.0,8.7
2024-11-02 23:00:00,0.0,0.0,0.0,8.8
2024-11-03 00:00:00,0.0,0.0,0.0,8.5
2024-11-03 01:00:00,0.0,0.0,0.0,7.8
2024-11-03 02:00:00,0.0,0.0,0.0,6.5
2024-11-03 03:00:00,0.0,0.0,0.0,6.0
2024-11-03 04:00:00,0.0,0.0,0.0,5.9
2024-11-03 05:00:00,0.0,0.0,0.0,5.6
2024-11-03 06:00:00,0.0,0.0,0.0,5.6
2024-11-03 07:00:00,0.0,0.0,0.0,5.5
2024-11-03 08:00:00,0.0,0.0,0.0,5.2
2024-11-03 09:00:00,6.0,38.2,4.0,5.5
2024-11-03 10:00:00,89.0,442.3,33.0,7.3
2024-11-03 11:00:00,207.0,631.9,52.0,9.1
2024-11-03 12:00:00,305.0,732.1,61.0,10.8
2024-11-03 13:00:00,363.0,775.0,65.0,12.0
2024-11-03 14:00:00,376.0,783.8,66.0,12.9
2024-11-03 15:00:00,342.0,763.2,63.0,13.0
2024-11-03 16:00:00,264.0,701.2,56.0,13.1
2024-11-03 17:00:00,154.0,568.6,44.0,12.1
2024-11-03 18:00:00,39.0,269.5,17.0,10.9
2024-11-03 19:00:00,0.0,0.0,0.0,8.9
2024-11-03 20:00:00,0.0,0.0,0.0,6.9
2024-11-03 21:00:00,0.0,0.0,0.0,6.8
2024-11-03 22:00:00,0.0,0.0,0.0,7.1
2024-11-03 23:00:00,0.0,0.0,0.0,6.8
2024-11-04 00:00:00,0.0,0.0,0.0,6.3
2024-11-04 01:00:00,0.0,0.0,0.0,5.7
2024-11-04 02:00:00,0.0,0.0,0.0,5.0
2024-11-04 03:00:00,0.0,0.0,0.0,4.6
2024-11-04 04:00:00,0.0,0.0,0.0,4.5
2024-11-04 05:00:00,0.0,0.0,0.0,4.8
2024-11-04 06:00:00,0.0,0.0,0.0,4.7
2024-11-04 07:00:00,0.0,0.0,0.0,4.8
2024-11-04 08:00:00,0.0,0.0,0.0,4.9
2024-11-04 09:00:00,5.0,38.2,3.0,5.4
2024-11-04 10:00:00,86.0,442.4,32.0,7.3
2024-11-04 11:00:00,205.0,644.3,50.0,9.1
2024-11-04 12:00:00,302.0,746.0,57.0,10.6
2024-11-04 13:00:00,360.0,785.0,62.0,12.1
2024-11-04 14:00:00,372.0,788.5,64.0,13.3
2024-11-04 15:00:00,340.0,770.7,62.0,14.1
2024-11-04 16:00:00,261.0,702.3,56.0,14.4
2024-11-04 17:00:00,150.0,566.5,43.0,13.0
2024-11-04 18:00:00,37.0,265.0,16.0,10.1
2024-11-04 19:00:00,0.0,0.0,0.0,8.7
2024-11-04 20:00:00,0.0,0.0,0.0,8.5
2024-11-04 21:00:00,0.0,0.0,0.0,7.9
2024-11-04 22:00:00,0.0,0.0,0.0,7.5
2024-11-04 23:00:00,0.0,0.0,0.0,7.2
2024-11-05 00:00:00,0.0,0.0,0.0,6.8
2024-11-05 01:00:00,0.0,0.0,0.0,6.7
2024-11-05 02:00:00,0.0,0.0,0.0,6.5
2024-11-05 03:00:00,0.0,0.0,0.0,6.9
2024-11-05 04:00:00,0.0,0.0,0.0,6.2
2024-11-05 05:00:00,0.0,0.0,0.0,5.7
2024-11-05 06:00:00,0.0,0.0,0.0,5.7
2024-11-05 07:00:00,0.0,0.0,0.0,5.8
2024-11-05 08:00:00,0.0,0.0,0.0,5.6
2024-11-05 09:00:00,4.0,19.1,3.0,5.6
2024-11-05 10:00:00,83.0,442.3,31.0,6.7
2024-11-05 11:00:00,200.0,635.8,50.0,8.0
2024-11-05 12:00:00,296.0,732.3,59.0,9.3
2024-11-05 13:00:00,355.0,779.1,63.0,10.6
2024-11-05 14:00:00,368.0,788.0,64.0,11.5
2024-11-05 15:00:00,320.0,677.1,79.0,11.0
2024-11-05 16:00:00,250.0,661.4,60.0,11.1
2024-11-05 17:00:00,145.0,558.5,42.0,10.4
2024-11-05 18:00:00,34.0,246.9,15.0,7.9
2024-11-05 19:00:00,0.0,0.0,0.0,7.0
2024-11-05 20:00:00,0.0,0.0,0.0,6.1
2024-11-05 21:00:00,0.0,0.0,0.0,5.8
2024-11-05 22:00:00,0.0,0.0,0.0,5.2
2024-11-05 23:00:00,0.0,0.0,0.0,5.7
2024-11-06 00:00:00,0.0,0.0,0.0,6.3
2024-11-06 01:00:00,0.0,0.0,0.0,6.9
2024-11-06 02:00:00,0.0,0.0,0.0,7.4
2024-11-06 03:00:00,0.0,0.0,0.0,5.0
2024-11-06 04:00:00,0.0,0.0,0.0,5.6
2024-11-06 05:00:00,0.0,0.0,0.0,6.2
2024-11-06 06:00:00,0.0,0.0,0.0,6.6
2024-11-06 07:00:00,0.0,0.0,0.0,6.9
2024-11-06 08:00:00,0.0,0.0,0.0,7.0
2024-11-06 09:00:00,1.0,0.0,1.0,7.2
2024-11-06 10:00:00,19.0,0.0,19.0,7.4
2024-11-06 11:00:00,65.0,17.3,61.0,8.2
2024-11-06 12:00:00,96.0,18.8,90.0,9.0
2024-11-06 13:00:00,116.0,13.5,111.0,9.7
2024-11-06 14:00:00,98.0,0.0,98.0,10.0
2024-11-06 15:00:00,103.0,2.8,102.0,9.0
2024-11-06 16:00:00,82.0,28.3,74.0,9.0
2024-11-06 17:00:00,37.0,0.0,37.0,8.8
2024-11-06 18:00:00,8.0,0.0,8.0,8.5
2024-11-06 19:00:00,0.0,0.0,0.0,8.3
2024-11-06 20:00:00,0.0,0.0,0.0,8.4
2024-11-06 21:00:00,0.0,0.0,0.0,8.2
2024-11-06 22:00:00,0.0,0.0,0.0,8.2
2024-11-06 23:00:00,0.0,0.0,0.0,8.1
2024-11-07 00:00:00,0.0,0.0,0.0,7.9
2024-11-07 01:00:00,0.0,0.0,0.0,7.9
2024-11-07 02:00:00,0.0,0.0,0.0,8.0
2024-11-07 03:00:00,0.0,0.0,0.0,7.1
2024-11-07 04:00:00,0.0,0.0,0.0,6.9
2024-11-07 05:00:00,0.0,0.0,0.0,6.4
2024-11-07 06:00:00,0.0,0.0,0.0,6.6
2024-11-07 07:00:00,0.0,0.0,0.0,6.7
2024-11-07 08:00:00,0.0,0.0,0.0,6.7
2024-11-07 09:00:00,1.0,0.0,1.0,6.8
2024-11-07 10:00:00,26.0,18.4,24.0,6.9
2024-11-07 11:00:00,85.0,97.0,63.0,7.4
2024-11-07 12:00:00,134.0,117.7,97.0,7.9
2024-11-07 13:00:00,149.0,117.7,106.0,8.3
2024-11-07 14:00:00,200.0,178.0,133.0,8.9
2024-11-07 15:00:00,174.0,138.4,126.0,8.0
2024-11-07 16:00:00,170.0,265.9,96.0,8.7
2024-11-07 17:00:00,103.0,250.2,59.0,8.5
2024-11-07 18:00:00,26.0,165.5,14.0,8.1
2024-11-07 19:00:00,0.0,0.0,0.0,4.1
2024-11-07 20:00:00,0.0,0.0,0.0,5.1
2024-11-07 21:00:00,0.0,0.0,0.0,4.8
2024-11-07 22:00:00,0.0,0.0,0.0,4.2
2024-11-07 23:00:00,0.0,0.0,0.0,3.6
2024-11-08 00:00:00,0.0,0.0,0.0,3.7
2024-11-08 01:00:00,0.0,0.0,0.0,3.4
2024-11-08 02:00:00,0.0,0.0,0.0,2.8
2024-11-08 03:00:00,0.0,0.0,0.0,3.9
2024-11-08 04:00:00,0.0,0.0,0.0,3.3
2024-11-08 05:00:00,0.0,0.0,0.0,2.8
2024-11-08 06:00:00,0.0,0.0,0.0,2.5
2024-11-08 07:00:00,0.0,0.0,0.0,2.7
2024-11-08 08:00:00,0.0,0.0,0.0,2.8
2024-11-08 09:00:00,2.0,0.0,2.0,2.9
2024-11-08 10:00:00,56.0,191.6,36.0,4.6
2024-11-08 11:00:00,134.0,283.4,71.0,5.9
2024-11-08 12:00:00,179.0,235.7,106.0,6.8
2024-11-08 13:00:00,199.0,171.9,137.0,7.5
2024-11-08 14:00:00,194.0,145.2,140.0,8.0
2024-11-08 15:00:00,136.0,40.9,122.0,5.9
2024-11-08 16:00:00,107.0,62.0,90.0,6.1
2024-11-08 17:00:00,62.0,17.5,59.0,6.2
2024-11-08 18:00:00,12.0,28.4,10.0,6.0
2024-11-08 19:00:00,0.0,0.0,0.0,6.0
2024-11-08 20:00:00,0.0,0.0,0.0,6.3
2024-11-08 21:00:00,0.0,0.0,0.0,6.5
2024-11-08 22:00:00,0.0,0.0,0.0,6.9
2024-11-08 23:00:00,0.0,0.0,0.0,7.1
2024-11-09 00:00:00,0.0,0.0,0.0,7.2
2024-11-09 01:00:00,0.0,0.0,0.0,7.2
2024-11-09 02:00:00,0.0,0.0,0.0,7.5
2024-11-09 03:00:00,0.0,0.0,0.0,6.8
2024-11-09 04:00:00,0.0,0.0,0.0,6.8
2024-11-09 05:00:00,0.0,0.0,0.0,6.3
2024-11-09 06:00:00,0.0,0.0,0.0,6.9
2024-11-09 07:00:00,0.0,0.0,0.0,7.3
2024-11-09 08:00:00,0.0,0.0,0.0,7.4
2024-11-09 09:00:00,1.0,0.0,1.0,7.6
2024-11-09 10:00:00,21.0,0.0,21.0,8.0
2024-11-09 11:00:00,52.0,9.2,50.0,8.4
2024-11-09 12:00:00,98.0,6.6,96.0,9.1
2024-11-09 13:00:00,128.0,16.8,122.0,9.9
2024-11-09 14:00:00,138.0,10.9,134.0,10.7
2024-11-09 15:00:00,104.0,23.7,96.0,9.2
2024-11-09 16:00:00,82.0,11.1,79.0,9.5
2024-11-09 17:00:00,36.0,6.0,35.0,9.5
2024-11-09 18:00:00,8.0,0.0,8.0,9.1
2024-11-09 19:00:00,0.0,0.0,0.0,9.0
2024-11-09 20:00:00,0.0,0.0,0.0,9.2
2024-11-09 21:00:00,0.0,0.0,0.0,9.6
2024-11-09 22:00:00,0.0,0.0,0.0,9.9
2024-11-09 23:00:00,0.0,0.0,0.0,9.9
2024-11-10 00:00:00,0.0,0.0,0.0,9.8
2024-11-10 01:00:00,0.0,0.0,0.0,9.9
2024-11-10 02:00:00,0.0,0.0,0.0,10.0
2024-11-10 03:00:00,0.0,0.0,0.0,8.8
2024-11-10 04:00:00,0.0,0.0,0.0,8.9
2024-11-10 05:00:00,0.0,0.0,0.0,8.7
2024-11-10 06:00:00,0.0,0.0,0.0,8.6
2024-11-10 07:00:00,0.0,0.0,0.0,8.6
2024-11-10 08:00:00,0.0,0.0,0.0,8.8
2024-11-10 09:00:00,0.0,0.0,0.0,8.8
2024-11-10 10:00:00,18.0,0.0,18.0,9.2
2024-11-10 11:00:00,41.0,0.0,41.0,9.7
2024-11-10 12:00:00,58.0,3.3,57.0,10.2
2024-11-10 13:00:00,111.0,25.6,102.0,11.0
2024-11-10 14:00:00,84.0,13.8,79.0,11.2
2024-11-10 15:00:00,65.0,0.0,65.0,9.7
2024-11-10 16:00:00,52.0,3.8,51.0,9.7
2024-11-10 17:00:00,31.0,6.1,30.0,9.6
2024-11-10 18:00:00,6.0,0.0,6.0,9.2
2024-11-10 19:00:00,0.0,0.0,0.0,9.1
2024-11-10 20:00:00,0.0,0.0,0.0,8.9
2024-11-10 21:00:00,0.0,0.0,0.0,8.9
2024-11-10 22:00:00,0.0,0.0,0.0,8.9
2024-11-10 23:00:00,0.0,0.0,0.0,9.0
2024-11-11 00:00:00,0.0,0.0,0.0,8.8
2024-11-11 01:00:00,0.0,0.0,0.0,9.0
2024-11-11 02:00:00,0.0,0.0,0.0,8.8
2024-11-11 03:00:00,0.0,0.0,0.0,8.5
2024-11-11 04:00:00,0.0,0.0,0.0,8.6
2024-11-11 05:00:00,0.0,0.0,0.0,8.2
2024-11-11 06:00:00,0.0,0.0,0.0,7.2
2024-11-11 07:00:00,0.0,0.0,0.0,6.8
2024-11-11 08:00:00,0.0,0.0,0.0,7.4
2024-11-11 09:00:00,0.0,0.0,0.0,7.9
2024-11-11 10:00:00,13.0,10.7,12.0,8.1
2024-11-11 11:00:00,19.0,0.0,19.0,8.5
2024-11-11 12:00:00,49.0,0.0,49.0,9.6
2024-11-11 13:00:00,167.0,184.3,103.0,11.1
2024-11-11 14:00:00,266.0,477.0,95.0,11.5
2024-11-11 15:00:00,236.0,455.6,86.0,11.3
2024-11-11 16:00:00,181.0,420.6,71.0,11.0
2024-11-11 17:00:00,111.0,437.9,41.0,10.3
2024-11-11 18:00:00,17.0,62.2,13.0,9.2
2024-11-11 19:00:00,0.0,0.0,0.0,8.3
2024-11-11 20:00:00,0.0,0.0,0.0,8.7
2024-11-11 21:00:00,0.0,0.0,0.0,8.2
2024-11-11 22:00:00,0.0,0.0,0.0,8.3
2024-11-11 23:00:00,0.0,0.0,0.0,8.6
2024-11-12 00:00:00,0.0,0.0,0.0,8.5
2024-11-12 01:00:00,0.0,0.0,0.0,8.0
2024-11-12 02:00:00,0.0,0.0,0.0,8.5
2024-11-12 03:00:00,0.0,0.0,0.0,8.8
2024-11-12 04:00:00,0.0,0.0,0.0,8.2
2024-11-12 05:00:00,0.0,0.0,0.0,8.1
2024-11-12 06:00:00,0.0,0.0,0.0,8.2
2024-11-12 07:00:00,0.0,0.0,0.0,8.0
2024-11-12 08:00:00,0.0,0.0,0.0,7.4
2024-11-12 09:00:00,0.0,0.0,0.0,7.0
2024-11-12 10:00:00,49.0,230.7,28.0,7.1
2024-11-12 11:00:00,157.0,508.2,53.0,7.9
2024-11-12 12:00:00,231.0,517.5,80.0,8.6
2024-11-12 13:00:00,235.0,364.6,110.0,9.2
2024-11-12 14:00:00,164.0,67.8,140.0,9.3
2024-11-12 15:00:00,129.0,46.1,114.0,9.7
2024-11-12 16:00:00,122.0,112.6,93.0,9.6
2024-11-12 17:00:00,86.0,198.7,55.0,9.2
2024-11-12 18:00:00,8.0,0.0,8.0,8.9
2024-11-12 19:00:00,0.0,0.0,0.0,8.6
2024-11-12 20:00:00,0.0,0.0,0.0,7.9
2024-11-12 21:00:00,0.0,0.0,0.0,6.9
2024-11-12 22:00:00,0.0,0.0,0.0,6.5
2024-11-12 23:00:00,0.0,0.0,0.0,5.9
2024-11-13 00:00:00,0.0,0.0,0.0,5.3
2024-11-13 01:00:00,0.0,0.0,0.0,4.9
2024-11-13 02:00:00,0.0,0.0,0.0,4.6
2024-11-13 03:00:00,0.0,0.0,0.0,6.5
2024-11-13 04:00:00,0.0,0.0,0.0,6.3
2024-11-13 05:00:00,0.0,0.0,0.0,6.1
2024-11-13 06:00:00,0.0,0.0,0.0,5.7
2024-11-13 07:00:00,0.0,0.0,0.0,5.3
2024-11-13 08:00:00,0.0,0.0,0.0,5.3
2024-11-13 09:00:00,0.0,0.0,0.0,5.1
2024-11-13 10:00:00,35.0,22.5,33.0,5.5
2024-11-13 11:00:00,71.0,25.0,66.0,6.2
2024-11-13 12:00:00,68.0,3.5,67.0,6.7
2024-11-13 13:00:00,114.0,11.8,110.0,7.4
2024-11-13 14:00:00,70.0,2.9,69.0,7.6
2024-11-13 15:00:00,94.0,21.8,87.0,7.9
2024-11-13 16:00:00,55.0,0.0,55.0,8.2
2024-11-13 17:00:00,17.0,0.0,17.0,8.2
2024-11-13 18:00:00,3.0,0.0,3.0,8.2
2024-11-13 19:00:00,0.0,0.0,0.0,8.3
2024-11-13 20:00:00,0.0,0.0,0.0,8.4
2024-11-13 21:00:00,0.0,0.0,0.0,8.6
2024-11-13 22:00:00,0.0,0.0,0.0,8.8
2024-11-13 23:00:00,0.0,0.0,0.0,8.8
2024-11-14 00:00:00,0.0,0.0,0.0,8.7
2024-11-14 01:00:00,0.0,0.0,0.0,8.6
2024-11-14 02:00:00,0.0,0.0,0.0,8.6
2024-11-14 03:00:00,0.0,0.0,0.0,8.4
2024-11-14 04:00:00,0.0,0.0,0.0,8.5
2024-11-14 05:00:00,0.0,0.0,0.0,8.4
2024-11-14 06:00:00,0.0,0.0,0.0,8.4
2024-11-14 07:00:00,0.0,0.0,0.0,8.5
2024-11-14 08:00:00,0.0,0.0,0.0,8.6
2024-11-14 09:00:00,0.0,0.0,0.0,8.7
2024-11-14 10:00:00,14.0,11.6,13.0,9.0
2024-11-14 11:00:00,18.0,0.0,18.0,9.2
2024-11-14 12:00:00,93.0,28.3,85.0,10.1
2024-11-14 13:00:00,247.0,410.0,110.0,10.8
2024-11-14 14:00:00,208.0,338.5,91.0,10.8
2024-11-14 15:00:00,85.0,0.0,85.0,10.2
2024-11-14 16:00:00,56.0,0.0,56.0,10.0
2024-11-14 17:00:00,44.0,40.3,38.0,9.8
2024-11-14 18:00:00,7.0,0.0,7.0,9.0
2024-11-14 19:00:00,0.0,0.0,0.0,8.8
2024-11-14 20:00:00,0.0,0.0,0.0,8.8
2024-11-14 21:00:00,0.0,0.0,0.0,8.8
2024-11-14 22:00:00,0.0,0.0,0.0,8.6
2024-11-14 23:00:00,0.0,0.0,0.0,8.5
2024-11-15 00:00:00,0.0,0.0,0.0,8.6
2024-11-15 01:00:00,0.0,0.0,0.0,8.4
2024-11-15 02:00:00,0.0,0.0,0.0,8.3
2024-11-15 03:00:00,0.0,0.0,0.0,8.0
2024-11-15 04:00:00,0.0,0.0,0.0,7.9
2024-11-15 05:00:00,0.0,0.0,0.0,7.8
2024-11-15 06:00:00,0.0,0.0,0.0,7.6
2024-11-15 07:00:00,0.0,0.0,0.0,7.2
2024-11-15 08:00:00,0.0,0.0,0.0,6.8
2024-11-15 09:00:00,0.0,0.0,0.0,6.6
2024-11-15 10:00:00,28.0,59.4,23.0,6.9
2024-11-15 11:00:00,73.0,52.2,63.0,7.6
2024-11-15 12:00:00,109.0,57.4,93.0,8.3
2024-11-15 13:00:00,129.0,30.3,119.0,8.9
2024-11-15 14:00:00,185.0,196.2,118.0,9.5
2024-11-15 15:00:00,128.0,105.5,95.0,9.1
2024-11-15 16:00:00,69.0,32.5,61.0,9.1
2024-11-15 17:00:00,37.0,20.7,34.0,8.9
2024-11-15 18:00:00,5.0,0.0,5.0,8.5
2024-11-15 19:00:00,0.0,0.0,0.0,8.2
2024-11-15 20:00:00,0.0,0.0,0.0,8.2
2024-11-15 21:00:00,0.0,0.0,0.0,7.9
2024-11-15 22:00:00,0.0,0.0,0.0,7.5
2024-11-15 23:00:00,0.0,0.0,0.0,7.1
2024-11-16 00:00:00,0.0,0.0,0.0,6.9
2024-11-16 01:00:00,0.0,0.0,0.0,6.7
2024-11-16 02:00:00,0.0,0.0,0.0,6.1
2024-11-16 03:00:00,0.0,0.0,0.0,6.5
2024-11-16 04:00:00,0.0,0.0,0.0,6.0
2024-11-16 05:00:00,0.0,0.0,0.0,6.3
2024-11-16 06:00:00,0.0,0.0,0.0,6.4
2024-11-16 07:00:00,0.0,0.0,0.0,6.1
2024-11-16 08:00:00,0.0,0.0,0.0,5.6
2024-11-16 09:00:00,0.0,0.0,0.0,5.1
2024-11-16 10:00:00,27.0,109.9,18.0,5.6
2024-11-16 11:00:00,66.0,90.7,49.0,6.5
2024-11-16 12:00:00,99.0,14.6,95.0,7.2
2024-11-16 13:00:00,174.0,156.6,123.0,7.9
2024-11-16 14:00:00,177.0,201.6,109.0,8.5
2024-11-16 15:00:00,101.0,25.9,93.0,7.2
2024-11-16 16:00:00,113.0,115.6,85.0,7.6
2024-11-16 17:00:00,59.0,77.6,48.0,7.5
2024-11-16 18:00:00,9.0,18.2,8.0,7.1
2024-11-16 19:00:00,0.0,0.0,0.0,7.2
2024-11-16 20:00:00,0.0,0.0,0.0,7.3
2024-11-16 21:00:00,0.0,0.0,0.0,7.4
2024-11-16 22:00:00,0.0,0.0,0.0,7.5
2024-11-16 23:00:00,0.0,0.0,0.0,7.5
2024-11-17 00:00:00,0.0,0.0,0.0,7.6
2024-11-17 01:00:00,0.0,0.0,0.0,7.8
2024-11-17 02:00:00,0.0,0.0,0.0,8.1
2024-11-17 03:00:00,0.0,0.0,0.0,7.5
2024-11-17 04:00:00,0.0,0.0,0.0,7.4
2024-11-17 05:00:00,0.0,0.0,0.0,7.2
2024-11-17 06:00:00,0.0,0.0,0.0,7.3
2024-11-17 07:00:00,0.0,0.0,0.0,7.3
2024-11-17 08:00:00,0.0,0.0,0.0,7.5
2024-11-17 09:00:00,0.0,0.0,0.0,7.4
2024-11-17 10:00:00,8.0,0.0,8.0,7.7
2024-11-17 11:00:00,44.0,0.0,44.0,7.7
2024-11-17 12:00:00,129.0,81.4,107.0,8.5
2024-11-17 13:00:00,168.0,121.3,129.0,8.7
2024-11-17 14:00:00,124.0,60.0,104.0,8.4
2024-11-17 15:00:00,203.0,357.3,94.0,8.6
2024-11-17 16:00:00,110.0,217.9,58.0,7.6
2024-11-17 17:00:00,90.0,375.8,38.0,7.7
2024-11-17 18:00:00,12.0,75.0,8.0,6.9
2024-11-17 19:00:00,0.0,0.0,0.0,6.2
2024-11-17 20:00:00,0.0,0.0,0.0,6.3
2024-11-17 21:00:00,0.0,0.0,0.0,5.5
2024-11-17 22:00:00,0.0,0.0,0.0,5.0
2024-11-17 23:00:00,0.0,0.0,0.0,4.9
2024-11-18 00:00:00,0.0,0.0,0.0,5.4
2024-11-18 01:00:00,0.0,0.0,0.0,5.0
2024-11-18 02:00:00,0.0,0.0,0.0,5.1
2024-11-18 03:00:00,0.0,0.0,0.0,5.1
2024-11-18 04:00:00,0.0,0.0,0.0,4.9
2024-11-18 05:00:00,0.0,0.0,0.0,5.3
2024-11-18 06:00:00,0.0,0.0,0.0,5.4
2024-11-18 07:00:00,0.0,0.0,0.0,5.2
2024-11-18 08:00:00,0.0,0.0,0.0,4.8
2024-11-18 09:00:00,0.0,0.0,0.0,4.7
2024-11-18 10:00:00,22.0,38.7,19.0,5.0
2024-11-18 11:00:00,88.0,106.0,69.0,5.8
2024-11-18 12:00:00,174.0,277.9,100.0,6.4
2024-11-18 13:00:00,238.0,472.5,88.0,7.1
2024-11-18 14:00:00,252.0,437.1,108.0,7.5
2024-11-18 15:00:00,189.0,268.8,108.0,7.5
2024-11-18 16:00:00,142.0,225.4,89.0,7.5
2024-11-18 17:00:00,62.0,66.6,53.0,7.0
2024-11-18 18:00:00,7.0,0.0,7.0,6.3
2024-11-18 19:00:00,0.0,0.0,0.0,5.9
2024-11-18 20:00:00,0.0,0.0,0.0,5.5
2024-11-18 21:00:00,0.0,0.0,0.0,5.1
2024-11-18 22:00:00,0.0,0.0,0.0,5.0
2024-11-18 23:00:00,0.0,0.0,0.0,5.0
2024-11-19 00:00:00,0.0,0.0,0.0,5.0
2024-11-19 01:00:00,0.0,0.0,0.0,5.1
2024-11-19 02:00:00,0.0,0.0,0.0,5.3
2024-11-19 03:00:00,0.0,0.0,0.0,5.6
2024-11-19 04:00:00,0.0,0.0,0.0,5.3
2024-11-19 05:00:00,0.0,0.0,0.0,5.8
2024-11-19 06:00:00,0.0,0.0,0.0,6.4
2024-11-19 07:00:00,0.0,0.0,0.0,9.0
2024-11-19 08:00:00,0.0,0.0,0.0,10.4
2024-11-19 09:00:00,0.0,0.0,0.0,10.7
2024-11-19 10:00:00,5.0,0.0,5.0,11.0
2024-11-19 11:00:00,27.0,0.0,27.0,11.3
2024-11-19 12:00:00,55.0,0.0,55.0,11.3
2024-11-19 13:00:00,59.0,0.0,59.0,10.2
2024-11-19 14:00:00,44.0,0.0,44.0,10.2
2024-11-19 15:00:00,20.0,0.0,20.0,8.7
2024-11-19 16:00:00,16.0,0.0,16.0,6.8
2024-11-19 17:00:00,9.0,0.0,9.0,4.0
2024-11-19 18:00:00,2.0,0.0,2.0,2.8
2024-11-19 19:00:00,0.0,0.0,0.0,2.8
2024-11-19 20:00:00,0.0,0.0,0.0,3.1
2024-11-19 21:00:00,0.0,0.0,0.0,3.1
2024-11-19 22:00:00,0.0,0.0,0.0,3.3
2024-11-19 23:00:00,0.0,0.0,0.0,3.7
2024-11-20 00:00:00,0.0,0.0,0.0,3.5
2024-11-20 01:00:00,0.0,0.0,0.0,2.8
2024-11-20 02:00:00,0.0,0.0,0.0,2.2
2024-11-20 03:00:00,0.0,0.0,0.0,2.2
2024-11-20 04:00:00,0.0,0.0,0.0,2.3
2024-11-20 05:00:00,0.0,0.0,0.0,2.6
2024-11-20 06:00:00,0.0,0.0,0.0,2.9
2024-11-20 07:00:00,0.0,0.0,0.0,2.7
2024-11-20 08:00:00,0.0,0.0,0.0,2.9
2024-11-20 09:00:00,0.0,0.0,0.0,2.4
2024-11-20 10:00:00,10.0,0.0,10.0,3.0
2024-11-20 11:00:00,74.0,46.7,66.0,3.6
2024-11-20 12:00:00,127.0,81.3,106.0,4.0
2024-11-20 13:00:00,121.0,71.0,99.0,4.0
2024-11-20 14:00:00,129.0,28.0,120.0,3.8
2024-11-20 15:00:00,28.0,3.4,27.0,1.8
2024-11-20 16:00:00,35.0,0.0,35.0,1.5
2024-11-20 17:00:00,11.0,0.0,11.0,1.5
2024-11-20 18:00:00,5.0,0.0,5.0,2.7
2024-11-20 19:00:00,0.0,0.0,0.0,2.2
2024-11-20 20:00:00,0.0,0.0,0.0,1.6
2024-11-20 21:00:00,0.0,0.0,0.0,1.3
2024-11-20 22:00:00,0.0,0.0,0.0,1.4
2024-11-20 23:00:00,0.0,0.0,0.0,1.0
2024-11-21 00:00:00,0.0,0.0,0.0,0.8
2024-11-21 01:00:00,0.0,0.0,0.0,1.3
2024-11-21 02:00:00,0.0,0.0,0.0,0.9
2024-11-21 03:00:00,0.0,0.0,0.0,0.8
2024-11-21 04:00:00,0.0,0.0,0.0,0.5
2024-11-21 05:00:00,0.0,0.0,0.0,0.9
2024-11-21 06:00:00,0.0,0.0,0.0,0.9
2024-11-21 07:00:00,0.0,0.0,0.0,0.9
2024-11-21 08:00:00,0.0,0.0,0.0,0.6
2024-11-21 09:00:00,0.0,0.0,0.0,0.1
2024-11-21 10:00:00,28.0,126.5,19.0,0.3
2024-11-21 11:00:00,91.0,83.7,77.0,1.0
2024-11-21 12:00:00,146.0,133.7,112.0,1.9
2024-11-21 13:00:00,203.0,219.1,136.0,2.3
2024-11-21 14:00:00,238.0,336.2,131.0,2.8
2024-11-21 15:00:00,170.0,137.6,130.0,2.2
2024-11-21 16:00:00,135.0,159.8,99.0,2.1
2024-11-21 17:00:00,61.0,55.5,54.0,1.6
2024-11-21 18:00:00,8.0,19.1,7.0,0.7
2024-11-21 19:00:00,0.0,0.0,0.0,0.1
2024-11-21 20:00:00,0.0,0.0,0.0,-0.2
2024-11-21 21:00:00,0.0,0.0,0.0,-0.5
2024-11-21 22:00:00,0.0,0.0,0.0,-0.7
2024-11-21 23:00:00,0.0,0.0,0.0,-0.9
2024-11-22 00:00:00,0.0,0.0,0.0,-1.1
2024-11-22 01:00:00,0.0,0.0,0.0,-1.0
2024-11-22 02:00:00,0.0,0.0,0.0,-1.0
2024-11-22 03:00:00,0.0,0.0,0.0,-0.6
2024-11-22 04:00:00,0.0,0.0,0.0,-0.4
2024-11-22 05:00:00,0.0,0.0,0.0,-0.1
2024-11-22 06:00:00,0.0,0.0,0.0,-0.2
2024-11-22 07:00:00,0.0,0.0,0.0,0.4
2024-11-22 08:00:00,0.0,0.0,0.0,0.3
2024-11-22 09:00:00,0.0,0.0,0.0,0.1
2024-11-22 10:00:00,22.0,115.7,14.0,0.4
2024-11-22 11:00:00,108.0,348.6,51.0,1.2
2024-11-22 12:00:00,200.0,502.8,74.0,2.5
2024-11-22 13:00:00,257.0,602.3,75.0,3.2
2024-11-22 14:00:00,284.0,673.5,72.0,3.7
2024-11-22 15:00:00,115.0,7.0,113.0,3.3
2024-11-22 16:00:00,138.0,265.5,79.0,3.3
2024-11-22 17:00:00,65.0,81.1,55.0,3.4
2024-11-22 18:00:00,5.0,0.0,5.0,2.9
2024-11-22 19:00:00,0.0,0.0,0.0,2.5
2024-11-22 20:00:00,0.0,0.0,0.0,2.6
2024-11-22 21:00:00,0.0,0.0,0.0,2.5
2024-11-22 22:00:00,0.0,0.0,0.0,2.4
2024-11-22 23:00:00,0.0,0.0,0.0,1.8
2024-11-23 00:00:00,0.0,0.0,0.0,1.4
2024-11-23 01:00:00,0.0,0.0,0.0,1.1
2024-11-23 02:00:00,0.0,0.0,0.0,1.3
2024-11-23 03:00:00,0.0,0.0,0.0,1.5
2024-11-23 04:00:00,0.0,0.0,0.0,1.1
2024-11-23 05:00:00,0.0,0.0,0.0,1.0
2024-11-23 06:00:00,0.0,0.0,0.0,0.9
2024-11-23 07:00:00,0.0,0.0,0.0,0.8
2024-11-23 08:00:00,0.0,0.0,0.0,0.9
2024-11-23 09:00:00,0.0,0.0,0.0,0.9
2024-11-23 10:00:00,17.0,0.0,17.0,1.4
2024-11-23 11:00:00,65.0,6.3,64.0,2.5
2024-11-23 12:00:00,98.0,8.1,96.0,3.8
2024-11-23 13:00:00,113.0,6.7,111.0,4.8
2024-11-23 14:00:00,106.0,9.6,103.0,4.6
2024-11-23 15:00:00,85.0,3.5,84.0,5.2
2024-11-23 16:00:00,30.0,0.0,30.0,5.1
2024-11-23 17:00:00,33.0,0.0,33.0,5.6
2024-11-23 18:00:00,2.0,0.0,2.0,5.7
2024-11-23 19:00:00,0.0,0.0,0.0,5.8
2024-11-23 20:00:00,0.0,0.0,0.0,5.9
2024-11-23 21:00:00,0.0,0.0,0.0,6.1
2024-11-23 22:00:00,0.0,0.0,0.0,6.3
2024-11-23 23:00:00,0.0,0.0,0.0,5.9
2024-11-24 00:00:00,0.0,0.0,0.0,6.7
2024-11-24 01:00:00,0.0,0.0,0.0,9.2
2024-11-24 02:00:00,0.0,0.0,0.0,9.6
2024-11-24 03:00:00,0.0,0.0,0.0,9.0
2024-11-24 04:00:00,0.0,0.0,0.0,9.0
2024-11-24 05:00:00,0.0,0.0,0.0,8.7
2024-11-24 06:00:00,0.0,0.0,0.0,8.8
2024-11-24 07:00:00,0.0,0.0,0.0,10.1
2024-11-24 08:00:00,0.0,0.0,0.0,11.6
2024-11-24 09:00:00,0.0,0.0,0.0,12.0
2024-11-24 10:00:00,11.0,0.0,11.0,12.4
2024-11-24 11:00:00,78.0,76.8,66.0,13.3
2024-11-24 12:00:00,112.0,32.9,104.0,14.4
2024-11-24 13:00:00,119.0,44.0,106.0,15.3
2024-11-24 14:00:00,210.0,279.2,124.0,16.5
2024-11-24 15:00:00,177.0,195.6,122.0,17.2
2024-11-24 16:00:00,141.0,254.1,86.0,17.1
2024-11-24 17:00:00,60.0,93.1,49.0,16.7
2024-11-24 18:00:00,6.0,19.1,5.0,15.9
2024-11-24 19:00:00,0.0,0.0,0.0,15.8
2024-11-24 20:00:00,0.0,0.0,0.0,15.9
2024-11-24 21:00:00,0.0,0.0,0.0,15.8
2024-11-24 22:00:00,0.0,0.0,0.0,15.5
2024-11-24 23:00:00,0.0,0.0,0.0,14.5
2024-11-25 00:00:00,0.0,0.0,0.0,14.3
2024-11-25 01:00:00,0.0,0.0,0.0,14.0
2024-11-25 02:00:00,0.0,0.0,0.0,14.0
2024-11-25 03:00:00,0.0,0.0,0.0,14.5
2024-11-25 04:00:00,0.0,0.0,0.0,14.5
2024-11-25 05:00:00,0.0,0.0,0.0,14.4
2024-11-25 06:00:00,0.0,0.0,0.0,14.2
2024-11-25 07:00:00,0.0,0.0,0.0,14.4
2024-11-25 08:00:00,0.0,0.0,0.0,14.5
2024-11-25 09:00:00,0.0,0.0,0.0,14.6
2024-11-25 10:00:00,12.0,31.6,10.0,14.7
2024-11-25 11:00:00,20.0,0.0,20.0,15.0
2024-11-25 12:00:00,20.0,0.0,20.0,15.2
2024-11-25 13:00:00,23.0,0.0,23.0,15.7
2024-11-25 14:00:00,42.0,19.7,36.0,16.2
2024-11-25 15:00:00,20.0,0.0,20.0,17.1
2024-11-25 16:00:00,10.0,0.0,10.0,14.5
2024-11-25 17:00:00,5.0,0.0,5.0,12.0
2024-11-25 18:00:00,1.0,0.0,1.0,10.9
2024-11-25 19:00:00,0.0,0.0,0.0,10.5
2024-11-25 20:00:00,0.0,0.0,0.0,10.0
2024-11-25 21:00:00,0.0,0.0,0.0,9.6
2024-11-25 22:00:00,0.0,0.0,0.0,9.3
2024-11-25 23:00:00,0.0,0.0,0.0,9.1
2024-11-26 00:00:00,0.0,0.0,0.0,8.7
2024-11-26 01:00:00,0.0,0.0,0.0,8.6
2024-11-26 02:00:00,0.0,0.0,0.0,8.5
2024-11-26 03:00:00,0.0,0.0,0.0,8.6
2024-11-26 04:00:00,0.0,0.0,0.0,8.4
2024-11-26 05:00:00,0.0,0.0,0.0,8.0
2024-11-26 06:00:00,0.0,0.0,0.0,7.8
2024-11-26 07:00:00,0.0,0.0,0.0,7.9
2024-11-26 08:00:00,0.0,0.0,0.0,7.9
2024-11-26 09:00:00,0.0,0.0,0.0,7.8
2024-11-26 10:00:00,15.0,48.8,12.0,7.8
2024-11-26 11:00:00,95.0,348.4,43.0,8.2
2024-11-26 12:00:00,186.0,558.1,54.0,8.9
2024-11-26 13:00:00,255.0,675.8,60.0,9.9
2024-11-26 14:00:00,265.0,669.2,63.0,10.7
2024-11-26 15:00:00,222.0,544.5,72.0,11.3
2024-11-26 16:00:00,160.0,497.1,55.0,10.8
2024-11-26 17:00:00,74.0,343.6,35.0,9.7
2024-11-26 18:00:00,5.0,19.1,4.0,8.8
2024-11-26 19:00:00,0.0,0.0,0.0,7.8
2024-11-26 20:00:00,0.0,0.0,0.0,7.5
2024-11-26 21:00:00,0.0,0.0,0.0,7.0
2024-11-26 22:00:00,0.0,0.0,0.0,7.1
2024-11-26 23:00:00,0.0,0.0,0.0,6.5
2024-11-27 00:00:00,0.0,0.0,0.0,6.2
2024-11-27 01:00:00,0.0,0.0,0.0,6.0
2024-11-27 02:00:00,0.0,0.0,0.0,5.7
2024-11-27 03:00:00,0.0,0.0,0.0,5.8
2024-11-27 04:00:00,0.0,0.0,0.0,5.8
2024-11-27 05:00:00,0.0,0.0,0.0,5.9
2024-11-27 06:00:00,0.0,0.0,0.0,6.0
2024-11-27 07:00:00,0.0,0.0,0.0,6.3
2024-11-27 08:00:00,0.0,0.0,0.0,6.4
2024-11-27 09:00:00,0.0,0.0,0.0,6.5
2024-11-27 10:00:00,3.0,0.0,3.0,6.9
2024-11-27 11:00:00,19.0,0.0,19.0,7.6
2024-11-27 12:00:00,45.0,42.9,35.0,8.6
2024-11-27 13:00:00,42.0,3.5,41.0,9.2
2024-11-27 14:00:00,85.0,36.8,74.0,10.1
2024-11-27 15:00:00,132.0,110.0,102.0,11.2
2024-11-27 16:00:00,31.0,0.0,31.0,11.7
2024-11-27 17:00:00,14.0,0.0,14.0,11.8
2024-11-27 18:00:00,1.0,0.0,1.0,11.1
2024-11-27 19:00:00,0.0,0.0,0.0,11.2
2024-11-27 20:00:00,0.0,0.0,0.0,11.3
2024-11-27 21:00:00,0.0,0.0,0.0,8.4
2024-11-27 22:00:00,0.0,0.0,0.0,7.8
2024-11-27 23:00:00,0.0,0.0,0.0,7.7
2024-11-28 00:00:00,0.0,0.0,0.0,7.5
2024-11-28 01:00:00,0.0,0.0,0.0,7.1
2024-11-28 02:00:00,0.0,0.0,0.0,6.8
2024-11-28 03:00:00,0.0,0.0,0.0,6.4
2024-11-28 04:00:00,0.0,0.0,0.0,6.4
2024-11-28 05:00:00,0.0,0.0,0.0,6.7
2024-11-28 06:00:00,0.0,0.0,0.0,6.3
2024-11-28 07:00:00,0.0,0.0,0.0,6.2
2024-11-28 08:00:00,0.0,0.0,0.0,5.9
2024-11-28 09:00:00,0.0,0.0,0.0,5.5
2024-11-28 10:00:00,17.0,120.6,10.0,5.6
2024-11-28 11:00:00,99.0,406.4,41.0,6.6
2024-11-28 12:00:00,165.0,434.5,65.0,7.8
2024-11-28 13:00:00,198.0,410.7,82.0,8.3
2024-11-28 14:00:00,223.0,472.7,83.0,8.7
2024-11-28 15:00:00,183.0,421.8,69.0,8.5
2024-11-28 16:00:00,131.0,343.7,60.0,8.4
2024-11-28 17:00:00,66.0,319.9,31.0,7.7
2024-11-28 18:00:00,5.0,19.1,4.0,6.7
2024-11-28 19:00:00,0.0,0.0,0.0,6.2
2024-11-28 20:00:00,0.0,0.0,0.0,5.6
2024-11-28 21:00:00,0.0,0.0,0.0,5.0
2024-11-28 22:00:00,0.0,0.0,0.0,4.5
2024-11-28 23:00:00,0.0,0.0,0.0,4.1
2024-11-29 00:00:00,0.0,0.0,0.0,3.6
2024-11-29 01:00:00,0.0,0.0,0.0,2.7
2024-11-29 02:00:00,0.0,0.0,0.0,2.5
2024-11-29 03:00:00,0.0,0.0,0.0,3.3
2024-11-29 04:00:00,0.0,0.0,0.0,3.1
2024-11-29 05:00:00,0.0,0.0,0.0,2.6
2024-11-29 06:00:00,0.0,0.0,0.0,2.3
2024-11-29 07:00:00,0.0,0.0,0.0,1.7
2024-11-29 08:00:00,0.0,0.0,0.0,1.2
2024-11-29 09:00:00,0.0,0.0,0.0,1.6
2024-11-29 10:00:00,14.0,88.7,9.0,1.8
2024-11-29 11:00:00,78.0,200.6,50.0,2.4
2024-11-29 12:00:00,136.0,237.8,82.0,3.5
2024-11-29 13:00:00,173.0,264.7,99.0,4.4
2024-11-29 14:00:00,200.0,323.7,105.0,5.1
2024-11-29 15:00:00,216.0,511.5,79.0,6.1
2024-11-29 16:00:00,152.0,420.7,66.0,6.2
2024-11-29 17:00:00,75.0,399.8,32.0,5.4
2024-11-29 18:00:00,5.0,38.2,3.0,4.5
2024-11-29 19:00:00,0.0,0.0,0.0,4.1
2024-11-29 20:00:00,0.0,0.0,0.0,3.7
2024-11-29 21:00:00,0.0,0.0,0.0,3.3
2024-11-29 22:00:00,0.0,0.0,0.0,2.9
2024-11-29 23:00:00,0.0,0.0,0.0,2.5
2024-11-30 00:00:00,0.0,0.0,0.0,2.5
2024-11-30 01:00:00,0.0,0.0,0.0,2.6
2024-11-30 02:00:00,0.0,0.0,0.0,2.6
2024-11-30 03:00:00,0.0,0.0,0.0,2.8
2024-11-30 04:00:00,0.0,0.0,0.0,2.5
2024-11-30 05:00:00,0.0,0.0,0.0,2.2
2024-11-30 06:00:00,0.0,0.0,0.0,2.0
2024-11-30 07:00:00,0.0,0.0,0.0,1.8
2024-11-30 08:00:00,0.0,0.0,0.0,1.4
2024-11-30 09:00:00,0.0,0.0,0.0,1.3
2024-11-30 10:00:00,17.0,146.2,9.0,1.5
2024-11-30 11:00:00,107.0,527.4,35.0,2.4
2024-11-30 12:00:00,199.0,664.8,50.0,3.5
2024-11-30 13:00:00,257.0,726.2,56.0,4.8
2024-11-30 14:00:00,273.0,746.0,56.0,5.9
2024-11-30 15:00:00,243.0,719.3,52.0,6.4
2024-11-30 16:00:00,171.0,622.5,45.0,6.3
2024-11-30 17:00:00,75.0,444.2,28.0,5.4
2024-11-30 18:00:00,5.0,38.2,3.0,4.5
2024-11-30 19:00:00,0.0,0.0,0.0,4.0
2024-11-30 20:00:00,0.0,0.0,0.0,3.4
2024-11-30 21:00:00,0.0,0.0,0.0,2.9
2024-11-30 22:00:00,0.0,0.0,0.0,2.4
2024-11-30 23:00:00,0.0,0.0,0.0,2.0
2024-12-01 00:00:00,0.0,0.0,0.0,1.8
2024-12-01 01:00:00,0.0,0.0,0.0,1.6
2024-12-01 02:00:00,0.0,0.0,0.0,1.5
2024-12-01 03:00:00,0.0,0.0,0.0,1.7
2024-12-01 04:00:00,0.0,0.0,0.0,1.5
2024-12-01 05:00:00,0.0,0.0,0.0,1.3
2024-12-01 06:00:00,0.0,0.0,0.0,1.3
2024-12-01 07:00:00,0.0,0.0,0.0,1.2
2024-12-01 08:00:00,0.0,0.0,0.0,1.1
2024-12-01 09:00:00,0.0,0.0,0.0,1.1
2024-12-01 10:00:00,15.0,131.8,8.0,1.4
2024-12-01 11:00:00,101.0,501.8,34.0,2.5
2024-12-01 12:00:00,193.0,655.5,48.0,4.0
2024-12-01 13:00:00,252.0,722.5,54.0,4.8
2024-12-01 14:00:00,266.0,724.7,57.0,5.7
2024-12-01 15:00:00,236.0,683.6,56.0,6.2
2024-12-01 16:00:00,159.0,523.7,54.0,5.9
2024-12-01 17:00:00,69.0,374.3,30.0,5.2
2024-12-01 18:00:00,4.0,19.1,3.0,4.4
2024-12-01 19:00:00,0.0,0.0,0.0,4.3
2024-12-01 20:00:00,0.0,0.0,0.0,4.2
2024-12-01 21:00:00,0.0,0.0,0.0,4.6
2024-12-01 22:00:00,0.0,0.0,0.0,4.4
2024-12-01 23:00:00,0.0,0.0,0.0,4.8
2024-12-02 00:00:00,0.0,0.0,0.0,5.4
2024-12-02 01:00:00,0.0,0.0,0.0,5.6
2024-12-02 02:00:00,0.0,0.0,0.0,5.9
2024-12-02 03:00:00,0.0,0.0,0.0,5.4
2024-12-02 04:00:00,0.0,0.0,0.0,6.4
2024-12-02 05:00:00,0.0,0.0,0.0,6.9
2024-12-02 06:00:00,0.0,0.0,0.0,7.0
2024-12-02 07:00:00,0.0,0.0,0.0,7.2
2024-12-02 08:00:00,0.0,0.0,0.0,7.5
2024-12-02 09:00:00,0.0,0.0,0.0,7.9
2024-12-02 10:00:00,3.0,0.0,3.0,8.2
2024-12-02 11:00:00,24.0,0.0,24.0,8.7
2024-12-02 12:00:00,48.0,9.2,46.0,9.4
2024-12-02 13:00:00,74.0,0.0,74.0,10.2
2024-12-02 14:00:00,161.0,283.2,80.0,11.6
2024-12-02 15:00:00,146.0,306.3,66.0,10.9
2024-12-02 16:00:00,123.0,337.2,56.0,10.9
2024-12-02 17:00:00,51.0,204.5,30.0,9.8
2024-12-02 18:00:00,3.0,19.1,2.0,9.0
2024-12-02 19:00:00,0.0,0.0,0.0,8.4
2024-12-02 20:00:00,0.0,0.0,0.0,7.7
2024-12-02 21:00:00,0.0,0.0,0.0,7.3
2024-12-02 22:00:00,0.0,0.0,0.0,6.8
2024-12-02 23:00:00,0.0,0.0,0.0,6.7
2024-12-03 00:00:00,0.0,0.0,0.0,7.2
2024-12-03 01:00:00,0.0,0.0,0.0,7.0
2024-12-03 02:00:00,0.0,0.0,0.0,7.1
2024-12-03 03:00:00,0.0,0.0,0.0,6.4
2024-12-03 04:00:00,0.0,0.0,0.0,6.1
2024-12-03 05:00:00,0.0,0.0,0.0,5.9
2024-12-03 06:00:00,0.0,0.0,0.0,6.5
2024-12-03 07:00:00,0.0,0.0,0.0,6.7
2024-12-03 08:00:00,0.0,0.0,0.0,6.7
2024-12-03 09:00:00,0.0,0.0,0.0,6.5
2024-12-03 10:00:00,2.0,0.0,2.0,6.6
2024-12-03 11:00:00,45.0,86.1,34.0,6.6
2024-12-03 12:00:00,113.0,111.3,89.0,6.9
2024-12-03 13:00:00,134.0,148.8,94.0,7.3
2024-12-03 14:00:00,199.0,444.1,73.0,6.8
2024-12-03 15:00:00,123.0,185.2,75.0,6.5
2024-12-03 16:00:00,139.0,426.4,55.0,6.5
2024-12-03 17:00:00,64.0,345.4,29.0,5.6
2024-12-03 18:00:00,3.0,19.1,2.0,4.7
2024-12-03 19:00:00,0.0,0.0,0.0,4.1
2024-12-03 20:00:00,0.0,0.0,0.0,3.6
2024-12-03 21:00:00,0.0,0.0,0.0,3.0
2024-12-03 22:00:00,0.0,0.0,0.0,2.6
2024-12-03 23:00:00,0.0,0.0,0.0,2.4
2024-12-04 00:00:00,0.0,0.0,0.0,2.2
2024-12-04 01:00:00,0.0,0.0,0.0,2.2
2024-12-04 02:00:00,0.0,0.0,0.0,2.9
2024-12-04 03:00:00,0.0,0.0,0.0,3.5
2024-12-04 04:00:00,0.0,0.0,0.0,2.9
2024-12-04 05:00:00,0.0,0.0,0.0,2.4
2024-12-04 06:00:00,0.0,0.0,0.0,2.0
2024-12-04 07:00:00,0.0,0.0,0.0,1.8
2024-12-04 08:00:00,0.0,0.0,0.0,1.4
2024-12-04 09:00:00,0.0,0.0,0.0,1.3
2024-12-04 10:00:00,10.0,76.4,6.0,1.5
2024-12-04 11:00:00,71.0,160.1,51.0,2.8
2024-12-04 12:00:00,126.0,244.1,74.0,3.9
2024-12-04 13:00:00,115.0,123.9,82.0,4.3
2024-12-04 14:00:00,41.0,0.0,41.0,4.0
2024-12-04 15:00:00,32.0,0.0,32.0,4.8
2024-12-04 16:00:00,31.0,0.0,31.0,4.8
2024-12-04 17:00:00,32.0,50.0,27.0,4.2
2024-12-04 18:00:00,1.0,0.0,1.0,4.3
2024-12-04 19:00:00,0.0,0.0,0.0,3.9
2024-12-04 20:00:00,0.0,0.0,0.0,4.1
2024-12-04 21:00:00,0.0,0.0,0.0,4.3
2024-12-04 22:00:00,0.0,0.0,0.0,4.1
2024-12-04 23:00:00,0.0,0.0,0.0,3.6
2024-12-05 00:00:00,0.0,0.0,0.0,3.0
2024-12-05 01:00:00,0.0,0.0,0.0,2.4
2024-12-05 02:00:00,0.0,0.0,0.0,2.0
2024-12-05 03:00:00,0.0,0.0,0.0,3.1
2024-12-05 04:00:00,0.0,0.0,0.0,2.9
2024-12-05 05:00:00,0.0,0.0,0.0,3.0
2024-12-05 06:00:00,0.0,0.0,0.0,3.2
2024-12-05 07:00:00,0.0,0.0,0.0,3.5
2024-12-05 08:00:00,0.0,0.0,0.0,3.5
2024-12-05 09:00:00,0.0,0.0,0.0,3.7
2024-12-05 10:00:00,4.0,0.0,4.0,4.2
2024-12-05 11:00:00,33.0,8.2,32.0,4.9
2024-12-05 12:00:00,66.0,9.5,64.0,5.4
2024-12-05 13:00:00,50.0,0.0,50.0,4.8
2024-12-05 14:00:00,33.0,0.0,33.0,4.7
2024-12-05 15:00:00,28.0,11.7,25.0,4.6
2024-12-05 16:00:00,15.0,0.0,15.0,4.4
2024-12-05 17:00:00,8.0,0.0,8.0,4.6
2024-12-05 18:00:00,0.0,0.0,0.0,4.8
2024-12-05 19:00:00,0.0,0.0,0.0,4.9
2024-12-05 20:00:00,0.0,0.0,0.0,5.1
2024-12-05 21:00:00,0.0,0.0,0.0,5.8
2024-12-05 22:00:00,0.0,0.0,0.0,6.2
2024-12-05 23:00:00,0.0,0.0,0.0,6.7
2024-12-06 00:00:00,0.0,0.0,0.0,7.5
2024-12-06 01:00:00,0.0,0.0,0.0,7.6
2024-12-06 02:00:00,0.0,0.0,0.0,8.1
2024-12-06 03:00:00,0.0,0.0,0.0,8.3
2024-12-06 04:00:00,0.0,0.0,0.0,9.4
2024-12-06 05:00:00,0.0,0.0,0.0,7.8
2024-12-06 06:00:00,0.0,0.0,0.0,7.1
2024-12-06 07:00:00,0.0,0.0,0.0,7.2
2024-12-06 08:00:00,0.0,0.0,0.0,7.3
2024-12-06 09:00:00,0.0,0.0,0.0,7.9
2024-12-06 10:00:00,3.0,0.0,3.0,8.2
2024-12-06 11:00:00,25.0,0.0,25.0,8.3
2024-12-06 12:00:00,50.0,67.3,36.0,8.4
2024-12-06 13:00:00,47.0,0.0,47.0,8.5
2024-12-06 14:00:00,76.0,82.9,53.0,8.5
2024-12-06 15:00:00,39.0,3.9,38.0,8.1
2024-12-06 16:00:00,28.0,5.2,27.0,8.2
2024-12-06 17:00:00,13.0,0.0,13.0,8.4
2024-12-06 18:00:00,1.0,0.0,1.0,8.1
2024-12-06 19:00:00,0.0,0.0,0.0,7.9
2024-12-06 20:00:00,0.0,0.0,0.0,7.6
2024-12-06 21:00:00,0.0,0.0,0.0,7.1
2024-12-06 22:00:00,0.0,0.0,0.0,5.8
2024-12-06 23:00:00,0.0,0.0,0.0,5.0
2024-12-07 00:00:00,0.0,0.0,0.0,4.3
2024-12-07 01:00:00,0.0,0.0,0.0,4.0
2024-12-07 02:00:00,0.0,0.0,0.0,4.1
2024-12-07 03:00:00,0.0,0.0,0.0,5.1
2024-12-07 04:00:00,0.0,0.0,0.0,5.2
2024-12-07 05:00:00,0.0,0.0,0.0,5.9
2024-12-07 06:00:00,0.0,0.0,0.0,6.3
2024-12-07 07:00:00,0.0,0.0,0.0,7.0
2024-12-07 08:00:00,0.0,0.0,0.0,7.0
2024-12-07 09:00:00,0.0,0.0,0.0,6.9
2024-12-07 10:00:00,1.0,0.0,1.0,6.5
2024-12-07 11:00:00,7.0,0.0,7.0,7.0
2024-12-07 12:00:00,53.0,48.6,43.0,7.7
2024-12-07 13:00:00,151.0,284.9,77.0,8.8
2024-12-07 14:00:00,124.0,112.4,93.0,9.7
2024-12-07 15:00:00,167.0,344.7,80.0,10.2
2024-12-07 16:00:00,109.0,245.5,62.0,9.5
2024-12-07 17:00:00,55.0,268.0,29.0,9.2
2024-12-07 18:00:00,3.0,19.1,2.0,8.4
2024-12-07 19:00:00,0.0,0.0,0.0,7.9
2024-12-07 20:00:00,0.0,0.0,0.0,7.4
2024-12-07 21:00:00,0.0,0.0,0.0,7.2
2024-12-07 22:00:00,0.0,0.0,0.0,6.8
2024-12-07 23:00:00,0.0,0.0,0.0,6.4
2024-12-08 00:00:00,0.0,0.0,0.0,6.3
2024-12-08 01:00:00,0.0,0.0,0.0,5.9
2024-12-08 02:00:00,0.0,0.0,0.0,5.4
2024-12-08 03:00:00,0.0,0.0,0.0,6.1
2024-12-08 04:00:00,0.0,0.0,0.0,5.9
2024-12-08 05:00:00,0.0,0.0,0.0,5.9
2024-12-08 06:00:00,0.0,0.0,0.0,5.7
2024-12-08 07:00:00,0.0,0.0,0.0,5.4
2024-12-08 08:00:00,0.0,0.0,0.0,5.7
2024-12-08 09:00:00,0.0,0.0,0.0,5.8
2024-12-08 10:00:00,3.0,0.0,3.0,6.0
2024-12-08 11:00:00,37.0,43.6,32.0,6.5
2024-12-08 12:00:00,74.0,34.4,67.0,7.0
2024-12-08 13:00:00,125.0,116.4,95.0,7.5
2024-12-08 14:00:00,146.0,186.2,95.0,8.0
2024-12-08 15:00:00,118.0,83.7,97.0,8.2
2024-12-08 16:00:00,77.0,26.3,72.0,8.0
2024-12-08 17:00:00,48.0,135.1,35.0,7.1
2024-12-08 18:00:00,3.0,0.0,3.0,6.1
2024-12-08 19:00:00,0.0,0.0,0.0,5.9
2024-12-08 20:00:00,0.0,0.0,0.0,5.3
2024-12-08 21:00:00,0.0,0.0,0.0,4.6
2024-12-08 22:00:00,0.0,0.0,0.0,4.8
2024-12-08 23:00:00,0.0,0.0,0.0,5.0
2024-12-09 00:00:00,0.0,0.0,0.0,5.5
2024-12-09 01:00:00,0.0,0.0,0.0,5.7
2024-12-09 02:00:00,0.0,0.0,0.0,5.6
2024-12-09 03:00:00,0.0,0.0,0.0,5.7
2024-12-09 04:00:00,0.0,0.0,0.0,5.2
2024-12-09 05:00:00,0.0,0.0,0.0,5.0
2024-12-09 06:00:00,0.0,0.0,0.0,4.8
2024-12-09 07:00:00,0.0,0.0,0.0,4.9
2024-12-09 08:00:00,0.0,0.0,0.0,4.9
2024-12-09 09:00:00,0.0,0.0,0.0,4.8
2024-12-09 10:00:00,1.0,0.0,1.0,5.0
2024-12-09 11:00:00,11.0,0.0,11.0,5.0
2024-12-09 12:00:00,22.0,0.0,22.0,5.0
2024-12-09 13:00:00,45.0,0.0,45.0,5.1
2024-12-09 14:00:00,57.0,3.7,56.0,5.4
2024-12-09 15:00:00,66.0,24.0,60.0,5.9
2024-12-09 16:00:00,83.0,89.8,66.0,6.0
2024-12-09 17:00:00,26.0,0.0,26.0,5.5
2024-12-09 18:00:00,1.0,0.0,1.0,5.1
2024-12-09 19:00:00,0.0,0.0,0.0,5.0
2024-12-09 20:00:00,0.0,0.0,0.0,5.0
2024-12-09 21:00:00,0.0,0.0,0.0,5.1
2024-12-09 22:00:00,0.0,0.0,0.0,5.1
2024-12-09 23:00:00,0.0,0.0,0.0,5.3
2024-12-10 00:00:00,0.0,0.0,0.0,5.3
2024-12-10 01:00:00,0.0,0.0,0.0,5.4
2024-12-10 02:00:00,0.0,0.0,0.0,5.3
2024-12-10 03:00:00,0.0,0.0,0.0,5.4
2024-12-10 04:00:00,0.0,0.0,0.0,5.4
2024-12-10 05:00:00,0.0,0.0,0.0,5.3
2024-12-10 06:00:00,0.0,0.0,0.0,5.2
2024-12-10 07:00:00,0.0,0.0,0.0,5.0
2024-12-10 08:00:00,0.0,0.0,0.0,4.9
2024-12-10 09:00:00,0.0,0.0,0.0,4.8
2024-12-10 10:00:00,3.0,0.0,3.0,4.7
2024-12-10 11:00:00,33.0,9.1,32.0,5.1
2024-12-10 12:00:00,56.0,20.1,52.0,5.4
2024-12-10 13:00:00,63.0,15.7,59.0,5.5
2024-12-10 14:00:00,67.0,22.2,61.0,5.5
2024-12-10 15:00:00,97.0,68.4,80.0,5.8
2024-12-10 16:00:00,37.0,10.6,35.0,5.5
2024-12-10 17:00:00,18.0,0.0,18.0,5.3
2024-12-10 18:00:00,1.0,0.0,1.0,4.9
2024-12-10 19:00:00,0.0,0.0,0.0,4.7
2024-12-10 20:00:00,0.0,0.0,0.0,4.6
2024-12-10 21:00:00,0.0,0.0,0.0,4.5
2024-12-10 22:00:00,0.0,0.0,0.0,4.2
2024-12-10 23:00:00,0.0,0.0,0.0,4.1
2024-12-11 00:00:00,0.0,0.0,0.0,3.9
2024-12-11 01:00:00,0.0,0.0,0.0,3.8
2024-12-11 02:00:00,0.0,0.0,0.0,3.6
2024-12-11 03:00:00,0.0,0.0,0.0,4.0
2024-12-11 04:00:00,0.0,0.0,0.0,3.8
2024-12-11 05:00:00,0.0,0.0,0.0,3.5
2024-12-11 06:00:00,0.0,0.0,0.0,3.0
2024-12-11 07:00:00,0.0,0.0,0.0,2.5
2024-12-11 08:00:00,0.0,0.0,0.0,2.3
2024-12-11 09:00:00,0.0,0.0,0.0,1.9
2024-12-11 10:00:00,5.0,19.1,4.0,1.8
2024-12-11 11:00:00,64.0,259.4,36.0,2.3
2024-12-11 12:00:00,133.0,324.4,69.0,2.8
2024-12-11 13:00:00,150.0,225.9,93.0,3.3
2024-12-11 14:00:00,145.0,159.6,102.0,3.7
2024-12-11 15:00:00,88.0,16.2,84.0,3.9
2024-12-11 16:00:00,73.0,37.3,66.0,3.9
2024-12-11 17:00:00,28.0,0.0,28.0,3.7
2024-12-11 18:00:00,1.0,0.0,1.0,3.3
2024-12-11 19:00:00,0.0,0.0,0.0,3.1
2024-12-11 20:00:00,0.0,0.0,0.0,3.0
2024-12-11 21:00:00,0.0,0.0,0.0,2.5
2024-12-11 22:00:00,0.0,0.0,0.0,2.4
2024-12-11 23:00:00,0.0,0.0,0.0,2.1
2024-12-12 00:00:00,0.0,0.0,0.0,1.6
2024-12-12 01:00:00,0.0,0.0,0.0,1.1
2024-12-12 02:00:00,0.0,0.0,0.0,0.8
2024-12-12 03:00:00,0.0,0.0,0.0,1.8
2024-12-12 04:00:00,0.0,0.0,0.0,2.1
2024-12-12 05:00:00,0.0,0.0,0.0,1.7
2024-12-12 06:00:00,0.0,0.0,0.0,1.6
2024-12-12 07:00:00,0.0,0.0,0.0,1.6
2024-12-12 08:00:00,0.0,0.0,0.0,1.6
2024-12-12 09:00:00,0.0,0.0,0.0,1.8
2024-12-12 10:00:00,2.0,0.0,2.0,1.9
2024-12-12 11:00:00,23.0,9.4,22.0,2.2
2024-12-12 12:00:00,40.0,0.0,40.0,2.4
2024-12-12 13:00:00,50.0,0.0,50.0,2.5
2024-12-12 14:00:00,58.0,0.0,58.0,2.7
2024-12-12 15:00:00,58.0,16.2,54.0,2.3
2024-12-12 16:00:00,34.0,0.0,34.0,2.3
2024-12-12 17:00:00,18.0,0.0,18.0,2.4
2024-12-12 18:00:00,1.0,0.0,1.0,2.3
2024-12-12 19:00:00,0.0,0.0,0.0,2.5
2024-12-12 20:00:00,0.0,0.0,0.0,2.5
2024-12-12 21:00:00,0.0,0.0,0.0,2.7
2024-12-12 22:00:00,0.0,0.0,0.0,2.8
2024-12-12 23:00:00,0.0,0.0,0.0,2.9
2024-12-13 00:00:00,0.0,0.0,0.0,2.9
2024-12-13 01:00:00,0.0,0.0,0.0,2.8
2024-12-13 02:00:00,0.0,0.0,0.0,2.6
2024-12-13 03:00:00,0.0,0.0,0.0,1.5
2024-12-13 04:00:00,0.0,0.0,0.0,0.5
2024-12-13 05:00:00,0.0,0.0,0.0,-0.3
2024-12-13 06:00:00,0.0,0.0,0.0,-0.8
2024-12-13 07:00:00,0.0,0.0,0.0,-1.0
2024-12-13 08:00:00,0.0,0.0,0.0,-0.9
2024-12-13 09:00:00,0.0,0.0,0.0,-1.0
2024-12-13 10:00:00,5.0,38.2,3.0,-0.8
2024-12-13 11:00:00,71.0,403.6,29.0,0.3
2024-12-13 12:00:00,149.0,485.1,55.0,1.2
2024-12-13 13:00:00,198.0,489.2,76.0,1.9
2024-12-13 14:00:00,200.0,456.7,78.0,2.5
2024-12-13 15:00:00,147.0,268.5,81.0,1.8
2024-12-13 16:00:00,106.0,214.2,66.0,1.8
2024-12-13 17:00:00,41.0,127.5,29.0,1.6
2024-12-13 18:00:00,2.0,0.0,2.0,1.4
2024-12-13 19:00:00,0.0,0.0,0.0,0.9
2024-12-13 20:00:00,0.0,0.0,0.0,0.3
2024-12-13 21:00:00,0.0,0.0,0.0,-0.3
2024-12-13 22:00:00,0.0,0.0,0.0,-0.7
2024-12-13 23:00:00,0.0,0.0,0.0,-1.1
2024-12-14 00:00:00,0.0,0.0,0.0,-1.4
2024-12-14 01:00:00,0.0,0.0,0.0,-1.2
2024-12-14 02:00:00,0.0,0.0,0.0,-0.7
2024-12-14 03:00:00,0.0,0.0,0.0,0.2
2024-12-14 04:00:00,0.0,0.0,0.0,0.7
2024-12-14 05:00:00,0.0,0.0,0.0,1.0
2024-12-14 06:00:00,0.0,0.0,0.0,1.3
2024-12-14 07:00:00,0.0,0.0,0.0,1.3
2024-12-14 08:00:00,0.0,0.0,0.0,1.3
2024-12-14 09:00:00,0.0,0.0,0.0,1.2
2024-12-14 10:00:00,1.0,0.0,1.0,1.3
2024-12-14 11:00:00,14.0,0.0,14.0,1.5
2024-12-14 12:00:00,32.0,0.0,32.0,2.1
2024-12-14 13:00:00,51.0,4.0,50.0,2.4
2024-12-14 14:00:00,53.0,3.8,52.0,2.8
2024-12-14 15:00:00,45.0,0.0,45.0,2.8
2024-12-14 16:00:00,20.0,0.0,20.0,3.0
2024-12-14 17:00:00,13.0,0.0,13.0,3.3
2024-12-14 18:00:00,1.0,0.0,1.0,3.5
2024-12-14 19:00:00,0.0,0.0,0.0,3.6
2024-12-14 20:00:00,0.0,0.0,0.0,3.8
2024-12-14 21:00:00,0.0,0.0,0.0,4.0
2024-12-14 22:00:00,0.0,0.0,0.0,4.2
2024-12-14 23:00:00,0.0,0.0,0.0,4.5
2024-12-15 00:00:00,0.0,0.0,0.0,4.6
2024-12-15 01:00:00,0.0,0.0,0.0,4.5
2024-12-15 02:00:00,0.0,0.0,0.0,4.3
2024-12-15 03:00:00,0.0,0.0,0.0,3.7
2024-12-15 04:00:00,0.0,0.0,0.0,3.1
2024-12-15 05:00:00,0.0,0.0,0.0,3.2
2024-12-15 06:00:00,0.0,0.0,0.0,3.5
2024-12-15 07:00:00,0.0,0.0,0.0,3.6
2024-12-15 08:00:00,0.0,0.0,0.0,3.9
2024-12-15 09:00:00,0.0,0.0,0.0,4.4
2024-12-15 10:00:00,1.0,0.0,1.0,4.7
2024-12-15 11:00:00,23.0,0.0,23.0,5.2
2024-12-15 12:00:00,67.0,52.4,57.0,5.5
2024-12-15 13:00:00,44.0,0.0,44.0,5.9
2024-12-15 14:00:00,56.0,3.8,55.0,6.4
2024-12-15 15:00:00,75.0,4.1,74.0,7.7
2024-12-15 16:00:00,25.0,0.0,25.0,8.0
2024-12-15 17:00:00,14.0,0.0,14.0,8.2
2024-12-15 18:00:00,0.0,0.0,0.0,8.2
2024-12-15 19:00:00,0.0,0.0,0.0,8.4
2024-12-15 20:00:00,0.0,0.0,0.0,8.5
2024-12-15 21:00:00,0.0,0.0,0.0,8.6
2024-12-15 22:00:00,0.0,0.0,0.0,8.9
2024-12-15 23:00:00,0.0,0.0,0.0,9.2
2024-12-16 00:00:00,0.0,0.0,0.0,9.5
2024-12-16 01:00:00,0.0,0.0,0.0,9.7
2024-12-16 02:00:00,0.0,0.0,0.0,9.9
2024-12-16 03:00:00,0.0,0.0,0.0,9.7
2024-12-16 04:00:00,0.0,0.0,0.0,9.8
2024-12-16 05:00:00,0.0,0.0,0.0,9.9
2024-12-16 06:00:00,0.0,0.0,0.0,10.0
2024-12-16 07:00:00,0.0,0.0,0.0,10.1
2024-12-16 08:00:00,0.0,0.0,0.0,10.0
2024-12-16 09:00:00,0.0,0.0,0.0,10.0
2024-12-16 10:00:00,1.0,0.0,1.0,10.2
2024-12-16 11:00:00,25.0,20.2,23.0,10.6
2024-12-16 12:00:00,41.0,10.6,39.0,10.9
2024-12-16 13:00:00,54.0,12.2,51.0,10.8
2024-12-16 14:00:00,46.0,3.8,45.0,10.5
2024-12-16 15:00:00,46.0,0.0,46.0,10.1
2024-12-16 16:00:00,34.0,5.4,33.0,10.0
2024-12-16 17:00:00,13.0,0.0,13.0,9.8
2024-12-16 18:00:00,1.0,0.0,1.0,9.6
2024-12-16 19:00:00,0.0,0.0,0.0,9.3
2024-12-16 20:00:00,0.0,0.0,0.0,9.3
2024-12-16 21:00:00,0.0,0.0,0.0,9.3
2024-12-16 22:00:00,0.0,0.0,0.0,9.2
2024-12-16 23:00:00,0.0,0.0,0.0,9.1
2024-12-17 00:00:00,0.0,0.0,0.0,9.0
2024-12-17 01:00:00,0.0,0.0,0.0,8.9
2024-12-17 02:00:00,0.0,0.0,0.0,8.8
2024-12-17 03:00:00,0.0,0.0,0.0,8.4
2024-12-17 04:00:00,0.0,0.0,0.0,8.0
2024-12-17 05:00:00,0.0,0.0,0.0,7.6
2024-12-17 06:00:00,0.0,0.0,0.0,7.7
2024-12-17 07:00:00,0.0,0.0,0.0,7.7
2024-12-17 08:00:00,0.0,0.0,0.0,7.6
2024-12-17 09:00:00,0.0,0.0,0.0,7.5
2024-12-17 10:00:00,2.0,0.0,2.0,7.4
2024-12-17 11:00:00,27.0,10.2,26.0,7.5
2024-12-17 12:00:00,55.0,31.8,49.0,7.6
2024-12-17 13:00:00,81.0,32.6,73.0,8.2
2024-12-17 14:00:00,84.0,18.9,79.0,8.8
2024-12-17 15:00:00,68.0,12.3,65.0,8.5
2024-12-17 16:00:00,68.0,26.9,63.0,8.6
2024-12-17 17:00:00,25.0,0.0,25.0,8.5
2024-12-17 18:00:00,2.0,0.0,2.0,8.0
2024-12-17 19:00:00,0.0,0.0,0.0,7.7
2024-12-17 20:00:00,0.0,0.0,0.0,7.6
2024-12-17 21:00:00,0.0,0.0,0.0,6.8
2024-12-17 22:00:00,0.0,0.0,0.0,6.8
2024-12-17 23:00:00,0.0,0.0,0.0,6.4
2024-12-18 00:00:00,0.0,0.0,0.0,6.4
2024-12-18 01:00:00,0.0,0.0,0.0,6.7
2024-12-18 02:00:00,0.0,0.0,0.0,6.0
2024-12-18 03:00:00,0.0,0.0,0.0,6.3
2024-12-18 04:00:00,0.0,0.0,0.0,5.8
2024-12-18 05:00:00,0.0,0.0,0.0,5.9
2024-12-18 06:00:00,0.0,0.0,0.0,6.4
2024-12-18 07:00:00,0.0,0.0,0.0,6.6
2024-12-18 08:00:00,0.0,0.0,0.0,6.8
2024-12-18 09:00:00,0.0,0.0,0.0,7.0
2024-12-18 10:00:00,1.0,0.0,1.0,7.9
2024-12-18 11:00:00,41.0,103.5,31.0,9.2
2024-12-18 12:00:00,25.0,0.0,25.0,10.9
2024-12-18 13:00:00,62.0,24.6,56.0,11.7
2024-12-18 14:00:00,103.0,37.9,93.0,11.9
2024-12-18 15:00:00,68.0,0.0,68.0,11.6
2024-12-18 16:00:00,50.0,5.4,49.0,11.8
2024-12-18 17:00:00,13.0,0.0,13.0,11.7
2024-12-18 18:00:00,1.0,0.0,1.0,11.8
2024-12-18 19:00:00,0.0,0.0,0.0,11.8
2024-12-18 20:00:00,0.0,0.0,0.0,12.0
2024-12-18 21:00:00,0.0,0.0,0.0,12.1
2024-12-18 22:00:00,0.0,0.0,0.0,12.1
2024-12-18 23:00:00,0.0,0.0,0.0,12.2
2024-12-19 00:00:00,0.0,0.0,0.0,11.7
2024-12-19 01:00:00,0.0,0.0,0.0,11.0
2024-12-19 02:00:00,0.0,0.0,0.0,11.4
2024-12-19 03:00:00,0.0,0.0,0.0,12.4
2024-12-19 04:00:00,0.0,0.0,0.0,13.0
2024-12-19 05:00:00,0.0,0.0,0.0,12.8
2024-12-19 06:00:00,0.0,0.0,0.0,12.9
2024-12-19 07:00:00,0.0,0.0,0.0,12.6
2024-12-19 08:00:00,0.0,0.0,0.0,12.5
2024-12-19 09:00:00,0.0,0.0,0.0,12.2
2024-12-19 10:00:00,3.0,0.0,3.0,11.5
2024-12-19 11:00:00,44.0,209.5,24.0,11.1
2024-12-19 12:00:00,40.0,5.4,39.0,10.2
2024-12-19 13:00:00,18.0,0.0,18.0,8.5
2024-12-19 14:00:00,20.0,0.0,20.0,7.4
2024-12-19 15:00:00,35.0,0.0,35.0,6.9
2024-12-19 16:00:00,48.0,0.0,48.0,6.3
2024-12-19 17:00:00,11.0,0.0,11.0,5.6
2024-12-19 18:00:00,0.0,0.0,0.0,5.0
2024-12-19 19:00:00,0.0,0.0,0.0,5.1
2024-12-19 20:00:00,0.0,0.0,0.0,4.5
2024-12-19 21:00:00,0.0,0.0,0.0,4.5
2024-12-19 22:00:00,0.0,0.0,0.0,4.3
2024-12-19 23:00:00,0.0,0.0,0.0,3.7
2024-12-20 00:00:00,0.0,0.0,0.0,3.7
2024-12-20 01:00:00,0.0,0.0,0.0,3.2
2024-12-20 02:00:00,0.0,0.0,0.0,3.3
2024-12-20 03:00:00,0.0,0.0,0.0,3.7
2024-12-20 04:00:00,0.0,0.0,0.0,3.6
2024-12-20 05:00:00,0.0,0.0,0.0,3.6
2024-12-20 06:00:00,0.0,0.0,0.0,3.4
2024-12-20 07:00:00,0.0,0.0,0.0,3.1
2024-12-20 08:00:00,0.0,0.0,0.0,2.9
2024-12-20 09:00:00,0.0,0.0,0.0,2.4
2024-12-20 10:00:00,3.0,19.1,2.0,2.2
2024-12-20 11:00:00,57.0,307.0,28.0,2.8
2024-12-20 12:00:00,130.0,425.3,51.0,3.8
2024-12-20 13:00:00,159.0,382.2,66.0,4.5
2024-12-20 14:00:00,167.0,342.0,77.0,4.9
2024-12-20 15:00:00,142.0,225.4,87.0,5.5
2024-12-20 16:00:00,108.0,187.1,73.0,5.4
2024-12-20 17:00:00,48.0,134.9,35.0,4.8
2024-12-20 18:00:00,2.0,0.0,2.0,4.5
2024-12-20 19:00:00,0.0,0.0,0.0,3.7
2024-12-20 20:00:00,0.0,0.0,0.0,3.4
2024-12-20 21:00:00,0.0,0.0,0.0,3.2
2024-12-20 22:00:00,0.0,0.0,0.0,4.7
2024-12-20 23:00:00,0.0,0.0,0.0,5.3
2024-12-21 00:00:00,0.0,0.0,0.0,5.5
2024-12-21 01:00:00,0.0,0.0,0.0,5.6
2024-12-21 02:00:00,0.0,0.0,0.0,5.9
2024-12-21 03:00:00,0.0,0.0,0.0,5.9
2024-12-21 04:00:00,0.0,0.0,0.0,6.3
2024-12-21 05:00:00,0.0,0.0,0.0,6.5
2024-12-21 06:00:00,0.0,0.0,0.0,6.3
2024-12-21 07:00:00,0.0,0.0,0.0,6.4
2024-12-21 08:00:00,0.0,0.0,0.0,6.7
2024-12-21 09:00:00,0.0,0.0,0.0,6.7
2024-12-21 10:00:00,1.0,0.0,1.0,6.7
2024-12-21 11:00:00,21.0,0.0,21.0,7.2
2024-12-21 12:00:00,42.0,0.0,42.0,7.7
2024-12-21 13:00:00,125.0,123.5,95.0,8.1
2024-12-21 14:00:00,124.0,53.2,110.0,8.3
2024-12-21 15:00:00,106.0,86.0,85.0,8.5
2024-12-21 16:00:00,41.0,0.0,41.0,8.1
2024-12-21 17:00:00,8.0,0.0,8.0,7.9
2024-12-21 18:00:00,1.0,0.0,1.0,7.8
2024-12-21 19:00:00,0.0,0.0,0.0,7.8
2024-12-21 20:00:00,0.0,0.0,0.0,7.8
2024-12-21 21:00:00,0.0,0.0,0.0,7.9
2024-12-21 22:00:00,0.0,0.0,0.0,8.6
2024-12-21 23:00:00,0.0,0.0,0.0,9.1
2024-12-22 00:00:00,0.0,0.0,0.0,9.3
2024-12-22 01:00:00,0.0,0.0,0.0,9.3
2024-12-22 02:00:00,0.0,0.0,0.0,8.3
2024-12-22 03:00:00,0.0,0.0,0.0,7.8
2024-12-22 04:00:00,0.0,0.0,0.0,7.7
2024-12-22 05:00:00,0.0,0.0,0.0,7.2
2024-12-22 06:00:00,0.0,0.0,0.0,6.2
2024-12-22 07:00:00,0.0,0.0,0.0,6.4
2024-12-22 08:00:00,0.0,0.0,0.0,5.4
2024-12-22 09:00:00,0.0,0.0,0.0,5.3
2024-12-22 10:00:00,1.0,0.0,1.0,5.0
2024-12-22 11:00:00,28.0,64.7,22.0,3.9
2024-12-22 12:00:00,59.0,32.5,53.0,4.4
2024-12-22 13:00:00,90.0,12.4,87.0,4.3
2024-12-22 14:00:00,134.0,163.3,91.0,4.8
2024-12-22 15:00:00,148.0,237.0,90.0,3.9
2024-12-22 16:00:00,96.0,159.2,66.0,4.0
2024-12-22 17:00:00,40.0,50.9,35.0,3.2
2024-12-22 18:00:00,3.0,0.0,3.0,3.0
2024-12-22 19:00:00,0.0,0.0,0.0,2.7
2024-12-22 20:00:00,0.0,0.0,0.0,2.4
2024-12-22 21:00:00,0.0,0.0,0.0,2.2
2024-12-22 22:00:00,0.0,0.0,0.0,2.2
2024-12-22 23:00:00,0.0,0.0,0.0,1.8
2024-12-23 00:00:00,0.0,0.0,0.0,1.6
2024-12-23 01:00:00,0.0,0.0,0.0,1.8
2024-12-23 02:00:00,0.0,0.0,0.0,2.2
2024-12-23 03:00:00,0.0,0.0,0.0,2.5
2024-12-23 04:00:00,0.0,0.0,0.0,2.4
2024-12-23 05:00:00,0.0,0.0,0.0,2.6
2024-12-23 06:00:00,0.0,0.0,0.0,2.8
2024-12-23 07:00:00,0.0,0.0,0.0,3.8
2024-12-23 08:00:00,0.0,0.0,0.0,4.7
2024-12-23 09:00:00,0.0,0.0,0.0,4.7
2024-12-23 10:00:00,2.0,0.0,2.0,4.5
2024-12-23 11:00:00,52.0,282.3,26.0,5.1
2024-12-23 12:00:00,125.0,412.6,49.0,6.0
2024-12-23 13:00:00,182.0,498.7,61.0,6.9
2024-12-23 14:00:00,180.0,425.1,68.0,6.9
2024-12-23 15:00:00,173.0,432.2,67.0,6.6
2024-12-23 16:00:00,128.0,380.4,56.0,6.7
2024-12-23 17:00:00,55.0,271.9,28.0,6.0
2024-12-23 18:00:00,4.0,19.1,3.0,5.2
2024-12-23 19:00:00,0.0,0.0,0.0,4.8
2024-12-23 20:00:00,0.0,0.0,0.0,4.4
2024-12-23 21:00:00,0.0,0.0,0.0,3.9
2024-12-23 22:00:00,0.0,0.0,0.0,3.4
2024-12-23 23:00:00,0.0,0.0,0.0,3.0
2024-12-24 00:00:00,0.0,0.0,0.0,2.8
2024-12-24 01:00:00,0.0,0.0,0.0,2.5
2024-12-24 02:00:00,0.0,0.0,0.0,2.3
2024-12-24 03:00:00,0.0,0.0,0.0,2.8
2024-12-24 04:00:00,0.0,0.0,0.0,2.5
2024-12-24 05:00:00,0.0,0.0,0.0,1.9
2024-12-24 06:00:00,0.0,0.0,0.0,1.9
2024-12-24 07:00:00,0.0,0.0,0.0,1.9
2024-12-24 08:00:00,0.0,0.0,0.0,2.0
2024-12-24 09:00:00,0.0,0.0,0.0,2.8
2024-12-24 10:00:00,1.0,0.0,1.0,3.0
2024-12-24 11:00:00,18.0,0.0,18.0,3.4
2024-12-24 12:00:00,37.0,0.0,37.0,3.8
2024-12-24 13:00:00,43.0,0.0,43.0,4.1
2024-12-24 14:00:00,30.0,0.0,30.0,4.2
2024-12-24 15:00:00,17.0,0.0,17.0,4.7
2024-12-24 16:00:00,23.0,0.0,23.0,4.8
2024-12-24 17:00:00,9.0,0.0,9.0,4.7
2024-12-24 18:00:00,1.0,0.0,1.0,4.6
2024-12-24 19:00:00,0.0,0.0,0.0,4.6
2024-12-24 20:00:00,0.0,0.0,0.0,4.6
2024-12-24 21:00:00,0.0,0.0,0.0,4.7
2024-12-24 22:00:00,0.0,0.0,0.0,4.8
2024-12-24 23:00:00,0.0,0.0,0.0,4.9
2024-12-25 00:00:00,0.0,0.0,0.0,5.1
2024-12-25 01:00:00,0.0,0.0,0.0,5.2
2024-12-25 02:00:00,0.0,0.0,0.0,5.3
2024-12-25 03:00:00,0.0,0.0,0.0,5.3
2024-12-25 04:00:00,0.0,0.0,0.0,5.5
2024-12-25 05:00:00,0.0,0.0,0.0,5.5
2024-12-25 06:00:00,0.0,0.0,0.0,5.5
2024-12-25 07:00:00,0.0,0.0,0.0,5.6
2024-12-25 08:00:00,0.0,0.0,0.0,5.7
2024-12-25 09:00:00,0.0,0.0,0.0,5.7
2024-12-25 10:00:00,0.0,0.0,0.0,5.8
2024-12-25 11:00:00,11.0,0.0,11.0,6.0
2024-12-25 12:00:00,22.0,0.0,22.0,6.3
2024-12-25 13:00:00,41.0,0.0,41.0,6.7
2024-12-25 14:00:00,48.0,3.8,47.0,7.0
2024-12-25 15:00:00,44.0,0.0,44.0,7.2
2024-12-25 16:00:00,40.0,0.0,40.0,7.4
2024-12-25 17:00:00,22.0,0.0,22.0,7.3
2024-12-25 18:00:00,1.0,0.0,1.0,7.2
2024-12-25 19:00:00,0.0,0.0,0.0,7.2
2024-12-25 20:00:00,0.0,0.0,0.0,7.1
2024-12-25 21:00:00,0.0,0.0,0.0,7.0
2024-12-25 22:00:00,0.0,0.0,0.0,6.8
2024-12-25 23:00:00,0.0,0.0,0.0,6.5
2024-12-26 00:00:00,0.0,0.0,0.0,6.2
2024-12-26 01:00:00,0.0,0.0,0.0,6.3
2024-12-26 02:00:00,0.0,0.0,0.0,6.5
2024-12-26 03:00:00,0.0,0.0,0.0,6.1
2024-12-26 04:00:00,0.0,0.0,0.0,6.0
2024-12-26 05:00:00,0.0,0.0,0.0,6.0
2024-12-26 06:00:00,0.0,0.0,0.0,5.8
2024-12-26 07:00:00,0.0,0.0,0.0,5.7
2024-12-26 08:00:00,0.0,0.0,0.0,5.8
2024-12-26 09:00:00,0.0,0.0,0.0,5.6
2024-12-26 10:00:00,2.0,0.0,2.0,5.5
2024-12-26 11:00:00,44.0,143.3,31.0,6.1
2024-12-26 12:00:00,105.0,239.6,61.0,7.0
2024-12-26 13:00:00,148.0,267.4,83.0,7.8
2024-12-26 14:00:00,162.0,283.1,87.0,8.4
2024-12-26 15:00:00,193.0,528.8,62.0,6.8
2024-12-26 16:00:00,129.0,379.0,56.0,7.0
2024-12-26 17:00:00,53.0,222.4,30.0,6.4
2024-12-26 18:00:00,4.0,19.1,3.0,6.0
2024-12-26 19:00:00,0.0,0.0,0.0,5.4
2024-12-26 20:00:00,0.0,0.0,0.0,5.0
2024-12-26 21:00:00,0.0,0.0,0.0,5.0
2024-12-26 22:00:00,0.0,0.0,0.0,4.5
2024-12-26 23:00:00,0.0,0.0,0.0,4.1
2024-12-27 00:00:00,0.0,0.0,0.0,3.8
2024-12-27 01:00:00,0.0,0.0,0.0,3.6
2024-12-27 02:00:00,0.0,0.0,0.0,3.3
2024-12-27 03:00:00,0.0,0.0,0.0,2.9
2024-12-27 04:00:00,0.0,0.0,0.0,2.7
2024-12-27 05:00:00,0.0,0.0,0.0,2.5
2024-12-27 06:00:00,0.0,0.0,0.0,2.4
2024-12-27 07:00:00,0.0,0.0,0.0,2.1
2024-12-27 08:00:00,0.0,0.0,0.0,1.9
2024-12-27 09:00:00,0.0,0.0,0.0,1.8
2024-12-27 10:00:00,2.0,0.0,2.0,1.7
2024-12-27 11:00:00,55.0,232.1,34.0,2.4
2024-12-27 12:00:00,143.0,484.4,54.0,3.9
2024-12-27 13:00:00,202.0,550.4,68.0,4.9
2024-12-27 14:00:00,239.0,681.3,58.0,5.7
2024-12-27 15:00:00,219.0,659.2,55.0,6.5
2024-12-27 16:00:00,159.0,572.2,48.0,6.2
2024-12-27 17:00:00,75.0,447.6,28.0,5.1
2024-12-27 18:00:00,5.0,38.2,3.0,4.0
2024-12-27 19:00:00,0.0,0.0,0.0,3.5
2024-12-27 20:00:00,0.0,0.0,0.0,3.0
2024-12-27 21:00:00,0.0,0.0,0.0,2.5
2024-12-27 22:00:00,0.0,0.0,0.0,2.2
2024-12-27 23:00:00,0.0,0.0,0.0,1.8
2024-12-28 00:00:00,0.0,0.0,0.0,1.2
2024-12-28 01:00:00,0.0,0.0,0.0,0.8
2024-12-28 02:00:00,0.0,0.0,0.0,0.4
2024-12-28 03:00:00,0.0,0.0,0.0,0.8
2024-12-28 04:00:00,0.0,0.0,0.0,0.5
2024-12-28 05:00:00,0.0,0.0,0.0,0.2
2024-12-28 06:00:00,0.0,0.0,0.0,-0.2
2024-12-28 07:00:00,0.0,0.0,0.0,-0.4
2024-12-28 08:00:00,0.0,0.0,0.0,-0.4
2024-12-28 09:00:00,0.0,0.0,0.0,-0.5
2024-12-28 10:00:00,2.0,19.1,1.0,-0.6
2024-12-28 11:00:00,62.0,409.4,25.0,0.3
2024-12-28 12:00:00,151.0,581.8,44.0,1.5
2024-12-28 13:00:00,216.0,680.3,50.0,2.5
2024-12-28 14:00:00,244.0,724.1,51.0,3.3
2024-12-28 15:00:00,224.0,696.1,50.0,3.1
2024-12-28 16:00:00,164.0,613.9,44.0,2.7
2024-12-28 17:00:00,76.0,449.8,28.0,1.1
2024-12-28 18:00:00,6.0,38.2,4.0,0.1
2024-12-28 19:00:00,0.0,0.0,0.0,-0.5
2024-12-28 20:00:00,0.0,0.0,0.0,-0.4
2024-12-28 21:00:00,0.0,0.0,0.0,-0.2
2024-12-28 22:00:00,0.0,0.0,0.0,-0.4
2024-12-28 23:00:00,0.0,0.0,0.0,-0.6
2024-12-29 00:00:00,0.0,0.0,0.0,-0.8
2024-12-29 01:00:00,0.0,0.0,0.0,-1.3
2024-12-29 02:00:00,0.0,0.0,0.0,-0.8
2024-12-29 03:00:00,0.0,0.0,0.0,-0.2
2024-12-29 04:00:00,0.0,0.0,0.0,0.7
2024-12-29 05:00:00,0.0,0.0,0.0,0.6
2024-12-29 06:00:00,0.0,0.0,0.0,0.5
2024-12-29 07:00:00,0.0,0.0,0.0,0.4
2024-12-29 08:00:00,0.0,0.0,0.0,0.1
2024-12-29 09:00:00,0.0,0.0,0.0,-0.1
2024-12-29 10:00:00,1.0,0.0,1.0,0.0
2024-12-29 11:00:00,22.0,11.1,21.0,0.2
2024-12-29 12:00:00,48.0,10.9,46.0,0.5
2024-12-29 13:00:00,60.0,4.1,59.0,0.7
2024-12-29 14:00:00,61.0,7.5,59.0,1.0
2024-12-29 15:00:00,57.0,4.0,56.0,1.3
2024-12-29 16:00:00,45.0,0.0,45.0,1.5
2024-12-29 17:00:00,16.0,0.0,16.0,1.3
2024-12-29 18:00:00,2.0,0.0,2.0,1.2
2024-12-29 19:00:00,0.0,0.0,0.0,1.1
2024-12-29 20:00:00,0.0,0.0,0.0,1.1
2024-12-29 21:00:00,0.0,0.0,0.0,1.1
2024-12-29 22:00:00,0.0,0.0,0.0,1.1
2024-12-29 23:00:00,0.0,0.0,0.0,1.3
2024-12-30 00:00:00,0.0,0.0,0.0,1.4
2024-12-30 01:00:00,0.0,0.0,0.0,1.5
2024-12-30 02:00:00,0.0,0.0,0.0,1.5
2024-12-30 03:00:00,0.0,0.0,0.0,1.4
2024-12-30 04:00:00,0.0,0.0,0.0,1.3
2024-12-30 05:00:00,0.0,0.0,0.0,1.4
2024-12-30 06:00:00,0.0,0.0,0.0,1.4
2024-12-30 07:00:00,0.0,0.0,0.0,1.6
2024-12-30 08:00:00,0.0,0.0,0.0,1.7
2024-12-30 09:00:00,0.0,0.0,0.0,1.8
2024-12-30 10:00:00,1.0,0.0,1.0,2.0
2024-12-30 11:00:00,17.0,0.0,17.0,2.5
2024-12-30 12:00:00,41.0,0.0,41.0,2.9
2024-12-30 13:00:00,67.0,8.1,65.0,3.6
2024-12-30 14:00:00,80.0,0.0,80.0,4.1
2024-12-30 15:00:00,50.0,11.9,47.0,3.0
2024-12-30 16:00:00,41.0,0.0,41.0,3.0
2024-12-30 17:00:00,25.0,0.0,25.0,3.0
2024-12-30 18:00:00,2.0,0.0,2.0,2.9
2024-12-30 19:00:00,0.0,0.0,0.0,2.8
2024-12-30 20:00:00,0.0,0.0,0.0,2.7
2024-12-30 21:00:00,0.0,0.0,0.0,2.5
2024-12-30 22:00:00,0.0,0.0,0.0,2.3
2024-12-30 23:00:00,0.0,0.0,0.0,1.9
2024-12-31 00:00:00,0.0,0.0,0.0,1.6
2024-12-31 01:00:00,0.0,0.0,0.0,1.4
2024-12-31 02:00:00,0.0,0.0,0.0,1.3
2024-12-31 03:00:00,0.0,0.0,0.0,1.1
2024-12-31 04:00:00,0.0,0.0,0.0,0.9
2024-12-31 05:00:00,0.0,0.0,0.0,0.8
2024-12-31 06:00:00,0.0,0.0,0.0,0.6
2024-12-31 07:00:00,0.0,0.0,0.0,0.5
2024-12-31 08:00:00,0.0,0.0,0.0,0.2
2024-12-31 09:00:00,0.0,0.0,0.0,0.1
2024-12-31 10:00:00,1.0,0.0,1.0,0.1
2024-12-31 11:00:00,20.0,22.0,18.0,0.4
2024-12-31 12:00:00,47.0,10.8,45.0,0.8
2024-12-31 13:00:00,66.0,0.0,66.0,1.2
2024-12-31 14:00:00,75.0,0.0,75.0,1.5
2024-12-31 15:00:00,66.0,7.9,64.0,2.0
2024-12-31 16:00:00,51.0,54.8,40.0,2.2
2024-12-31 17:00:00,21.0,0.0,21.0,2.3
2024-12-31 18:00:00,2.0,0.0,2.0,2.3
2024-12-31 19:00:00,0.0,0.0,0.0,2.2
2024-12-31 20:00:00,0.0,0.0,0.0,2.4
2024-12-31 21:00:00,0.0,0.0,0.0,2.1
2024-12-31 22:00:00,0.0,0.0,0.0,2.1
2024-12-31 23:00:00,0.0,0.0,0.0,3.3
